// Generated with `xb buildshaders`.
const uint8_t apply_gamma_pwl_cs_metallib[] = {
    0x4D, 0x54, 0x4C, 0x42, 0x01, 0x80, 0x02, 0x00, 0x09, 0x00, 0x00, 0x81, 0x1A, 0x00, 0x00, 0x00,
    0xFA, 0x6F, 0x00, 0x00, 0x00, 0x00, 0x00, 0x00, 0x58, 0x00, 0x00, 0x00, 0x00, 0x00, 0x00, 0x00,
    0x8E, 0x00, 0x00, 0x00, 0x00, 0x00, 0x00, 0x00, 0x04, 0x01, 0x00, 0x00, 0x00, 0x00, 0x00, 0x00,
    0x08, 0x00, 0x00, 0x00, 0x00, 0x00, 0x00, 0x00, 0x0C, 0x01, 0x00, 0x00, 0x00, 0x00, 0x00, 0x00,
    0xC8, 0x00, 0x00, 0x00, 0x00, 0x00, 0x00, 0x00, 0xD4, 0x01, 0x00, 0x00, 0x00, 0x00, 0x00, 0x00,
    0xA0, 0x1C, 0x00, 0x00, 0x00, 0x00, 0x00, 0x00, 0x01, 0x00, 0x00, 0x00, 0x8E, 0x00, 0x00, 0x00,
    0x4E, 0x41, 0x4D, 0x45, 0x0B, 0x00, 0x78, 0x65, 0x73, 0x6C, 0x5F, 0x65, 0x6E, 0x74, 0x72, 0x79,
    0x00, 0x54, 0x59, 0x50, 0x45, 0x01, 0x00, 0x02, 0x48, 0x41, 0x53, 0x48, 0x20, 0x00, 0xC9, 0xAA,
    0xC1, 0x51, 0xC3, 0x4C, 0x5E, 0x20, 0xA7, 0x30, 0x9B, 0x04, 0x27, 0xB2, 0x6C, 0x46, 0x54, 0xF9,
    0x95, 0xA0, 0x44, 0x94, 0x8C, 0xCA, 0xA7, 0x64, 0x45, 0x85, 0x0D, 0x0E, 0xD0, 0x86, 0x4D, 0x44,
    0x53, 0x5A, 0x08, 0x00, 0xA0, 0x1C, 0x00, 0x00, 0x00, 0x00, 0x00, 0x00, 0x4F, 0x46, 0x46, 0x54,
    0x18, 0x00, 0x00, 0x00, 0x00, 0x00, 0x00, 0x00, 0x00, 0x00, 0x00, 0x00, 0x00, 0x00, 0x00, 0x00,
    0x00, 0x00, 0x00, 0x00, 0x00, 0x00, 0x00, 0x00, 0x00, 0x00, 0x56, 0x45, 0x52, 0x53, 0x08, 0x00,
    0x02, 0x00, 0x08, 0x00, 0x03, 0x00, 0x00, 0x00, 0x53, 0x4F, 0x46, 0x46, 0x08, 0x00, 0x67, 0x01,
    0x00, 0x00, 0x00, 0x00, 0x00, 0x00, 0x45, 0x4E, 0x44, 0x54, 0x48, 0x53, 0x52, 0x44, 0x10, 0x00,
    0x74, 0x1E, 0x00, 0x00, 0x00, 0x00, 0x00, 0x00, 0x86, 0x51, 0x00, 0x00, 0x00, 0x00, 0x00, 0x00,
    0x45, 0x4E, 0x44, 0x54, 0x04, 0x00, 0x00, 0x00, 0x45, 0x4E, 0x44, 0x54, 0xC4, 0x00, 0x00, 0x00,
    0x44, 0x45, 0x42, 0x49, 0x78, 0x00, 0x27, 0x00, 0x00, 0x00, 0x2F, 0x55, 0x73, 0x65, 0x72, 0x73,
    0x2F, 0x77, 0x6D, 0x61, 0x72, 0x74, 0x69, 0x2F, 0x44, 0x6F, 0x63, 0x75, 0x6D, 0x65, 0x6E, 0x74,
    0x73, 0x2F, 0x78, 0x65, 0x6E, 0x69, 0x61, 0x2D, 0x6D, 0x61, 0x63, 0x2F, 0x73, 0x63, 0x72, 0x61,
    0x74, 0x63, 0x68, 0x2F, 0x77, 0x6F, 0x72, 0x6B, 0x74, 0x72, 0x65, 0x65, 0x73, 0x2F, 0x78, 0x65,
    0x6E, 0x69, 0x61, 0x2D, 0x63, 0x61, 0x6E, 0x61, 0x72, 0x79, 0x2D, 0x72, 0x65, 0x62, 0x61, 0x73,
    0x65, 0x2F, 0x73, 0x72, 0x63, 0x2F, 0x78, 0x65, 0x6E, 0x69, 0x61, 0x2F, 0x67, 0x70, 0x75, 0x2F,
    0x73, 0x68, 0x61, 0x64, 0x65, 0x72, 0x73, 0x2F, 0x61, 0x70, 0x70, 0x6C, 0x79, 0x5F, 0x67, 0x61,
    0x6D, 0x6D, 0x61, 0x5F, 0x70, 0x77, 0x6C, 0x2E, 0x78, 0x65, 0x73, 0x6C, 0x69, 0x00, 0x44, 0x45,
    0x50, 0x46, 0x3C, 0x00, 0x73, 0x72, 0x63, 0x2F, 0x78, 0x65, 0x6E, 0x69, 0x61, 0x2F, 0x67, 0x70,
    0x75, 0x2F, 0x73, 0x68, 0x61, 0x64, 0x65, 0x72, 0x73, 0x2F, 0x62, 0x79, 0x74, 0x65, 0x63, 0x6F,
    0x64, 0x65, 0x2F, 0x6D, 0x65, 0x74, 0x61, 0x6C, 0x2F, 0x61, 0x70, 0x70, 0x6C, 0x79, 0x5F, 0x67,
    0x61, 0x6D, 0x6D, 0x61, 0x5F, 0x70, 0x77, 0x6C, 0x5F, 0x63, 0x73, 0x2E, 0x61, 0x69, 0x72, 0x00,
    0x45, 0x4E, 0x44, 0x54, 0xDE, 0xC0, 0x17, 0x0B, 0x00, 0x00, 0x00, 0x00, 0x14, 0x00, 0x00, 0x00,
    0x84, 0x1C, 0x00, 0x00, 0xFF, 0xFF, 0xFF, 0xFF, 0x42, 0x43, 0xC0, 0xDE, 0x35, 0x14, 0x00, 0x00,
    0x03, 0x00, 0x00, 0x00, 0x62, 0x0C, 0x30, 0x24, 0x80, 0x10, 0x05, 0xC8, 0x14, 0x00, 0x00, 0x00,
    0x21, 0x0C, 0x00, 0x00, 0x87, 0x06, 0x00, 0x00, 0x0B, 0x02, 0x21, 0x00, 0x02, 0x00, 0x00, 0x00,
    0x16, 0x00, 0x00, 0x00, 0x07, 0x81, 0x23, 0x91, 0x41, 0xC8, 0x04, 0x49, 0x06, 0x10, 0x32, 0x39,
    0x92, 0x01, 0x84, 0x0C, 0x25, 0x05, 0x08, 0x19, 0x1E, 0x04, 0x8B, 0x62, 0x80, 0x18, 0x45, 0x02,
    0x42, 0x92, 0x0B, 0x42, 0xC4, 0x10, 0x32, 0x14, 0x38, 0x08, 0x18, 0x4B, 0x0A, 0x32, 0x62, 0x88,
    0x48, 0x70, 0xC4, 0x21, 0x23, 0x44, 0x12, 0x87, 0x8C, 0x10, 0x41, 0x92, 0x02, 0x64, 0xC8, 0x08,
    0xB1, 0x14, 0x20, 0x43, 0x46, 0x88, 0x20, 0xC9, 0x01, 0x32, 0x62, 0x84, 0x18, 0x2A, 0x28, 0x2A,
    0x90, 0x31, 0x7C, 0xB0, 0x5C, 0x91, 0x20, 0xC6, 0xC8, 0x00, 0x00, 0x00, 0x89, 0x20, 0x00, 0x00,
    0x3C, 0x00, 0x00, 0x00, 0x32, 0x22, 0x88, 0x09, 0x20, 0x62, 0x46, 0x00, 0x21, 0x2B, 0x24, 0x98,
    0x18, 0x21, 0x25, 0x24, 0x98, 0x18, 0x19, 0x27, 0x0C, 0x85, 0xA4, 0x90, 0x60, 0x62, 0x64, 0x5C,
    0x20, 0x24, 0x66, 0x82, 0x80, 0x0D, 0x46, 0x00, 0xE6, 0x08, 0xC0, 0x60, 0x18, 0x41, 0x08, 0x10,
    0x0C, 0xA4, 0x29, 0xA2, 0x84, 0xC9, 0xBF, 0x08, 0x69, 0xF9, 0x1F, 0x4A, 0x3A, 0x38, 0xA7, 0x91,
    0x26, 0xA0, 0x99, 0xA4, 0x5F, 0x9A, 0x22, 0x4A, 0x98, 0x52, 0x20, 0x0C, 0x22, 0x0C, 0x02, 0x6E,
    0xD2, 0x14, 0x51, 0xC2, 0xE4, 0xFF, 0x13, 0x71, 0x4D, 0x54, 0x44, 0xFC, 0x01, 0x55, 0x14, 0x44,
    0xF4, 0xD7, 0xC3, 0x3F, 0x8D, 0x11, 0x00, 0x83, 0x08, 0x45, 0x80, 0x94, 0x34, 0x45, 0x94, 0x30,
    0xF9, 0xFF, 0x44, 0x5C, 0x13, 0x15, 0x11, 0xBF, 0x3D, 0xFC, 0xD3, 0x18, 0x01, 0x30, 0x88, 0x70,
    0x04, 0xC3, 0x08, 0x43, 0x60, 0x0C, 0x80, 0x30, 0x10, 0x24, 0x21, 0x65, 0x06, 0x60, 0x18, 0x81,
    0x60, 0x8C, 0x01, 0x20, 0x42, 0x13, 0x04, 0xE4, 0x18, 0x81, 0x61, 0x08, 0x32, 0x02, 0x13, 0x90,
    0x34, 0x8C, 0x40, 0x04, 0x73, 0x04, 0xC8, 0x11, 0xA8, 0x0A, 0x23, 0x69, 0x8A, 0x28, 0x61, 0xF2,
    0x7F, 0x09, 0x60, 0x9E, 0x85, 0x88, 0xFE, 0x69, 0x8C, 0x00, 0x18, 0x44, 0xB8, 0x04, 0x53, 0x58,
    0x06, 0x16, 0x04, 0x94, 0x0D, 0x23, 0x0C, 0x8C, 0x11, 0x92, 0x8D, 0xB8, 0x23, 0x34, 0x95, 0x39,
    0x3C, 0x04, 0x13, 0x84, 0x20, 0xA0, 0xCF, 0x04, 0x18, 0x85, 0x73, 0x04, 0xC1, 0x30, 0x82, 0x30,
    0x06, 0x46, 0x18, 0x49, 0x2A, 0x07, 0x02, 0x54, 0x20, 0x98, 0x23, 0x00, 0x85, 0x41, 0x04, 0x41,
    0x98, 0x02, 0x00, 0x00, 0x51, 0x18, 0x00, 0x00, 0x86, 0x00, 0x00, 0x00, 0x1B, 0xE6, 0x23, 0xF8,
    0xFF, 0xFF, 0xFF, 0xFF, 0x01, 0x30, 0x05, 0x40, 0x02, 0xFA, 0x80, 0x08, 0x07, 0x78, 0x80, 0x07,
    0x79, 0x78, 0x07, 0x7C, 0x68, 0x03, 0x73, 0xA8, 0x07, 0x77, 0x18, 0x87, 0x36, 0x30, 0x07, 0x78,
    0x68, 0x83, 0x76, 0x08, 0x07, 0x7A, 0x40, 0x07, 0x80, 0x1E, 0xE4, 0xA1, 0x1E, 0xCA, 0x01, 0x20,
    0xCC, 0x41, 0x1E, 0xC2, 0xA1, 0x1D, 0xCA, 0xA1, 0x0D, 0xE0, 0xE1, 0x1D, 0xD2, 0xC1, 0x1D, 0xE8,
    0xA1, 0x1C, 0xE4, 0x01, 0x08, 0x07, 0x76, 0x60, 0x07, 0x80, 0x68, 0x87, 0x74, 0x70, 0x87, 0x36,
    0x60, 0x87, 0x72, 0x38, 0x87, 0x70, 0x60, 0x87, 0x36, 0xB0, 0x87, 0x72, 0x18, 0x07, 0x7A, 0x78,
    0x07, 0x79, 0x68, 0x83, 0x7B, 0x48, 0x07, 0x72, 0xA0, 0x07, 0x74, 0x00, 0xE2, 0x40, 0x0E, 0xF0,
    0x00, 0x18, 0xDC, 0xE1, 0x1D, 0xDA, 0x40, 0x1C, 0xEA, 0x21, 0x1D, 0xD8, 0x81, 0x1E, 0xD2, 0xC1,
    0x1D, 0xE6, 0x01, 0x20, 0xDC, 0xE1, 0x1D, 0xDA, 0x20, 0x1D, 0xDC, 0xC1, 0x1C, 0xE6, 0xA1, 0x0D,
    0xCC, 0x01, 0x1E, 0xDA, 0xA0, 0x1D, 0xC2, 0x81, 0x1E, 0xD0, 0x01, 0xA0, 0x07, 0x79, 0xA8, 0x87,
    0x72, 0x00, 0x08, 0x77, 0x78, 0x87, 0x36, 0x70, 0x87, 0x70, 0x70, 0x87, 0x79, 0x68, 0x03, 0x73,
    0x80, 0x87, 0x36, 0x68, 0x87, 0x70, 0xA0, 0x07, 0x74, 0x00, 0xE8, 0x41, 0x1E, 0xEA, 0xA1, 0x1C,
    0x00, 0xC2, 0x1D, 0xDE, 0xA1, 0x0D, 0xE6, 0x21, 0x1D, 0xCE, 0xC1, 0x1D, 0xCA, 0x81, 0x1C, 0xDA,
    0x40, 0x1F, 0xCA, 0x41, 0x1E, 0xDE, 0x61, 0x1E, 0xDA, 0xC0, 0x1C, 0xE0, 0xA1, 0x0D, 0xDA, 0x21,
    0x1C, 0xE8, 0x01, 0x1D, 0x00, 0x7A, 0x90, 0x87, 0x7A, 0x28, 0x07, 0x80, 0x70, 0x87, 0x77, 0x68,
    0x03, 0x7A, 0x90, 0x87, 0x70, 0x80, 0x07, 0x78, 0x48, 0x07, 0x77, 0x38, 0x87, 0x36, 0x68, 0x87,
    0x70, 0xA0, 0x07, 0x74, 0x00, 0xE8, 0x41, 0x1E, 0xEA, 0xA1, 0x1C, 0x00, 0x62, 0x1E, 0xE8, 0x21,
    0x1C, 0xC6, 0x61, 0x1D, 0xDA, 0x00, 0x1E, 0xE4, 0xE1, 0x1D, 0xE8, 0xA1, 0x1C, 0xC6, 0x81, 0x1E,
    0xDE, 0x41, 0x1E, 0xDA, 0x40, 0x1C, 0xEA, 0xC1, 0x1C, 0xCC, 0xA1, 0x1C, 0xE4, 0xA1, 0x0D, 0xE6,
    0x21, 0x1D, 0xF4, 0xA1, 0x1C, 0x00, 0x3C, 0x00, 0x88, 0x7A, 0x70, 0x87, 0x79, 0x08, 0x07, 0x73,
    0x28, 0x87, 0x36, 0x30, 0x07, 0x78, 0x68, 0x83, 0x76, 0x08, 0x07, 0x7A, 0x40, 0x07, 0x80, 0x1E,
    0xE4, 0xA1, 0x1E, 0xCA, 0x01, 0xD8, 0x10, 0x06, 0x42, 0x00, 0x2C, 0x40, 0x15, 0x04, 0x48, 0x90,
    0x06, 0xC8, 0x10, 0x0E, 0xE9, 0x20, 0x0F, 0x6D, 0x20, 0x0E, 0xF5, 0x60, 0x0E, 0xE6, 0x50, 0x0E,
    0xF2, 0xD0, 0x06, 0xEE, 0xF0, 0x0E, 0x6D, 0x10, 0x0E, 0xEC, 0x90, 0x0E, 0xE1, 0x30, 0x0F, 0xC0,
    0x06, 0x65, 0xF8, 0xFF, 0xFF, 0xFF, 0xFF, 0x01, 0x68, 0x03, 0xC0, 0x14, 0x00, 0x09, 0xE8, 0x83,
    0x0D, 0x04, 0x11, 0x00, 0xCB, 0x06, 0xA7, 0xF8, 0xFF, 0xFF, 0xFF, 0xFF, 0x01, 0x30, 0x05, 0xC0,
    0x0F, 0x80, 0x3F, 0x00, 0x24, 0x80, 0x02, 0xFA, 0x60, 0x83, 0x63, 0xFC, 0xFF, 0xFF, 0xFF, 0xFF,
    0x00, 0xB4, 0x01, 0x60, 0x0A, 0x80, 0x1F, 0x00, 0x12, 0x50, 0x01, 0x7D, 0xB0, 0xC1, 0x38, 0x02,
    0x60, 0x01, 0xAA, 0x0D, 0x0E, 0xF2, 0xFF, 0xFF, 0xFF, 0xFF, 0x03, 0x10, 0x07, 0x80, 0x29, 0x00,
    0x7E, 0x00, 0x48, 0x40, 0x05, 0xF4, 0xC1, 0x06, 0x24, 0xF9, 0xFF, 0xFF, 0xFF, 0xFF, 0x01, 0x90,
    0x00, 0x0A, 0xE8, 0x83, 0x0D, 0x8A, 0xF2, 0xFF, 0xFF, 0xFF, 0xFF, 0x03, 0x10, 0x07, 0x80, 0x04,
    0x54, 0x40, 0x1F, 0x6C, 0x50, 0x96, 0xFF, 0xFF, 0xFF, 0xFF, 0x1F, 0x80, 0x36, 0x00, 0x24, 0xA0,
    0x02, 0xFA, 0x60, 0x03, 0xC2, 0xFC, 0xFF, 0xFF, 0xFF, 0xFF, 0x00, 0xB4, 0x01, 0x20, 0x01, 0x7D,
    0x00, 0x00, 0x00, 0x00, 0x49, 0x18, 0x00, 0x00, 0x07, 0x00, 0x00, 0x00, 0x13, 0x84, 0x40, 0x98,
    0x20, 0x0C, 0xC4, 0x84, 0xA0, 0x98, 0x20, 0x18, 0xC7, 0x84, 0x00, 0x99, 0x10, 0x24, 0x13, 0x02,
    0x65, 0x82, 0xB0, 0x1C, 0x13, 0x04, 0x86, 0x00, 0x13, 0xB8, 0x70, 0x48, 0x07, 0x79, 0xB0, 0x03,
    0x3A, 0xF8, 0x05, 0x7B, 0x90, 0x03, 0x3C, 0x68, 0x83, 0x70, 0x80, 0x07, 0x78, 0x60, 0x87, 0x72,
    0x68, 0x83, 0x76, 0x08, 0x87, 0x71, 0x78, 0x87, 0x79, 0xC0, 0x07, 0x39, 0xB0, 0x03, 0x37, 0x80,
    0x03, 0x37, 0x80, 0x83, 0x0D, 0xB7, 0x51, 0x0E, 0x6D, 0x00, 0x0F, 0x7A, 0x60, 0x07, 0x74, 0xA0,
    0x07, 0x76, 0x40, 0x07, 0x7A, 0x60, 0x07, 0x74, 0xD0, 0x06, 0xE9, 0x10, 0x07, 0x7A, 0x80, 0x07,
    0x7A, 0x80, 0x07, 0x6D, 0x90, 0x0E, 0x78, 0xA0, 0x07, 0x78, 0xA0, 0x07, 0x78, 0xD0, 0x06, 0xE9,
    0x10, 0x07, 0x76, 0xA0, 0x07, 0x71, 0x60, 0x07, 0x7A, 0x10, 0x07, 0x76, 0xD0, 0x06, 0xE9, 0x30,
    0x07, 0x72, 0xA0, 0x07, 0x73, 0x20, 0x07, 0x7A, 0x30, 0x07, 0x72, 0xD0, 0x06, 0xE9, 0x60, 0x07,
    0x74, 0xA0, 0x07, 0x76, 0x40, 0x07, 0x7A, 0x60, 0x07, 0x74, 0xD0, 0x06, 0xE6, 0x30, 0x07, 0x72,
    0xA0, 0x07, 0x73, 0x20, 0x07, 0x7A, 0x30, 0x07, 0x72, 0xD0, 0x06, 0xE6, 0x60, 0x07, 0x74, 0xA0,
    0x07, 0x76, 0x40, 0x07, 0x7A, 0x60, 0x07, 0x74, 0xD0, 0x06, 0xF6, 0x10, 0x07, 0x76, 0xA0, 0x07,
    0x71, 0x60, 0x07, 0x7A, 0x10, 0x07, 0x76, 0xD0, 0x06, 0xF6, 0x20, 0x07, 0x74, 0xA0, 0x07, 0x73,
    0x20, 0x07, 0x7A, 0x30, 0x07, 0x72, 0xD0, 0x06, 0xF6, 0x30, 0x07, 0x72, 0xA0, 0x07, 0x73, 0x20,
    0x07, 0x7A, 0x30, 0x07, 0x72, 0xD0, 0x06, 0xF6, 0x40, 0x07, 0x78, 0xA0, 0x07, 0x76, 0x40, 0x07,
    0x7A, 0x60, 0x07, 0x74, 0xD0, 0x06, 0xF6, 0x60, 0x07, 0x74, 0xA0, 0x07, 0x76, 0x40, 0x07, 0x7A,
    0x60, 0x07, 0x74, 0xD0, 0x06, 0xF6, 0x90, 0x07, 0x76, 0xA0, 0x07, 0x71, 0x20, 0x07, 0x78, 0xA0,
    0x07, 0x71, 0x20, 0x07, 0x78, 0xD0, 0x06, 0xF6, 0x10, 0x07, 0x72, 0x80, 0x07, 0x7A, 0x10, 0x07,
    0x72, 0x80, 0x07, 0x7A, 0x10, 0x07, 0x72, 0x80, 0x07, 0x6D, 0x60, 0x0F, 0x71, 0x90, 0x07, 0x72,
    0xA0, 0x07, 0x72, 0x50, 0x07, 0x76, 0xA0, 0x07, 0x72, 0x50, 0x07, 0x76, 0xD0, 0x06, 0xF6, 0x20,
    0x07, 0x75, 0x60, 0x07, 0x7A, 0x20, 0x07, 0x75, 0x60, 0x07, 0x7A, 0x20, 0x07, 0x75, 0x60, 0x07,
    0x6D, 0x60, 0x0F, 0x75, 0x10, 0x07, 0x72, 0xA0, 0x07, 0x75, 0x10, 0x07, 0x72, 0xA0, 0x07, 0x75,
    0x10, 0x07, 0x72, 0xD0, 0x06, 0xF6, 0x10, 0x07, 0x70, 0x20, 0x07, 0x74, 0xA0, 0x07, 0x71, 0x00,
    0x07, 0x72, 0x40, 0x07, 0x7A, 0x10, 0x07, 0x70, 0x20, 0x07, 0x74, 0xD0, 0x06, 0xEE, 0x80, 0x07,
    0x7A, 0x10, 0x07, 0x76, 0xA0, 0x07, 0x73, 0x20, 0x07, 0x1A, 0x21, 0x0C, 0xA9, 0x5C, 0x84, 0xB4,
    0xFC, 0x44, 0x33, 0x45, 0xD8, 0x90, 0x0A, 0x50, 0x14, 0x00, 0x00, 0x02, 0x00, 0x00, 0x00, 0x01,
    0x00, 0x00, 0x00, 0x00, 0x00, 0x05, 0x18, 0x52, 0x29, 0x9A, 0x03, 0x04, 0x80, 0x00, 0x00, 0x00,
    0x20, 0x00, 0x00, 0x00, 0x00, 0x00, 0xA0, 0x00, 0x43, 0x2A, 0x32, 0xA8, 0x20, 0x20, 0x00, 0x06,
    0x00, 0x00, 0x00, 0x01, 0x00, 0x00, 0x00, 0x00, 0x00, 0x05, 0x18, 0x52, 0xE5, 0xC1, 0x25, 0x01,
    0x01, 0x30, 0x00, 0x00, 0x00, 0x08, 0x00, 0x00, 0x00, 0x00, 0x00, 0x28, 0xC0, 0x90, 0x0A, 0x16,
    0xC4, 0x20, 0x03, 0x02, 0x80, 0x00, 0x00, 0x00, 0x10, 0x00, 0x00, 0x00, 0x00, 0x00, 0x50, 0x80,
    0x21, 0x95, 0x3C, 0x6C, 0x1C, 0x10, 0x00, 0x03, 0x00, 0x00, 0x80, 0x00, 0x00, 0x00, 0x00, 0x00,
    0x80, 0x02, 0x0C, 0xA9, 0x5A, 0x22, 0xFB, 0x80, 0x00, 0x20, 0x00, 0x00, 0x00, 0x04, 0x00, 0x00,
    0x00, 0x00, 0x00, 0x14, 0x60, 0x48, 0x65, 0x16, 0x54, 0x18, 0x00, 0x01, 0x50, 0x00, 0x00, 0x00,
    0x08, 0x00, 0x00, 0x00, 0x00, 0x00, 0x28, 0xC0, 0x90, 0x4A, 0x2F, 0x98, 0x32, 0x00, 0x02, 0x60,
    0x00, 0x00, 0x00, 0x10, 0x00, 0x00, 0x00, 0x00, 0x00, 0x50, 0x00, 0x89, 0x0D, 0x02, 0x45, 0x13,
    0x0D, 0x00, 0x00, 0xB2, 0x40, 0x00, 0x00, 0x00, 0x0B, 0x00, 0x00, 0x00, 0x32, 0x1E, 0x98, 0x14,
    0x19, 0x11, 0x4C, 0x90, 0x8C, 0x09, 0x26, 0x47, 0xC6, 0x04, 0x43, 0x0A, 0x8A, 0xA0, 0x1C, 0x0A,
    0xA1, 0x0C, 0x4A, 0xA0, 0x7C, 0x0A, 0x50, 0xA0, 0x20, 0x0A, 0x64, 0x04, 0x80, 0xD2, 0x11, 0x00,
    0x42, 0xC7, 0x12, 0x34, 0x01, 0x00, 0x00, 0x00, 0xB1, 0x18, 0x00, 0x00, 0xA5, 0x00, 0x00, 0x00,
    0x33, 0x08, 0x80, 0x1C, 0xC4, 0xE1, 0x1C, 0x66, 0x14, 0x01, 0x3D, 0x88, 0x43, 0x38, 0x84, 0xC3,
    0x8C, 0x42, 0x80, 0x07, 0x79, 0x78, 0x07, 0x73, 0x98, 0x71, 0x0C, 0xE6, 0x00, 0x0F, 0xED, 0x10,
    0x0E, 0xF4, 0x80, 0x0E, 0x33, 0x0C, 0x42, 0x1E, 0xC2, 0xC1, 0x1D, 0xCE, 0xA1, 0x1C, 0x66, 0x30,
    0x05, 0x3D, 0x88, 0x43, 0x38, 0x84, 0x83, 0x1B, 0xCC, 0x03, 0x3D, 0xC8, 0x43, 0x3D, 0x8C, 0x03,
    0x3D, 0xCC, 0x78, 0x8C, 0x74, 0x70, 0x07, 0x7B, 0x08, 0x07, 0x79, 0x48, 0x87, 0x70, 0x70, 0x07,
    0x7A, 0x70, 0x03, 0x76, 0x78, 0x87, 0x70, 0x20, 0x87, 0x19, 0xCC, 0x11, 0x0E, 0xEC, 0x90, 0x0E,
    0xE1, 0x30, 0x0F, 0x6E, 0x30, 0x0F, 0xE3, 0xF0, 0x0E, 0xF0, 0x50, 0x0E, 0x33, 0x10, 0xC4, 0x1D,
    0xDE, 0x21, 0x1C, 0xD8, 0x21, 0x1D, 0xC2, 0x61, 0x1E, 0x66, 0x30, 0x89, 0x3B, 0xBC, 0x83, 0x3B,
    0xD0, 0x43, 0x39, 0xB4, 0x03, 0x3C, 0xBC, 0x83, 0x3C, 0x84, 0x03, 0x3B, 0xCC, 0xF0, 0x14, 0x76,
    0x60, 0x07, 0x7B, 0x68, 0x07, 0x37, 0x68, 0x87, 0x72, 0x68, 0x07, 0x37, 0x80, 0x87, 0x70, 0x90,
    0x87, 0x70, 0x60, 0x07, 0x76, 0x28, 0x07, 0x76, 0xF8, 0x05, 0x76, 0x78, 0x87, 0x77, 0x80, 0x87,
    0x5F, 0x08, 0x87, 0x71, 0x18, 0x87, 0x72, 0x98, 0x87, 0x79, 0x98, 0x81, 0x2C, 0xEE, 0xF0, 0x0E,
    0xEE, 0xE0, 0x0E, 0xF5, 0xC0, 0x0E, 0xEC, 0x30, 0x03, 0x62, 0xC8, 0xA1, 0x1C, 0xE4, 0xA1, 0x1C,
    0xCC, 0xA1, 0x1C, 0xE4, 0xA1, 0x1C, 0xDC, 0x61, 0x1C, 0xCA, 0x21, 0x1C, 0xC4, 0x81, 0x1D, 0xCA,
    0x61, 0x06, 0xD6, 0x90, 0x43, 0x39, 0xC8, 0x43, 0x39, 0x98, 0x43, 0x39, 0xC8, 0x43, 0x39, 0xB8,
    0xC3, 0x38, 0x94, 0x43, 0x38, 0x88, 0x03, 0x3B, 0x94, 0xC3, 0x2F, 0xBC, 0x83, 0x3C, 0xFC, 0x82,
    0x3B, 0xD4, 0x03, 0x3B, 0xB0, 0xC3, 0x0C, 0xC7, 0x69, 0x87, 0x70, 0x58, 0x87, 0x72, 0x70, 0x83,
    0x74, 0x68, 0x07, 0x78, 0x60, 0x87, 0x74, 0x18, 0x87, 0x74, 0xA0, 0x87, 0x19, 0xCE, 0x53, 0x0F,
    0xEE, 0x00, 0x0F, 0xF2, 0x50, 0x0E, 0xE4, 0x90, 0x0E, 0xE3, 0x40, 0x0F, 0xE1, 0x20, 0x0E, 0xEC,
    0x50, 0x0E, 0x33, 0x20, 0x28, 0x1D, 0xDC, 0xC1, 0x1E, 0xC2, 0x41, 0x1E, 0xD2, 0x21, 0x1C, 0xDC,
    0x81, 0x1E, 0xDC, 0xE0, 0x1C, 0xE4, 0xE1, 0x1D, 0xEA, 0x01, 0x1E, 0x66, 0x18, 0x51, 0x38, 0xB0,
    0x43, 0x3A, 0x9C, 0x83, 0x3B, 0xCC, 0x50, 0x24, 0x76, 0x60, 0x07, 0x7B, 0x68, 0x07, 0x37, 0x60,
    0x87, 0x77, 0x78, 0x07, 0x78, 0x98, 0x51, 0x4C, 0xF4, 0x90, 0x0F, 0xF0, 0x50, 0x0E, 0x33, 0x1E,
    0x6A, 0x1E, 0xCA, 0x61, 0x1C, 0xE8, 0x21, 0x1D, 0xDE, 0xC1, 0x1D, 0x7E, 0x01, 0x1E, 0xE4, 0xA1,
    0x1C, 0xCC, 0x21, 0x1D, 0xF0, 0x61, 0x06, 0x54, 0x85, 0x83, 0x38, 0xCC, 0xC3, 0x3B, 0xB0, 0x43,
    0x3D, 0xD0, 0x43, 0x39, 0xFC, 0xC2, 0x3C, 0xE4, 0x43, 0x3B, 0x88, 0xC3, 0x3B, 0xB0, 0xC3, 0x8C,
    0xC5, 0x0A, 0x87, 0x79, 0x98, 0x87, 0x77, 0x18, 0x87, 0x74, 0x08, 0x07, 0x7A, 0x28, 0x07, 0x72,
    0x98, 0x81, 0x5C, 0xE3, 0x10, 0x0E, 0xEC, 0xC0, 0x0E, 0xE5, 0x50, 0x0E, 0xF3, 0x30, 0x23, 0xC1,
    0xD2, 0x41, 0x1E, 0xE4, 0xE1, 0x17, 0xD8, 0xE1, 0x1D, 0xDE, 0x01, 0x1E, 0x66, 0x48, 0x19, 0x3B,
    0xB0, 0x83, 0x3D, 0xB4, 0x83, 0x1B, 0x84, 0xC3, 0x38, 0x8C, 0x43, 0x39, 0xCC, 0xC3, 0x3C, 0xB8,
    0xC1, 0x39, 0xC8, 0xC3, 0x3B, 0xD4, 0x03, 0x3C, 0xCC, 0x48, 0xB4, 0x71, 0x08, 0x07, 0x76, 0x60,
    0x07, 0x71, 0x08, 0x87, 0x71, 0x58, 0x87, 0x19, 0xDB, 0xC6, 0x0E, 0xEC, 0x60, 0x0F, 0xED, 0xE0,
    0x06, 0xF0, 0x20, 0x0F, 0xE5, 0x30, 0x0F, 0xE5, 0x20, 0x0F, 0xF6, 0x50, 0x0E, 0x6E, 0x10, 0x0E,
    0xE3, 0x30, 0x0E, 0xE5, 0x30, 0x0F, 0xF3, 0xE0, 0x06, 0xE9, 0xE0, 0x0E, 0xE4, 0x50, 0x0E, 0xF8,
    0x30, 0x23, 0xE2, 0xEC, 0x61, 0x1C, 0xC2, 0x81, 0x1D, 0xD8, 0xE1, 0x17, 0xEC, 0x21, 0x1D, 0xE6,
    0x21, 0x1D, 0xC4, 0x21, 0x1D, 0xD8, 0x21, 0x1D, 0xE8, 0x21, 0x1F, 0x66, 0x20, 0x9D, 0x3B, 0xBC,
    0x43, 0x3D, 0xB8, 0x03, 0x39, 0x94, 0x83, 0x39, 0xCC, 0x58, 0xBC, 0x70, 0x70, 0x07, 0x77, 0x78,
    0x07, 0x7A, 0x08, 0x07, 0x7A, 0x48, 0x87, 0x77, 0x70, 0x87, 0x19, 0xCE, 0x87, 0x0E, 0xE5, 0x10,
    0x0E, 0xF0, 0x10, 0x0E, 0xEC, 0xC0, 0x0E, 0xEF, 0x30, 0x0E, 0xF3, 0x90, 0x0E, 0xF4, 0x50, 0x0E,
    0x33, 0x28, 0x30, 0x08, 0x87, 0x74, 0x90, 0x07, 0x37, 0x30, 0x87, 0x7A, 0x70, 0x87, 0x71, 0xA0,
    0x87, 0x74, 0x78, 0x07, 0x77, 0xF8, 0x85, 0x73, 0x90, 0x87, 0x77, 0xA8, 0x07, 0x78, 0x98, 0x07,
    0x00, 0x00, 0x00, 0x00, 0x79, 0x20, 0x00, 0x00, 0xE3, 0x01, 0x00, 0x00, 0x72, 0x1E, 0x48, 0x20,
    0x43, 0x88, 0x0C, 0x19, 0x09, 0x72, 0x32, 0x48, 0x20, 0x23, 0x81, 0x8C, 0x91, 0x91, 0xD1, 0x44,
    0xA0, 0x10, 0x28, 0x64, 0x3C, 0x31, 0x32, 0x42, 0x8E, 0x90, 0x21, 0xA3, 0x48, 0x07, 0x70, 0xA0,
    0xA7, 0x01, 0x00, 0x00, 0x6D, 0x70, 0x0A, 0x74, 0xB0, 0x5C, 0x6B, 0xA1, 0x30, 0x71, 0x20, 0x0E,
    0xCE, 0xD2, 0x48, 0x4A, 0x63, 0x61, 0x1B, 0xB4, 0x41, 0xC5, 0xC6, 0x91, 0x81, 0xF2, 0x48, 0x48,
    0x44, 0x15, 0x53, 0x74, 0x45, 0x19, 0x23, 0x2D, 0xDA, 0xA4, 0x60, 0x55, 0x72, 0x4D, 0x5B, 0x71,
    0x01, 0x00, 0x00, 0x00, 0x73, 0x72, 0x63, 0x2F, 0x78, 0x65, 0x6E, 0x69, 0x61, 0x2F, 0x67, 0x70,
    0x75, 0x2F, 0x73, 0x68, 0x61, 0x64, 0x65, 0x72, 0x73, 0x2F, 0x61, 0x70, 0x70, 0x6C, 0x79, 0x5F,
    0x67, 0x61, 0x6D, 0x6D, 0x61, 0x5F, 0x70, 0x77, 0x6C, 0x2E, 0x63, 0x73, 0x2E, 0x78, 0x65, 0x73,
    0x6C, 0x2F, 0x55, 0x73, 0x65, 0x72, 0x73, 0x2F, 0x77, 0x6D, 0x61, 0x72, 0x74, 0x69, 0x2F, 0x44,
    0x6F, 0x63, 0x75, 0x6D, 0x65, 0x6E, 0x74, 0x73, 0x2F, 0x78, 0x65, 0x6E, 0x69, 0x61, 0x2D, 0x6D,
    0x61, 0x63, 0x2F, 0x73, 0x63, 0x72, 0x61, 0x74, 0x63, 0x68, 0x2F, 0x77, 0x6F, 0x72, 0x6B, 0x74,
    0x72, 0x65, 0x65, 0x73, 0x2F, 0x78, 0x65, 0x6E, 0x69, 0x61, 0x2D, 0x63, 0x61, 0x6E, 0x61, 0x72,
    0x79, 0x2D, 0x72, 0x65, 0x62, 0x61, 0x73, 0x65, 0x41, 0x70, 0x70, 0x6C, 0x65, 0x20, 0x6D, 0x65,
    0x74, 0x61, 0x6C, 0x20, 0x76, 0x65, 0x72, 0x73, 0x69, 0x6F, 0x6E, 0x20, 0x33, 0x32, 0x30, 0x32,
    0x33, 0x2E, 0x38, 0x35, 0x30, 0x20, 0x28, 0x6D, 0x65, 0x74, 0x61, 0x6C, 0x66, 0x65, 0x2D, 0x33,
    0x32, 0x30, 0x32, 0x33, 0x2E, 0x38, 0x35, 0x30, 0x2E, 0x31, 0x30, 0x29, 0x6D, 0x65, 0x74, 0x61,
    0x6C, 0x5F, 0x74, 0x79, 0x70, 0x65, 0x73, 0x22, 0x2D, 0x44, 0x58, 0x45, 0x53, 0x4C, 0x5F, 0x4C,
    0x41, 0x4E, 0x47, 0x55, 0x41, 0x47, 0x45, 0x5F, 0x4D, 0x53, 0x4C, 0x3D, 0x31, 0x22, 0x2F, 0x70,
    0x72, 0x69, 0x76, 0x61, 0x74, 0x65, 0x2F, 0x76, 0x61, 0x72, 0x2F, 0x72, 0x75, 0x6E, 0x2F, 0x63,
    0x6F, 0x6D, 0x2E, 0x61, 0x70, 0x70, 0x6C, 0x65, 0x2E, 0x73, 0x65, 0x63, 0x75, 0x72, 0x69, 0x74,
    0x79, 0x2E, 0x63, 0x72, 0x79, 0x70, 0x74, 0x65, 0x78, 0x64, 0x2F, 0x6D, 0x6E, 0x74, 0x2F, 0x63,
    0x6F, 0x6D, 0x2E, 0x61, 0x70, 0x70, 0x6C, 0x65, 0x2E, 0x4D, 0x6F, 0x62, 0x69, 0x6C, 0x65, 0x41,
    0x73, 0x73, 0x65, 0x74, 0x2E, 0x4D, 0x65, 0x74, 0x61, 0x6C, 0x54, 0x6F, 0x6F, 0x6C, 0x63, 0x68,
    0x61, 0x69, 0x6E, 0x2D, 0x76, 0x31, 0x37, 0x2E, 0x33, 0x2E, 0x34, 0x38, 0x2E, 0x30, 0x2E, 0x35,
    0x33, 0x73, 0x38, 0x75, 0x67, 0x2F, 0x4D, 0x65, 0x74, 0x61, 0x6C, 0x2E, 0x78, 0x63, 0x74, 0x6F,
    0x6F, 0x6C, 0x63, 0x68, 0x61, 0x69, 0x6E, 0x2F, 0x75, 0x73, 0x72, 0x2F, 0x6D, 0x65, 0x74, 0x61,
    0x6C, 0x2F, 0x33, 0x32, 0x30, 0x32, 0x33, 0x2F, 0x6C, 0x69, 0x62, 0x2F, 0x63, 0x6C, 0x61, 0x6E,
    0x67, 0x2F, 0x33, 0x32, 0x30, 0x32, 0x33, 0x2E, 0x38, 0x35, 0x30, 0x2F, 0x69, 0x6E, 0x63, 0x6C,
    0x75, 0x64, 0x65, 0x2F, 0x6D, 0x65, 0x74, 0x61, 0x6C, 0x3C, 0x62, 0x75, 0x69, 0x6C, 0x74, 0x2D,
    0x69, 0x6E, 0x3E, 0x6D, 0x65, 0x74, 0x61, 0x6C, 0x5F, 0x73, 0x74, 0x64, 0x6C, 0x69, 0x62, 0x73,
    0x72, 0x63, 0x2F, 0x78, 0x65, 0x6E, 0x69, 0x61, 0x2F, 0x67, 0x70, 0x75, 0x2F, 0x73, 0x68, 0x61,
    0x64, 0x65, 0x72, 0x73, 0x2F, 0x2E, 0x2E, 0x2F, 0x2E, 0x2E, 0x2F, 0x75, 0x69, 0x2F, 0x73, 0x68,
    0x61, 0x64, 0x65, 0x72, 0x73, 0x2F, 0x78, 0x65, 0x73, 0x6C, 0x2E, 0x78, 0x65, 0x73, 0x6C, 0x69,
    0x2F, 0x41, 0x70, 0x70, 0x6C, 0x69, 0x63, 0x61, 0x74, 0x69, 0x6F, 0x6E, 0x73, 0x2F, 0x58, 0x63,
    0x6F, 0x64, 0x65, 0x2E, 0x61, 0x70, 0x70, 0x2F, 0x43, 0x6F, 0x6E, 0x74, 0x65, 0x6E, 0x74, 0x73,
    0x2F, 0x44, 0x65, 0x76, 0x65, 0x6C, 0x6F, 0x70, 0x65, 0x72, 0x2F, 0x50, 0x6C, 0x61, 0x74, 0x66,
    0x6F, 0x72, 0x6D, 0x73, 0x2F, 0x4D, 0x61, 0x63, 0x4F, 0x53, 0x58, 0x2E, 0x70, 0x6C, 0x61, 0x74,
    0x66, 0x6F, 0x72, 0x6D, 0x2F, 0x44, 0x65, 0x76, 0x65, 0x6C, 0x6F, 0x70, 0x65, 0x72, 0x2F, 0x53,
    0x44, 0x4B, 0x73, 0x2F, 0x4D, 0x61, 0x63, 0x4F, 0x53, 0x58, 0x32, 0x36, 0x2E, 0x32, 0x2E, 0x73,
    0x64, 0x6B, 0x4D, 0x61, 0x63, 0x4F, 0x53, 0x58, 0x32, 0x36, 0x2E, 0x32, 0x2E, 0x73, 0x64, 0x6B,
    0x53, 0x44, 0x4B, 0x20, 0x56, 0x65, 0x72, 0x73, 0x69, 0x6F, 0x6E, 0x44, 0x77, 0x61, 0x72, 0x66,
    0x20, 0x56, 0x65, 0x72, 0x73, 0x69, 0x6F, 0x6E, 0x44, 0x65, 0x62, 0x75, 0x67, 0x20, 0x49, 0x6E,
    0x66, 0x6F, 0x20, 0x56, 0x65, 0x72, 0x73, 0x69, 0x6F, 0x6E, 0x77, 0x63, 0x68, 0x61, 0x72, 0x5F,
    0x73, 0x69, 0x7A, 0x65, 0x66, 0x72, 0x61, 0x6D, 0x65, 0x2D, 0x70, 0x6F, 0x69, 0x6E, 0x74, 0x65,
    0x72, 0x61, 0x69, 0x72, 0x2E, 0x6D, 0x61, 0x78, 0x5F, 0x64, 0x65, 0x76, 0x69, 0x63, 0x65, 0x5F,
    0x62, 0x75, 0x66, 0x66, 0x65, 0x72, 0x73, 0x61, 0x69, 0x72, 0x2E, 0x6D, 0x61, 0x78, 0x5F, 0x63,
    0x6F, 0x6E, 0x73, 0x74, 0x61, 0x6E, 0x74, 0x5F, 0x62, 0x75, 0x66, 0x66, 0x65, 0x72, 0x73, 0x61,
    0x69, 0x72, 0x2E, 0x6D, 0x61, 0x78, 0x5F, 0x74, 0x68, 0x72, 0x65, 0x61, 0x64, 0x67, 0x72, 0x6F,
    0x75, 0x70, 0x5F, 0x62, 0x75, 0x66, 0x66, 0x65, 0x72, 0x73, 0x61, 0x69, 0x72, 0x2E, 0x6D, 0x61,
    0x78, 0x5F, 0x74, 0x65, 0x78, 0x74, 0x75, 0x72, 0x65, 0x73, 0x61, 0x69, 0x72, 0x2E, 0x6D, 0x61,
    0x78, 0x5F, 0x72, 0x65, 0x61, 0x64, 0x5F, 0x77, 0x72, 0x69, 0x74, 0x65, 0x5F, 0x74, 0x65, 0x78,
    0x74, 0x75, 0x72, 0x65, 0x73, 0x61, 0x69, 0x72, 0x2E, 0x6D, 0x61, 0x78, 0x5F, 0x73, 0x61, 0x6D,
    0x70, 0x6C, 0x65, 0x72, 0x73, 0x4D, 0x65, 0x74, 0x61, 0x6C, 0x61, 0x69, 0x72, 0x2E, 0x63, 0x6F,
    0x6D, 0x70, 0x69, 0x6C, 0x65, 0x2E, 0x64, 0x65, 0x6E, 0x6F, 0x72, 0x6D, 0x73, 0x5F, 0x64, 0x69,
    0x73, 0x61, 0x62, 0x6C, 0x65, 0x61, 0x69, 0x72, 0x2E, 0x63, 0x6F, 0x6D, 0x70, 0x69, 0x6C, 0x65,
    0x2E, 0x66, 0x61, 0x73, 0x74, 0x5F, 0x6D, 0x61, 0x74, 0x68, 0x5F, 0x65, 0x6E, 0x61, 0x62, 0x6C,
    0x65, 0x61, 0x69, 0x72, 0x2E, 0x63, 0x6F, 0x6D, 0x70, 0x69, 0x6C, 0x65, 0x2E, 0x66, 0x72, 0x61,
    0x6D, 0x65, 0x62, 0x75, 0x66, 0x66, 0x65, 0x72, 0x5F, 0x66, 0x65, 0x74, 0x63, 0x68, 0x5F, 0x65,
    0x6E, 0x61, 0x62, 0x6C, 0x65, 0x61, 0x69, 0x72, 0x2E, 0x62, 0x75, 0x66, 0x66, 0x65, 0x72, 0x61,
    0x69, 0x72, 0x2E, 0x62, 0x75, 0x66, 0x66, 0x65, 0x72, 0x5F, 0x73, 0x69, 0x7A, 0x65, 0x61, 0x69,
    0x72, 0x2E, 0x6C, 0x6F, 0x63, 0x61, 0x74, 0x69, 0x6F, 0x6E, 0x5F, 0x69, 0x6E, 0x64, 0x65, 0x78,
    0x61, 0x69, 0x72, 0x2E, 0x72, 0x65, 0x61, 0x64, 0x61, 0x69, 0x72, 0x2E, 0x61, 0x64, 0x64, 0x72,
    0x65, 0x73, 0x73, 0x5F, 0x73, 0x70, 0x61, 0x63, 0x65, 0x61, 0x69, 0x72, 0x2E, 0x73, 0x74, 0x72,
    0x75, 0x63, 0x74, 0x5F, 0x74, 0x79, 0x70, 0x65, 0x5F, 0x69, 0x6E, 0x66, 0x6F, 0x75, 0x69, 0x6E,
    0x74, 0x32, 0x78, 0x65, 0x5F, 0x61, 0x70, 0x70, 0x6C, 0x79, 0x5F, 0x67, 0x61, 0x6D, 0x6D, 0x61,
    0x5F, 0x73, 0x69, 0x7A, 0x65, 0x61, 0x69, 0x72, 0x2E, 0x61, 0x72, 0x67, 0x5F, 0x74, 0x79, 0x70,
    0x65, 0x5F, 0x73, 0x69, 0x7A, 0x65, 0x61, 0x69, 0x72, 0x2E, 0x61, 0x72, 0x67, 0x5F, 0x74, 0x79,
    0x70, 0x65, 0x5F, 0x61, 0x6C, 0x69, 0x67, 0x6E, 0x5F, 0x73, 0x69, 0x7A, 0x65, 0x61, 0x69, 0x72,
    0x2E, 0x61, 0x72, 0x67, 0x5F, 0x74, 0x79, 0x70, 0x65, 0x5F, 0x6E, 0x61, 0x6D, 0x65, 0x78, 0x65,
    0x73, 0x6C, 0x5F, 0x70, 0x75, 0x73, 0x68, 0x43, 0x6F, 0x6E, 0x73, 0x74, 0x61, 0x6E, 0x74, 0x73,
    0x5F, 0x73, 0x74, 0x72, 0x75, 0x63, 0x74, 0x61, 0x69, 0x72, 0x2E, 0x61, 0x72, 0x67, 0x5F, 0x6E,
    0x61, 0x6D, 0x65, 0x78, 0x65, 0x73, 0x6C, 0x5F, 0x70, 0x75, 0x73, 0x68, 0x43, 0x6F, 0x6E, 0x73,
    0x74, 0x61, 0x6E, 0x74, 0x73, 0x61, 0x69, 0x72, 0x2E, 0x74, 0x65, 0x78, 0x74, 0x75, 0x72, 0x65,
    0x74, 0x65, 0x78, 0x74, 0x75, 0x72, 0x65, 0x5F, 0x62, 0x75, 0x66, 0x66, 0x65, 0x72, 0x3C, 0x75,
    0x69, 0x6E, 0x74, 0x2C, 0x20, 0x72, 0x65, 0x61, 0x64, 0x3E, 0x78, 0x65, 0x5F, 0x61, 0x70, 0x70,
    0x6C, 0x79, 0x5F, 0x67, 0x61, 0x6D, 0x6D, 0x61, 0x5F, 0x72, 0x61, 0x6D, 0x70, 0x61, 0x69, 0x72,
    0x2E, 0x73, 0x61, 0x6D, 0x70, 0x6C, 0x65, 0x74, 0x65, 0x78, 0x74, 0x75, 0x72, 0x65, 0x32, 0x64,
    0x3C, 0x66, 0x6C, 0x6F, 0x61, 0x74, 0x2C, 0x20, 0x73, 0x61, 0x6D, 0x70, 0x6C, 0x65, 0x3E, 0x78,
    0x65, 0x5F, 0x61, 0x70, 0x70, 0x6C, 0x79, 0x5F, 0x67, 0x61, 0x6D, 0x6D, 0x61, 0x5F, 0x73, 0x6F,
    0x75, 0x72, 0x63, 0x65, 0x61, 0x69, 0x72, 0x2E, 0x77, 0x72, 0x69, 0x74, 0x65, 0x74, 0x65, 0x78,
    0x74, 0x75, 0x72, 0x65, 0x32, 0x64, 0x3C, 0x66, 0x6C, 0x6F, 0x61, 0x74, 0x2C, 0x20, 0x77, 0x72,
    0x69, 0x74, 0x65, 0x3E, 0x78, 0x65, 0x5F, 0x61, 0x70, 0x70, 0x6C, 0x79, 0x5F, 0x67, 0x61, 0x6D,
    0x6D, 0x61, 0x5F, 0x64, 0x65, 0x73, 0x74, 0x61, 0x69, 0x72, 0x2E, 0x74, 0x68, 0x72, 0x65, 0x61,
    0x64, 0x5F, 0x70, 0x6F, 0x73, 0x69, 0x74, 0x69, 0x6F, 0x6E, 0x5F, 0x69, 0x6E, 0x5F, 0x67, 0x72,
    0x69, 0x64, 0x75, 0x69, 0x6E, 0x74, 0x33, 0x78, 0x65, 0x73, 0x6C, 0x5F, 0x47, 0x6C, 0x6F, 0x62,
    0x61, 0x6C, 0x49, 0x6E, 0x76, 0x6F, 0x63, 0x61, 0x74, 0x69, 0x6F, 0x6E, 0x49, 0x44, 0x00, 0x00,
    0x66, 0xA4, 0x00, 0x00, 0x00, 0x00, 0x00, 0x00, 0x30, 0x82, 0x10, 0x24, 0x23, 0x08, 0x68, 0x40,
    0x8D, 0x20, 0x04, 0xCA, 0x08, 0x42, 0xB0, 0x8C, 0x20, 0x04, 0xCC, 0x08, 0x42, 0xD0, 0x8C, 0x20,
    0x04, 0xCE, 0x08, 0x42, 0xF0, 0x8C, 0x20, 0x04, 0xD0, 0x08, 0x42, 0x10, 0x8D, 0x20, 0x04, 0xD2,
    0x08, 0xC2, 0x02, 0x0C, 0x65, 0x05, 0x7D, 0x20, 0x0A, 0x43, 0x00, 0x00, 0x80, 0x00, 0x00, 0x00,
    0x90, 0x0A, 0x00, 0x00, 0x00, 0x02, 0xA0, 0x2C, 0x03, 0x15, 0x40, 0x20, 0x00, 0xC0, 0x80, 0x41,
    0x02, 0x00, 0x00, 0x51, 0x18, 0x00, 0x00, 0x0C, 0x54, 0x00, 0x87, 0x00, 0x00, 0xF3, 0x21, 0x00,
    0x12, 0x0A, 0xA3, 0x10, 0x00, 0xA4, 0x00, 0x0C, 0x18, 0x24, 0x00, 0x00, 0x20, 0x85, 0x01, 0x00,
    0xC0, 0x40, 0x05, 0x90, 0x08, 0x00, 0x30, 0x1F, 0x02, 0x20, 0xA1, 0x60, 0x0A, 0x63, 0x00, 0x9C,
    0x02, 0x30, 0x83, 0x50, 0x0A, 0xA8, 0x30, 0xC3, 0x50, 0x07, 0x8C, 0x1D, 0xCC, 0x30, 0xDC, 0x41,
    0x83, 0x07, 0x33, 0x0C, 0x75, 0xE0, 0xE4, 0xC1, 0x0C, 0x83, 0x1E, 0x3C, 0x78, 0x30, 0xC3, 0x70,
    0x07, 0x50, 0x1D, 0xCC, 0x30, 0xDC, 0x41, 0xB4, 0x07, 0x33, 0x0C, 0x77, 0x20, 0xED, 0xC1, 0x0C,
    0xC3, 0x1D, 0x4C, 0x7B, 0x30, 0xC3, 0x70, 0x07, 0x14, 0x1F, 0xCC, 0x30, 0xDC, 0x41, 0xD5, 0x07,
    0x33, 0x0C, 0x77, 0x60, 0xF9, 0xC1, 0x0C, 0xC1, 0x30, 0xC3, 0x50, 0x07, 0x7D, 0xF0, 0x07, 0x33,
    0x10, 0x57, 0x1E, 0xFC, 0xC1, 0x1F, 0xCC, 0x10, 0x60, 0x33, 0x04, 0xD9, 0x0C, 0x81, 0x36, 0x03,
    0x30, 0x43, 0xF1, 0x07, 0x7D, 0xF0, 0x07, 0x61, 0x20, 0x06, 0x33, 0x50, 0x7F, 0xB0, 0x71, 0x7D,
    0xD0, 0xFD, 0x81, 0x1E, 0x78, 0x5F, 0x1D, 0x80, 0x01, 0x2F, 0x8C, 0x41, 0x1F, 0x90, 0x41, 0x1F,
    0x94, 0x81, 0x19, 0x9C, 0x01, 0x1A, 0xCC, 0xA0, 0xE8, 0x41, 0x1A, 0x74, 0x7F, 0xA0, 0x07, 0x5E,
    0x19, 0xA8, 0xC1, 0x19, 0xAC, 0xC1, 0x0C, 0x4A, 0x1D, 0xA4, 0x41, 0xA7, 0x07, 0x7A, 0xC0, 0x06,
    0x65, 0xD0, 0x06, 0x67, 0xE0, 0x06, 0x33, 0x28, 0x79, 0x90, 0x06, 0x5D, 0x1D, 0xE8, 0xC1, 0x1B,
    0x94, 0x01, 0x1C, 0x9C, 0x41, 0x1C, 0xCC, 0x60, 0xE0, 0x81, 0x1C, 0x94, 0xC1, 0x1C, 0x9C, 0x01,
    0x1D, 0xCC, 0x50, 0xF4, 0x82, 0x2F, 0xFC, 0x02, 0x38, 0x84, 0xC3, 0x0C, 0x03, 0x28, 0xEC, 0x82,
    0x38, 0xDC, 0x1B, 0x00, 0x9C, 0x18, 0x70, 0x1C, 0xC7, 0x71, 0x1C, 0xC7, 0x71, 0x9C, 0x59, 0xB8,
    0x01, 0x2B, 0xB8, 0x81, 0x2C, 0xB0, 0x82, 0x1B, 0xE0, 0x02, 0x1A, 0xB8, 0x81, 0x1B, 0xB8, 0x81,
    0x1B, 0xB8, 0x81, 0x1B, 0xB8, 0x81, 0x1B, 0xB8, 0x81, 0x1B, 0xB8, 0x81, 0x45, 0x07, 0x7A, 0x60,
    0x59, 0x16, 0xC4, 0x0A, 0xE2, 0xC1, 0x0F, 0x22, 0x21, 0x12, 0xB8, 0xC0, 0x0A, 0x32, 0x12, 0x98,
    0xA0, 0x5C, 0xD8, 0xD8, 0xEC, 0xDA, 0x5C, 0xC8, 0xC4, 0xCE, 0x5C, 0xC6, 0xEA, 0x46, 0x09, 0x40,
    0x21, 0x23, 0x36, 0x36, 0xBB, 0x36, 0x97, 0xB6, 0x37, 0xB2, 0x3A, 0xB6, 0x32, 0x17, 0x33, 0xB6,
    0xB0, 0xB3, 0xB9, 0x51, 0x96, 0x54, 0x50, 0x85, 0x55, 0x60, 0x85, 0x56, 0x70, 0x85, 0x57, 0x80,
    0x85, 0x58, 0x90, 0x85, 0x59, 0x48, 0x85, 0x8D, 0xCD, 0xAE, 0xCD, 0x25, 0x8D, 0xAC, 0xCC, 0x8D,
    0x6E, 0x94, 0x80, 0x16, 0x72, 0x09, 0x4B, 0x93, 0x73, 0xB1, 0x2B, 0x93, 0x9B, 0x4B, 0x7B, 0x73,
    0x1B, 0x25, 0xA8, 0x85, 0xA4, 0xC2, 0xD2, 0xE4, 0x5C, 0xD8, 0xC2, 0xDC, 0xCE, 0xEA, 0xC2, 0xCE,
    0xCA, 0xBE, 0xEC, 0xCA, 0xE4, 0xE6, 0xD2, 0xDE, 0xDC, 0x46, 0x09, 0x6C, 0x21, 0xA7, 0xB0, 0x34,
    0x39, 0x97, 0xB1, 0xB7, 0x36, 0xB8, 0x34, 0xB6, 0xB2, 0xAF, 0x37, 0x38, 0xBA, 0xB4, 0x37, 0xB7,
    0xB9, 0x51, 0x86, 0x5B, 0xC0, 0x85, 0x5C, 0x48, 0x25, 0x2C, 0x4D, 0xCE, 0x65, 0xAD, 0x4C, 0xCE,
    0xAD, 0x8C, 0x6D, 0x94, 0x40, 0x1C, 0x00, 0x00, 0xA9, 0x18, 0x00, 0x00, 0x25, 0x00, 0x00, 0x00,
    0x0B, 0x0A, 0x72, 0x28, 0x87, 0x77, 0x80, 0x07, 0x7A, 0x58, 0x70, 0x98, 0x43, 0x3D, 0xB8, 0xC3,
    0x38, 0xB0, 0x43, 0x39, 0xD0, 0xC3, 0x82, 0xE6, 0x1C, 0xC6, 0xA1, 0x0D, 0xE8, 0x41, 0x1E, 0xC2,
    0xC1, 0x1D, 0xE6, 0x21, 0x1D, 0xE8, 0x21, 0x1D, 0xDE, 0xC1, 0x1D, 0x16, 0x34, 0xE3, 0x60, 0x0E,
    0xE7, 0x50, 0x0F, 0xE1, 0x20, 0x0F, 0xE4, 0x40, 0x0F, 0xE1, 0x20, 0x0F, 0xE7, 0x50, 0x0E, 0xF4,
    0xB0, 0x80, 0x81, 0x07, 0x79, 0x28, 0x87, 0x70, 0x60, 0x07, 0x76, 0x78, 0x87, 0x71, 0x08, 0x07,
    0x7A, 0x28, 0x07, 0x72, 0x58, 0x70, 0x9C, 0xC3, 0x38, 0xB4, 0x01, 0x3B, 0xA4, 0x83, 0x3D, 0x94,
    0xC3, 0x02, 0x6B, 0x1C, 0xD8, 0x21, 0x1C, 0xDC, 0xE1, 0x1C, 0xDC, 0x20, 0x1C, 0xE4, 0x61, 0x1C,
    0xDC, 0x20, 0x1C, 0xE8, 0x81, 0x1E, 0xC2, 0x61, 0x1C, 0xD0, 0xA1, 0x1C, 0xC8, 0x61, 0x1C, 0xC2,
    0x81, 0x1D, 0xD8, 0x61, 0xC1, 0x01, 0x0F, 0xF4, 0x20, 0x0F, 0xE1, 0x50, 0x0F, 0xF4, 0x80, 0x0E,
    0x00, 0x00, 0x00, 0x00, 0xD1, 0x10, 0x00, 0x00, 0x06, 0x00, 0x00, 0x00, 0x07, 0xCC, 0x3C, 0xA4,
    0x83, 0x3B, 0x9C, 0x03, 0x3B, 0x94, 0x03, 0x3D, 0xA0, 0x83, 0x3C, 0x94, 0x43, 0x38, 0x90, 0xC3,
    0x01, 0x00, 0x00, 0x00, 0x61, 0x20, 0x00, 0x00, 0x44, 0x02, 0x00, 0x00, 0x13, 0x04, 0x43, 0x2C,
    0x10, 0x00, 0x00, 0x00, 0x16, 0x00, 0x00, 0x00, 0x24, 0x8C, 0x25, 0x00, 0xC1, 0x08, 0x00, 0x25,
    0xA3, 0x01, 0x63, 0x0D, 0x40, 0x20, 0x50, 0x5A, 0x02, 0x45, 0x40, 0xCC, 0x18, 0x01, 0x08, 0x82,
    0x20, 0xF8, 0x8D, 0x11, 0xA0, 0x20, 0x0A, 0xE2, 0xDB, 0x68, 0xC0, 0x18, 0x01, 0x08, 0x82, 0x20,
    0xFE, 0x51, 0x33, 0x1A, 0x30, 0x07, 0x21, 0x06, 0x62, 0x20, 0x06, 0x63, 0x40, 0xDB, 0x58, 0x03,
    0x08, 0xC2, 0xFF, 0x29, 0x06, 0x20, 0x08, 0xFF, 0xA7, 0x18, 0x80, 0x20, 0xFC, 0x9F, 0x62, 0x30,
    0xD6, 0x00, 0x82, 0x20, 0x08, 0x7F, 0x20, 0x08, 0x82, 0xF0, 0x07, 0x82, 0x20, 0x08, 0x7F, 0x00,
    0xF1, 0x30, 0x00, 0x00, 0x4D, 0x01, 0x00, 0x00, 0x22, 0x47, 0xC8, 0x90, 0x51, 0x42, 0x50, 0xEB,
    0x01, 0x00, 0x00, 0x00, 0x6B, 0xA0, 0x3C, 0x0F, 0x67, 0x61, 0x7C, 0x31, 0x88, 0x06, 0x71, 0x1A,
    0x0F, 0x5E, 0x20, 0x05, 0x73, 0x72, 0x63, 0x2F, 0x78, 0x65, 0x6E, 0x69, 0x61, 0x2F, 0x67, 0x70,
    0x75, 0x2F, 0x73, 0x68, 0x61, 0x64, 0x65, 0x72, 0x73, 0x2F, 0x61, 0x70, 0x70, 0x6C, 0x79, 0x5F,
    0x67, 0x61, 0x6D, 0x6D, 0x61, 0x5F, 0x70, 0x77, 0x6C, 0x2E, 0x78, 0x65, 0x73, 0x6C, 0x69, 0x78,
    0x65, 0x73, 0x6C, 0x5F, 0x65, 0x6E, 0x74, 0x72, 0x79, 0x6F, 0x6D, 0x6E, 0x69, 0x70, 0x6F, 0x74,
    0x65, 0x6E, 0x74, 0x20, 0x63, 0x68, 0x61, 0x72, 0x53, 0x69, 0x6D, 0x70, 0x6C, 0x65, 0x20, 0x43,
    0x2B, 0x2B, 0x20, 0x54, 0x42, 0x41, 0x41, 0x61, 0x69, 0x72, 0x2D, 0x61, 0x6C, 0x69, 0x61, 0x73,
    0x2D, 0x73, 0x63, 0x6F, 0x70, 0x65, 0x73, 0x28, 0x78, 0x65, 0x73, 0x6C, 0x5F, 0x65, 0x6E, 0x74,
    0x72, 0x79, 0x29, 0x61, 0x69, 0x72, 0x2D, 0x61, 0x6C, 0x69, 0x61, 0x73, 0x2D, 0x73, 0x63, 0x6F,
    0x70, 0x65, 0x2D, 0x61, 0x72, 0x67, 0x28, 0x30, 0x29, 0x61, 0x69, 0x72, 0x2D, 0x61, 0x6C, 0x69,
    0x61, 0x73, 0x2D, 0x73, 0x63, 0x6F, 0x70, 0x65, 0x2D, 0x74, 0x65, 0x78, 0x74, 0x75, 0x72, 0x65,
    0x73, 0x2F, 0x70, 0x72, 0x69, 0x76, 0x61, 0x74, 0x65, 0x2F, 0x76, 0x61, 0x72, 0x2F, 0x72, 0x75,
    0x6E, 0x2F, 0x63, 0x6F, 0x6D, 0x2E, 0x61, 0x70, 0x70, 0x6C, 0x65, 0x2E, 0x73, 0x65, 0x63, 0x75,
    0x72, 0x69, 0x74, 0x79, 0x2E, 0x63, 0x72, 0x79, 0x70, 0x74, 0x65, 0x78, 0x64, 0x2F, 0x6D, 0x6E,
    0x74, 0x2F, 0x63, 0x6F, 0x6D, 0x2E, 0x61, 0x70, 0x70, 0x6C, 0x65, 0x2E, 0x4D, 0x6F, 0x62, 0x69,
    0x6C, 0x65, 0x41, 0x73, 0x73, 0x65, 0x74, 0x2E, 0x4D, 0x65, 0x74, 0x61, 0x6C, 0x54, 0x6F, 0x6F,
    0x6C, 0x63, 0x68, 0x61, 0x69, 0x6E, 0x2D, 0x76, 0x31, 0x37, 0x2E, 0x33, 0x2E, 0x34, 0x38, 0x2E,
    0x30, 0x2E, 0x35, 0x33, 0x73, 0x38, 0x75, 0x67, 0x2F, 0x4D, 0x65, 0x74, 0x61, 0x6C, 0x2E, 0x78,
    0x63, 0x74, 0x6F, 0x6F, 0x6C, 0x63, 0x68, 0x61, 0x69, 0x6E, 0x2F, 0x75, 0x73, 0x72, 0x2F, 0x6D,
    0x65, 0x74, 0x61, 0x6C, 0x2F, 0x33, 0x32, 0x30, 0x32, 0x33, 0x2F, 0x6C, 0x69, 0x62, 0x2F, 0x63,
    0x6C, 0x61, 0x6E, 0x67, 0x2F, 0x33, 0x32, 0x30, 0x32, 0x33, 0x2E, 0x38, 0x35, 0x30, 0x2F, 0x69,
    0x6E, 0x63, 0x6C, 0x75, 0x64, 0x65, 0x2F, 0x6D, 0x65, 0x74, 0x61, 0x6C, 0x2F, 0x6D, 0x65, 0x74,
    0x61, 0x6C, 0x5F, 0x72, 0x65, 0x6C, 0x61, 0x74, 0x69, 0x6F, 0x6E, 0x61, 0x6C, 0x61, 0x6E, 0x79,
    0x2F, 0x70, 0x72, 0x69, 0x76, 0x61, 0x74, 0x65, 0x2F, 0x76, 0x61, 0x72, 0x2F, 0x72, 0x75, 0x6E,
    0x2F, 0x63, 0x6F, 0x6D, 0x2E, 0x61, 0x70, 0x70, 0x6C, 0x65, 0x2E, 0x73, 0x65, 0x63, 0x75, 0x72,
    0x69, 0x74, 0x79, 0x2E, 0x63, 0x72, 0x79, 0x70, 0x74, 0x65, 0x78, 0x64, 0x2F, 0x6D, 0x6E, 0x74,
    0x2F, 0x63, 0x6F, 0x6D, 0x2E, 0x61, 0x70, 0x70, 0x6C, 0x65, 0x2E, 0x4D, 0x6F, 0x62, 0x69, 0x6C,
    0x65, 0x41, 0x73, 0x73, 0x65, 0x74, 0x2E, 0x4D, 0x65, 0x74, 0x61, 0x6C, 0x54, 0x6F, 0x6F, 0x6C,
    0x63, 0x68, 0x61, 0x69, 0x6E, 0x2D, 0x76, 0x31, 0x37, 0x2E, 0x33, 0x2E, 0x34, 0x38, 0x2E, 0x30,
    0x2E, 0x35, 0x33, 0x73, 0x38, 0x75, 0x67, 0x2F, 0x4D, 0x65, 0x74, 0x61, 0x6C, 0x2E, 0x78, 0x63,
    0x74, 0x6F, 0x6F, 0x6C, 0x63, 0x68, 0x61, 0x69, 0x6E, 0x2F, 0x75, 0x73, 0x72, 0x2F, 0x6D, 0x65,
    0x74, 0x61, 0x6C, 0x2F, 0x33, 0x32, 0x30, 0x32, 0x33, 0x2F, 0x6C, 0x69, 0x62, 0x2F, 0x63, 0x6C,
    0x61, 0x6E, 0x67, 0x2F, 0x33, 0x32, 0x30, 0x32, 0x33, 0x2E, 0x38, 0x35, 0x30, 0x2F, 0x69, 0x6E,
    0x63, 0x6C, 0x75, 0x64, 0x65, 0x2F, 0x6D, 0x65, 0x74, 0x61, 0x6C, 0x2F, 0x5F, 0x5F, 0x62, 0x69,
    0x74, 0x73, 0x2F, 0x6D, 0x65, 0x74, 0x61, 0x6C, 0x5F, 0x74, 0x65, 0x78, 0x74, 0x75, 0x72, 0x65,
    0x32, 0x64, 0x72, 0x65, 0x61, 0x64, 0x2F, 0x70, 0x72, 0x69, 0x76, 0x61, 0x74, 0x65, 0x2F, 0x76,
    0x61, 0x72, 0x2F, 0x72, 0x75, 0x6E, 0x2F, 0x63, 0x6F, 0x6D, 0x2E, 0x61, 0x70, 0x70, 0x6C, 0x65,
    0x2E, 0x73, 0x65, 0x63, 0x75, 0x72, 0x69, 0x74, 0x79, 0x2E, 0x63, 0x72, 0x79, 0x70, 0x74, 0x65,
    0x78, 0x64, 0x2F, 0x6D, 0x6E, 0x74, 0x2F, 0x63, 0x6F, 0x6D, 0x2E, 0x61, 0x70, 0x70, 0x6C, 0x65,
    0x2E, 0x4D, 0x6F, 0x62, 0x69, 0x6C, 0x65, 0x41, 0x73, 0x73, 0x65, 0x74, 0x2E, 0x4D, 0x65, 0x74,
    0x61, 0x6C, 0x54, 0x6F, 0x6F, 0x6C, 0x63, 0x68, 0x61, 0x69, 0x6E, 0x2D, 0x76, 0x31, 0x37, 0x2E,
    0x33, 0x2E, 0x34, 0x38, 0x2E, 0x30, 0x2E, 0x35, 0x33, 0x73, 0x38, 0x75, 0x67, 0x2F, 0x4D, 0x65,
    0x74, 0x61, 0x6C, 0x2E, 0x78, 0x63, 0x74, 0x6F, 0x6F, 0x6C, 0x63, 0x68, 0x61, 0x69, 0x6E, 0x2F,
    0x75, 0x73, 0x72, 0x2F, 0x6D, 0x65, 0x74, 0x61, 0x6C, 0x2F, 0x33, 0x32, 0x30, 0x32, 0x33, 0x2F,
    0x6C, 0x69, 0x62, 0x2F, 0x63, 0x6C, 0x61, 0x6E, 0x67, 0x2F, 0x33, 0x32, 0x30, 0x32, 0x33, 0x2E,
    0x38, 0x35, 0x30, 0x2F, 0x69, 0x6E, 0x63, 0x6C, 0x75, 0x64, 0x65, 0x2F, 0x6D, 0x65, 0x74, 0x61,
    0x6C, 0x2F, 0x5F, 0x5F, 0x62, 0x69, 0x74, 0x73, 0x2F, 0x6D, 0x65, 0x74, 0x61, 0x6C, 0x5F, 0x74,
    0x65, 0x78, 0x74, 0x75, 0x72, 0x65, 0x5F, 0x62, 0x75, 0x66, 0x66, 0x65, 0x72, 0x58, 0x65, 0x41,
    0x70, 0x70, 0x6C, 0x79, 0x50, 0x57, 0x4C, 0x47, 0x61, 0x6D, 0x6D, 0x61, 0x2F, 0x70, 0x72, 0x69,
    0x76, 0x61, 0x74, 0x65, 0x2F, 0x76, 0x61, 0x72, 0x2F, 0x72, 0x75, 0x6E, 0x2F, 0x63, 0x6F, 0x6D,
    0x2E, 0x61, 0x70, 0x70, 0x6C, 0x65, 0x2E, 0x73, 0x65, 0x63, 0x75, 0x72, 0x69, 0x74, 0x79, 0x2E,
    0x63, 0x72, 0x79, 0x70, 0x74, 0x65, 0x78, 0x64, 0x2F, 0x6D, 0x6E, 0x74, 0x2F, 0x63, 0x6F, 0x6D,
    0x2E, 0x61, 0x70, 0x70, 0x6C, 0x65, 0x2E, 0x4D, 0x6F, 0x62, 0x69, 0x6C, 0x65, 0x41, 0x73, 0x73,
    0x65, 0x74, 0x2E, 0x4D, 0x65, 0x74, 0x61, 0x6C, 0x54, 0x6F, 0x6F, 0x6C, 0x63, 0x68, 0x61, 0x69,
    0x6E, 0x2D, 0x76, 0x31, 0x37, 0x2E, 0x33, 0x2E, 0x34, 0x38, 0x2E, 0x30, 0x2E, 0x35, 0x33, 0x73,
    0x38, 0x75, 0x67, 0x2F, 0x4D, 0x65, 0x74, 0x61, 0x6C, 0x2E, 0x78, 0x63, 0x74, 0x6F, 0x6F, 0x6C,
    0x63, 0x68, 0x61, 0x69, 0x6E, 0x2F, 0x75, 0x73, 0x72, 0x2F, 0x6D, 0x65, 0x74, 0x61, 0x6C, 0x2F,
    0x33, 0x32, 0x30, 0x32, 0x33, 0x2F, 0x6C, 0x69, 0x62, 0x2F, 0x63, 0x6C, 0x61, 0x6E, 0x67, 0x2F,
    0x33, 0x32, 0x30, 0x32, 0x33, 0x2E, 0x38, 0x35, 0x30, 0x2F, 0x69, 0x6E, 0x63, 0x6C, 0x75, 0x64,
    0x65, 0x2F, 0x6D, 0x65, 0x74, 0x61, 0x6C, 0x2F, 0x6D, 0x65, 0x74, 0x61, 0x6C, 0x5F, 0x63, 0x6F,
    0x6D, 0x6D, 0x6F, 0x6E, 0x73, 0x61, 0x74, 0x75, 0x72, 0x61, 0x74, 0x65, 0x77, 0x72, 0x69, 0x74,
    0x65, 0x00, 0x00, 0x00, 0x13, 0x84, 0x34, 0x98, 0x56, 0x51, 0xC7, 0x4A, 0x94, 0x03, 0xB0, 0x12,
    0x67, 0xC0, 0x12, 0x74, 0x00, 0x60, 0x00, 0x88, 0x82, 0x20, 0x08, 0x85, 0x02, 0x00, 0xEC, 0x02,
    0x00, 0x00, 0xC0, 0x0A, 0xC1, 0x1E, 0xD0, 0x61, 0xC5, 0x70, 0x0F, 0xF6, 0x90, 0x0E, 0x2B, 0x06,
    0x7C, 0xB0, 0x07, 0x75, 0x58, 0x45, 0x1D, 0x32, 0xC1, 0x0E, 0x80, 0x4C, 0xA8, 0x17, 0x4B, 0xAC,
    0x17, 0x80, 0x01, 0x20, 0x0A, 0x82, 0x20, 0x14, 0x0A, 0x00, 0xB0, 0x0B, 0x00, 0x00, 0x00, 0x3A,
    0x0F, 0x24, 0x90, 0x21, 0x44, 0x86, 0x8C, 0x84, 0xBE, 0x83, 0x03, 0x7A, 0x00, 0xAC, 0xA2, 0x8E,
    0x99, 0x70, 0x07, 0x60, 0x26, 0x70, 0x8B, 0x25, 0x72, 0x0B, 0xC0, 0x00, 0x10, 0x05, 0x41, 0x10,
    0x0A, 0x05, 0x00, 0xD8, 0x05, 0x00, 0x00, 0x80, 0x66, 0x85, 0x03, 0x7A, 0x00, 0xAC, 0xA2, 0x0E,
    0x9A, 0x70, 0x07, 0x80, 0x26, 0xDA, 0x80, 0x25, 0xDC, 0x00, 0xC0, 0x00, 0x10, 0x05, 0x41, 0x10,
    0x0A, 0x05, 0x00, 0xD8, 0x05, 0x00, 0x00, 0x80, 0xA6, 0x85, 0x03, 0x7A, 0x00, 0xAC, 0xA2, 0x8E,
    0x95, 0x80, 0x07, 0x60, 0x25, 0x18, 0x96, 0x60, 0x00, 0x0C, 0x00, 0x51, 0x10, 0x04, 0xA1, 0x50,
    0x00, 0x80, 0x5D, 0x00, 0x00, 0x00, 0x68, 0x59, 0xD0, 0xA0, 0x07, 0xC0, 0x2A, 0xEA, 0xA8, 0x09,
    0x79, 0x00, 0x6A, 0x62, 0x2F, 0x58, 0x82, 0x2F, 0x00, 0x0C, 0x00, 0x51, 0x10, 0x04, 0xA1, 0x50,
    0x00, 0x80, 0x5D, 0x00, 0x00, 0x00, 0xE8, 0x4A, 0xC1, 0x1F, 0x40, 0x42, 0xE3, 0xC2, 0x01, 0x3D,
    0x00, 0xDA, 0x16, 0x34, 0xE8, 0x01, 0xD0, 0x95, 0x82, 0x3F, 0x90, 0x84, 0xE6, 0x85, 0x03, 0x7A,
    0x00, 0xB4, 0x2E, 0x68, 0xD0, 0x03, 0xA0, 0x2B, 0x05, 0x7F, 0x38, 0x09, 0xAB, 0xA8, 0x63, 0x26,
    0xE6, 0x01, 0x98, 0x89, 0xB5, 0x63, 0x09, 0xB6, 0x03, 0x30, 0x00, 0x44, 0x41, 0x10, 0x84, 0x42,
    0x01, 0x00, 0x76, 0x01, 0x00, 0x00, 0xA0, 0xCD, 0x61, 0x80, 0x1E, 0x00, 0x83, 0x0A, 0x80, 0x1C,
    0x04, 0x00, 0xD8, 0x44, 0x08, 0xC0, 0x2E, 0x00, 0x1B, 0x82, 0x73, 0xD8, 0x30, 0x98, 0x43, 0x4B,
    0xD0, 0xC3, 0x86, 0xC1, 0x25, 0x5C, 0x82, 0x1E, 0x36, 0x04, 0xF7, 0xB0, 0x21, 0xC0, 0x87, 0x41,
    0x05, 0xB0, 0x0E, 0x00, 0x00, 0x0C, 0x2A, 0x80, 0x76, 0x00, 0x00, 0x60, 0x50, 0x01, 0xBC, 0x03,
    0x00, 0x00, 0x83, 0x0A, 0x20, 0x1E, 0x00, 0x00, 0x00, 0x00, 0x00, 0x00, 0x83, 0x0C, 0x0F, 0xE3,
    0xCC, 0x18, 0x14, 0x75, 0xC0, 0xD5, 0x03, 0x00, 0xF4, 0x61, 0xA0, 0xAC, 0x6B, 0xC6, 0xA0, 0xB8,
    0x83, 0xA5, 0x1E, 0x00, 0x80, 0x02, 0x81, 0x4C, 0x18, 0x00, 0xC3, 0x0D, 0x43, 0x30, 0x06, 0x13,
    0x06, 0xC0, 0x88, 0x41, 0x61, 0x84, 0x20, 0x18, 0x94, 0x01, 0x19, 0x04, 0x33, 0x06, 0x05, 0x7B,
    0x29, 0xF9, 0xA0, 0x0F, 0xC0, 0x2C, 0x83, 0x10, 0x04, 0x33, 0x06, 0xC5, 0x1D, 0x1C, 0xF5, 0x00,
    0x00, 0x23, 0x06, 0xC4, 0x11, 0x82, 0x60, 0x10, 0x06, 0x66, 0x30, 0x63, 0x50, 0xEC, 0x56, 0x1C,
    0xEC, 0x03, 0x3F, 0x00, 0x23, 0x06, 0x0A, 0x12, 0x82, 0x60, 0xF0, 0xA1, 0xC1, 0x15, 0x18, 0x13,
    0xC7, 0xCD, 0x18, 0x14, 0xBB, 0xC5, 0xEC, 0x03, 0x3F, 0x00, 0xA3, 0x09, 0x01, 0x30, 0x61, 0x00,
    0x0C, 0x32, 0x04, 0xCC, 0x34, 0x63, 0x50, 0xB0, 0xC2, 0x51, 0x0F, 0x00, 0x80, 0xC1, 0x22, 0xFE,
    0x33, 0x06, 0x05, 0x2B, 0x90, 0x42, 0x3D, 0x00, 0x00, 0x06, 0x0B, 0xF8, 0xCF, 0x18, 0x14, 0xAC,
    0xD0, 0x0A, 0xF5, 0x00, 0x00, 0x23, 0x06, 0x85, 0x11, 0x82, 0x60, 0xC0, 0xB9, 0x41, 0x30, 0x63,
    0x50, 0xAC, 0x82, 0x18, 0xD4, 0x03, 0x00, 0x8C, 0x21, 0x04, 0x61, 0x30, 0x63, 0x50, 0xCC, 0xC2,
    0x51, 0x0F, 0x00, 0x70, 0x41, 0x1A, 0xE0, 0x8C, 0x41, 0x41, 0x0B, 0x47, 0x3D, 0x00, 0x00, 0x06,
    0x6A, 0x20, 0x03, 0x13, 0x06, 0xC0, 0x88, 0x01, 0x82, 0x84, 0x20, 0x18, 0x64, 0x73, 0x10, 0x06,
    0x4A, 0xA0, 0x06, 0x33, 0x06, 0x05, 0x1C, 0x30, 0xFD, 0xE0, 0x0F, 0xC0, 0x68, 0x42, 0x00, 0x4C,
    0x18, 0x00, 0x63, 0x08, 0x81, 0x19, 0xCC, 0x18, 0x14, 0x96, 0xF3, 0x0F, 0x20, 0x01, 0x8C, 0x18,
    0x18, 0x46, 0x08, 0x82, 0x85, 0x7F, 0x48, 0x77, 0x10, 0x4C, 0x18, 0x00, 0x77, 0xC4, 0x81, 0xCE,
    0x18, 0x14, 0xD7, 0xF6, 0x0F, 0x20, 0x01, 0x8C, 0x21, 0x10, 0xDE, 0x8C, 0x41, 0x71, 0x8D, 0xC1,
    0x3F, 0x80, 0x04, 0x70, 0x81, 0x20, 0x33, 0x06, 0xC5, 0x15, 0x06, 0xFF, 0x00, 0x12, 0xC0, 0x88,
    0x81, 0x61, 0x84, 0x20, 0x58, 0xF8, 0x87, 0xB4, 0x07, 0xC1, 0x8C, 0x41, 0x71, 0x39, 0xFF, 0x00,
    0x12, 0x00, 0x06, 0x9F, 0xF8, 0xCF, 0x18, 0x14, 0x57, 0x1C, 0xFC, 0x03, 0x48, 0x00, 0x18, 0x18,
    0xE0, 0x3F, 0x63, 0x50, 0x58, 0xDC, 0x3F, 0x80, 0x04, 0x80, 0x01, 0x18, 0x88, 0xFF, 0x8C, 0x41,
    0x71, 0x81, 0xC2, 0x3F, 0x80, 0x04, 0x30, 0x62, 0x60, 0x18, 0x21, 0x08, 0x16, 0xFE, 0x01, 0x81,
    0x42, 0x30, 0x63, 0x50, 0xF4, 0x85, 0x12, 0x12, 0x22, 0x01, 0x8C, 0x21, 0x40, 0x65, 0x30, 0x63,
    0x50, 0xDC, 0xC2, 0x51, 0x0F, 0x00, 0x70, 0x01, 0x1E, 0xE0, 0x8C, 0x41, 0x81, 0x0B, 0x47, 0x3D,
    0x00, 0x00, 0x06, 0x79, 0x20, 0x03, 0x13, 0x06, 0x00, 0x06, 0x79, 0x00, 0x03, 0x13, 0x06, 0xC0,
    0x88, 0x01, 0x82, 0x84, 0x20, 0x18, 0x64, 0xA3, 0x10, 0x07, 0x5A, 0xA0, 0x07, 0x33, 0x06, 0x05,
    0x1C, 0x30, 0xFD, 0x30, 0x12, 0xC0, 0x68, 0x42, 0x00, 0x4C, 0x18, 0x00, 0x63, 0x08, 0x81, 0x1D,
    0xCC, 0x18, 0x14, 0x96, 0xF3, 0x0F, 0x24, 0x01, 0x8C, 0x18, 0x18, 0x46, 0x08, 0x82, 0x85, 0x7F,
    0x48, 0xA7, 0x10, 0x4C, 0x18, 0x00, 0x87, 0x84, 0x82, 0xCE, 0x18, 0x14, 0xD7, 0xF6, 0x0F, 0x24,
    0x01, 0x8C, 0x21, 0x10, 0x6E, 0x30, 0x63, 0x50, 0x5C, 0x63, 0xF0, 0x0F, 0x24, 0x01, 0x5C, 0x20,
    0xC8, 0x8C, 0x41, 0x71, 0x85, 0xC1, 0x3F, 0x90, 0x04, 0x30, 0x62, 0x60, 0x18, 0x21, 0x08, 0x16,
    0xFE, 0x21, 0xAD, 0x42, 0x30, 0x63, 0x50, 0x5C, 0xCE, 0x3F, 0x90, 0x04, 0x80, 0xC1, 0x1B, 0x88,
    0xFF, 0x8C, 0x41, 0x71, 0xC5, 0xC1, 0x3F, 0x90, 0x04, 0x80, 0x81, 0x01, 0xFE, 0x33, 0x06, 0x85,
    0xC5, 0xFD, 0x03, 0x49, 0x00, 0x18, 0xC0, 0x81, 0xF8, 0xCF, 0x18, 0x14, 0x17, 0x28, 0xFC, 0x03,
    0x49, 0x00, 0x23, 0x06, 0x86, 0x11, 0x82, 0x60, 0xE1, 0x1F, 0x10, 0x2C, 0x04, 0x33, 0x06, 0x45,
    0x5F, 0x28, 0x21, 0x51, 0x12, 0xC0, 0x18, 0x02, 0x18, 0xD0, 0xC1, 0x8C, 0x41, 0xB1, 0x0B, 0x47,
    0x3D, 0x00, 0xC0, 0x05, 0xA8, 0x80, 0x33, 0x06, 0x05, 0x2F, 0x1C, 0xF5, 0x00, 0x00, 0x18, 0xA4,
    0x82, 0x0C, 0x4C, 0x18, 0x00, 0x18, 0xB4, 0x02, 0x0C, 0x4C, 0x18, 0x00, 0x23, 0x06, 0x08, 0x12,
    0x82, 0x60, 0x90, 0xCD, 0x42, 0x28, 0xA8, 0x41, 0xA0, 0x0A, 0x33, 0x06, 0x05, 0x1C, 0x30, 0xFD,
    0x60, 0x12, 0xC0, 0x68, 0x42, 0x00, 0x4C, 0x18, 0x00, 0x63, 0x08, 0x81, 0x29, 0xCC, 0x18, 0x14,
    0x96, 0xF3, 0x0F, 0x27, 0x01, 0x8C, 0x18, 0x18, 0x46, 0x08, 0x82, 0x85, 0x7F, 0x48, 0xB7, 0x10,
    0x4C, 0x18, 0x00, 0x87, 0xC4, 0x82, 0xCE, 0x18, 0x14, 0xD7, 0xF6, 0x0F, 0x27, 0x01, 0x8C, 0x21,
    0x10, 0x7E, 0x30, 0x63, 0x50, 0x5C, 0x63, 0xF0, 0x0F, 0x27, 0x01, 0x5C, 0x20, 0xC8, 0x8C, 0x41,
    0x71, 0x85, 0xC1, 0x3F, 0x9C, 0x04, 0x30, 0x62, 0x60, 0x18, 0x21, 0x08, 0x16, 0xFE, 0x21, 0xED,
    0x42, 0x30, 0x63, 0x50, 0x5C, 0xCE, 0x3F, 0x9C, 0x04, 0x80, 0xC1, 0x1F, 0x88, 0xFF, 0x8C, 0x41,
    0x71, 0xC5, 0xC1, 0x3F, 0x9C, 0x04, 0x80, 0x81, 0x01, 0xFE, 0x33, 0x06, 0x85, 0xC5, 0xFD, 0xC3,
    0x49, 0x00, 0x18, 0x80, 0x82, 0xF8, 0xCF, 0x18, 0x14, 0x17, 0x28, 0xFC, 0xC3, 0x49, 0x00, 0x23,
    0x06, 0x86, 0x11, 0x82, 0x60, 0xE1, 0x1F, 0x10, 0x38, 0x04, 0x33, 0x06, 0x45, 0x5F, 0x28, 0x21,
    0x81, 0x12, 0xC0, 0x1C, 0x83, 0x1F, 0x84, 0x01, 0x2C, 0xCC, 0x18, 0x14, 0xE3, 0xA0, 0xD5, 0x03,
    0x00, 0xCC, 0x31, 0x04, 0x92, 0x29, 0x4C, 0x18, 0x00, 0x73, 0x0C, 0xC1, 0x60, 0x0A, 0x13, 0x06,
    0xC0, 0x88, 0x41, 0x92, 0x84, 0x20, 0x18, 0x38, 0xE5, 0xE0, 0x0A, 0x7E, 0x10, 0xD0, 0x42, 0x2F,
    0xCC, 0x18, 0x14, 0x6E, 0x57, 0xA4, 0x84, 0x4A, 0x00, 0xB3, 0x04, 0xC2, 0x8C, 0x41, 0x71, 0x0E,
    0x41, 0x3D, 0x00, 0x80, 0x4E, 0x18, 0x00, 0x01, 0x31, 0x00, 0x00, 0x00, 0x06, 0x00, 0x00, 0x00,
    0x5B, 0x04, 0x80, 0x1E, 0xB6, 0x1C, 0x42, 0xE0, 0x12, 0xC7, 0x4B, 0x20, 0x30, 0xB1, 0xA5, 0xF8,
    0x83, 0x03, 0x26, 0x90, 0x97, 0x00, 0x00, 0x00, 0x00, 0x00, 0x00, 0x00, 0x71, 0x20, 0x00, 0x00,
    0x03, 0x00, 0x00, 0x00, 0x32, 0x0E, 0x10, 0x22, 0x84, 0x00, 0xC3, 0x08, 0x00, 0x00, 0x00, 0x00,
    0x00, 0x00, 0x00, 0x00, 0x65, 0x0C, 0x00, 0x00, 0x4F, 0x00, 0x00, 0x00, 0x12, 0x03, 0x94, 0x70,
    0x02, 0x00, 0x00, 0x00, 0x03, 0x00, 0x00, 0x00, 0xC6, 0x00, 0x00, 0x00, 0x0C, 0x00, 0x00, 0x00,
    0x4C, 0x00, 0x00, 0x00, 0x01, 0x00, 0x00, 0x00, 0x58, 0x00, 0x00, 0x00, 0x00, 0x00, 0x00, 0x00,
    0x58, 0x00, 0x00, 0x00, 0x09, 0x00, 0x00, 0x00, 0x30, 0x01, 0x00, 0x00, 0x00, 0x00, 0x00, 0x00,
    0xD2, 0x00, 0x00, 0x00, 0x1C, 0x00, 0x00, 0x00, 0x00, 0x00, 0x00, 0x00, 0x0A, 0x00, 0x00, 0x00,
    0x0A, 0x00, 0x00, 0x00, 0x00, 0x00, 0x00, 0x00, 0x30, 0x01, 0x00, 0x00, 0x00, 0x00, 0x00, 0x00,
    0x00, 0x00, 0x00, 0x00, 0x09, 0x00, 0x00, 0x00, 0x00, 0x00, 0x00, 0x00, 0x00, 0x00, 0x00, 0x00,
    0x0A, 0x00, 0x00, 0x00, 0x00, 0x00, 0x00, 0x00, 0x0A, 0x00, 0x00, 0x00, 0xFF, 0xFF, 0xFF, 0xFF,
    0x00, 0x24, 0x00, 0x00, 0x0A, 0x00, 0x00, 0x00, 0x1A, 0x00, 0x00, 0x00, 0x0A, 0x00, 0x00, 0x00,
    0x1A, 0x00, 0x00, 0x00, 0xFF, 0xFF, 0xFF, 0xFF, 0x08, 0x24, 0x00, 0x00, 0x24, 0x00, 0x00, 0x00,
    0x15, 0x00, 0x00, 0x00, 0x24, 0x00, 0x00, 0x00, 0x15, 0x00, 0x00, 0x00, 0xFF, 0xFF, 0xFF, 0xFF,
    0x08, 0x24, 0x00, 0x00, 0x39, 0x00, 0x00, 0x00, 0x17, 0x00, 0x00, 0x00, 0x39, 0x00, 0x00, 0x00,
    0x17, 0x00, 0x00, 0x00, 0xFF, 0xFF, 0xFF, 0xFF, 0x08, 0x24, 0x00, 0x00, 0x50, 0x00, 0x00, 0x00,
    0x22, 0x00, 0x00, 0x00, 0x50, 0x00, 0x00, 0x00, 0x22, 0x00, 0x00, 0x00, 0xFF, 0xFF, 0xFF, 0xFF,
    0x08, 0x24, 0x00, 0x00, 0x72, 0x00, 0x00, 0x00, 0x1B, 0x00, 0x00, 0x00, 0x72, 0x00, 0x00, 0x00,
    0x1B, 0x00, 0x00, 0x00, 0xFF, 0xFF, 0xFF, 0xFF, 0x08, 0x24, 0x00, 0x00, 0x8D, 0x00, 0x00, 0x00,
    0x19, 0x00, 0x00, 0x00, 0x8D, 0x00, 0x00, 0x00, 0x19, 0x00, 0x00, 0x00, 0xFF, 0xFF, 0xFF, 0xFF,
    0x08, 0x24, 0x00, 0x00, 0xA6, 0x00, 0x00, 0x00, 0x14, 0x00, 0x00, 0x00, 0xA6, 0x00, 0x00, 0x00,
    0x14, 0x00, 0x00, 0x00, 0xFF, 0xFF, 0xFF, 0xFF, 0x08, 0x24, 0x00, 0x00, 0xBA, 0x00, 0x00, 0x00,
    0x0C, 0x00, 0x00, 0x00, 0xBA, 0x00, 0x00, 0x00, 0x0C, 0x00, 0x00, 0x00, 0xFF, 0xFF, 0xFF, 0xFF,
    0x08, 0x24, 0x00, 0x00, 0x00, 0x00, 0x00, 0x00, 0x5D, 0x0C, 0x00, 0x00, 0x3F, 0x00, 0x00, 0x00,
    0x12, 0x03, 0x94, 0xEE, 0x01, 0x00, 0x00, 0x00, 0x78, 0x65, 0x73, 0x6C, 0x5F, 0x65, 0x6E, 0x74,
    0x72, 0x79, 0x61, 0x69, 0x72, 0x2E, 0x77, 0x72, 0x69, 0x74, 0x65, 0x5F, 0x74, 0x65, 0x78, 0x74,
    0x75, 0x72, 0x65, 0x5F, 0x32, 0x64, 0x2E, 0x76, 0x34, 0x66, 0x33, 0x32, 0x61, 0x69, 0x72, 0x2E,
    0x66, 0x61, 0x73, 0x74, 0x5F, 0x73, 0x61, 0x74, 0x75, 0x72, 0x61, 0x74, 0x65, 0x2E, 0x66, 0x33,
    0x32, 0x61, 0x69, 0x72, 0x2E, 0x63, 0x6F, 0x6E, 0x76, 0x65, 0x72, 0x74, 0x2E, 0x66, 0x2E, 0x66,
    0x33, 0x32, 0x2E, 0x75, 0x2E, 0x69, 0x33, 0x32, 0x61, 0x69, 0x72, 0x2E, 0x72, 0x65, 0x61, 0x64,
    0x5F, 0x74, 0x65, 0x78, 0x74, 0x75, 0x72, 0x65, 0x5F, 0x62, 0x75, 0x66, 0x66, 0x65, 0x72, 0x5F,
    0x31, 0x64, 0x2E, 0x75, 0x2E, 0x76, 0x34, 0x69, 0x33, 0x32, 0x61, 0x69, 0x72, 0x2E, 0x63, 0x6F,
    0x6E, 0x76, 0x65, 0x72, 0x74, 0x2E, 0x75, 0x2E, 0x76, 0x33, 0x69, 0x33, 0x32, 0x2E, 0x66, 0x2E,
    0x76, 0x33, 0x66, 0x33, 0x32, 0x61, 0x69, 0x72, 0x2E, 0x72, 0x65, 0x61, 0x64, 0x5F, 0x74, 0x65,
    0x78, 0x74, 0x75, 0x72, 0x65, 0x5F, 0x32, 0x64, 0x2E, 0x76, 0x34, 0x66, 0x33, 0x32, 0x61, 0x69,
    0x72, 0x2E, 0x67, 0x65, 0x74, 0x5F, 0x72, 0x65, 0x61, 0x64, 0x5F, 0x73, 0x61, 0x6D, 0x70, 0x6C,
    0x65, 0x72, 0x61, 0x69, 0x72, 0x2E, 0x61, 0x6E, 0x79, 0x2E, 0x76, 0x32, 0x69, 0x31, 0x33, 0x32,
    0x30, 0x32, 0x33, 0x2E, 0x38, 0x35, 0x30, 0x2E, 0x31, 0x30, 0x61, 0x69, 0x72, 0x36, 0x34, 0x5F,
    0x76, 0x32, 0x38, 0x2D, 0x61, 0x70, 0x70, 0x6C, 0x65, 0x2D, 0x6D, 0x61, 0x63, 0x6F, 0x73, 0x78,
    0x32, 0x36, 0x2E, 0x30, 0x2E, 0x30, 0x00, 0x00, 0x00, 0x00, 0x00, 0x00, 0x00, 0x00, 0x00, 0x00,
    0x00, 0x00, 0x00, 0x00, 0x01, 0x00, 0x00, 0x00, 0x2F, 0x70, 0x72, 0x69, 0x76, 0x61, 0x74, 0x65,
    0x2F, 0x76, 0x61, 0x72, 0x2F, 0x72, 0x75, 0x6E, 0x2F, 0x63, 0x6F, 0x6D, 0x2E, 0x61, 0x70, 0x70,
    0x6C, 0x65, 0x2E, 0x73, 0x65, 0x63, 0x75, 0x72, 0x69, 0x74, 0x79, 0x2E, 0x63, 0x72, 0x79, 0x70,
    0x74, 0x65, 0x78, 0x64, 0x2F, 0x6D, 0x6E, 0x74, 0x2F, 0x63, 0x6F, 0x6D, 0x2E, 0x61, 0x70, 0x70,
    0x6C, 0x65, 0x2E, 0x4D, 0x6F, 0x62, 0x69, 0x6C, 0x65, 0x41, 0x73, 0x73, 0x65, 0x74, 0x2E, 0x4D,
    0x65, 0x74, 0x61, 0x6C, 0x54, 0x6F, 0x6F, 0x6C, 0x63, 0x68, 0x61, 0x69, 0x6E, 0x2D, 0x76, 0x31,
    0x37, 0x2E, 0x33, 0x2E, 0x34, 0x38, 0x2E, 0x30, 0x2E, 0x35, 0x33, 0x73, 0x38, 0x75, 0x67, 0x2F,
    0x4D, 0x65, 0x74, 0x61, 0x6C, 0x2E, 0x78, 0x63, 0x74, 0x6F, 0x6F, 0x6C, 0x63, 0x68, 0x61, 0x69,
    0x6E, 0x2F, 0x75, 0x73, 0x72, 0x2F, 0x6D, 0x65, 0x74, 0x61, 0x6C, 0x2F, 0x33, 0x32, 0x30, 0x32,
    0x33, 0x2F, 0x62, 0x69, 0x6E, 0x2F, 0x6D, 0x65, 0x74, 0x61, 0x6C, 0x6C, 0x69, 0x62, 0x20, 0x73,
    0x72, 0x63, 0x2F, 0x78, 0x65, 0x6E, 0x69, 0x61, 0x2F, 0x67, 0x70, 0x75, 0x2F, 0x73, 0x68, 0x61,
    0x64, 0x65, 0x72, 0x73, 0x2F, 0x62, 0x79, 0x74, 0x65, 0x63, 0x6F, 0x64, 0x65, 0x2F, 0x6D, 0x65,
    0x74, 0x61, 0x6C, 0x2F, 0x61, 0x70, 0x70, 0x6C, 0x79, 0x5F, 0x67, 0x61, 0x6D, 0x6D, 0x61, 0x5F,
    0x70, 0x77, 0x6C, 0x5F, 0x63, 0x73, 0x2E, 0x61, 0x69, 0x72, 0x20, 0x2D, 0x6F, 0x20, 0x73, 0x72,
    0x63, 0x2F, 0x78, 0x65, 0x6E, 0x69, 0x61, 0x2F, 0x67, 0x70, 0x75, 0x2F, 0x73, 0x68, 0x61, 0x64,
    0x65, 0x72, 0x73, 0x2F, 0x62, 0x79, 0x74, 0x65, 0x63, 0x6F, 0x64, 0x65, 0x2F, 0x6D, 0x65, 0x74,
    0x61, 0x6C, 0x2F, 0x61, 0x70, 0x70, 0x6C, 0x79, 0x5F, 0x67, 0x61, 0x6D, 0x6D, 0x61, 0x5F, 0x70,
    0x77, 0x6C, 0x5F, 0x63, 0x73, 0x2E, 0x6D, 0x65, 0x74, 0x61, 0x6C, 0x6C, 0x69, 0x62, 0x00, 0x2F,
    0x55, 0x73, 0x65, 0x72, 0x73, 0x2F, 0x77, 0x6D, 0x61, 0x72, 0x74, 0x69, 0x2F, 0x44, 0x6F, 0x63,
    0x75, 0x6D, 0x65, 0x6E, 0x74, 0x73, 0x2F, 0x78, 0x65, 0x6E, 0x69, 0x61, 0x2D, 0x6D, 0x61, 0x63,
    0x2F, 0x73, 0x63, 0x72, 0x61, 0x74, 0x63, 0x68, 0x2F, 0x77, 0x6F, 0x72, 0x6B, 0x74, 0x72, 0x65,
    0x65, 0x73, 0x2F, 0x78, 0x65, 0x6E, 0x69, 0x61, 0x2D, 0x63, 0x61, 0x6E, 0x61, 0x72, 0x79, 0x2D,
    0x72, 0x65, 0x62, 0x61, 0x73, 0x65, 0x00, 0x1F, 0x50, 0x00, 0x00, 0x53, 0x41, 0x52, 0x43, 0x13,
    0x50, 0x00, 0x00, 0x61, 0x70, 0x70, 0x6C, 0x79, 0x5F, 0x67, 0x61, 0x6D, 0x6D, 0x61, 0x5F, 0x70,
    0x77, 0x6C, 0x5F, 0x63, 0x73, 0x00, 0x42, 0x5A, 0x68, 0x39, 0x31, 0x41, 0x59, 0x26, 0x53, 0x59,
    0x50, 0x17, 0xA2, 0xCB, 0x00, 0x50, 0xDC, 0x7F, 0xFE, 0xFF, 0xF9, 0xEB, 0x7F, 0xFF, 0xFF, 0xFF,
    0xFF, 0xBF, 0xFF, 0xDF, 0xEF, 0xFF, 0xFF, 0xFF, 0xFE, 0x00, 0x04, 0x00, 0x02, 0x04, 0x00, 0x02,
    0x00, 0x20, 0x00, 0x04, 0x00, 0x00, 0x28, 0x60, 0x39, 0xBE, 0xF7, 0xBB, 0x5E, 0x83, 0xEC, 0xD5,
    0x3E, 0x7A, 0x9E, 0xF5, 0xEC, 0x17, 0x77, 0xB9, 0xE9, 0x4A, 0xA4, 0xBE, 0x98, 0x41, 0x2F, 0x5F,
    0x7D, 0xDA, 0xF4, 0xEF, 0xA7, 0x8E, 0xF9, 0xF7, 0xBB, 0x3E, 0xF7, 0xDC, 0xF7, 0xBD, 0xD7, 0x3D,
    0xF7, 0x8B, 0x99, 0xEA, 0x5B, 0xC6, 0x7A, 0x1A, 0xFB, 0x7B, 0x82, 0xBB, 0x72, 0xF5, 0x7B, 0xB7,
    0xBC, 0xEE, 0x79, 0x9D, 0xAE, 0xEF, 0x3D, 0xDA, 0x70, 0x79, 0x15, 0x46, 0xDB, 0x2F, 0x70, 0xED,
    0xBA, 0x65, 0xD3, 0xA5, 0x76, 0x1D, 0x76, 0xE7, 0xC7, 0x53, 0xD2, 0x9E, 0xF6, 0xF7, 0x61, 0xDD,
    0xB9, 0xC6, 0x7B, 0xAD, 0x7D, 0x71, 0xCD, 0xA4, 0xDB, 0xD6, 0xB7, 0x30, 0x5B, 0x9A, 0xF7, 0x8E,
    0xE3, 0x6C, 0xEF, 0x7A, 0xE6, 0xE4, 0x01, 0xE9, 0x91, 0xA4, 0xEC, 0xD9, 0x25, 0x4F, 0x73, 0x43,
    0xAF, 0x79, 0xBD, 0xEE, 0xED, 0xF0, 0xFB, 0x8E, 0xFA, 0xFB, 0x8B, 0x1F, 0x7D, 0x78, 0xBB, 0x0A,
    0xFA, 0xC9, 0xF4, 0xC8, 0x76, 0xC7, 0x66, 0xED, 0xC7, 0x3A, 0x0F, 0xA0, 0xF7, 0xD6, 0xF4, 0x24,
    0x48, 0x40, 0x01, 0x01, 0x06, 0x80, 0x89, 0xE8, 0x98, 0x21, 0x32, 0x9E, 0xA7, 0xA9, 0xB5, 0x3D,
    0x33, 0x44, 0x83, 0x4D, 0xA4, 0x34, 0xD0, 0x34, 0xF4, 0x8D, 0x1E, 0xA7, 0xA8, 0xC4, 0xD0, 0x34,
    0x3D, 0x43, 0x46, 0x81, 0xA6, 0x80, 0x82, 0x10, 0x8C, 0xA7, 0xA4, 0xC9, 0x1E, 0x88, 0x64, 0xD1,
    0x3D, 0x4C, 0x8D, 0x34, 0x34, 0x1A, 0x00, 0x00, 0x00, 0x00, 0x00, 0x01, 0xA6, 0x8D, 0x00, 0x00,
    0x90, 0x51, 0x24, 0x21, 0x0F, 0x44, 0x68, 0x0D, 0x1A, 0x69, 0xA3, 0x26, 0x8D, 0x1B, 0x50, 0x34,
    0x34, 0x69, 0xA3, 0x41, 0xE5, 0x1A, 0x00, 0x00, 0x34, 0x1A, 0x00, 0xD3, 0x43, 0x4C, 0x80, 0x04,
    0x29, 0x11, 0x08, 0x9A, 0x09, 0xA6, 0xA7, 0x91, 0x32, 0x98, 0x9E, 0xA3, 0xF5, 0x26, 0xD2, 0x34,
    0x68, 0xC9, 0x88, 0xDA, 0x98, 0x83, 0x20, 0xC9, 0xA3, 0x46, 0x80, 0x00, 0x68, 0x00, 0x01, 0xA0,
    0x68, 0x22, 0x48, 0xA6, 0x21, 0xA9, 0xE9, 0x1A, 0x4C, 0x99, 0x4F, 0x53, 0x4D, 0x4F, 0xD1, 0x4F,
    0x49, 0xA1, 0xFA, 0x44, 0xD3, 0xC9, 0x91, 0x8A, 0x06, 0x8D, 0x1A, 0x00, 0xD3, 0x40, 0x68, 0xD0,
    0xD0, 0x00, 0xF5, 0x00, 0x00, 0xD0, 0x44, 0x90, 0x81, 0x1A, 0x99, 0x02, 0x69, 0x94, 0xC3, 0x45,
    0x4F, 0xF4, 0xA9, 0x99, 0xAA, 0x1E, 0x53, 0x43, 0x23, 0x21, 0xA1, 0xEA, 0x68, 0x19, 0xA8, 0x00,
    0xD1, 0xA0, 0x03, 0x40, 0x00, 0x0D, 0x19, 0x1E, 0xF7, 0xE7, 0x95, 0xEF, 0xFA, 0x23, 0xA7, 0x95,
    0xA1, 0xF2, 0xBD, 0x2E, 0xA7, 0x54, 0x8C, 0x66, 0x02, 0xA1, 0xF1, 0xF0, 0xF0, 0x1E, 0xA5, 0xBB,
    0xB9, 0x29, 0xE5, 0x18, 0x03, 0xD0, 0xD4, 0x26, 0x2C, 0x32, 0x8A, 0x42, 0x1D, 0x31, 0x80, 0x64,
    0x02, 0x84, 0x16, 0x42, 0x03, 0x68, 0x09, 0x22, 0x49, 0x89, 0xA4, 0x74, 0x35, 0xBA, 0x1A, 0xB8,
    0xDC, 0xFE, 0x4E, 0xD9, 0xAB, 0xC7, 0x8F, 0xD7, 0x90, 0x9D, 0x5C, 0x9A, 0xDF, 0x66, 0x47, 0x3D,
    0xDF, 0x9E, 0x7F, 0xCD, 0x6C, 0x16, 0xB8, 0xBA, 0xFC, 0x71, 0xAB, 0x0F, 0xBD, 0xFD, 0xC8, 0xF9,
    0xEE, 0xAF, 0xEB, 0x40, 0x91, 0xF4, 0x82, 0x5F, 0x1F, 0xC7, 0x07, 0xC8, 0xD1, 0x09, 0x88, 0x42,
    0xFA, 0x8E, 0x02, 0xEB, 0xEB, 0xE2, 0xBB, 0x93, 0xFE, 0x6E, 0x00, 0x82, 0x90, 0x26, 0x5A, 0x55,
    0xF1, 0xFB, 0xBF, 0x55, 0xF2, 0x78, 0xFE, 0xDE, 0x8B, 0xEF, 0x29, 0xB5, 0xCF, 0x5C, 0xBF, 0x35,
    0x86, 0xC9, 0x47, 0x79, 0xF7, 0x0B, 0x2B, 0x73, 0x5D, 0x71, 0xBD, 0x75, 0x50, 0xF6, 0x59, 0xE5,
    0xDF, 0x7B, 0xA3, 0x7B, 0xAC, 0x77, 0x56, 0xD9, 0xCE, 0xFE, 0x04, 0x5C, 0x83, 0xFD, 0x55, 0x71,
    0x7B, 0x74, 0x11, 0x17, 0x06, 0x73, 0x65, 0x39, 0x1A, 0xEE, 0x22, 0x28, 0x3A, 0x2B, 0x82, 0x8E,
    0x9B, 0x25, 0x4C, 0xAF, 0x94, 0x99, 0x2D, 0xC5, 0x56, 0x9E, 0x43, 0x69, 0xB4, 0xBF, 0x4E, 0x5B,
    0xDD, 0xBB, 0x08, 0x88, 0xD9, 0x26, 0xE7, 0xA9, 0x0E, 0x64, 0x41, 0x5C, 0xA9, 0x37, 0x8D, 0x66,
    0x2C, 0xFB, 0xFB, 0x5E, 0xF8, 0x30, 0xCF, 0x3A, 0x94, 0x10, 0x66, 0x4F, 0x15, 0x6D, 0x45, 0xCC,
    0x6C, 0x96, 0xA6, 0xBA, 0x2E, 0x12, 0xDE, 0x9E, 0xBF, 0x8E, 0x0A, 0xAA, 0xB2, 0xF7, 0xBA, 0xE7,
    0x02, 0x62, 0xD9, 0x6B, 0x35, 0x72, 0x53, 0x04, 0x34, 0xD6, 0x11, 0x63, 0x35, 0x35, 0x35, 0x2F,
    0xAC, 0x15, 0x78, 0x59, 0x89, 0xE1, 0xAE, 0x66, 0x79, 0x0E, 0x95, 0xBB, 0x22, 0xC9, 0x05, 0xB9,
    0xB4, 0x48, 0x44, 0xA5, 0xE3, 0xED, 0x0B, 0x2E, 0xFC, 0xDE, 0x3D, 0x9A, 0x4D, 0x73, 0x3B, 0xB1,
    0x7E, 0x12, 0x6E, 0x52, 0x94, 0xA3, 0x7D, 0x92, 0xEA, 0x7E, 0x0C, 0xFA, 0xEE, 0xD7, 0xFC, 0x3F,
    0xD7, 0x96, 0xBD, 0x58, 0xAC, 0x8B, 0x99, 0x2C, 0x8A, 0x90, 0x36, 0xA5, 0x03, 0x53, 0x51, 0x21,
    0xE7, 0xDB, 0x3E, 0xE0, 0xD2, 0xD3, 0x20, 0x73, 0x89, 0xD1, 0x06, 0xFB, 0xBD, 0xF5, 0x96, 0x78,
    0x17, 0x38, 0x0B, 0x96, 0x88, 0x28, 0xFC, 0x49, 0xE3, 0x42, 0x85, 0x00, 0x29, 0xE8, 0xFA, 0x75,
    0x39, 0xF3, 0x3B, 0x7E, 0xC3, 0xE3, 0x63, 0xAF, 0x74, 0xB9, 0x3B, 0x54, 0xCC, 0x41, 0x53, 0x09,
    0xE9, 0xF5, 0xF7, 0xA9, 0xC4, 0x05, 0x55, 0x90, 0xB4, 0xEB, 0x9D, 0x63, 0xCD, 0xED, 0xB7, 0x1D,
    0xF8, 0xC3, 0x03, 0x81, 0x8F, 0x00, 0xF1, 0x4F, 0x89, 0x85, 0x25, 0xEF, 0x2C, 0xDD, 0xE9, 0x25,
    0x42, 0xA9, 0x2A, 0x2A, 0x33, 0x7E, 0x61, 0xDC, 0xD6, 0xF7, 0xBB, 0x3D, 0xAF, 0x6C, 0xC2, 0xBC,
    0xE3, 0x29, 0x04, 0x31, 0xB5, 0xB9, 0xF4, 0x37, 0xA6, 0x56, 0xB8, 0xB1, 0xD9, 0xB3, 0x60, 0x13,
    0x1C, 0x1E, 0x6C, 0x45, 0x0B, 0x67, 0xA2, 0x88, 0x2A, 0xAA, 0x41, 0xF3, 0xB1, 0x62, 0xAA, 0x57,
    0x46, 0x59, 0xC1, 0x00, 0x12, 0x30, 0x08, 0x32, 0x85, 0x84, 0xBF, 0x96, 0x06, 0x4B, 0x75, 0x08,
    0xED, 0x0E, 0xFA, 0x61, 0x8D, 0xBA, 0x70, 0xB2, 0xAA, 0xAF, 0x89, 0x2D, 0x9A, 0xD7, 0xA7, 0xB4,
    0x3B, 0xE2, 0x05, 0xA4, 0xF0, 0xD6, 0xD2, 0x64, 0x90, 0x09, 0x92, 0x15, 0x0A, 0x69, 0xBA, 0xDD,
    0xB8, 0xA6, 0xF6, 0x1A, 0x38, 0x74, 0x6B, 0x34, 0xD7, 0x21, 0x4F, 0xF2, 0x37, 0xB3, 0x59, 0x62,
    0xA8, 0xF4, 0xBD, 0x83, 0xF8, 0x57, 0x6D, 0x2A, 0xBC, 0xFD, 0x5C, 0x73, 0xCB, 0x46, 0x6F, 0x39,
    0x11, 0xCD, 0x9A, 0xBA, 0xAA, 0xD7, 0x8F, 0xEF, 0xC4, 0x27, 0x51, 0x1B, 0x87, 0x21, 0xE5, 0x8F,
    0x1E, 0xC3, 0xBC, 0x36, 0xF3, 0x77, 0xDF, 0x7E, 0x23, 0xE6, 0xE3, 0x4C, 0x47, 0xBC, 0x82, 0x9E,
    0xAB, 0x00, 0x8A, 0x76, 0x46, 0x09, 0x40, 0x08, 0x21, 0x98, 0x19, 0x07, 0x1B, 0x4A, 0x29, 0xAE,
    0xB4, 0xB2, 0x82, 0x14, 0xC1, 0x0C, 0x9A, 0x5A, 0x19, 0xA8, 0x61, 0x54, 0x63, 0x89, 0xDF, 0x81,
    0x83, 0x47, 0xCA, 0x64, 0xD9, 0xB9, 0xC2, 0x18, 0x03, 0xCA, 0xFC, 0x9C, 0x0D, 0x37, 0xB6, 0xE8,
    0xD2, 0x42, 0xCA, 0x14, 0x47, 0x28, 0xC2, 0xCC, 0xBD, 0x86, 0x83, 0x43, 0x31, 0x43, 0x6A, 0x84,
    0x18, 0x1B, 0x69, 0xC0, 0x8A, 0x53, 0x81, 0x14, 0x49, 0x44, 0xF2, 0x22, 0x38, 0x8B, 0x20, 0x40,
    0x62, 0x10, 0x13, 0x30, 0xC8, 0xD0, 0x29, 0x10, 0x22, 0x1D, 0x8D, 0xEF, 0x78, 0x88, 0x52, 0xBD,
    0xE6, 0x0B, 0x62, 0x02, 0xA9, 0x68, 0xA8, 0x87, 0x74, 0x1B, 0xC0, 0x30, 0x81, 0xEB, 0x31, 0xDD,
    0x78, 0x76, 0x69, 0x73, 0xCF, 0xF4, 0x31, 0xF6, 0x39, 0xFD, 0x27, 0x0A, 0xBB, 0xAA, 0x3D, 0xDC,
    0x8E, 0xFB, 0xE7, 0xDB, 0xE1, 0xF4, 0x76, 0x4F, 0x34, 0xFC, 0xB4, 0xF1, 0x59, 0x40, 0xF6, 0x8F,
    0xA0, 0x80, 0xE6, 0x31, 0xED, 0x4F, 0xCF, 0x6C, 0x2E, 0x48, 0x39, 0x15, 0x40, 0xF8, 0x5E, 0xD9,
    0xFF, 0xC7, 0x99, 0x91, 0xC0, 0xF3, 0xF0, 0xE5, 0xEC, 0xC6, 0x74, 0x70, 0xCA, 0x48, 0x66, 0x64,
    0xC1, 0x91, 0x98, 0xD3, 0x54, 0x94, 0x74, 0x46, 0x4E, 0xED, 0xAC, 0xF4, 0x9E, 0x4F, 0xD3, 0xE0,
    0xDB, 0xC7, 0xB0, 0xF2, 0x1B, 0xEE, 0x4C, 0xA3, 0x76, 0x6D, 0xE0, 0x9E, 0xDE, 0x9B, 0x61, 0xDD,
    0x07, 0x69, 0x76, 0x75, 0xBF, 0xB5, 0xBD, 0x53, 0x61, 0x7E, 0x7E, 0x6C, 0x23, 0x71, 0x56, 0xF3,
    0x3D, 0x49, 0x58, 0xED, 0x48, 0x42, 0x93, 0xFB, 0x22, 0x9C, 0x8D, 0xC9, 0x7B, 0xF7, 0x61, 0xAC,
    0x3F, 0x94, 0x5E, 0xE1, 0xFA, 0xFE, 0xDF, 0x6D, 0xA7, 0x4E, 0x71, 0x2F, 0x3C, 0xBC, 0x3C, 0xE7,
    0x47, 0x67, 0x4C, 0xDF, 0x0F, 0x17, 0x6D, 0x3C, 0x38, 0x5D, 0x89, 0xEC, 0x1E, 0xC8, 0x41, 0x01,
    0x85, 0x15, 0x28, 0xA8, 0xAF, 0x3D, 0xCB, 0x7A, 0x3B, 0xE2, 0x93, 0xCA, 0x56, 0x60, 0xB4, 0x3C,
    0xA9, 0xDF, 0x8A, 0xAA, 0x7F, 0x87, 0xC3, 0x7E, 0x94, 0xEE, 0xDE, 0x5E, 0xF1, 0xD9, 0xB2, 0x5A,
    0x2B, 0x25, 0xA3, 0x02, 0xC1, 0x0E, 0x7E, 0x60, 0xF1, 0x47, 0x77, 0x9B, 0x86, 0xDB, 0x2E, 0xC8,
    0x70, 0x78, 0xD8, 0x52, 0xAA, 0xA4, 0xBD, 0xEF, 0x27, 0x20, 0xDB, 0x9A, 0x9A, 0x84, 0xAA, 0x67,
    0xD0, 0x42, 0xB8, 0x91, 0x0E, 0x4C, 0x8E, 0x85, 0x5F, 0x9B, 0x9A, 0x85, 0xA7, 0x0A, 0x78, 0x2B,
    0x82, 0x81, 0x6C, 0xE1, 0x8E, 0x9D, 0x8F, 0x9E, 0x56, 0x73, 0x38, 0x9A, 0xC4, 0x7E, 0x29, 0x07,
    0x63, 0x93, 0xA9, 0x6C, 0x17, 0xF4, 0xB2, 0xA9, 0x09, 0x70, 0x14, 0x0B, 0x4E, 0xC5, 0xC3, 0x80,
    0x63, 0x44, 0x64, 0xEF, 0x70, 0x45, 0xCA, 0x14, 0xC8, 0x00, 0xE5, 0x96, 0xC5, 0x5C, 0xFE, 0x56,
    0x3C, 0x2C, 0xBD, 0xCD, 0xC7, 0x76, 0x8F, 0x16, 0xF5, 0xF2, 0x66, 0xC4, 0x61, 0x69, 0x4A, 0x47,
    0xAE, 0x8D, 0x16, 0x29, 0xBD, 0x16, 0xD9, 0xF5, 0xBE, 0x1A, 0x6E, 0xE8, 0x57, 0x74, 0xAE, 0xB8,
    0x3D, 0x56, 0xB7, 0xC1, 0xBB, 0x96, 0x45, 0x60, 0xB1, 0xDE, 0x23, 0x44, 0x1C, 0x21, 0x50, 0x57,
    0x03, 0xB3, 0x6B, 0x5C, 0xAA, 0x70, 0x49, 0x94, 0x21, 0x63, 0x1C, 0x6D, 0x7D, 0xDD, 0xF6, 0x08,
    0x73, 0x40, 0x76, 0xF6, 0x3A, 0x29, 0x90, 0x77, 0x17, 0xC2, 0xBA, 0x6C, 0x3B, 0xC6, 0xC0, 0x8E,
    0x56, 0x91, 0x3D, 0xD8, 0x16, 0x6E, 0x2B, 0xA5, 0xE1, 0x62, 0x16, 0xE6, 0xEF, 0x9E, 0x0D, 0x93,
    0xD6, 0x6D, 0x36, 0x97, 0x13, 0x6D, 0x5B, 0x06, 0xD8, 0x5B, 0xC7, 0x0F, 0x05, 0x7F, 0x4B, 0xF9,
    0x1F, 0xDE, 0xB0, 0xC9, 0x9B, 0x9C, 0x69, 0x0C, 0x55, 0x61, 0xDF, 0x78, 0x42, 0xCE, 0x3A, 0x62,
    0xA6, 0x69, 0x56, 0xCA, 0xB6, 0x9E, 0x2A, 0xB7, 0xAC, 0xFA, 0x6F, 0xF1, 0xBC, 0x7D, 0x35, 0xC2,
    0x96, 0x1C, 0xCE, 0x25, 0x04, 0x67, 0xAE, 0x9C, 0xC7, 0x36, 0x85, 0xD5, 0xBB, 0x67, 0x0C, 0xB0,
    0x11, 0x29, 0xD4, 0x0B, 0xF9, 0xDD, 0x96, 0xE3, 0x3B, 0xDA, 0x46, 0x87, 0x04, 0x24, 0xEC, 0xCA,
    0xC1, 0xC8, 0x65, 0xC4, 0x38, 0x10, 0xAA, 0x18, 0xDC, 0xDE, 0xB9, 0xE8, 0xCF, 0x80, 0x4C, 0x1C,
    0x6E, 0xD9, 0x01, 0xA2, 0xFD, 0xCD, 0x58, 0x5B, 0xD6, 0x0B, 0xD3, 0x3B, 0x63, 0x87, 0x73, 0x96,
    0x98, 0x34, 0xA7, 0x6D, 0xD8, 0x62, 0xDD, 0x09, 0x18, 0x32, 0xA4, 0x27, 0xA7, 0x73, 0x58, 0x61,
    0x85, 0x65, 0xEC, 0xB2, 0xCE, 0x99, 0x9B, 0x67, 0x23, 0x2A, 0x66, 0x0F, 0x00, 0x20, 0xA2, 0xCC,
    0xCE, 0x90, 0xE7, 0x91, 0x1A, 0x06, 0x89, 0xF6, 0xB0, 0x57, 0x85, 0xBA, 0xDA, 0xF8, 0x1D, 0x40,
    0xDA, 0x51, 0x80, 0x8A, 0x5F, 0xD8, 0xC9, 0x52, 0xBB, 0x77, 0x17, 0x50, 0x1A, 0xE0, 0x16, 0xE1,
    0x8E, 0x68, 0x9B, 0xB0, 0x81, 0x82, 0xC0, 0x40, 0xCD, 0x2B, 0xE6, 0x0E, 0x3C, 0xE2, 0xA1, 0x28,
    0x22, 0xC2, 0xF2, 0xD7, 0x5C, 0x7A, 0x95, 0x6D, 0xD7, 0xC6, 0x03, 0xC6, 0x75, 0xE1, 0xF0, 0x20,
    0x15, 0x8E, 0x9A, 0x96, 0xB3, 0x53, 0xFE, 0x6A, 0xBE, 0x99, 0xD9, 0x0C, 0xD6, 0x45, 0x8A, 0x3F,
    0xB7, 0x0A, 0x4A, 0x80, 0x74, 0xF1, 0xB7, 0x4A, 0xF8, 0xF6, 0xA2, 0xAE, 0x5E, 0x2B, 0x39, 0x5A,
    0x3A, 0x37, 0xF0, 0x1B, 0x8F, 0x6C, 0x34, 0x7B, 0x61, 0xD2, 0xB1, 0x01, 0x65, 0xEA, 0x82, 0x86,
    0x7E, 0xB9, 0x45, 0xE1, 0x2D, 0x40, 0x25, 0x23, 0x49, 0x13, 0x14, 0xC3, 0xAD, 0xD3, 0x69, 0x1C,
    0x69, 0x3F, 0x1F, 0x41, 0x4D, 0x3A, 0xAA, 0x93, 0xC7, 0xC0, 0xD2, 0xF8, 0xA2, 0x33, 0x40, 0x96,
    0x53, 0xC7, 0x17, 0x65, 0x55, 0x38, 0xE6, 0xE7, 0x25, 0xAD, 0xB6, 0x95, 0xDC, 0x01, 0x71, 0x64,
    0xEA, 0x42, 0x88, 0x10, 0x31, 0x19, 0x74, 0x7E, 0x3E, 0xCC, 0xF2, 0xBE, 0x23, 0x5D, 0xC7, 0x3C,
    0x04, 0xDB, 0x24, 0xDD, 0x53, 0x83, 0xB3, 0xD3, 0x16, 0xE6, 0xEC, 0x53, 0x62, 0xB0, 0x15, 0xAB,
    0xD5, 0x4E, 0xDF, 0x34, 0x21, 0x78, 0x3C, 0x57, 0x50, 0x13, 0x9C, 0x6D, 0x19, 0x9C, 0xAE, 0x8C,
    0x01, 0x17, 0x12, 0xB0, 0x23, 0x58, 0x8A, 0xF6, 0x98, 0x05, 0xBC, 0xB9, 0x72, 0xAA, 0x6F, 0x0A,
    0x89, 0x4B, 0xA7, 0x69, 0xEE, 0xF6, 0xCF, 0x35, 0x61, 0x94, 0x66, 0xE7, 0x9C, 0xA2, 0x76, 0x45,
    0x3A, 0x2A, 0x19, 0x87, 0x55, 0x76, 0x1A, 0x69, 0xA4, 0xF0, 0x2C, 0xAE, 0xF4, 0x29, 0x4A, 0xF1,
    0xC4, 0xB5, 0x0B, 0xBA, 0xB0, 0xE8, 0x55, 0xD9, 0xD5, 0xA5, 0xAA, 0xE9, 0xD6, 0x91, 0x64, 0x86,
    0xE0, 0x71, 0x47, 0xEA, 0x8E, 0x82, 0x31, 0xBB, 0x9E, 0x16, 0xE4, 0xE7, 0xB2, 0x86, 0x86, 0xF4,
    0x94, 0xD9, 0x40, 0x81, 0x72, 0x7B, 0xBA, 0x1A, 0xC8, 0x79, 0xCA, 0x8B, 0x06, 0xB9, 0x75, 0x5C,
    0x69, 0x4B, 0xC8, 0x38, 0x76, 0x53, 0x53, 0x36, 0xA3, 0x20, 0x5C, 0xAC, 0x5C, 0x33, 0x63, 0x85,
    0x0D, 0xD2, 0x40, 0x3E, 0x53, 0x12, 0x54, 0x92, 0x4A, 0x78, 0xB6, 0x57, 0x2B, 0x35, 0xA2, 0x8E,
    0x80, 0x36, 0x92, 0x59, 0xDB, 0x72, 0x85, 0xF1, 0xAA, 0xDA, 0xEA, 0x90, 0xF5, 0xA3, 0x80, 0xBD,
    0x0B, 0xC5, 0x0A, 0x36, 0x8C, 0xAD, 0x25, 0x79, 0xAB, 0x43, 0xDE, 0xDD, 0x31, 0x96, 0xAA, 0x5B,
    0x45, 0xA2, 0x26, 0x7B, 0x39, 0x94, 0xD5, 0x83, 0xC1, 0x01, 0x6D, 0x6A, 0x3C, 0xFC, 0x78, 0x2E,
    0xFB, 0x4E, 0x4E, 0xAE, 0xF8, 0x81, 0xEB, 0xD7, 0x2B, 0xF7, 0x61, 0x54, 0xD6, 0x9E, 0xAA, 0x89,
    0x1E, 0x86, 0x8D, 0x3B, 0x86, 0x41, 0x62, 0x4F, 0xBA, 0x42, 0x11, 0xCD, 0xDB, 0x08, 0x09, 0x30,
    0x0D, 0xD4, 0xE2, 0xF1, 0x8B, 0x94, 0x53, 0x66, 0x14, 0xD7, 0x9E, 0x2C, 0x94, 0xF2, 0xEB, 0x8F,
    0x25, 0x77, 0x58, 0x58, 0x9D, 0x2C, 0xD4, 0x0E, 0x9A, 0x70, 0xAA, 0xAD, 0xC1, 0x0A, 0x7B, 0x99,
    0xB1, 0x56, 0x31, 0x0F, 0x2E, 0xED, 0xEB, 0x3A, 0x83, 0xDD, 0x7B, 0x45, 0xA6, 0x99, 0xCE, 0x4F,
    0xC5, 0xB2, 0xA0, 0x45, 0x28, 0x52, 0xD0, 0xE8, 0x54, 0x41, 0xB4, 0xC2, 0x9C, 0x6D, 0x7A, 0x6C,
    0x98, 0x75, 0x05, 0x81, 0x08, 0x93, 0xA9, 0xDC, 0xF9, 0xF0, 0x8D, 0xBB, 0xA5, 0x6B, 0xCD, 0x8F,
    0x8A, 0x89, 0xDE, 0xB3, 0x5D, 0xF8, 0xD5, 0x13, 0x76, 0x3A, 0xD8, 0x3E, 0x48, 0xAE, 0xC8, 0x6F,
    0xDB, 0xD4, 0xDC, 0xDC, 0x9D, 0x94, 0xDB, 0xB0, 0x71, 0x11, 0xC2, 0x46, 0xA4, 0x23, 0xF4, 0x06,
    0x86, 0x7A, 0x38, 0xDB, 0xB2, 0x53, 0x00, 0xC0, 0x70, 0x34, 0x6A, 0x37, 0x28, 0x83, 0x32, 0x14,
    0x48, 0x00, 0xF7, 0x7D, 0x42, 0x0D, 0x26, 0xD6, 0xA2, 0xC3, 0x5C, 0x90, 0x6C, 0x38, 0xBB, 0xE8,
    0xEA, 0xB0, 0xB1, 0xD7, 0x29, 0x14, 0x4D, 0xB9, 0x5F, 0x95, 0x95, 0xBA, 0x1E, 0x26, 0xDC, 0xAC,
    0xF2, 0x91, 0x60, 0xD7, 0x70, 0x0E, 0x43, 0x85, 0x61, 0x26, 0x60, 0x51, 0x25, 0xF7, 0x8C, 0x19,
    0x9B, 0xBF, 0x02, 0xE9, 0x6C, 0x19, 0x18, 0xEA, 0x95, 0xD0, 0x2B, 0xA8, 0x41, 0x38, 0x1B, 0x9D,
    0xB4, 0x1A, 0x56, 0xEB, 0xAB, 0xC2, 0x33, 0xDB, 0x74, 0x48, 0xC5, 0xCD, 0xF5, 0x1B, 0xBB, 0xE3,
    0xC8, 0x35, 0x83, 0xAA, 0xC1, 0xEB, 0x2B, 0xC0, 0xF7, 0x66, 0x78, 0xC4, 0x1A, 0xBD, 0x92, 0xAB,
    0x2C, 0x83, 0x54, 0x44, 0xEB, 0x32, 0x79, 0xBC, 0x25, 0x71, 0x5A, 0xDB, 0xAD, 0xC5, 0xB3, 0xB2,
    0xD3, 0x81, 0xD2, 0x01, 0x00, 0x4C, 0xA1, 0xD7, 0xE2, 0xEF, 0xB3, 0x4C, 0x56, 0x48, 0xAB, 0xBF,
    0x3C, 0xAB, 0xBE, 0x2F, 0x2D, 0x66, 0x34, 0xDB, 0x49, 0xDB, 0x8E, 0x3C, 0x2B, 0xDB, 0x7A, 0xAD,
    0x12, 0xDD, 0x65, 0x96, 0x0D, 0xEE, 0xAB, 0x3A, 0x6B, 0xBC, 0x33, 0xF0, 0x5C, 0x7B, 0x3D, 0x8F,
    0xAC, 0x67, 0x1B, 0x15, 0x67, 0x7B, 0xC2, 0x9E, 0x50, 0x20, 0x07, 0x39, 0xB9, 0x02, 0x72, 0xCE,
    0x07, 0x28, 0x78, 0x73, 0x75, 0xE6, 0xCF, 0x8E, 0x9A, 0xDD, 0x81, 0xD9, 0x8A, 0x1B, 0x48, 0x5D,
    0xAE, 0x4C, 0x1E, 0x70, 0x90, 0x9B, 0x5F, 0x2B, 0xAF, 0x32, 0x80, 0xD9, 0x51, 0x4A, 0x56, 0xEB,
    0x87, 0x80, 0x20, 0x64, 0x32, 0xEF, 0x2A, 0x45, 0x2A, 0xB1, 0x0A, 0x54, 0xA2, 0xAA, 0xAA, 0xAD,
    0x32, 0xCC, 0x65, 0x91, 0x93, 0x4D, 0x3C, 0x99, 0x8F, 0xB9, 0x98, 0xD3, 0xCC, 0xD2, 0xE4, 0x3C,
    0x7A, 0x4F, 0x03, 0xB8, 0x8E, 0x38, 0xC2, 0x15, 0x2A, 0x16, 0xBF, 0x44, 0x2C, 0x3A, 0xA1, 0x46,
    0x06, 0x17, 0xBB, 0x23, 0x72, 0x30, 0x74, 0x74, 0x74, 0x69, 0xA6, 0x9B, 0x0D, 0x9B, 0x36, 0x69,
    0xA6, 0x9C, 0x60, 0x76, 0x5D, 0x8A, 0x29, 0x39, 0xDA, 0xAC, 0x57, 0x41, 0xAD, 0xD2, 0xD7, 0xB1,
    0xA9, 0xA9, 0xA9, 0xE8, 0xE3, 0x83, 0x83, 0x83, 0x83, 0xB1, 0xA8, 0xD4, 0x6B, 0xBB, 0x92, 0x8A,
    0x28, 0xA2, 0x8A, 0x0A, 0x28, 0xA0, 0x90, 0x90, 0x0E, 0x6F, 0x56, 0x8D, 0x89, 0x83, 0x81, 0xAE,
    0xB6, 0xC3, 0xFE, 0x51, 0x90, 0x71, 0x18, 0x6C, 0xBC, 0x6C, 0x58, 0xAA, 0x28, 0x88, 0xB0, 0xB0,
    0xB0, 0xB0, 0x88, 0x8F, 0x8E, 0x88, 0x2C, 0x6E, 0xF8, 0x13, 0x75, 0x8D, 0x47, 0x0F, 0x3C, 0x3D,
    0x87, 0x9A, 0x8B, 0x4C, 0xA0, 0xD1, 0xAB, 0x5B, 0xF6, 0xD8, 0xA8, 0xD4, 0x0E, 0x77, 0xE7, 0xCF,
    0x9E, 0x13, 0x78, 0x26, 0x71, 0xD8, 0x3D, 0x34, 0x86, 0xD1, 0x24, 0x49, 0x12, 0x44, 0x91, 0x3B,
    0x60, 0xD4, 0x24, 0x0B, 0x9D, 0x34, 0x52, 0xBE, 0xF3, 0x70, 0x2F, 0xDF, 0x57, 0xC1, 0x4E, 0x96,
    0x16, 0xF6, 0x42, 0xE5, 0x85, 0xA4, 0x2B, 0x43, 0x43, 0x43, 0x43, 0x3D, 0x40, 0xE7, 0x09, 0x1C,
    0x4C, 0x21, 0x84, 0x30, 0xBD, 0xCD, 0x54, 0xB8, 0xA1, 0x4D, 0x0C, 0x92, 0x49, 0x21, 0x4A, 0x52,
    0x96, 0xDB, 0x6D, 0x92, 0x52, 0xDB, 0x23, 0x72, 0x96, 0xD7, 0x00, 0x8B, 0x4B, 0x65, 0xA2, 0x8A,
    0x3C, 0xC6, 0xE8, 0x66, 0x09, 0xBB, 0x17, 0x6E, 0xBA, 0x24, 0x6E, 0x2D, 0xF7, 0x80, 0xA7, 0x8E,
    0xF5, 0x26, 0x24, 0x61, 0xD5, 0x55, 0x11, 0xB3, 0x17, 0x24, 0x14, 0xAD, 0x7D, 0x1D, 0xF2, 0xE2,
    0x2F, 0xB2, 0x44, 0x31, 0xF9, 0xAA, 0x1F, 0x4B, 0x49, 0x42, 0x94, 0xA8, 0x34, 0x28, 0xD2, 0x35,
    0x12, 0x87, 0x7D, 0x40, 0x05, 0x05, 0x05, 0x05, 0x25, 0x0B, 0x90, 0x09, 0x22, 0x50, 0x25, 0x00,
    0x92, 0xC0, 0x30, 0x90, 0x25, 0x00, 0x92, 0xC8, 0x5F, 0xCA, 0x09, 0x01, 0xDC, 0x1C, 0x9F, 0x6D,
    0xD0, 0x1F, 0x1C, 0xB1, 0x72, 0x07, 0x68, 0xD7, 0xB1, 0xED, 0xF3, 0x64, 0x61, 0x98, 0x7C, 0x1D,
    0x0F, 0xAD, 0xAC, 0x42, 0x8F, 0x5B, 0x55, 0x10, 0x20, 0x39, 0x9A, 0x5F, 0xBB, 0x71, 0xCD, 0xD0,
    0x3B, 0x95, 0x0E, 0x2A, 0x99, 0xE1, 0xA1, 0xDD, 0xD5, 0x55, 0xC7, 0xB0, 0x50, 0x7D, 0xE4, 0xCA,
    0x89, 0x51, 0x86, 0x6A, 0xAF, 0x42, 0x53, 0xB8, 0x51, 0x8C, 0x44, 0xE0, 0xA7, 0x38, 0x90, 0x44,
    0x89, 0x0A, 0xAA, 0xCC, 0xCC, 0xCC, 0xCC, 0xC1, 0x99, 0x94, 0x09, 0x66, 0x7D, 0x29, 0x24, 0x9C,
    0x53, 0x59, 0x98, 0x29, 0x12, 0x62, 0x9B, 0xB6, 0xFF, 0x25, 0x0F, 0x7C, 0x81, 0xE1, 0x86, 0x1E,
    0x59, 0x4A, 0x52, 0xB8, 0xAC, 0x5D, 0x3A, 0x12, 0xF4, 0x33, 0x14, 0xAA, 0x66, 0x08, 0x66, 0x81,
    0xA3, 0xA0, 0xE4, 0x19, 0xE7, 0x9E, 0xBF, 0x24, 0x97, 0xBD, 0xEF, 0x7B, 0xDE, 0xFF, 0x45, 0xC4,
    0x2F, 0x7B, 0xEC, 0xCC, 0xD2, 0x84, 0xC0, 0x11, 0x4C, 0x44, 0xDC, 0x36, 0xF3, 0xEB, 0xBD, 0xAB,
    0x4C, 0x05, 0x40, 0xC8, 0x35, 0xE8, 0x00, 0xE9, 0xBB, 0xEE, 0x7E, 0x46, 0x27, 0xE2, 0xA9, 0x4C,
    0x68, 0xF5, 0x81, 0x40, 0xBE, 0x0B, 0x95, 0xA9, 0xAB, 0x92, 0x39, 0x98, 0xDE, 0x56, 0xC1, 0xC3,
    0xDC, 0x94, 0x0E, 0x36, 0x6C, 0xDB, 0xF6, 0xEF, 0xBD, 0x63, 0xF6, 0xAD, 0xFB, 0x74, 0xE9, 0x6A,
    0xA1, 0x74, 0x04, 0x07, 0x03, 0x31, 0x88, 0xFA, 0x4E, 0x63, 0x9C, 0x60, 0xC6, 0x4F, 0xA3, 0x8A,
    0x8E, 0x7D, 0xB0, 0x17, 0xEE, 0x20, 0x4D, 0xD4, 0x08, 0xFB, 0x98, 0x43, 0x7E, 0x6C, 0x8D, 0xEF,
    0xA9, 0x4A, 0x37, 0x69, 0x4A, 0x37, 0xC7, 0xDA, 0x66, 0x86, 0x4C, 0xE4, 0x82, 0x24, 0x72, 0x5E,
    0x50, 0x21, 0x88, 0x21, 0xCB, 0xB8, 0x76, 0x20, 0xA3, 0xBE, 0x94, 0x08, 0xE6, 0x28, 0x28, 0xEA,
    0x12, 0xF3, 0x66, 0x93, 0xAB, 0x57, 0x36, 0xAD, 0x5C, 0xDA, 0xB5, 0x17, 0xA7, 0x9A, 0xDE, 0x65,
    0x55, 0x55, 0x55, 0x55, 0x76, 0xD1, 0xBD, 0xEF, 0x73, 0x27, 0x39, 0xCE, 0x64, 0xE7, 0x32, 0x73,
    0x97, 0x20, 0xB0, 0x2C, 0x0B, 0x43, 0x4F, 0x4B, 0x7A, 0x82, 0xF3, 0xA3, 0x21, 0x8A, 0xA6, 0x25,
    0x5B, 0x1F, 0x6C, 0x0F, 0xE4, 0x81, 0xCE, 0x0D, 0x46, 0xBE, 0x54, 0xD3, 0x6D, 0x8B, 0x8F, 0x40,
    0x4E, 0x41, 0x54, 0xA3, 0xB1, 0x84, 0x3A, 0x7D, 0x9B, 0xC2, 0x09, 0x24, 0x9E, 0x8F, 0x0C, 0x1A,
    0x66, 0x19, 0x31, 0xC9, 0x1F, 0x5C, 0x9B, 0x10, 0x97, 0x3D, 0x81, 0x87, 0x40, 0x72, 0x34, 0xAF,
    0xD0, 0x0C, 0x41, 0x6E, 0xCE, 0xCE, 0x98, 0xCE, 0xA0, 0xA6, 0x18, 0xB5, 0x16, 0xB0, 0xD2, 0xC1,
    0x92, 0x23, 0x1A, 0xF1, 0x0E, 0x60, 0xD7, 0x1B, 0x59, 0xD5, 0xCD, 0x40, 0x20, 0xD5, 0x42, 0x80,
    0x15, 0x60, 0x12, 0x20, 0x17, 0x48, 0x48, 0x7F, 0x29, 0x90, 0x69, 0x58, 0x66, 0x2E, 0x50, 0x38,
    0x22, 0xC9, 0x4C, 0x2A, 0x9A, 0x49, 0x23, 0xBB, 0x70, 0xE0, 0x4B, 0xC0, 0xBD, 0x5D, 0x73, 0x1E,
    0x42, 0xEA, 0x9C, 0x0A, 0x44, 0xC9, 0x33, 0x18, 0xE4, 0xE8, 0x61, 0xE1, 0x16, 0xC9, 0xCD, 0x8C,
    0x2A, 0xAF, 0x4A, 0x73, 0x5D, 0x9F, 0xA2, 0x44, 0x34, 0xB6, 0x4A, 0x50, 0xC2, 0x60, 0x77, 0x03,
    0x1D, 0x1B, 0x4E, 0x44, 0x01, 0x7F, 0x0A, 0x35, 0x23, 0x62, 0x8A, 0x18, 0x41, 0x84, 0x5B, 0xDA,
    0xD0, 0x32, 0xD4, 0xEC, 0xD8, 0x35, 0xD1, 0x28, 0xC9, 0xF3, 0x73, 0x9A, 0x63, 0x0E, 0x67, 0xD4,
    0xC5, 0xD4, 0x38, 0x3A, 0x52, 0x7D, 0x5E, 0xFA, 0x0D, 0xFC, 0xF4, 0x7D, 0xBA, 0x2D, 0x61, 0x83,
    0x03, 0x28, 0x66, 0x42, 0xD0, 0x28, 0x09, 0xAA, 0x62, 0x89, 0xAA, 0x62, 0x89, 0xAA, 0x62, 0x8A,
    0x22, 0x3C, 0x3C, 0x25, 0xAC, 0x0F, 0x13, 0x10, 0xD0, 0x37, 0xC0, 0x38, 0x7C, 0xC2, 0x79, 0xBD,
    0x1E, 0xEB, 0xEF, 0x3B, 0xDB, 0x3D, 0xE9, 0xD5, 0x00, 0x34, 0xCC, 0x95, 0x7F, 0x0B, 0x08, 0x2A,
    0x10, 0x35, 0xD3, 0xDD, 0xCA, 0x68, 0x27, 0xDC, 0x9A, 0x47, 0x0F, 0x21, 0x02, 0x69, 0xAF, 0x47,
    0x3F, 0x2A, 0x1D, 0xA6, 0x59, 0x87, 0xB0, 0xB7, 0xDA, 0x91, 0x3E, 0xDB, 0x39, 0x4A, 0xB2, 0xE8,
    0xEA, 0x4D, 0x72, 0x5D, 0x40, 0xD5, 0x05, 0x57, 0x22, 0x97, 0xCF, 0xF2, 0x7E, 0x5A, 0x1A, 0x5C,
    0x41, 0xC5, 0x96, 0x57, 0x97, 0xEE, 0x7A, 0x32, 0xA2, 0x2C, 0x54, 0x55, 0x2D, 0xC9, 0x96, 0x26,
    0x50, 0x53, 0x88, 0x32, 0xAE, 0x53, 0xF6, 0x19, 0x0F, 0x3F, 0x62, 0x95, 0x3C, 0x8E, 0x06, 0x79,
    0x58, 0x5E, 0xB0, 0xBD, 0xCA, 0x9E, 0xE5, 0xF5, 0x72, 0x53, 0x47, 0x6F, 0x83, 0x26, 0xEA, 0x30,
    0x73, 0x0A, 0xA5, 0x0C, 0x39, 0x5E, 0x24, 0xC9, 0xA6, 0xE5, 0x05, 0x03, 0x81, 0x83, 0xD4, 0x5A,
    0xDC, 0xF0, 0x0E, 0xF2, 0x12, 0xE6, 0xF6, 0x82, 0x58, 0x53, 0xE5, 0x80, 0x19, 0x30, 0x03, 0x1D,
    0x7E, 0x37, 0xF9, 0x6E, 0xF6, 0xE5, 0x78, 0xA2, 0x6B, 0x24, 0x92, 0x40, 0x24, 0x00, 0xE7, 0xB3,
    0x4A, 0x98, 0x43, 0xE0, 0x28, 0xCC, 0xE7, 0x11, 0xF0, 0xC6, 0xC1, 0xB4, 0x13, 0x56, 0x52, 0xC7,
    0x05, 0xC4, 0x93, 0x54, 0xB8, 0x89, 0x2A, 0x55, 0x20, 0xAF, 0xD7, 0xDD, 0x33, 0x89, 0xBE, 0x96,
    0xB6, 0xDD, 0xA1, 0x0B, 0x2D, 0xB1, 0xE6, 0x60, 0x89, 0x21, 0x4B, 0xB1, 0x21, 0x1E, 0x96, 0x7E,
    0x76, 0x7D, 0xD6, 0x08, 0xCE, 0xBE, 0x37, 0x74, 0xFA, 0xFA, 0xD1, 0x9D, 0xFC, 0xF7, 0x7C, 0x9D,
    0xE0, 0x2A, 0x0E, 0xDE, 0x59, 0xED, 0xDC, 0x34, 0xDB, 0xCC, 0x7B, 0x7C, 0x6B, 0xE6, 0x69, 0x52,
    0xDD, 0x48, 0x0E, 0x19, 0x5E, 0xDE, 0x08, 0x51, 0x13, 0xE5, 0xD9, 0x87, 0x15, 0xD2, 0x33, 0x7D,
    0x9A, 0x46, 0xED, 0x42, 0xCC, 0x2F, 0xAD, 0x5A, 0x38, 0x39, 0x5D, 0xBB, 0xDE, 0x9F, 0x38, 0x32,
    0xEB, 0xB0, 0xB7, 0xD7, 0xA6, 0x3A, 0x23, 0xA7, 0x3C, 0xAB, 0x33, 0x5C, 0x8A, 0xDD, 0xCC, 0x34,
    0xEF, 0xA8, 0xCE, 0xBA, 0x23, 0x04, 0x28, 0x52, 0xAC, 0x0C, 0x0E, 0x97, 0xDE, 0xC1, 0x02, 0xE1,
    0xB5, 0x6D, 0xE4, 0x3C, 0x53, 0x2B, 0x28, 0xB1, 0x18, 0x30, 0x49, 0x31, 0x46, 0x31, 0x08, 0xC0,
    0xA4, 0x4A, 0x2A, 0x45, 0x71, 0x4D, 0x1C, 0xCD, 0x42, 0xCD, 0xE6, 0xF1, 0x55, 0xF5, 0xBD, 0xBF,
    0xD0, 0x1E, 0x78, 0xF2, 0xBD, 0x20, 0xA1, 0xB2, 0x21, 0x7B, 0x09, 0xB9, 0x41, 0x39, 0x1D, 0xAF,
    0xCD, 0x54, 0x2D, 0x52, 0x31, 0xC2, 0x38, 0x92, 0x34, 0x35, 0xA7, 0x61, 0x35, 0xBE, 0x47, 0x1E,
    0x72, 0x6A, 0xD0, 0xD0, 0x7E, 0xC7, 0xFA, 0x5D, 0xBA, 0xC9, 0xE5, 0xA1, 0xC3, 0x3D, 0xB1, 0x77,
    0x5B, 0x96, 0x6C, 0x85, 0x16, 0x0B, 0xFC, 0xEF, 0x03, 0x0D, 0x8F, 0x91, 0xF3, 0xA1, 0xE5, 0x91,
    0x12, 0x85, 0xA6, 0x21, 0x1A, 0x52, 0x95, 0x1A, 0x46, 0x20, 0x0A, 0x98, 0x62, 0x01, 0x3E, 0xEF,
    0xFD, 0x5E, 0xDF, 0xD5, 0x01, 0x38, 0x44, 0x61, 0x68, 0x21, 0x9A, 0x18, 0x22, 0x22, 0xA8, 0x26,
    0x7E, 0xB6, 0x62, 0x11, 0x49, 0x45, 0x0B, 0x54, 0x49, 0x42, 0xD3, 0x63, 0x63, 0x62, 0x1B, 0x49,
    0x36, 0x26, 0xD2, 0x47, 0xCF, 0xAF, 0x2F, 0x16, 0x92, 0xAB, 0xE4, 0xF6, 0xF6, 0xF4, 0x79, 0x02,
    0x0F, 0x1F, 0x37, 0x53, 0xCD, 0x7E, 0x9C, 0xAA, 0xBD, 0xAC, 0x4E, 0xC8, 0x39, 0x74, 0x71, 0xD8,
    0x29, 0xCA, 0xFE, 0x83, 0xA3, 0x09, 0x79, 0xC3, 0xD0, 0x2D, 0x85, 0x4A, 0xDE, 0x7B, 0x65, 0x72,
    0xDD, 0xE7, 0x08, 0x15, 0xA9, 0x33, 0xAC, 0x3B, 0xC7, 0x9A, 0x81, 0x0D, 0x65, 0xBB, 0x94, 0x9C,
    0x97, 0xEE, 0x3A, 0x8B, 0x90, 0xDB, 0x3C, 0x2D, 0x92, 0x04, 0x6A, 0x61, 0xC8, 0x57, 0x84, 0xB7,
    0x8A, 0xF5, 0x6E, 0x98, 0x5C, 0x87, 0x72, 0xBA, 0xA7, 0x1F, 0x1D, 0xB2, 0xBF, 0xA4, 0x59, 0x02,
    0x0F, 0x65, 0x82, 0x08, 0x03, 0xEF, 0x89, 0x80, 0x50, 0x4F, 0xE8, 0xFE, 0x8F, 0xB9, 0xFA, 0x3F,
    0x66, 0xC1, 0x70, 0xB1, 0x35, 0x78, 0xDE, 0xE9, 0x2F, 0x7E, 0x54, 0x13, 0xE1, 0x9C, 0x24, 0xCD,
    0x4A, 0x83, 0x69, 0x29, 0xFC, 0xD3, 0xEF, 0x4C, 0xA8, 0xAC, 0xAC, 0x95, 0xB3, 0x1C, 0x42, 0x63,
    0x65, 0x6F, 0xC4, 0xD6, 0x9B, 0xF9, 0xD1, 0x23, 0x8F, 0xE2, 0xCA, 0x59, 0xE0, 0xE1, 0x0E, 0xEC,
    0x88, 0xF8, 0x26, 0xC0, 0xF9, 0x88, 0xFC, 0x5B, 0xA3, 0xC6, 0x89, 0xC0, 0x7E, 0x9C, 0x40, 0x80,
    0xDF, 0x57, 0xB3, 0xE2, 0xE2, 0xED, 0x88, 0x6E, 0x32, 0xA2, 0xC2, 0xA2, 0x75, 0x09, 0xBA, 0x72,
    0x01, 0x75, 0x13, 0x52, 0xC7, 0x8C, 0x31, 0x0C, 0xBB, 0xB0, 0xC7, 0x73, 0xDC, 0x3F, 0x0B, 0x33,
    0xCB, 0xCA, 0x79, 0xAF, 0xE1, 0x93, 0xA9, 0x53, 0x8E, 0x5B, 0x55, 0x4D, 0x56, 0xF8, 0xD5, 0x2B,
    0xBD, 0xE9, 0x49, 0x17, 0xEE, 0xC4, 0x3D, 0x93, 0xBC, 0x1B, 0x4D, 0xA7, 0xE0, 0x9A, 0x1C, 0x00,
    0xD3, 0x47, 0x60, 0xF8, 0xBB, 0xF2, 0x48, 0x52, 0xDA, 0x39, 0x68, 0xE5, 0xA4, 0xB6, 0xBB, 0x68,
    0x49, 0x6E, 0xF5, 0x98, 0x7B, 0xCD, 0x3D, 0x90, 0xC4, 0xEC, 0xFA, 0x3D, 0x39, 0x55, 0x79, 0xBE,
    0xEE, 0xB6, 0x4F, 0x48, 0x7D, 0x44, 0x86, 0xA0, 0x07, 0x28, 0x22, 0xC3, 0x60, 0xA2, 0xA3, 0x68,
    0xDC, 0x9D, 0xB6, 0x9C, 0xE7, 0xA9, 0x93, 0x07, 0x78, 0xEF, 0x49, 0xDF, 0xD9, 0xBD, 0xCB, 0xA5,
    0x11, 0xB9, 0x2C, 0x0F, 0x44, 0xF9, 0xE8, 0x94, 0xE2, 0x9A, 0x3C, 0xA2, 0x1B, 0x6F, 0x01, 0x63,
    0xE1, 0xA4, 0xEA, 0x2D, 0xAE, 0x49, 0x4D, 0x84, 0xDA, 0x01, 0x42, 0x1A, 0x4C, 0xB4, 0x22, 0x1A,
    0x24, 0xF1, 0x66, 0x5E, 0x52, 0x45, 0xD5, 0xA9, 0x25, 0x2B, 0xF0, 0x7A, 0xD8, 0x05, 0x44, 0x65,
    0x61, 0xB6, 0x55, 0x45, 0xBE, 0xFC, 0xE7, 0x6D, 0x57, 0x2C, 0xC6, 0x82, 0x4E, 0x56, 0x2D, 0xB4,
    0x9D, 0xC2, 0xA4, 0x49, 0xA4, 0x7C, 0x0E, 0x7E, 0x4D, 0xF4, 0x2A, 0x4C, 0x63, 0xBA, 0xEF, 0x2F,
    0x9F, 0xE2, 0x2A, 0xE1, 0x74, 0xD1, 0xF0, 0x3B, 0x61, 0x89, 0x11, 0xB9, 0xB5, 0xEE, 0xA3, 0x97,
    0x3F, 0xCD, 0xD6, 0xDC, 0xBF, 0x02, 0x75, 0x8E, 0xFA, 0x13, 0x71, 0x13, 0x73, 0xB9, 0xB6, 0x31,
    0xBB, 0xD9, 0x0C, 0x2E, 0xF8, 0x61, 0x24, 0x23, 0x3B, 0xA6, 0xEC, 0x9C, 0xA3, 0xAA, 0x52, 0x75,
    0xB0, 0x0B, 0xEE, 0x1B, 0x6E, 0x5C, 0xB3, 0x3E, 0x41, 0xE0, 0x34, 0x06, 0x8E, 0xD8, 0xF2, 0xCC,
    0x71, 0x54, 0xC3, 0x2A, 0x0F, 0xD5, 0xFC, 0x9B, 0xD9, 0x64, 0xC2, 0x7D, 0x73, 0x63, 0xE6, 0x3E,
    0x22, 0xEA, 0x37, 0xED, 0xFB, 0xB6, 0x23, 0x33, 0xC8, 0x8F, 0x5E, 0xB2, 0x38, 0x37, 0x6A, 0x8A,
    0x39, 0x2A, 0xB6, 0x55, 0xD5, 0x46, 0xDB, 0x6F, 0xEC, 0x58, 0x68, 0x15, 0x93, 0x70, 0x73, 0x15,
    0x38, 0x1A, 0x94, 0x21, 0xDD, 0x92, 0x49, 0x25, 0xD4, 0x8D, 0xC6, 0xB8, 0xA7, 0xAA, 0x1B, 0x7B,
    0x47, 0x4D, 0x6F, 0xBA, 0x89, 0x21, 0x6E, 0x2F, 0x4D, 0x07, 0x70, 0xDD, 0x51, 0xD8, 0xFA, 0xE8,
    0x70, 0x07, 0xEB, 0x1F, 0x61, 0xED, 0x3E, 0xC6, 0x41, 0xED, 0x43, 0xF1, 0xAE, 0x9E, 0x8F, 0x87,
    0x1C, 0x50, 0x37, 0x0E, 0x0D, 0x9E, 0x92, 0x9D, 0x00, 0x1F, 0x50, 0x89, 0xD9, 0x0D, 0x58, 0x44,
    0x4E, 0xAB, 0x32, 0xAA, 0x2A, 0x88, 0xC2, 0xBD, 0xCC, 0xC6, 0xB5, 0x95, 0x55, 0xF4, 0x07, 0x87,
    0x67, 0xD2, 0xFD, 0xDD, 0x1A, 0x78, 0x06, 0x79, 0x5C, 0xB3, 0x2C, 0x8B, 0x09, 0x49, 0x50, 0x92,
    0x30, 0x69, 0xA1, 0xB6, 0x39, 0x3D, 0x2A, 0x6E, 0xFE, 0x6B, 0x83, 0xE1, 0x89, 0xF7, 0xFF, 0x18,
    0x53, 0xBA, 0x29, 0xCB, 0xB8, 0xAD, 0x9E, 0xB4, 0xE9, 0xCD, 0x48, 0x30, 0x5E, 0x92, 0x05, 0x1F,
    0x26, 0x81, 0xAE, 0x06, 0x05, 0x12, 0x41, 0x2F, 0x0A, 0x98, 0xEF, 0x79, 0x0E, 0x57, 0x03, 0xE5,
    0x81, 0x8E, 0x6F, 0xA1, 0xB0, 0x09, 0x63, 0x86, 0xE5, 0x3A, 0x50, 0x77, 0x8F, 0x8B, 0x02, 0x4D,
    0x87, 0xBB, 0xAD, 0xF7, 0x18, 0xE7, 0xDA, 0x7F, 0xAB, 0xA3, 0xD2, 0xFB, 0x8F, 0x3B, 0xA9, 0x10,
    0x23, 0x9B, 0xA1, 0x64, 0x38, 0x11, 0x64, 0x57, 0x63, 0x98, 0x68, 0x72, 0x63, 0x6C, 0x61, 0x08,
    0xE5, 0x58, 0x1D, 0xC0, 0x12, 0x5D, 0xE3, 0x62, 0x0E, 0x10, 0x1D, 0x80, 0x51, 0x06, 0x76, 0xC4,
    0x20, 0xDA, 0xA3, 0x88, 0x1A, 0xAF, 0xA3, 0x0B, 0xEC, 0xAA, 0x3B, 0x7C, 0xC1, 0xD0, 0x0F, 0x82,
    0x02, 0x80, 0x90, 0x09, 0x00, 0xC4, 0x7F, 0x9E, 0x68, 0x7B, 0x56, 0x88, 0x49, 0x39, 0xD8, 0xA6,
    0xC4, 0x6C, 0x87, 0x08, 0x0F, 0x9D, 0xD4, 0xDE, 0x2D, 0xDA, 0xDE, 0xFA, 0xCF, 0x86, 0xF6, 0x9D,
    0x96, 0x52, 0x47, 0x23, 0x4E, 0x46, 0xE3, 0x8C, 0x92, 0x04, 0x63, 0x83, 0x9D, 0x8F, 0x7E, 0xEE,
    0xF7, 0xBB, 0x78, 0x36, 0x76, 0x7D, 0xEF, 0x33, 0xB0, 0x20, 0x75, 0xF0, 0xE3, 0x10, 0xDF, 0x00,
    0xA7, 0x4F, 0x78, 0x9E, 0x00, 0x06, 0x5B, 0xFC, 0x68, 0x7B, 0x39, 0x77, 0x00, 0x3E, 0x51, 0x07,
    0xDB, 0x1F, 0x1E, 0xB5, 0x47, 0x47, 0xE2, 0x0E, 0xA7, 0x0F, 0x9C, 0x0F, 0x60, 0xFE, 0x0C, 0x90,
    0x90, 0xA2, 0x22, 0x62, 0x62, 0x9A, 0x22, 0xAA, 0x20, 0xAA, 0xBA, 0x3D, 0x10, 0xE1, 0xD1, 0x2A,
    0xBB, 0xF1, 0x0E, 0xC9, 0xCA, 0xC2, 0x32, 0x32, 0x32, 0x34, 0xE2, 0x25, 0xC4, 0xEB, 0x00, 0xF6,
    0xBB, 0x7E, 0xBF, 0x98, 0x59, 0xF4, 0x50, 0xDE, 0xFC, 0x10, 0x60, 0x72, 0x01, 0xBD, 0x0D, 0xA2,
    0xE6, 0x93, 0xE1, 0x14, 0x67, 0x5B, 0x8C, 0x5E, 0x57, 0x5A, 0xA3, 0xA3, 0xC1, 0x1B, 0xCD, 0x42,
    0xF5, 0x16, 0xE8, 0xF9, 0x65, 0xCF, 0xDB, 0x2D, 0x9E, 0x54, 0xAE, 0x4C, 0x2F, 0x5E, 0x3F, 0xAD,
    0x7A, 0x8D, 0xA0, 0x0B, 0x70, 0x6C, 0xE7, 0x7C, 0x57, 0x4A, 0x08, 0x41, 0x01, 0xD2, 0x7E, 0xB0,
    0x6D, 0x5C, 0xF6, 0x20, 0x84, 0xB8, 0xAE, 0xCD, 0x72, 0x5A, 0x28, 0x5A, 0xAE, 0x75, 0xB7, 0x88,
    0x50, 0x38, 0x61, 0x70, 0xBD, 0xBC, 0x3A, 0xD0, 0x48, 0x79, 0x80, 0xF2, 0x32, 0x7A, 0xCA, 0x28,
    0xA2, 0xC7, 0xE3, 0xBD, 0x7C, 0x47, 0xB4, 0xDB, 0x79, 0xE6, 0x42, 0xA8, 0xA2, 0xA8, 0x88, 0xA2,
    0xA2, 0x29, 0xA3, 0xDC, 0x8C, 0x91, 0xA0, 0x2A, 0x2B, 0xBD, 0x10, 0x35, 0x8C, 0x03, 0x73, 0xA5,
    0xD1, 0xF5, 0x68, 0x07, 0x46, 0x5E, 0xE1, 0x27, 0x07, 0x90, 0xD7, 0x8A, 0x0D, 0x39, 0x25, 0x93,
    0xBD, 0xEC, 0x45, 0x4B, 0x7A, 0x9E, 0xBE, 0x55, 0xC9, 0x32, 0x9E, 0x3A, 0x17, 0x77, 0xB6, 0x9A,
    0x6D, 0xB6, 0x32, 0x10, 0x78, 0x7B, 0x71, 0x31, 0x08, 0xCF, 0xD3, 0x9A, 0x0B, 0xBE, 0x2A, 0x8E,
    0xCF, 0x79, 0x6F, 0x43, 0x5E, 0xC0, 0xF2, 0x06, 0x17, 0xF4, 0x84, 0x3D, 0xFD, 0x6E, 0xDC, 0xFA,
    0xC0, 0xC3, 0xE4, 0x0A, 0x43, 0x31, 0x8E, 0x53, 0xA3, 0x60, 0x4B, 0xBB, 0x05, 0x89, 0xAF, 0x23,
    0xB4, 0x62, 0xDD, 0xF0, 0x94, 0x22, 0xD3, 0x11, 0xED, 0xF4, 0xA6, 0x3D, 0x47, 0xBF, 0x00, 0xF2,
    0xA1, 0xCB, 0x80, 0x3F, 0x55, 0xFB, 0xB9, 0x35, 0x40, 0x7C, 0x58, 0xF8, 0x07, 0x8C, 0x4C, 0xE0,
    0xAE, 0x28, 0x5A, 0x82, 0xA4, 0x1D, 0x36, 0x93, 0x6B, 0xA5, 0xF8, 0xFE, 0x1D, 0x1B, 0x84, 0x1C,
    0x47, 0xFA, 0x67, 0x93, 0x33, 0x84, 0x3D, 0x4E, 0x1A, 0xC6, 0x93, 0xAA, 0x62, 0x02, 0xC3, 0xD0,
    0x60, 0x31, 0x9F, 0xB6, 0xCC, 0xE9, 0xB0, 0x39, 0xBA, 0xF1, 0x1C, 0x68, 0xDF, 0x3B, 0xDB, 0x66,
    0x3A, 0xBC, 0x4D, 0x9A, 0x83, 0xAD, 0x5C, 0xFF, 0x9D, 0xE5, 0x3F, 0x8B, 0x77, 0xC2, 0x12, 0xFF,
    0x85, 0xB8, 0x80, 0xC9, 0x84, 0xDB, 0x1A, 0xE0, 0xBF, 0x42, 0x85, 0xAC, 0x3F, 0xAA, 0x40, 0x7E,
    0x4E, 0x88, 0x6D, 0x0C, 0x6F, 0x59, 0x8F, 0xDF, 0x7E, 0xC0, 0x7B, 0x13, 0xBD, 0x07, 0xC1, 0x00,
    0xF0, 0x77, 0x7B, 0x68, 0xFB, 0xA3, 0x8B, 0xA9, 0x3B, 0x8F, 0x92, 0xDD, 0xE9, 0xB3, 0x65, 0xCB,
    0x55, 0xAF, 0xAD, 0xA6, 0xF1, 0xAE, 0xDA, 0xDB, 0xE5, 0xAC, 0x25, 0x37, 0x39, 0xD2, 0x4A, 0x2E,
    0x49, 0xAF, 0xB4, 0x83, 0x90, 0xB9, 0x81, 0xCD, 0xF2, 0xD4, 0x5C, 0xA5, 0xE7, 0xE4, 0xE5, 0xA6,
    0xAE, 0x64, 0x87, 0xF9, 0x43, 0x58, 0x85, 0x0E, 0x0D, 0x29, 0xE4, 0x7E, 0x63, 0x8A, 0xDA, 0x2A,
    0x98, 0x9E, 0x9E, 0x22, 0x5D, 0x58, 0x18, 0xC5, 0x94, 0xE4, 0xEF, 0x6E, 0xF8, 0xDD, 0x58, 0xB2,
    0xC9, 0x66, 0x26, 0x4E, 0xC6, 0x3C, 0x9C, 0xDB, 0xCF, 0x6D, 0x38, 0xC0, 0x79, 0x85, 0xEB, 0xFD,
    0x30, 0x07, 0xE7, 0x0E, 0xA1, 0x29, 0x88, 0x69, 0x39, 0x64, 0xC8, 0x28, 0x22, 0x29, 0x4C, 0xAA,
    0x19, 0x80, 0xD0, 0x7C, 0xC9, 0x17, 0xF4, 0x54, 0xED, 0x0C, 0xA4, 0x09, 0xC6, 0x95, 0x79, 0x24,
    0xDB, 0xD4, 0x3B, 0x80, 0x67, 0x04, 0xE4, 0x4F, 0x00, 0x4C, 0xD9, 0x4D, 0x05, 0x09, 0x70, 0x1F,
    0x1A, 0xEE, 0xFE, 0x49, 0xCB, 0x27, 0x32, 0xB6, 0x18, 0x27, 0xA7, 0xB0, 0xE1, 0xA5, 0x78, 0x57,
    0xC5, 0xF0, 0x06, 0xD4, 0xF1, 0x0F, 0x82, 0x54, 0xCD, 0xC3, 0x82, 0x98, 0x9E, 0x18, 0x51, 0x44,
    0x40, 0x1B, 0x41, 0x17, 0xA9, 0x44, 0x55, 0x52, 0xAA, 0x41, 0x80, 0x8D, 0xEE, 0x08, 0x58, 0x6C,
    0xBC, 0x4F, 0x9A, 0x80, 0x5C, 0x59, 0xB5, 0x8B, 0x0C, 0x76, 0xE2, 0x6C, 0xBA, 0x0A, 0x96, 0x04,
    0x82, 0x5D, 0x44, 0x36, 0x1D, 0x44, 0xA1, 0x22, 0x4B, 0xD0, 0xD9, 0x33, 0x00, 0x91, 0xA0, 0x28,
    0x22, 0x44, 0x99, 0x98, 0x21, 0x48, 0xFB, 0x3A, 0x92, 0xA8, 0x88, 0x8E, 0x3A, 0xD5, 0x55, 0x55,
    0x54, 0x54, 0xCA, 0x7D, 0x94, 0xC3, 0xAB, 0xD9, 0x08, 0xEC, 0x44, 0x40, 0x87, 0x00, 0x77, 0x88,
    0x1D, 0x13, 0xB0, 0xC1, 0x0F, 0xBD, 0xC9, 0xC2, 0x6A, 0x2B, 0xAE, 0x65, 0x99, 0x99, 0x38, 0x64,
    0x44, 0xD1, 0x4E, 0x00, 0xEA, 0x1A, 0x01, 0x70, 0x43, 0x35, 0xBA, 0x0F, 0x2B, 0x21, 0xD2, 0x09,
    0x10, 0x0E, 0x84, 0xCF, 0x27, 0xAD, 0xBE, 0xD1, 0x54, 0x53, 0x67, 0x9B, 0x32, 0x70, 0x33, 0x18,
    0xB0, 0xEE, 0x43, 0x1A, 0x63, 0x65, 0x80, 0x19, 0xA5, 0xD5, 0xD8, 0x68, 0x57, 0x01, 0x11, 0x12,
    0xDD, 0x05, 0xDD, 0xE0, 0x90, 0x8C, 0x81, 0xA5, 0x08, 0xD8, 0x82, 0x74, 0x94, 0x1A, 0x01, 0x29,
    0x4D, 0x95, 0xE1, 0x19, 0x98, 0xE1, 0x95, 0x22, 0x68, 0x61, 0x7A, 0x54, 0x45, 0x54, 0x36, 0xC4,
    0x53, 0xC7, 0x00, 0x2E, 0x40, 0x99, 0x14, 0x68, 0x01, 0x5D, 0x75, 0x68, 0x81, 0xC4, 0x7A, 0x06,
    0x06, 0x48, 0x52, 0xD3, 0x88, 0x7E, 0x0D, 0xF2, 0x2D, 0xEB, 0xB5, 0xF5, 0xFA, 0x87, 0xBE, 0x31,
    0x7D, 0xE7, 0xE5, 0x18, 0xD9, 0x2D, 0x10, 0xDD, 0x16, 0xA0, 0x53, 0xD1, 0x2E, 0x05, 0xC0, 0xD2,
    0xD4, 0x07, 0x62, 0x70, 0x4C, 0x80, 0xC9, 0x5C, 0x02, 0x1F, 0x66, 0xDD, 0x5A, 0x73, 0xEB, 0xEA,
    0x9A, 0x70, 0xBE, 0xA1, 0xFA, 0xE6, 0xEB, 0xD8, 0x2A, 0x5C, 0xF5, 0xE0, 0x27, 0x0E, 0xCF, 0x74,
    0xBD, 0x00, 0x7D, 0x84, 0xA2, 0x2A, 0x57, 0x88, 0x70, 0x73, 0x46, 0x79, 0x10, 0xA5, 0x23, 0x76,
    0x99, 0x42, 0x49, 0x7B, 0x9C, 0x40, 0x3B, 0x95, 0xE7, 0xD7, 0x41, 0x5A, 0x2C, 0xB0, 0x40, 0x7B,
    0x14, 0x97, 0x41, 0x80, 0x5C, 0x14, 0x89, 0x0B, 0x8C, 0xB1, 0xF8, 0xE0, 0x53, 0x7D, 0xC4, 0x1C,
    0xCB, 0x72, 0x96, 0xAC, 0xF2, 0x0A, 0x79, 0x7D, 0x9D, 0x15, 0xA8, 0x34, 0x1F, 0x68, 0xC1, 0x36,
    0xEC, 0x0D, 0x6C, 0xA8, 0x8A, 0x2A, 0x88, 0xAA, 0x04, 0x86, 0x9C, 0x45, 0x8B, 0xF0, 0x20, 0xCC,
    0xAD, 0xFC, 0xE3, 0x56, 0x2E, 0x19, 0x39, 0x1E, 0x83, 0x18, 0x9D, 0xC0, 0x29, 0x57, 0xF4, 0x59,
    0x6D, 0xA5, 0x50, 0x3B, 0x0E, 0x38, 0xC8, 0x6C, 0x9D, 0x28, 0x80, 0x1B, 0x02, 0xF3, 0xC2, 0xA1,
    0xDF, 0x15, 0x40, 0x2C, 0x1E, 0x5F, 0x20, 0x40, 0x43, 0xE0, 0x0B, 0x01, 0xE1, 0x97, 0xC4, 0x84,
    0x11, 0x24, 0x11, 0x0E, 0xC3, 0xCF, 0x1E, 0x4E, 0xF4, 0x53, 0x02, 0xC4, 0x42, 0x83, 0x4F, 0x30,
    0x6B, 0x92, 0x09, 0xF3, 0xB2, 0xC0, 0x3D, 0x78, 0xA4, 0x4F, 0x7B, 0x97, 0x7E, 0x80, 0xBE, 0xB8,
    0x88, 0x79, 0xD1, 0x8A, 0x99, 0x44, 0x4A, 0x30, 0x6D, 0x0E, 0xB7, 0xD0, 0x15, 0x6F, 0x9A, 0x49,
    0x2B, 0xDA, 0x46, 0xD0, 0xFA, 0xEF, 0xDB, 0x86, 0x42, 0x5B, 0x51, 0xDB, 0x9C, 0x01, 0x5E, 0x91,
    0x12, 0x91, 0x81, 0xA3, 0xD4, 0xF1, 0x97, 0x1A, 0xC4, 0x19, 0x0A, 0x40, 0xD5, 0x2D, 0x8A, 0xBE,
    0x86, 0x14, 0x02, 0xCD, 0x6A, 0x2B, 0xC7, 0xB7, 0xAA, 0x76, 0x53, 0x68, 0x73, 0xD0, 0x2E, 0x31,
    0x18, 0xD9, 0x6B, 0x51, 0xC6, 0x02, 0x4C, 0x63, 0x07, 0xD6, 0x1C, 0xE3, 0x1B, 0xD8, 0x0C, 0x40,
    0xB3, 0xC3, 0x67, 0xF6, 0x6F, 0xE0, 0x1D, 0x74, 0x9E, 0xE4, 0xD2, 0x51, 0x2A, 0x42, 0x42, 0x42,
    0x82, 0x00, 0xA0, 0x5F, 0x1A, 0x42, 0x09, 0x40, 0x30, 0x12, 0x1E, 0x64, 0x4F, 0x86, 0x1D, 0xA3,
    0x96, 0xF5, 0xBF, 0x49, 0x45, 0x44, 0xA6, 0x32, 0x75, 0xC4, 0xBD, 0xD0, 0xE4, 0x5B, 0xC4, 0x3C,
    0x42, 0x00, 0x99, 0x8F, 0xB6, 0x67, 0xF6, 0x4C, 0x9E, 0xA5, 0x02, 0x55, 0xE9, 0xB4, 0x42, 0x6D,
    0xC3, 0x52, 0x6C, 0xE0, 0x3A, 0x29, 0x5F, 0xA7, 0xD7, 0xD7, 0xDC, 0xBC, 0xD3, 0x21, 0xF2, 0xE2,
    0xD3, 0x7F, 0x48, 0xD8, 0x38, 0xE8, 0xE2, 0x2C, 0x68, 0xE1, 0x46, 0x29, 0x28, 0x11, 0x9F, 0x69,
    0x02, 0x1E, 0x40, 0x4B, 0x79, 0xD3, 0x08, 0xE1, 0x30, 0x21, 0x19, 0xA0, 0x30, 0x7A, 0x46, 0x2E,
    0x17, 0xE3, 0x81, 0x01, 0x63, 0x3D, 0xA6, 0x16, 0x21, 0x00, 0xF0, 0x02, 0xE9, 0xC8, 0xEA, 0xBA,
    0xDE, 0xBC, 0xC4, 0xC0, 0xC4, 0x52, 0x0F, 0xD9, 0xA5, 0x28, 0x08, 0x28, 0x68, 0xD7, 0x14, 0xF0,
    0x40, 0xA3, 0x4D, 0x16, 0xB0, 0x91, 0x35, 0x53, 0x5B, 0x5A, 0xA0, 0x90, 0x24, 0x5B, 0xD3, 0xF7,
    0x1E, 0xF7, 0xA5, 0x3A, 0x2E, 0x07, 0x3C, 0x09, 0x96, 0x42, 0x59, 0x82, 0x59, 0x28, 0x64, 0x4E,
    0x61, 0x00, 0xD8, 0xE4, 0x60, 0x2E, 0x78, 0x92, 0xF0, 0x1A, 0xDF, 0xEE, 0x74, 0x07, 0x82, 0xF6,
    0xA3, 0x9E, 0x63, 0x73, 0x25, 0x03, 0xE2, 0xD4, 0x06, 0xE7, 0x01, 0xC8, 0x2C, 0xD6, 0x01, 0x0B,
    0xE6, 0xFC, 0xF3, 0xA1, 0xC3, 0xAA, 0xF8, 0xF0, 0xCF, 0x5A, 0xC6, 0x83, 0x10, 0x32, 0x1A, 0x57,
    0x4E, 0x62, 0x1F, 0x27, 0xAF, 0x0F, 0x94, 0xE4, 0x8D, 0xDB, 0xB7, 0xB7, 0xE1, 0x99, 0xCF, 0x99,
    0x13, 0x4F, 0x49, 0x4E, 0xDA, 0x89, 0xA6, 0x2B, 0x35, 0xDD, 0xD1, 0x08, 0x91, 0x48, 0xE4, 0x1D,
    0xC3, 0xCD, 0x32, 0x54, 0x25, 0xB3, 0x08, 0x25, 0xEE, 0x73, 0x04, 0xB1, 0xDB, 0x9F, 0x69, 0xE9,
    0xC0, 0x26, 0x1C, 0x88, 0x1A, 0xFE, 0xB0, 0x5C, 0x52, 0xAD, 0x44, 0x79, 0xC2, 0x5F, 0xDF, 0x6F,
    0x41, 0x3C, 0x4B, 0xC5, 0xA0, 0xC0, 0xC8, 0x56, 0xEA, 0x42, 0x66, 0xDC, 0x0F, 0x78, 0x3B, 0x76,
    0xDB, 0x9E, 0x54, 0x44, 0xC0, 0x51, 0xCD, 0xA2, 0xE5, 0xA1, 0xA6, 0x08, 0x66, 0xF6, 0xA2, 0x40,
    0x3A, 0xB4, 0x0B, 0x44, 0x00, 0x95, 0x47, 0x08, 0x04, 0x28, 0x98, 0xB2, 0x0B, 0x43, 0x50, 0xA4,
    0x3A, 0xF7, 0x37, 0xF2, 0x41, 0x0D, 0xB6, 0xC9, 0x36, 0x9C, 0x59, 0x54, 0xB7, 0x6F, 0x33, 0x21,
    0xDD, 0xA0, 0xF4, 0xB6, 0x46, 0xE0, 0xCA, 0xEF, 0xB2, 0x91, 0xD5, 0x84, 0x93, 0x1A, 0x78, 0x0C,
    0xD0, 0x4D, 0x40, 0x41, 0x2C, 0x86, 0x10, 0x9A, 0xD6, 0xCD, 0x98, 0xCF, 0x3C, 0x58, 0x90, 0x06,
    0x3A, 0xB7, 0x3B, 0xCB, 0x03, 0xDD, 0xD0, 0x78, 0xB6, 0xFA, 0x88, 0x38, 0xE9, 0x51, 0x13, 0x35,
    0x88, 0xE9, 0x8D, 0x77, 0x6B, 0x47, 0x54, 0x0D, 0xA0, 0xF6, 0x0C, 0x06, 0x65, 0x65, 0x0D, 0x60,
    0x27, 0x1A, 0x0D, 0x12, 0xE9, 0x76, 0xD0, 0xDA, 0xC6, 0xD0, 0xCC, 0xDC, 0xAD, 0xDF, 0x5B, 0x73,
    0x8B, 0x36, 0x88, 0xE2, 0xA6, 0x00, 0x10, 0x38, 0xE1, 0x94, 0x35, 0x9D, 0xC0, 0x81, 0x1C, 0xFE,
    0xD4, 0x04, 0x48, 0x4C, 0x86, 0x3B, 0x06, 0x77, 0x8F, 0x96, 0xD8, 0x58, 0x6F, 0x7A, 0x17, 0x30,
    0xD3, 0x50, 0xA7, 0xBE, 0x27, 0x74, 0xD0, 0x14, 0xF5, 0x68, 0xF3, 0x2C, 0xA2, 0x17, 0x3A, 0x38,
    0x59, 0x4E, 0xDC, 0x9A, 0x02, 0x3F, 0x15, 0x14, 0x90, 0xAB, 0xD2, 0x29, 0x7B, 0xD2, 0x00, 0x66,
    0x79, 0x68, 0x0E, 0x79, 0xCB, 0xB0, 0x0C, 0x0D, 0xC3, 0xD8, 0x89, 0x35, 0x27, 0xD5, 0x7E, 0x38,
    0x98, 0x59, 0x31, 0xD4, 0x99, 0x2D, 0x97, 0x67, 0x51, 0x14, 0x31, 0xC5, 0xAE, 0x81, 0xC2, 0x80,
    0x21, 0xA7, 0x44, 0xC4, 0x71, 0x73, 0x53, 0x06, 0x0D, 0x93, 0x4C, 0x3D, 0x90, 0xF0, 0x93, 0x22,
    0x29, 0x33, 0x12, 0xB8, 0x24, 0xF6, 0xC0, 0x51, 0x45, 0x82, 0x2A, 0xAD, 0x12, 0x6F, 0x94, 0x2B,
    0xB2, 0x01, 0x28, 0x81, 0x42, 0x7A, 0x37, 0x51, 0x92, 0xAA, 0x67, 0xD0, 0x39, 0x85, 0x43, 0x4A,
    0xBD, 0xF2, 0x4C, 0x41, 0x52, 0x9A, 0xCB, 0x58, 0xDB, 0x48, 0x70, 0x8F, 0x74, 0x57, 0x64, 0x0C,
    0xC4, 0x7A, 0x9A, 0x25, 0xA2, 0x0E, 0x65, 0x99, 0x72, 0x55, 0x05, 0x95, 0x46, 0x99, 0x5E, 0xA0,
    0xF8, 0xD6, 0xEC, 0x4C, 0x23, 0x01, 0x21, 0x8B, 0x64, 0xB1, 0x10, 0x46, 0x4A, 0x30, 0x1E, 0x4B,
    0xA5, 0x10, 0x03, 0x82, 0x80, 0x18, 0x8C, 0x91, 0xA5, 0x5E, 0x78, 0xC3, 0x83, 0x7D, 0x1D, 0x4E,
    0x1A, 0xC3, 0x78, 0x67, 0x68, 0xC8, 0xA7, 0x16, 0xC1, 0x0A, 0x08, 0x43, 0x5C, 0xB5, 0xB6, 0x08,
    0x65, 0xC6, 0x57, 0x17, 0x80, 0x13, 0x38, 0x53, 0x45, 0xB4, 0xB6, 0xF5, 0xA9, 0xC4, 0xCC, 0x0C,
    0x46, 0xA7, 0x76, 0x5C, 0x38, 0xB2, 0x2D, 0x23, 0x03, 0x73, 0x9D, 0xC7, 0x42, 0x90, 0x78, 0x44,
    0x00, 0xBC, 0x51, 0x0E, 0x44, 0x40, 0x13, 0x74, 0xCA, 0xD5, 0x26, 0xA5, 0xA9, 0xA4, 0xA1, 0x8B,
    0xC7, 0x7A, 0x0E, 0x4E, 0x1A, 0x1C, 0x05, 0xA8, 0x2C, 0x3C, 0x44, 0xA5, 0xA3, 0x24, 0xB1, 0x51,
    0x8B, 0xAC, 0xBC, 0x7C, 0x92, 0x1C, 0x00, 0xA7, 0x04, 0x01, 0xA8, 0x00, 0xD2, 0x6A, 0x01, 0x87,
    0x01, 0x5C, 0x43, 0xB1, 0x41, 0x82, 0xC3, 0x57, 0xBB, 0x60, 0xBE, 0x9C, 0x2C, 0xDD, 0x88, 0x38,
    0x22, 0x3B, 0x6D, 0x40, 0x59, 0x1B, 0x80, 0x12, 0x85, 0x03, 0x36, 0x02, 0x51, 0xB4, 0xC6, 0x9A,
    0xB8, 0x62, 0x26, 0x9C, 0x78, 0xED, 0x73, 0x31, 0x36, 0xE3, 0xC6, 0xB3, 0x2F, 0x5A, 0x5B, 0xB1,
    0x97, 0x46, 0x42, 0x74, 0x72, 0xF7, 0x77, 0x8F, 0x5E, 0xAD, 0x55, 0x50, 0x3C, 0x81, 0x3D, 0x04,
    0xED, 0x77, 0x22, 0x59, 0x35, 0xA3, 0x43, 0x6F, 0x70, 0x4E, 0x20, 0x0E, 0x41, 0xB4, 0x18, 0x00,
    0x40, 0x13, 0x01, 0x40, 0xA5, 0xEC, 0x44, 0x31, 0x40, 0x59, 0x2E, 0x86, 0xF2, 0xAC, 0x7B, 0x45,
    0xD4, 0x4A, 0x36, 0x1A, 0x12, 0xAF, 0xA0, 0xD0, 0x03, 0x9E, 0x81, 0x12, 0x14, 0x83, 0xC0, 0x31,
    0xB0, 0x91, 0x83, 0x48, 0xE9, 0x63, 0x60, 0x44, 0x90, 0x78, 0x88, 0xE2, 0x86, 0x2F, 0x45, 0xF6,
    0xAD, 0xF4, 0x54, 0x12, 0xED, 0x43, 0x0C, 0xD0, 0xB7, 0x06, 0xCD, 0xA2, 0x27, 0xA8, 0x7C, 0x2C,
    0x4D, 0xA4, 0x2C, 0x8C, 0xAE, 0x7C, 0x2E, 0xC1, 0x4E, 0x66, 0xA1, 0xF8, 0x80, 0xA4, 0x25, 0xF7,
    0x31, 0xE1, 0x38, 0xF7, 0xD5, 0xFB, 0xE8, 0x35, 0xE2, 0x56, 0x77, 0xB6, 0x33, 0x12, 0x0E, 0xBC,
    0x58, 0x3A, 0xBE, 0x1E, 0x92, 0xE4, 0x38, 0x91, 0x62, 0x61, 0x58, 0x80, 0x55, 0x58, 0x0F, 0xBF,
    0xD2, 0xD0, 0x1F, 0x62, 0xCA, 0x90, 0x00, 0xC3, 0x24, 0x1C, 0x9C, 0x8B, 0x60, 0xEC, 0xEB, 0x16,
    0x47, 0x34, 0x16, 0xD2, 0x86, 0x2A, 0xA2, 0x45, 0xE2, 0x73, 0x33, 0x29, 0x10, 0x2C, 0x24, 0xED,
    0xA6, 0x3D, 0xE0, 0x62, 0x74, 0x10, 0x53, 0xD1, 0xC9, 0xE2, 0x1D, 0xDE, 0x23, 0x02, 0xBC, 0x91,
    0x33, 0x60, 0x85, 0xB7, 0x77, 0xC7, 0x02, 0x86, 0x52, 0x3C, 0xC7, 0xE9, 0x4E, 0x8E, 0xC8, 0x12,
    0x41, 0x91, 0x2F, 0xC1, 0x33, 0x5F, 0xCE, 0x60, 0x69, 0xDD, 0xB9, 0x04, 0xB3, 0xE5, 0xA6, 0xA5,
    0xB4, 0x10, 0x0D, 0xBB, 0xAF, 0xC9, 0x44, 0x2B, 0x54, 0xF5, 0xDF, 0x9F, 0x8B, 0xD8, 0xAF, 0x73,
    0xC3, 0x69, 0xE6, 0xCE, 0xC2, 0x54, 0x48, 0x15, 0xD9, 0x65, 0x92, 0x05, 0x1A, 0x6F, 0x16, 0x22,
    0x29, 0x75, 0x32, 0x87, 0x98, 0x28, 0xA6, 0xE4, 0x80, 0xEA, 0xB2, 0xE5, 0x6D, 0xAB, 0x8D, 0x69,
    0x75, 0xED, 0x60, 0x9F, 0x08, 0x05, 0x1C, 0x88, 0x07, 0x6F, 0x49, 0x23, 0x1A, 0x42, 0x63, 0x4D,
    0xD0, 0x8C, 0x21, 0xC2, 0xBB, 0x86, 0x3D, 0x8A, 0x1C, 0x28, 0x50, 0xC0, 0xA5, 0xA9, 0x90, 0x88,
    0x7E, 0x47, 0x93, 0x05, 0x46, 0x24, 0xD2, 0x40, 0x14, 0x06, 0x60, 0x60, 0xE9, 0x2C, 0xD8, 0x23,
    0x68, 0x91, 0x22, 0x5F, 0x2D, 0x2D, 0x50, 0x6A, 0xBD, 0x16, 0xC7, 0x73, 0x04, 0xA1, 0xC4, 0x42,
    0x83, 0x5D, 0x21, 0x65, 0x62, 0x16, 0x1A, 0x72, 0x43, 0x3A, 0x6D, 0x10, 0x8B, 0x14, 0x2C, 0x04,
    0x01, 0xA5, 0x63, 0x00, 0x48, 0x50, 0x14, 0x10, 0x0A, 0xE4, 0xD7, 0x93, 0xDE, 0xC9, 0x5D, 0xB8,
    0x05, 0xF1, 0x91, 0x65, 0x72, 0x2F, 0xED, 0x27, 0x20, 0xAD, 0x74, 0x08, 0xCA, 0x35, 0xB6, 0x34,
    0x65, 0x73, 0x21, 0xB2, 0x7A, 0x44, 0xA4, 0x58, 0xA9, 0x08, 0xAD, 0x34, 0x5E, 0x82, 0x18, 0x1D,
    0x8D, 0x0D, 0xA6, 0x0C, 0x6E, 0x11, 0x94, 0x0A, 0xAD, 0xB7, 0xFC, 0x51, 0xA5, 0xAE, 0xFD, 0xD5,
    0x64, 0xCA, 0xA4, 0xE1, 0xDE, 0xFB, 0xE6, 0x4F, 0x95, 0xF4, 0xA4, 0x05, 0x30, 0xAA, 0xD8, 0xCC,
    0xA5, 0xEA, 0x1D, 0x57, 0x57, 0xD8, 0x1D, 0x39, 0x1C, 0xEB, 0x14, 0x46, 0x40, 0x24, 0x24, 0x1E,
    0x45, 0xF5, 0xF4, 0x19, 0x19, 0xF1, 0x95, 0x24, 0xF0, 0xAB, 0x21, 0x62, 0xBB, 0x0D, 0x9D, 0xE5,
    0x95, 0xDC, 0xB4, 0x46, 0x49, 0x02, 0x20, 0x34, 0xC4, 0xB3, 0xAA, 0x7B, 0x62, 0x49, 0xF6, 0x94,
    0x22, 0x76, 0xE3, 0x20, 0x05, 0xDE, 0xC6, 0xFC, 0x7E, 0xAE, 0xDE, 0x25, 0xDF, 0x59, 0xD7, 0x6B,
    0xDD, 0xE9, 0xC7, 0xE1, 0x15, 0x11, 0x2C, 0x51, 0x41, 0x08, 0x50, 0x90, 0x37, 0x29, 0x82, 0x11,
    0x26, 0xF1, 0x09, 0x00, 0x6B, 0xA6, 0xCA, 0xBE, 0x18, 0xB2, 0x04, 0x88, 0x88, 0x71, 0xAE, 0x2F,
    0x7F, 0x29, 0x5C, 0xB0, 0x08, 0x44, 0x79, 0x7E, 0x67, 0xB5, 0xA5, 0x42, 0x0D, 0xFB, 0x1A, 0xCE,
    0x48, 0x2B, 0x26, 0xAA, 0xFA, 0x79, 0x59, 0xC0, 0x23, 0x83, 0x2B, 0x9B, 0xD8, 0x4A, 0xAF, 0x8F,
    0x1D, 0x16, 0x6C, 0xDB, 0x30, 0xBA, 0x7B, 0x04, 0x44, 0xB3, 0x08, 0xC0, 0x3D, 0x62, 0x22, 0x6C,
    0x80, 0xE8, 0x21, 0x8A, 0x70, 0xF2, 0x07, 0x48, 0x08, 0xE8, 0xA5, 0x02, 0x22, 0x7A, 0xC0, 0x14,
    0xA0, 0xC1, 0x83, 0x0A, 0x2A, 0x91, 0xC7, 0x1C, 0xA1, 0xF6, 0xBA, 0xFA, 0x4D, 0x1A, 0x01, 0xB8,
    0xF8, 0x00, 0x60, 0xEC, 0x71, 0xCA, 0x26, 0x9C, 0xCC, 0x60, 0x0C, 0x64, 0x3E, 0x5C, 0x21, 0xF9,
    0x29, 0xAC, 0x42, 0x8A, 0x40, 0x83, 0x12, 0x56, 0x68, 0x8E, 0x25, 0x84, 0x2F, 0x15, 0x39, 0xF3,
    0x75, 0x0F, 0x36, 0x58, 0x60, 0xD7, 0x45, 0x17, 0x9A, 0xC6, 0x6C, 0xD8, 0x50, 0xEF, 0x10, 0xF4,
    0xC4, 0x68, 0x75, 0x02, 0x31, 0x91, 0x76, 0x66, 0x29, 0xE0, 0x22, 0x82, 0x6C, 0x6A, 0x90, 0x4E,
    0xB4, 0x5C, 0x55, 0x8A, 0x61, 0x88, 0x21, 0xA8, 0x34, 0x31, 0x07, 0x04, 0x15, 0xD2, 0xC5, 0x18,
    0xC4, 0xB8, 0x27, 0xA9, 0xAB, 0xB4, 0x22, 0x09, 0x92, 0x20, 0x42, 0x21, 0xB2, 0x69, 0x34, 0x0E,
    0x34, 0x9C, 0x06, 0x00, 0xFF, 0x83, 0xF4, 0x1A, 0x7E, 0x5C, 0xDA, 0x12, 0x30, 0x13, 0x73, 0x64,
    0x34, 0xB7, 0xD2, 0x19, 0xAB, 0x20, 0x7C, 0x30, 0xA0, 0xF1, 0x78, 0x82, 0x06, 0xFC, 0xC0, 0xE7,
    0xDF, 0xBD, 0x06, 0x33, 0x1E, 0xA1, 0xCD, 0x16, 0x8B, 0x25, 0xA4, 0x9C, 0x64, 0x5D, 0x62, 0x04,
    0x8A, 0x42, 0x75, 0x09, 0x15, 0x28, 0xDC, 0x73, 0x7C, 0x13, 0x16, 0x2B, 0x9A, 0xEE, 0xB2, 0x34,
    0x6D, 0xA0, 0x6F, 0x09, 0x14, 0x0A, 0x46, 0x92, 0x86, 0x95, 0x37, 0xB3, 0x07, 0xD7, 0x22, 0x36,
    0x25, 0x86, 0x4F, 0x79, 0x07, 0x11, 0xB2, 0x43, 0x66, 0x76, 0x74, 0x26, 0xE1, 0xDB, 0xD9, 0x20,
    0x28, 0x6F, 0xE0, 0xC0, 0xFE, 0xF6, 0x17, 0x4D, 0xFB, 0x6C, 0x4F, 0xBB, 0xF8, 0xA3, 0xF6, 0x6C,
    0x3A, 0x8F, 0x31, 0xA3, 0x27, 0x5E, 0xDE, 0x27, 0x3B, 0x34, 0xCD, 0x4C, 0x6C, 0x41, 0x34, 0x5B,
    0x79, 0xE1, 0xD5, 0x70, 0xF3, 0x8E, 0xBB, 0xDE, 0x20, 0x1C, 0xF1, 0x79, 0xF3, 0x09, 0x91, 0x2F,
    0x8D, 0xAC, 0x94, 0x76, 0x88, 0x21, 0x2D, 0xE8, 0x64, 0xB4, 0xF7, 0x48, 0xB9, 0x5D, 0x3D, 0x34,
    0x40, 0x13, 0x9D, 0xCF, 0x0E, 0x4D, 0xB4, 0x35, 0x30, 0x41, 0xCC, 0xB7, 0x05, 0x10, 0xFA, 0x39,
    0xB0, 0x5C, 0x91, 0xA2, 0x8A, 0x0C, 0x3D, 0x13, 0xA0, 0xD9, 0xE3, 0x4F, 0x18, 0x73, 0x9B, 0x44,
    0x7C, 0x83, 0xC7, 0x93, 0xEB, 0x0D, 0x03, 0x4B, 0x69, 0xA5, 0x7A, 0xEA, 0x68, 0xB3, 0x21, 0x8A,
    0xB4, 0xD7, 0x7D, 0x5E, 0xD7, 0x76, 0xAE, 0x61, 0x2C, 0x8E, 0xD5, 0x25, 0xA1, 0xB8, 0x17, 0x95,
    0x85, 0x2E, 0xD8, 0x7A, 0x0F, 0x11, 0xF3, 0x4F, 0x6C, 0x37, 0x2B, 0x05, 0xDA, 0xC0, 0x24, 0x83,
    0x0B, 0x33, 0x0C, 0x24, 0x08, 0x82, 0x92, 0x97, 0x15, 0xC2, 0x5F, 0xC3, 0x6C, 0x81, 0x21, 0x06,
    0x10, 0x7A, 0x09, 0xD9, 0xDA, 0xEB, 0x9B, 0x84, 0x0A, 0xAC, 0x89, 0x0A, 0x8F, 0x5B, 0x8F, 0xA8,
    0x9D, 0x21, 0xCE, 0x77, 0xA9, 0xF4, 0x46, 0x44, 0x0A, 0x45, 0x37, 0xD4, 0x11, 0x13, 0x39, 0x42,
    0x43, 0x1D, 0xC2, 0x34, 0xCE, 0x38, 0x3D, 0x7A, 0x64, 0x47, 0x05, 0x35, 0xC5, 0xA5, 0x10, 0x30,
    0x8D, 0xB4, 0x85, 0x28, 0x82, 0x76, 0x41, 0xEB, 0x40, 0xCC, 0x21, 0xD1, 0xAB, 0x55, 0xA7, 0xAB,
    0x7C, 0xF5, 0xE7, 0x86, 0xB8, 0xAF, 0x8A, 0x2A, 0xC9, 0xB4, 0x65, 0x44, 0x0D, 0x81, 0x15, 0x4C,
    0xCE, 0x6E, 0xBF, 0x09, 0xBB, 0xC1, 0x23, 0x38, 0xF9, 0x08, 0xC9, 0xAA, 0x84, 0x4E, 0xBD, 0xA8,
    0x48, 0x04, 0x15, 0x8A, 0x7E, 0x4E, 0x9A, 0xF2, 0xEA, 0x6D, 0x6F, 0x46, 0x6A, 0x04, 0xD9, 0x01,
    0xC5, 0x54, 0x91, 0x54, 0x53, 0x03, 0xA2, 0xD5, 0xA0, 0xCC, 0x72, 0x1C, 0x2D, 0x0C, 0x1E, 0x01,
    0x26, 0xB8, 0xE9, 0x9A, 0xE8, 0x42, 0x11, 0x35, 0x54, 0x11, 0x54, 0xC4, 0x12, 0x90, 0x45, 0x05,
    0x15, 0x91, 0x84, 0xA9, 0x13, 0x55, 0x41, 0x15, 0x4C, 0xA5, 0x34, 0x51, 0x98, 0x60, 0xB1, 0x35,
    0x54, 0x15, 0x14, 0xC8, 0xD0, 0x57, 0xBF, 0x6A, 0xD5, 0x11, 0x0C, 0x08, 0xD2, 0x53, 0x58, 0x9F,
    0x15, 0x8F, 0x48, 0xBD, 0x58, 0x64, 0x01, 0x02, 0x48, 0x44, 0x90, 0x55, 0x67, 0x6A, 0x93, 0x8F,
    0x87, 0x09, 0x0D, 0xFE, 0x17, 0x58, 0x1B, 0xD0, 0x03, 0x62, 0x47, 0x01, 0xB1, 0x83, 0x4C, 0x06,
    0xA8, 0x77, 0x73, 0xF0, 0xBE, 0xDD, 0xE6, 0x67, 0x6A, 0x0E, 0x89, 0x6B, 0xBA, 0xD3, 0xAB, 0xAF,
    0x38, 0x2A, 0x9C, 0xA4, 0x44, 0x94, 0x7A, 0xAD, 0x80, 0x07, 0x8A, 0xBB, 0xC3, 0xA1, 0x03, 0x34,
    0x26, 0xEA, 0x19, 0xC9, 0x07, 0x91, 0x05, 0x90, 0x45, 0x23, 0x04, 0x24, 0xB8, 0x1A, 0x90, 0xD0,
    0x44, 0xD7, 0x60, 0xD5, 0xED, 0x03, 0x3B, 0xB6, 0xD3, 0xAB, 0x8C, 0x67, 0xB4, 0x7C, 0x91, 0x6D,
    0x69, 0xAC, 0xAC, 0x85, 0xF5, 0xC2, 0x46, 0x46, 0x58, 0xCF, 0xA1, 0xDB, 0xB3, 0x6E, 0x8C, 0xF4,
    0x98, 0xA5, 0x0B, 0xC3, 0x93, 0x73, 0xC0, 0x97, 0x2E, 0x91, 0x99, 0xD6, 0x58, 0xA0, 0x28, 0x34,
    0xDB, 0x4F, 0x0C, 0x82, 0xAA, 0xF5, 0x50, 0x90, 0xB5, 0xE1, 0x49, 0x6A, 0x89, 0x62, 0xD4, 0x15,
    0xC8, 0xA0, 0x49, 0x08, 0xEA, 0x84, 0x6C, 0x07, 0xEC, 0x62, 0xA3, 0xAF, 0x1E, 0x90, 0x71, 0x68,
    0x25, 0x25, 0xBE, 0x40, 0x31, 0x44, 0xC7, 0x7E, 0xA8, 0x0A, 0x4A, 0x0A, 0x02, 0x91, 0x88, 0x55,
    0x30, 0x21, 0x39, 0x25, 0x44, 0x4E, 0x65, 0x05, 0xE5, 0x21, 0x44, 0xD8, 0x30, 0x0D, 0x44, 0x50,
    0x80, 0xF2, 0xC1, 0x4A, 0x22, 0x18, 0x51, 0x28, 0x88, 0x6D, 0xF1, 0x71, 0xEC, 0x1D, 0xE1, 0x8F,
    0x2D, 0x29, 0xC0, 0x89, 0x8F, 0x45, 0x95, 0x0D, 0x53, 0x0E, 0x4B, 0xBC, 0x82, 0xE2, 0x79, 0xE2,
    0xE4, 0x5D, 0x86, 0x1B, 0xB3, 0xA2, 0x9B, 0xF5, 0xDB, 0xB2, 0x42, 0x13, 0x14, 0x85, 0x41, 0xD0,
    0x39, 0x72, 0x5E, 0x19, 0x62, 0xCB, 0x20, 0x55, 0x12, 0x21, 0xCE, 0x08, 0x0F, 0xA6, 0x1A, 0x1B,
    0x76, 0xED, 0x86, 0x47, 0xB6, 0xB5, 0xEA, 0x07, 0x88, 0x43, 0x7D, 0xB0, 0xC5, 0xE0, 0x43, 0x24,
    0x4C, 0x7D, 0x08, 0x38, 0xF6, 0x13, 0x9F, 0x20, 0xA3, 0xBF, 0xCD, 0x46, 0xB9, 0x98, 0x92, 0x3C,
    0xDE, 0xB1, 0xB5, 0xA8, 0x23, 0x4E, 0xD5, 0x18, 0x5E, 0xED, 0x20, 0xC2, 0x1D, 0x63, 0x50, 0xF5,
    0xF2, 0x8F, 0x6F, 0x2F, 0x9F, 0xE8, 0xD4, 0x15, 0x10, 0x04, 0x50, 0xB0, 0x20, 0x1E, 0x09, 0xF5,
    0x66, 0x48, 0x42, 0x3C, 0x58, 0x18, 0x82, 0x70, 0xD7, 0xF6, 0xA7, 0x95, 0x4B, 0x3E, 0xCB, 0x12,
    0xD0, 0x84, 0xF1, 0xF2, 0x3B, 0xFA, 0x39, 0xBB, 0x20, 0x6E, 0xCC, 0xF3, 0x21, 0xD8, 0x67, 0x0E,
    0xE7, 0x55, 0x0A, 0x1F, 0x20, 0x0E, 0xB4, 0x42, 0x08, 0x44, 0x02, 0x0A, 0x94, 0x1D, 0xC0, 0x17,
    0x6B, 0xAE, 0xC9, 0x5B, 0x84, 0x0F, 0x64, 0x15, 0x16, 0x01, 0x04, 0x38, 0x63, 0x79, 0xE8, 0xA9,
    0xA4, 0x6C, 0x49, 0x0B, 0x1C, 0x19, 0x08, 0x76, 0xA0, 0x23, 0x58, 0x0D, 0xE6, 0xC6, 0xAE, 0x15,
    0x0E, 0xD2, 0xA3, 0x10, 0x70, 0x92, 0x45, 0x02, 0x44, 0x3B, 0xC1, 0x2E, 0x48, 0x9B, 0x04, 0x1C,
    0x81, 0xE2, 0x6B, 0xF1, 0x03, 0x10, 0x56, 0x48, 0x5B, 0xCB, 0x90, 0xA0, 0xEE, 0x0E, 0xF1, 0x71,
    0x0E, 0x01, 0x36, 0x04, 0xF7, 0xA8, 0x95, 0x54, 0x88, 0x01, 0xAD, 0xFC, 0xEE, 0xEF, 0x77, 0x70,
    0x51, 0x59, 0x89, 0xC2, 0x08, 0x7B, 0x49, 0x38, 0x48, 0x90, 0xDB, 0x6D, 0xA6, 0xCB, 0x0B, 0x51,
    0x8B, 0xBA, 0xDF, 0x57, 0xE5, 0xFF, 0xE9, 0xA9, 0x4F, 0xCD, 0x52, 0xCF, 0xAE, 0xB8, 0xD7, 0x1C,
    0x8A, 0xE1, 0xCF, 0xDD, 0x7D, 0x30, 0x68, 0x82, 0x4C, 0xAD, 0xC2, 0xD8, 0x1F, 0x8F, 0x20, 0x70,
    0x11, 0x03, 0x2E, 0xDA, 0x55, 0x1A, 0x0B, 0x0F, 0x04, 0x88, 0xBC, 0xF8, 0x69, 0xE3, 0x06, 0x4F,
    0x14, 0x81, 0xF4, 0x7E, 0x95, 0xAC, 0x84, 0x3D, 0x5D, 0x3F, 0x33, 0x77, 0x33, 0x88, 0x60, 0xA7,
    0x88, 0xC3, 0xC4, 0x44, 0xE7, 0x81, 0xAC, 0x9A, 0x35, 0x18, 0x4E, 0x41, 0x46, 0xA0, 0xF0, 0xB4,
    0x34, 0x8A, 0x52, 0x15, 0x75, 0x8E, 0x62, 0x56, 0x65, 0x60, 0x90, 0x8C, 0x84, 0x6D, 0xA3, 0x10,
    0xAD, 0x64, 0x00, 0xA6, 0x20, 0x53, 0x2E, 0x03, 0xC4, 0x11, 0x82, 0xD8, 0x46, 0xDB, 0x8C, 0x95,
    0x66, 0x24, 0x56, 0x88, 0x35, 0x40, 0xB3, 0x1D, 0x11, 0xA9, 0xA1, 0x66, 0x01, 0xDB, 0xAF, 0x86,
    0x6C, 0x1E, 0x36, 0x1B, 0x55, 0x5D, 0x54, 0xE5, 0x4F, 0x76, 0x8D, 0x81, 0xAC, 0xE4, 0xCC, 0x9F,
    0x6B, 0xAE, 0x74, 0x42, 0x00, 0x39, 0x9E, 0x33, 0x2B, 0x20, 0x19, 0x12, 0x55, 0x91, 0xCE, 0x70,
    0x34, 0xE5, 0xD8, 0xFA, 0x21, 0x07, 0x99, 0xCC, 0x28, 0x47, 0xE6, 0x23, 0xE0, 0x0E, 0xCA, 0xD6,
    0x33, 0x0E, 0x21, 0x4C, 0xC8, 0x48, 0xC8, 0xE0, 0xEB, 0x43, 0x83, 0x32, 0xBA, 0xCC, 0xAA, 0xAC,
    0x0C, 0x06, 0x50, 0x99, 0x49, 0x94, 0x98, 0x06, 0x83, 0xAF, 0xCE, 0x1D, 0x3B, 0x07, 0xFE, 0xD9,
    0x0E, 0xF0, 0xEF, 0xCF, 0x0D, 0x1D, 0x20, 0xB6, 0xBE, 0x34, 0x40, 0xC1, 0xD2, 0xC1, 0x08, 0x13,
    0x69, 0x03, 0x05, 0x1D, 0x17, 0xC7, 0x44, 0x73, 0x35, 0x63, 0xE4, 0x1D, 0x51, 0x04, 0x25, 0x28,
    0x69, 0x44, 0x20, 0x4A, 0x00, 0x5F, 0x1A, 0xDC, 0xE9, 0x30, 0xD4, 0x85, 0x3A, 0x95, 0x01, 0x3E,
    0xE0, 0x03, 0xDB, 0x01, 0xED, 0x15, 0x18, 0x79, 0x79, 0x1E, 0x87, 0x8C, 0x44, 0xB9, 0x57, 0xA8,
    0xC0, 0x0B, 0x24, 0x05, 0x20, 0x48, 0xA0, 0xC4, 0x4A, 0x10, 0xD8, 0x34, 0xD9, 0xC2, 0x09, 0x6C,
    0x10, 0xC9, 0xC9, 0x7D, 0xB5, 0x33, 0x8D, 0x73, 0xEB, 0xAE, 0x92, 0x87, 0x7C, 0xC4, 0x4F, 0x67,
    0x41, 0x27, 0x82, 0xC8, 0xA4, 0x10, 0x90, 0x41, 0x35, 0x31, 0x14, 0xD1, 0x15, 0x11, 0x09, 0x03,
    0x09, 0x06, 0x23, 0xDC, 0x0F, 0x30, 0x07, 0x89, 0x79, 0x78, 0xB0, 0x02, 0x83, 0x00, 0x0C, 0xB0,
    0x48, 0x88, 0x6E, 0x3A, 0xCC, 0xC8, 0xE6, 0x6C, 0x1D, 0x73, 0x2C, 0x28, 0x5C, 0xB8, 0x67, 0x05,
    0x2C, 0x84, 0xB6, 0xD8, 0xE2, 0x6C, 0x4D, 0x80, 0x41, 0xA6, 0x34, 0x26, 0x65, 0xDD, 0x41, 0x8C,
    0x21, 0x66, 0x55, 0x55, 0x50, 0x3B, 0x75, 0x8E, 0xEB, 0x32, 0x30, 0xF8, 0xDA, 0x15, 0x07, 0x03,
    0x66, 0x2A, 0x6C, 0x57, 0x46, 0x02, 0x90, 0xF2, 0xBA, 0x18, 0x74, 0x2E, 0xB2, 0x30, 0xC8, 0x6D,
    0x0B, 0xA1, 0xD1, 0x6A, 0x55, 0x53, 0x42, 0xD2, 0xC5, 0x4C, 0x91, 0x30, 0x86, 0x70, 0xA0, 0xEB,
    0xDC, 0x72, 0x40, 0x2E, 0xD4, 0x27, 0x27, 0x48, 0x78, 0xB9, 0xEC, 0x76, 0xEA, 0xF1, 0x2D, 0x19,
    0x55, 0x52, 0x54, 0xC8, 0xF2, 0xE0, 0x98, 0x77, 0xF9, 0xF8, 0x56, 0xFD, 0x9E, 0xA2, 0xB7, 0xE4,
    0x60, 0x3F, 0x3D, 0x7D, 0xF9, 0x62, 0x08, 0x82, 0x26, 0x44, 0x07, 0xEB, 0x77, 0xE3, 0xA9, 0x98,
    0xAA, 0xA8, 0x8A, 0x00, 0xF9, 0x08, 0x04, 0xA7, 0x8B, 0xE7, 0x87, 0xCA, 0xD4, 0x5C, 0x02, 0x01,
    0xD4, 0x9C, 0xD0, 0x12, 0x65, 0xEA, 0x1D, 0x08, 0x1A, 0xD8, 0x78, 0x93, 0xA7, 0xB0, 0x85, 0xB6,
    0xF0, 0x26, 0x27, 0xA4, 0xBC, 0x6F, 0x32, 0x24, 0x8D, 0x43, 0xC1, 0xD3, 0x74, 0x77, 0x04, 0x48,
    0xE0, 0x45, 0x4E, 0x72, 0x4D, 0x28, 0xF6, 0xA0, 0xAC, 0x84, 0x84, 0xF1, 0x04, 0xDC, 0x20, 0xB8,
    0x84, 0xAA, 0x32, 0x8A, 0xA9, 0x68, 0x81, 0x20, 0x9E, 0x1E, 0x12, 0x91, 0xC8, 0x00, 0x7A, 0x2F,
    0x87, 0x30, 0xF4, 0xF3, 0xFC, 0x5D, 0x9A, 0x73, 0x90, 0x5E, 0x47, 0xB8, 0x80, 0x88, 0x2A, 0xA8,
    0x18, 0x22, 0x81, 0x08, 0x02, 0x98, 0xA8, 0x12, 0xF1, 0x72, 0x8E, 0x6A, 0x03, 0xB8, 0xF4, 0xFC,
    0xD5, 0x4E, 0x8D, 0xD6, 0xC1, 0x5C, 0x32, 0x4D, 0xF4, 0x17, 0x73, 0x0B, 0xCE, 0x0C, 0x1C, 0x78,
    0xAF, 0x37, 0xD8, 0xB5, 0xA6, 0x09, 0x2C, 0xD5, 0x94, 0xB3, 0x7A, 0x42, 0xA0, 0x55, 0x54, 0x62,
    0x35, 0x49, 0xE6, 0xB9, 0x25, 0x4B, 0xE9, 0x97, 0x2E, 0x49, 0x4A, 0x21, 0xD1, 0x8D, 0xC0, 0xF5,
    0x47, 0xA2, 0x06, 0xDD, 0x32, 0xAD, 0x7C, 0x1D, 0xEC, 0x9A, 0x01, 0x97, 0xDD, 0xA5, 0xC1, 0xE5,
    0x18, 0xC9, 0x24, 0x4E, 0xCC, 0xD1, 0xE9, 0x02, 0x06, 0xBC, 0x17, 0x90, 0x39, 0xD8, 0xDF, 0x79,
    0x4E, 0xFF, 0x5A, 0x99, 0x09, 0x14, 0x8C, 0x50, 0x58, 0xC4, 0x2C, 0xE9, 0x96, 0xC3, 0x74, 0x24,
    0x06, 0x31, 0x77, 0xC5, 0xDB, 0xCD, 0xDC, 0xEB, 0x1E, 0xA7, 0x58, 0xDA, 0xE9, 0x89, 0xC3, 0x68,
    0x38, 0x66, 0x05, 0x91, 0x3A, 0x13, 0x4C, 0x7C, 0x7A, 0xEF, 0x1A, 0x16, 0xBD, 0x44, 0xB0, 0x50,
    0x8C, 0x48, 0x2B, 0x13, 0x3C, 0x78, 0x80, 0xF1, 0x43, 0x89, 0x0B, 0xF5, 0xE0, 0xDD, 0xE4, 0x5E,
    0x3D, 0xE0, 0x9B, 0xA1, 0xD9, 0x61, 0x7B, 0x23, 0x67, 0x98, 0xA9, 0xBF, 0x2E, 0x44, 0x61, 0x4B,
    0x03, 0xF3, 0xEA, 0x50, 0x2D, 0x3A, 0xD5, 0xC0, 0xA0, 0xC3, 0x6B, 0xDD, 0xD8, 0x6F, 0x14, 0x90,
    0x14, 0x91, 0x52, 0xE3, 0xE3, 0x8F, 0x92, 0x59, 0x47, 0x53, 0x03, 0xA5, 0x87, 0xA8, 0x4D, 0x8E,
    0x09, 0x79, 0x1F, 0x5C, 0x0E, 0x17, 0xF5, 0xB3, 0xA4, 0x80, 0x00, 0x48, 0x71, 0x84, 0x2C, 0x67,
    0x70, 0x13, 0x05, 0xDF, 0x6C, 0x06, 0xFD, 0x88, 0x97, 0x98, 0xEC, 0x57, 0x1F, 0x17, 0xE9, 0x94,
    0xA6, 0x61, 0x01, 0x6E, 0xCA, 0x8C, 0x06, 0x10, 0x18, 0x03, 0x20, 0x94, 0xF7, 0x48, 0xD7, 0x53,
    0xE3, 0x48, 0x08, 0x73, 0x0F, 0x1D, 0x6C, 0x37, 0x54, 0x83, 0xC1, 0x9D, 0xD9, 0xAA, 0xFD, 0xFD,
    0x2A, 0xAB, 0xAF, 0x9B, 0x9A, 0xB3, 0x84, 0x8E, 0x08, 0xF5, 0x0A, 0xB1, 0x6C, 0x42, 0x46, 0xEE,
    0xA5, 0x73, 0x63, 0x63, 0x64, 0x15, 0x53, 0x4C, 0x51, 0x44, 0x10, 0xAC, 0x84, 0x30, 0x40, 0x1C,
    0xA2, 0xC3, 0x92, 0x53, 0x11, 0x44, 0x04, 0x51, 0x45, 0x34, 0x52, 0xC4, 0xAB, 0x23, 0x10, 0x85,
    0xC7, 0x5B, 0xDF, 0x75, 0x90, 0x08, 0x43, 0x2A, 0x03, 0x3E, 0x31, 0xCE, 0xC8, 0xB8, 0x35, 0x1A,
    0x19, 0x0D, 0x76, 0xB4, 0xE8, 0xF6, 0xCC, 0xC2, 0x12, 0x82, 0x2B, 0x70, 0x79, 0x23, 0x4D, 0x44,
    0x13, 0xAC, 0x0C, 0x98, 0x62, 0x92, 0x42, 0x28, 0x2E, 0x61, 0xC9, 0x8A, 0x00, 0x80, 0x92, 0x08,
    0xAA, 0x81, 0xA1, 0x52, 0xAE, 0x30, 0x4C, 0x4F, 0x63, 0x0C, 0x9A, 0xE2, 0x3C, 0xFC, 0xE0, 0x81,
    0xB4, 0x88, 0x08, 0x95, 0x61, 0x3A, 0x4A, 0xAE, 0xA5, 0x51, 0x81, 0x81, 0x21, 0x01, 0x7A, 0xE7,
    0xAF, 0xD6, 0xD4, 0xC2, 0x06, 0x48, 0xB4, 0x5C, 0x2E, 0x61, 0x56, 0xDD, 0x09, 0xBF, 0x4C, 0xF5,
    0xCF, 0x20, 0xEF, 0xCD, 0x91, 0x89, 0x13, 0x6B, 0xD0, 0x76, 0x2A, 0x07, 0xD4, 0x78, 0xD7, 0x90,
    0xDD, 0xB7, 0x94, 0x69, 0x49, 0x4B, 0x0C, 0xC8, 0xCD, 0x06, 0x9D, 0x39, 0x25, 0x1B, 0x3A, 0x18,
    0x0A, 0x37, 0x8B, 0x0C, 0x36, 0xF0, 0x44, 0x45, 0x80, 0x81, 0x04, 0xD2, 0x1B, 0x2B, 0x4D, 0xB6,
    0x25, 0x20, 0x60, 0x24, 0x1E, 0x2D, 0x19, 0xB5, 0x34, 0x5C, 0xD7, 0xC0, 0x35, 0xDF, 0x25, 0x89,
    0xD0, 0x83, 0x88, 0x59, 0x3D, 0xBC, 0x16, 0x5A, 0xC4, 0x2C, 0x73, 0x85, 0x36, 0x3A, 0xBE, 0xD2,
    0x0E, 0x01, 0x6C, 0x86, 0x81, 0xA4, 0x7D, 0x2B, 0x1B, 0x9B, 0x4E, 0xD2, 0x76, 0xC5, 0xA3, 0xC2,
    0x6B, 0xCF, 0x7D, 0x15, 0xDB, 0x7B, 0x0E, 0x7D, 0xAD, 0xDE, 0x3D, 0x9E, 0xA1, 0x28, 0xDB, 0x7D,
    0xB0, 0x46, 0x60, 0x34, 0x94, 0xB1, 0x7D, 0xAA, 0xA5, 0xAA, 0xA5, 0xAA, 0xA5, 0x9E, 0xC6, 0x7C,
    0xA9, 0x6C, 0x02, 0x40, 0xD1, 0x17, 0xD3, 0xD7, 0xC3, 0xBD, 0x33, 0x26, 0xAE, 0x97, 0x27, 0xBC,
    0xE1, 0x72, 0x52, 0xE7, 0x6F, 0x9E, 0x81, 0xD7, 0xB6, 0x5D, 0x39, 0x88, 0x51, 0x04, 0x6E, 0x00,
    0xB4, 0xC8, 0x7B, 0xDE, 0x1E, 0xD4, 0x5C, 0xE2, 0xEB, 0xC4, 0x2E, 0xE0, 0x23, 0x24, 0x45, 0x87,
    0x2D, 0x43, 0xA4, 0x49, 0xA9, 0xD5, 0x81, 0x8B, 0x5A, 0x8D, 0x41, 0x9C, 0x08, 0x93, 0x42, 0x83,
    0x26, 0x86, 0x88, 0x21, 0x4F, 0x6D, 0x00, 0x33, 0x55, 0x1A, 0x92, 0x51, 0xC0, 0xAE, 0x62, 0x06,
    0xE7, 0x96, 0x12, 0xF0, 0xB8, 0x12, 0x38, 0x48, 0x20, 0xA7, 0x45, 0x82, 0x8D, 0x7A, 0x69, 0x42,
    0xC6, 0x37, 0xE0, 0x13, 0xF1, 0xE3, 0x6B, 0x2A, 0x1E, 0x95, 0x24, 0x5A, 0xBC, 0xB8, 0x68, 0x80,
    0xB6, 0x4E, 0xFD, 0x3E, 0x0A, 0x07, 0x46, 0x75, 0x0E, 0x75, 0xB0, 0x92, 0x2B, 0x40, 0xD9, 0x2F,
    0x50, 0x29, 0x47, 0xAA, 0x25, 0xB2, 0xF1, 0x55, 0x62, 0xC0, 0xAA, 0xB3, 0xB8, 0x56, 0x2E, 0x34,
    0xA7, 0x92, 0x21, 0x86, 0x82, 0xE1, 0xAD, 0xA0, 0x8B, 0x86, 0x14, 0xC0, 0xA8, 0x30, 0x48, 0x73,
    0x69, 0x13, 0xC0, 0x88, 0x10, 0x91, 0x7A, 0x58, 0x78, 0x0E, 0xCE, 0xF9, 0x16, 0x0E, 0x29, 0xA3,
    0x0E, 0x82, 0x86, 0xC6, 0xD2, 0xB9, 0x3A, 0x54, 0x33, 0xF5, 0xA3, 0x68, 0xDB, 0x2C, 0x5A, 0x37,
    0x4B, 0xA5, 0x01, 0xEB, 0x2D, 0x03, 0x3A, 0xAA, 0x2C, 0xC0, 0x71, 0xB7, 0x85, 0x53, 0x4D, 0x5B,
    0x6B, 0x85, 0x65, 0xD8, 0x2A, 0xDD, 0x27, 0x8D, 0x92, 0x0B, 0x48, 0x45, 0xC4, 0xE8, 0xE3, 0x28,
    0xF3, 0x4F, 0x60, 0xE4, 0xC3, 0xE8, 0x4F, 0x7F, 0x37, 0xA7, 0xA7, 0x29, 0xDB, 0x3A, 0xDE, 0x72,
    0x03, 0x60, 0x21, 0xE0, 0x44, 0x55, 0x41, 0x03, 0x0C, 0x90, 0x8C, 0xAC, 0xBE, 0x45, 0x95, 0xD7,
    0x55, 0x0E, 0x0F, 0x4F, 0xC4, 0x9F, 0x8E, 0xF4, 0x31, 0x2F, 0x5E, 0x38, 0x05, 0x53, 0xA4, 0xF6,
    0xB5, 0xAC, 0x91, 0xC4, 0x85, 0x81, 0x83, 0x41, 0x06, 0x39, 0x8C, 0x95, 0x1A, 0xA3, 0x49, 0x43,
    0x03, 0xC0, 0x38, 0x9A, 0x6D, 0xD8, 0x21, 0x39, 0xB0, 0xD8, 0x9D, 0xF5, 0x78, 0x77, 0x74, 0x61,
    0xB8, 0xE8, 0xE5, 0x96, 0x79, 0x12, 0x65, 0x53, 0x16, 0xCE, 0xD7, 0x37, 0x4D, 0xD9, 0xDD, 0x0D,
    0xC4, 0x3B, 0x98, 0x02, 0x52, 0xB8, 0x9B, 0x83, 0x3D, 0x13, 0x83, 0x3D, 0xFD, 0x61, 0xAA, 0x01,
    0x1B, 0xEA, 0x1F, 0x73, 0xF7, 0x6E, 0xA6, 0x60, 0x70, 0x19, 0x05, 0x4C, 0x2F, 0x5C, 0x22, 0xC1,
    0xA5, 0xAD, 0x30, 0xC1, 0xDD, 0x89, 0x51, 0x50, 0x58, 0x1C, 0x40, 0xA9, 0x64, 0x84, 0x20, 0xAE,
    0x88, 0xC9, 0xBF, 0x50, 0x9A, 0xB8, 0x01, 0x6F, 0x40, 0x64, 0x4F, 0x4A, 0xB0, 0x22, 0x81, 0x81,
    0x04, 0x12, 0x2C, 0x2C, 0x98, 0x30, 0x94, 0x86, 0x20, 0x10, 0x42, 0xB0, 0xA6, 0x21, 0x02, 0x31,
    0x00, 0x60, 0x04, 0x08, 0x0B, 0xEC, 0xC1, 0xCB, 0x11, 0xAA, 0x8A, 0xA4, 0xEF, 0xDC, 0x6F, 0x97,
    0xCF, 0x98, 0x28, 0x71, 0xFC, 0xC1, 0x79, 0xFA, 0x41, 0x41, 0xD4, 0xD4, 0x36, 0xF3, 0x7B, 0x1B,
    0xFF, 0x48, 0x8F, 0x0A, 0x17, 0xE9, 0x0D, 0xB6, 0x92, 0x84, 0xFD, 0xB8, 0x87, 0xB0, 0xBE, 0x45,
    0xC8, 0x0B, 0x48, 0x84, 0x24, 0x24, 0xCA, 0xC9, 0x7C, 0x3D, 0x60, 0x0E, 0xCB, 0xC9, 0x04, 0xEA,
    0x2B, 0x54, 0x05, 0xD4, 0x69, 0xB8, 0x61, 0x02, 0xBC, 0xE1, 0xCA, 0xF9, 0x26, 0xE3, 0xB2, 0x95,
    0x95, 0x6D, 0x96, 0xB7, 0x53, 0x31, 0x84, 0x3B, 0xC2, 0x2E, 0x76, 0x4C, 0xCC, 0x53, 0xAE, 0x83,
    0xC5, 0x5E, 0xDB, 0xAF, 0x46, 0x74, 0x7C, 0x89, 0xAE, 0x73, 0x14, 0x55, 0x82, 0x19, 0x5A, 0x55,
    0x8B, 0x42, 0xAB, 0xB7, 0x0D, 0x80, 0x6F, 0xDF, 0x4A, 0x02, 0xAD, 0xCE, 0x68, 0x59, 0xC4, 0x78,
    0x90, 0xC4, 0x05, 0x25, 0x5D, 0x83, 0x30, 0xE8, 0x51, 0xA8, 0x58, 0x4A, 0x29, 0xE1, 0x20, 0x6D,
    0x0D, 0xE8, 0xB4, 0xE0, 0xC1, 0x4D, 0x5A, 0x69, 0x8D, 0x0A, 0xE2, 0xC5, 0x8C, 0x45, 0x15, 0x33,
    0x5E, 0x16, 0x0A, 0xAD, 0xC9, 0x4A, 0xD6, 0xD9, 0x80, 0x6B, 0x0D, 0x82, 0xBA, 0xA0, 0x45, 0x88,
    0x36, 0x1B, 0x0B, 0x3A, 0x16, 0x18, 0x02, 0x6F, 0x08, 0x29, 0x4A, 0xB1, 0x71, 0x06, 0x1B, 0x3A,
    0xC1, 0x9C, 0x71, 0xC7, 0x26, 0xB7, 0xBC, 0xC1, 0xEA, 0x14, 0x30, 0x3C, 0xC1, 0x93, 0xA2, 0x32,
    0x31, 0x96, 0x22, 0x60, 0x66, 0x1C, 0x4E, 0x91, 0xCA, 0x6C, 0xE9, 0xC2, 0x6D, 0xA8, 0x4E, 0x69,
    0xE7, 0x83, 0x03, 0x44, 0x50, 0x45, 0x09, 0xE6, 0x9A, 0xA9, 0xCD, 0x69, 0xC0, 0x36, 0xCB, 0xA3,
    0x93, 0x36, 0x8E, 0xF6, 0x08, 0xA0, 0x12, 0x42, 0x10, 0x87, 0x17, 0x2C, 0x41, 0x0C, 0x55, 0x5E,
    0x1C, 0x46, 0xAB, 0x68, 0x47, 0x66, 0x00, 0x32, 0x66, 0x9E, 0xC2, 0x4B, 0x85, 0x1B, 0xE4, 0x36,
    0xA7, 0x18, 0xB1, 0x86, 0xDC, 0x83, 0x8E, 0x44, 0xDA, 0xF4, 0x5E, 0xB8, 0x69, 0x57, 0x86, 0x79,
    0x03, 0x5C, 0xCE, 0x10, 0xED, 0xA2, 0x96, 0x90, 0x2A, 0x29, 0xA2, 0x22, 0x26, 0xA2, 0x90, 0xD4,
    0xB9, 0x02, 0x53, 0x11, 0x04, 0xD1, 0x31, 0x48, 0x35, 0x14, 0xCC, 0x44, 0xC2, 0xD0, 0x34, 0xC4,
    0x78, 0x36, 0x50, 0x45, 0x12, 0x40, 0x13, 0x45, 0x33, 0x11, 0x30, 0x8D, 0x45, 0x15, 0x50, 0x71,
    0x17, 0x57, 0xA2, 0xEF, 0x73, 0xC9, 0x18, 0x29, 0x0A, 0x42, 0xBD, 0x83, 0xB0, 0x0D, 0x40, 0x19,
    0x90, 0x03, 0x01, 0x4C, 0xCD, 0x80, 0x74, 0x5B, 0x23, 0x61, 0x4A, 0x4A, 0x1A, 0x00, 0xE8, 0x07,
    0x89, 0x5C, 0x13, 0x43, 0x00, 0x68, 0xC2, 0x82, 0x22, 0x88, 0x8A, 0x7C, 0x59, 0x10, 0x27, 0x1E,
    0x4B, 0xDE, 0x60, 0x29, 0x93, 0x86, 0x94, 0xE7, 0x04, 0xBA, 0xA2, 0xD9, 0x5D, 0x81, 0x58, 0x0C,
    0x1C, 0x08, 0x81, 0xC3, 0xD4, 0x24, 0x69, 0xC5, 0xEE, 0x13, 0x52, 0x97, 0xA2, 0x4C, 0x82, 0x08,
    0xED, 0x99, 0x5E, 0x16, 0x4B, 0x78, 0x5A, 0xA2, 0x36, 0xC2, 0x58, 0xE8, 0x6F, 0xCB, 0x24, 0xCF,
    0x52, 0xB3, 0x1F, 0x48, 0xB3, 0x9C, 0xBE, 0x67, 0xAB, 0x49, 0x74, 0x32, 0xCD, 0x0B, 0x00, 0xF4,
    0xE6, 0x3B, 0xBB, 0xEE, 0x10, 0xDC, 0x47, 0xB3, 0xA7, 0xB9, 0xEA, 0x47, 0x7D, 0x6E, 0xDA, 0x0C,
    0x40, 0x89, 0x06, 0x99, 0xE9, 0x66, 0x44, 0x1C, 0x01, 0x80, 0x04, 0x42, 0x68, 0xBD, 0x28, 0x8F,
    0xD4, 0x49, 0x5D, 0x9B, 0xC6, 0x3C, 0x67, 0x9B, 0xCF, 0x04, 0x40, 0xE9, 0x47, 0x70, 0x8A, 0x6F,
    0x70, 0x03, 0x8B, 0x90, 0xED, 0x0C, 0x51, 0x93, 0x92, 0x5E, 0x82, 0x55, 0xC8, 0xA3, 0x5D, 0x0A,
    0xF1, 0xC1, 0xD1, 0xB3, 0x60, 0x69, 0x88, 0xD0, 0x98, 0x5D, 0x01, 0xA6, 0xB6, 0x32, 0x95, 0x77,
    0x8B, 0x84, 0x1E, 0x8C, 0xCC, 0x6C, 0xB3, 0x30, 0x04, 0x32, 0x04, 0x70, 0xCC, 0x71, 0x40, 0x93,
    0x00, 0x66, 0x55, 0xAC, 0x7C, 0xF8, 0x63, 0x51, 0x44, 0x06, 0x5D, 0xC9, 0x07, 0x5E, 0x38, 0xE3,
    0x00, 0xED, 0x5A, 0xC9, 0xA6, 0xA9, 0x78, 0x84, 0x8B, 0xD3, 0xFB, 0xC7, 0xED, 0x63, 0x27, 0x60,
    0x9F, 0x0C, 0x45, 0x2C, 0xF8, 0x08, 0x11, 0x69, 0xB8, 0x69, 0xA1, 0x0E, 0xFD, 0xD1, 0x02, 0x1E,
    0x16, 0x0F, 0x88, 0x2C, 0x1A, 0x6E, 0x41, 0x1D, 0xA7, 0x9B, 0x24, 0xBA, 0xAA, 0x9A, 0x10, 0x68,
    0x29, 0x37, 0x81, 0x8D, 0x15, 0x35, 0xDA, 0xCF, 0x3C, 0xF9, 0x4F, 0x37, 0xBA, 0xF1, 0xE4, 0xE0,
    0xF2, 0x46, 0xA6, 0x0A, 0x08, 0x89, 0x8A, 0x39, 0x11, 0x21, 0x1C, 0x08, 0x08, 0x49, 0x04, 0x9C,
    0xCD, 0x2B, 0xC7, 0xC4, 0x31, 0xBA, 0x74, 0xD2, 0xF9, 0x5C, 0x64, 0x53, 0x12, 0x00, 0x43, 0x22,
    0x3B, 0x20, 0x2F, 0x8A, 0x2F, 0x5B, 0xDC, 0x9D, 0x13, 0x47, 0xB9, 0xED, 0xE6, 0x39, 0x18, 0xE1,
    0x65, 0x78, 0xCD, 0x1A, 0x22, 0x7C, 0xAB, 0x80, 0xC0, 0xC3, 0xB2, 0x50, 0xB1, 0x00, 0x23, 0xAC,
    0x0D, 0xA3, 0xE8, 0x1F, 0xC0, 0x8F, 0xB9, 0x43, 0xCC, 0x73, 0xD5, 0xEC, 0x64, 0xFD, 0xB2, 0x27,
    0x26, 0x83, 0xB7, 0x0C, 0x74, 0x84, 0xC8, 0x0F, 0x7A, 0x27, 0xDD, 0x0F, 0x44, 0x75, 0xF8, 0x2A,
    0x41, 0x3C, 0x2D, 0x3D, 0x30, 0x3D, 0x40, 0xB4, 0x06, 0x51, 0x51, 0x5C, 0x18, 0x43, 0xE0, 0x54,
    0xF9, 0xD2, 0xC3, 0x11, 0x50, 0xC9, 0x0B, 0x29, 0x34, 0x4C, 0x29, 0x24, 0x4C, 0x8A, 0x40, 0x50,
    0x7D, 0x8F, 0x52, 0x7B, 0xE7, 0x9B, 0xDA, 0xEE, 0x3C, 0x9A, 0xF6, 0x89, 0x03, 0xE7, 0x47, 0xDC,
    0x79, 0x47, 0x29, 0x6A, 0x0F, 0x5A, 0x66, 0x3D, 0x03, 0x1E, 0x8A, 0x0D, 0x02, 0x34, 0x22, 0x7D,
    0x73, 0x30, 0x00, 0x36, 0x01, 0xBB, 0xC8, 0xB1, 0x5B, 0x0F, 0xC2, 0xBE, 0x5F, 0x4F, 0x6E, 0x09,
    0x2A, 0xD0, 0x73, 0x07, 0x1B, 0x97, 0x70, 0xD0, 0xCA, 0x4E, 0xEF, 0x8A, 0xD0, 0x40, 0x78, 0x6F,
    0xCC, 0x0F, 0x34, 0xEB, 0x87, 0x52, 0x3D, 0x84, 0xAC, 0x01, 0xD7, 0xEF, 0xA4, 0x4D, 0xC7, 0xD0,
    0xB4, 0x91, 0x6A, 0x0A, 0x03, 0xCA, 0x20, 0x2F, 0x8F, 0xD6, 0x31, 0xA6, 0xBD, 0xB5, 0x08, 0xBC,
    0x0C, 0x93, 0xE9, 0xC1, 0x53, 0x7E, 0xF3, 0x07, 0xA3, 0xCE, 0x81, 0xF6, 0xA2, 0x7C, 0xD1, 0xF2,
    0x71, 0xD7, 0xC2, 0x0F, 0x8B, 0x15, 0x59, 0x84, 0x8E, 0x0C, 0x24, 0x28, 0xB9, 0x4E, 0xBC, 0x69,
    0x71, 0xC0, 0x7D, 0x26, 0x32, 0x08, 0xB8, 0x08, 0x8C, 0xBB, 0xDF, 0xE1, 0xEA, 0xB6, 0x50, 0x84,
    0x62, 0x20, 0xEE, 0x62, 0x0A, 0xD1, 0x07, 0xDA, 0x51, 0x61, 0x39, 0x94, 0x73, 0xC2, 0xA8, 0xB5,
    0xEF, 0x34, 0x90, 0x93, 0xD3, 0x29, 0x24, 0x39, 0x5E, 0xBE, 0x4B, 0x5A, 0xD2, 0x25, 0x12, 0xA9,
    0x8A, 0xA0, 0xBD, 0x2C, 0x10, 0xF1, 0x19, 0x54, 0x1D, 0x81, 0x36, 0x39, 0xD6, 0x2C, 0x6C, 0xE5,
    0x25, 0x26, 0x8E, 0x33, 0x3D, 0x61, 0x91, 0x05, 0x69, 0x5D, 0x7C, 0xA6, 0xFB, 0xF0, 0x40, 0x12,
    0xBE, 0x6A, 0xAF, 0x53, 0x00, 0x3F, 0xCD, 0xE6, 0xCE, 0xE2, 0xBA, 0x80, 0xEB, 0x53, 0x14, 0x2D,
    0x1A, 0x2A, 0x61, 0x0D, 0x0B, 0x88, 0xB7, 0xAE, 0x15, 0xDB, 0x2A, 0x69, 0xB5, 0x1B, 0xA6, 0x12,
    0xCB, 0x2A, 0x21, 0x67, 0x5D, 0x01, 0x6C, 0x9E, 0x6B, 0x40, 0x69, 0xAE, 0xD8, 0x99, 0x1E, 0x30,
    0xED, 0x09, 0x88, 0x65, 0x87, 0x6C, 0x75, 0xD3, 0x15, 0xB6, 0x0D, 0xF1, 0x3D, 0xF1, 0x30, 0x48,
    0x80, 0x88, 0x0D, 0xDE, 0xC6, 0x08, 0x73, 0x73, 0xDE, 0x41, 0x15, 0x47, 0x64, 0xD4, 0x10, 0x04,
    0x4E, 0x04, 0xFF, 0xDE, 0xFD, 0x01, 0x6C, 0x4A, 0x30, 0x4F, 0xD9, 0x97, 0x87, 0x75, 0xD1, 0x28,
    0x80, 0x9E, 0xEC, 0x64, 0x64, 0x07, 0xD9, 0x92, 0x96, 0x81, 0xBE, 0x26, 0x06, 0xAD, 0x41, 0x4E,
    0x59, 0x06, 0x59, 0x26, 0x66, 0x15, 0x92, 0x64, 0x94, 0x94, 0x14, 0x14, 0x34, 0x94, 0x14, 0x64,
    0x14, 0x26, 0x4A, 0xE5, 0x92, 0x56, 0x4F, 0xB3, 0x1F, 0x28, 0x8E, 0x27, 0x50, 0x71, 0x01, 0xC5,
    0x90, 0x51, 0xA2, 0x54, 0x72, 0x4D, 0x4B, 0xD5, 0x63, 0xD4, 0x46, 0xA4, 0xD2, 0x46, 0x88, 0xC9,
    0x35, 0xC6, 0x26, 0x92, 0xB6, 0x98, 0x8B, 0xC4, 0x14, 0xD5, 0x25, 0x14, 0xD0, 0xD3, 0x4D, 0x25,
    0x14, 0x3A, 0x8F, 0x7A, 0x13, 0xC0, 0x58, 0xD4, 0x6F, 0x6C, 0xCD, 0xD4, 0xDB, 0x6D, 0x65, 0xA0,
    0x35, 0xA0, 0x11, 0x27, 0xC1, 0x9A, 0xEC, 0x31, 0x84, 0x12, 0xB0, 0xB4, 0x09, 0x58, 0x26, 0x11,
    0x45, 0x2B, 0xF7, 0xA0, 0x37, 0x3D, 0xA4, 0xC9, 0x72, 0x0A, 0x5E, 0xF8, 0x03, 0xAC, 0x33, 0x64,
    0xA7, 0x24, 0xBB, 0x93, 0x56, 0x49, 0x96, 0x49, 0x96, 0x49, 0x96, 0x49, 0x90, 0x19, 0x34, 0x03,
    0xBE, 0x38, 0x03, 0x34, 0xA6, 0x14, 0xDD, 0x20, 0xD1, 0x44, 0x50, 0xB6, 0xF6, 0x06, 0xB5, 0x01,
    0x8D, 0xB8, 0x03, 0x5B, 0xD8, 0x19, 0xA0, 0x31, 0xB6, 0x42, 0x9C, 0x41, 0x43, 0xCE, 0xF1, 0x4D,
    0x43, 0x87, 0x6E, 0xC3, 0xA6, 0x74, 0x60, 0x20, 0xC0, 0x09, 0xFB, 0xD8, 0x7D, 0xE8, 0xA3, 0xFB,
    0x21, 0xDA, 0x55, 0x54, 0x90, 0x30, 0x73, 0x8C, 0x8F, 0x40, 0x79, 0xCE, 0xD3, 0xCE, 0x79, 0x40,
    0x9E, 0x2D, 0x2A, 0x8B, 0x83, 0xC8, 0xF2, 0x8F, 0xA7, 0xDC, 0x56, 0x35, 0x55, 0x28, 0x87, 0x3E,
    0x18, 0x86, 0x00, 0x91, 0x61, 0x66, 0x70, 0x60, 0xC0, 0x54, 0x45, 0x65, 0x6A, 0x34, 0x4C, 0x2C,
    0x08, 0x49, 0x6C, 0x80, 0xE8, 0x6E, 0x0F, 0xB6, 0xB8, 0x67, 0xF5, 0x38, 0xDF, 0x4A, 0xF7, 0x65,
    0xAE, 0x61, 0xF0, 0xE7, 0x96, 0x99, 0x68, 0x19, 0x2A, 0x97, 0x4A, 0x04, 0x29, 0x40, 0x0F, 0xDC,
    0xF9, 0x7E, 0x1E, 0x45, 0x79, 0x50, 0x1F, 0xD4, 0x22, 0xAA, 0x20, 0x98, 0x9B, 0x9F, 0x7D, 0xF9,
    0x07, 0xD3, 0x6B, 0xD9, 0x3E, 0x84, 0x3A, 0xF0, 0x09, 0xC5, 0xA6, 0x81, 0xB1, 0x24, 0x92, 0x49,
    0xC7, 0x67, 0xAE, 0x2B, 0x86, 0x14, 0x41, 0x55, 0xF8, 0xAE, 0x3C, 0x91, 0xF1, 0xC3, 0xDE, 0x38,
    0x3D, 0xE9, 0x51, 0x2B, 0x14, 0xC4, 0x30, 0x87, 0xEB, 0x88, 0x7F, 0xF8, 0xBB, 0x92, 0x29, 0xC2,
    0x84, 0x82, 0x80, 0xBD, 0x16, 0x58, 0x00, 0x00, 0x00, 0x00, 0x00, 0x00, 0x00, 0x00, 0x00, 0x00,
    0x00, 0x00, 0x00, 0x00, 0x00, 0x00, 0x00, 0x00, 0x00, 0x00, 0x00, 0x00, 0x00, 0x00, 0x00, 0x00,
    0x00, 0x00, 0x00, 0x00, 0x00, 0x00, 0x00, 0x00, 0x00, 0x00, 0x00, 0x00, 0x00, 0x00, 0x00, 0x00,
    0x00, 0x00, 0x00, 0x00, 0x00, 0x00, 0x00, 0x00, 0x00, 0x00, 0x00, 0x00, 0x00, 0x00, 0x00, 0x00,
    0x00, 0x00, 0x00, 0x00, 0x00, 0x00, 0x00, 0x00, 0x00, 0x00, 0x00, 0x00, 0x00, 0x00, 0x00, 0x00,
    0x00, 0x00, 0x00, 0x00, 0x00, 0x00, 0x00, 0x00, 0x00, 0x00, 0x00, 0x00, 0x00, 0x00, 0x00, 0x00,
    0x00, 0x00, 0x00, 0x00, 0x00, 0x00, 0x00, 0x00, 0x00, 0x00, 0x00, 0x00, 0x00, 0x00, 0x00, 0x00,
    0x00, 0x00, 0x00, 0x00, 0x00, 0x00, 0x00, 0x00, 0x00, 0x00, 0x00, 0x00, 0x00, 0x00, 0x00, 0x00,
    0x00, 0x00, 0x00, 0x00, 0x00, 0x00, 0x00, 0x00, 0x00, 0x00, 0x00, 0x00, 0x00, 0x00, 0x00, 0x00,
    0x00, 0x00, 0x00, 0x00, 0x00, 0x00, 0x00, 0x00, 0x00, 0x00, 0x00, 0x00, 0x00, 0x00, 0x00, 0x00,
    0x00, 0x00, 0x00, 0x00, 0x00, 0x00, 0x00, 0x00, 0x00, 0x00, 0x00, 0x00, 0x00, 0x00, 0x00, 0x00,
    0x00, 0x00, 0x00, 0x00, 0x00, 0x00, 0x00, 0x00, 0x00, 0x00, 0x00, 0x00, 0x00, 0x00, 0x00, 0x00,
    0x00, 0x00, 0x00, 0x00, 0x00, 0x00, 0x00, 0x00, 0x00, 0x00, 0x00, 0x00, 0x00, 0x00, 0x00, 0x00,
    0x00, 0x00, 0x00, 0x00, 0x00, 0x00, 0x00, 0x00, 0x00, 0x00, 0x00, 0x00, 0x00, 0x00, 0x00, 0x00,
    0x00, 0x00, 0x00, 0x00, 0x00, 0x00, 0x00, 0x00, 0x00, 0x00, 0x00, 0x00, 0x00, 0x00, 0x00, 0x00,
    0x00, 0x00, 0x00, 0x00, 0x00, 0x00, 0x00, 0x00, 0x00, 0x00, 0x00, 0x00, 0x00, 0x00, 0x00, 0x00,
    0x00, 0x00, 0x00, 0x00, 0x00, 0x00, 0x00, 0x00, 0x00, 0x00, 0x00, 0x00, 0x00, 0x00, 0x00, 0x00,
    0x00, 0x00, 0x00, 0x00, 0x00, 0x00, 0x00, 0x00, 0x00, 0x00, 0x00, 0x00, 0x00, 0x00, 0x00, 0x00,
    0x00, 0x00, 0x00, 0x00, 0x00, 0x00, 0x00, 0x00, 0x00, 0x00, 0x00, 0x00, 0x00, 0x00, 0x00, 0x00,
    0x00, 0x00, 0x00, 0x00, 0x00, 0x00, 0x00, 0x00, 0x00, 0x00, 0x00, 0x00, 0x00, 0x00, 0x00, 0x00,
    0x00, 0x00, 0x00, 0x00, 0x00, 0x00, 0x00, 0x00, 0x00, 0x00, 0x00, 0x00, 0x00, 0x00, 0x00, 0x00,
    0x00, 0x00, 0x00, 0x00, 0x00, 0x00, 0x00, 0x00, 0x00, 0x00, 0x00, 0x00, 0x00, 0x00, 0x00, 0x00,
    0x00, 0x00, 0x00, 0x00, 0x00, 0x00, 0x00, 0x00, 0x00, 0x00, 0x00, 0x00, 0x00, 0x00, 0x00, 0x00,
    0x00, 0x00, 0x00, 0x00, 0x00, 0x00, 0x00, 0x00, 0x00, 0x00, 0x00, 0x00, 0x00, 0x00, 0x00, 0x00,
    0x00, 0x00, 0x00, 0x00, 0x00, 0x00, 0x00, 0x00, 0x00, 0x00, 0x00, 0x00, 0x00, 0x00, 0x00, 0x00,
    0x00, 0x00, 0x00, 0x00, 0x00, 0x00, 0x00, 0x00, 0x00, 0x00, 0x00, 0x00, 0x00, 0x00, 0x00, 0x00,
    0x00, 0x00, 0x00, 0x00, 0x00, 0x00, 0x00, 0x00, 0x00, 0x00, 0x00, 0x00, 0x00, 0x00, 0x00, 0x00,
    0x00, 0x00, 0x00, 0x00, 0x00, 0x00, 0x00, 0x00, 0x00, 0x00, 0x00, 0x00, 0x00, 0x00, 0x00, 0x00,
    0x00, 0x00, 0x00, 0x00, 0x00, 0x00, 0x00, 0x00, 0x00, 0x00, 0x00, 0x00, 0x00, 0x00, 0x00, 0x00,
    0x00, 0x00, 0x00, 0x00, 0x00, 0x00, 0x00, 0x00, 0x00, 0x00, 0x00, 0x00, 0x00, 0x00, 0x00, 0x00,
    0x00, 0x00, 0x00, 0x00, 0x00, 0x00, 0x00, 0x00, 0x00, 0x00, 0x00, 0x00, 0x00, 0x00, 0x00, 0x00,
    0x00, 0x00, 0x00, 0x00, 0x00, 0x00, 0x00, 0x00, 0x00, 0x00, 0x00, 0x00, 0x00, 0x00, 0x00, 0x00,
    0x00, 0x00, 0x00, 0x00, 0x00, 0x00, 0x00, 0x00, 0x00, 0x00, 0x00, 0x00, 0x00, 0x00, 0x00, 0x00,
    0x00, 0x00, 0x00, 0x00, 0x00, 0x00, 0x00, 0x00, 0x00, 0x00, 0x00, 0x00, 0x00, 0x00, 0x00, 0x00,
    0x00, 0x00, 0x00, 0x00, 0x00, 0x00, 0x00, 0x00, 0x00, 0x00, 0x00, 0x00, 0x00, 0x00, 0x00, 0x00,
    0x00, 0x00, 0x00, 0x00, 0x00, 0x00, 0x00, 0x00, 0x00, 0x00, 0x00, 0x00, 0x00, 0x00, 0x00, 0x00,
    0x00, 0x00, 0x00, 0x00, 0x00, 0x00, 0x00, 0x00, 0x00, 0x00, 0x00, 0x00, 0x00, 0x00, 0x00, 0x00,
    0x00, 0x00, 0x00, 0x00, 0x00, 0x00, 0x00, 0x00, 0x00, 0x00, 0x00, 0x00, 0x00, 0x00, 0x00, 0x00,
    0x00, 0x00, 0x00, 0x00, 0x00, 0x00, 0x00, 0x00, 0x00, 0x00, 0x00, 0x00, 0x00, 0x00, 0x00, 0x00,
    0x00, 0x00, 0x00, 0x00, 0x00, 0x00, 0x00, 0x00, 0x00, 0x00, 0x00, 0x00, 0x00, 0x00, 0x00, 0x00,
    0x00, 0x00, 0x00, 0x00, 0x00, 0x00, 0x00, 0x00, 0x00, 0x00, 0x00, 0x00, 0x00, 0x00, 0x00, 0x00,
    0x00, 0x00, 0x00, 0x00, 0x00, 0x00, 0x00, 0x00, 0x00, 0x00, 0x00, 0x00, 0x00, 0x00, 0x00, 0x00,
    0x00, 0x00, 0x00, 0x00, 0x00, 0x00, 0x00, 0x00, 0x00, 0x00, 0x00, 0x00, 0x00, 0x00, 0x00, 0x00,
    0x00, 0x00, 0x00, 0x00, 0x00, 0x00, 0x00, 0x00, 0x00, 0x00, 0x00, 0x00, 0x00, 0x00, 0x00, 0x00,
    0x00, 0x00, 0x00, 0x00, 0x00, 0x00, 0x00, 0x00, 0x00, 0x00, 0x00, 0x00, 0x00, 0x00, 0x00, 0x00,
    0x00, 0x00, 0x00, 0x00, 0x00, 0x00, 0x00, 0x00, 0x00, 0x00, 0x00, 0x00, 0x00, 0x00, 0x00, 0x00,
    0x00, 0x00, 0x00, 0x00, 0x00, 0x00, 0x00, 0x00, 0x00, 0x00, 0x00, 0x00, 0x00, 0x00, 0x00, 0x00,
    0x00, 0x00, 0x00, 0x00, 0x00, 0x00, 0x00, 0x00, 0x00, 0x00, 0x00, 0x00, 0x00, 0x00, 0x00, 0x00,
    0x00, 0x00, 0x00, 0x00, 0x00, 0x00, 0x00, 0x00, 0x00, 0x00, 0x00, 0x00, 0x00, 0x00, 0x00, 0x00,
    0x00, 0x00, 0x00, 0x00, 0x00, 0x00, 0x00, 0x00, 0x00, 0x00, 0x00, 0x00, 0x00, 0x00, 0x00, 0x00,
    0x00, 0x00, 0x00, 0x00, 0x00, 0x00, 0x00, 0x00, 0x00, 0x00, 0x00, 0x00, 0x00, 0x00, 0x00, 0x00,
    0x00, 0x00, 0x00, 0x00, 0x00, 0x00, 0x00, 0x00, 0x00, 0x00, 0x00, 0x00, 0x00, 0x00, 0x00, 0x00,
    0x00, 0x00, 0x00, 0x00, 0x00, 0x00, 0x00, 0x00, 0x00, 0x00, 0x00, 0x00, 0x00, 0x00, 0x00, 0x00,
    0x00, 0x00, 0x00, 0x00, 0x00, 0x00, 0x00, 0x00, 0x00, 0x00, 0x00, 0x00, 0x00, 0x00, 0x00, 0x00,
    0x00, 0x00, 0x00, 0x00, 0x00, 0x00, 0x00, 0x00, 0x00, 0x00, 0x00, 0x00, 0x00, 0x00, 0x00, 0x00,
    0x00, 0x00, 0x00, 0x00, 0x00, 0x00, 0x00, 0x00, 0x00, 0x00, 0x00, 0x00, 0x00, 0x00, 0x00, 0x00,
    0x00, 0x00, 0x00, 0x00, 0x00, 0x00, 0x00, 0x00, 0x00, 0x00, 0x00, 0x00, 0x00, 0x00, 0x00, 0x00,
    0x00, 0x00, 0x00, 0x00, 0x00, 0x00, 0x00, 0x00, 0x00, 0x00, 0x00, 0x00, 0x00, 0x00, 0x00, 0x00,
    0x00, 0x00, 0x00, 0x00, 0x00, 0x00, 0x00, 0x00, 0x00, 0x00, 0x00, 0x00, 0x00, 0x00, 0x00, 0x00,
    0x00, 0x00, 0x00, 0x00, 0x00, 0x00, 0x00, 0x00, 0x00, 0x00, 0x00, 0x00, 0x00, 0x00, 0x00, 0x00,
    0x00, 0x00, 0x00, 0x00, 0x00, 0x00, 0x00, 0x00, 0x00, 0x00, 0x00, 0x00, 0x00, 0x00, 0x00, 0x00,
    0x00, 0x00, 0x00, 0x00, 0x00, 0x00, 0x00, 0x00, 0x00, 0x00, 0x00, 0x00, 0x00, 0x00, 0x00, 0x00,
    0x00, 0x00, 0x00, 0x00, 0x00, 0x00, 0x00, 0x00, 0x00, 0x00, 0x00, 0x00, 0x00, 0x00, 0x00, 0x00,
    0x00, 0x00, 0x00, 0x00, 0x00, 0x00, 0x00, 0x00, 0x00, 0x00, 0x00, 0x00, 0x00, 0x00, 0x00, 0x00,
    0x00, 0x00, 0x00, 0x00, 0x00, 0x00, 0x00, 0x00, 0x00, 0x00, 0x00, 0x00, 0x00, 0x00, 0x00, 0x00,
    0x00, 0x00, 0x00, 0x00, 0x00, 0x00, 0x00, 0x00, 0x00, 0x00, 0x00, 0x00, 0x00, 0x00, 0x00, 0x00,
    0x00, 0x00, 0x00, 0x00, 0x00, 0x00, 0x00, 0x00, 0x00, 0x00, 0x00, 0x00, 0x00, 0x00, 0x00, 0x00,
    0x00, 0x00, 0x00, 0x00, 0x00, 0x00, 0x00, 0x00, 0x00, 0x00, 0x00, 0x00, 0x00, 0x00, 0x00, 0x00,
    0x00, 0x00, 0x00, 0x00, 0x00, 0x00, 0x00, 0x00, 0x00, 0x00, 0x00, 0x00, 0x00, 0x00, 0x00, 0x00,
    0x00, 0x00, 0x00, 0x00, 0x00, 0x00, 0x00, 0x00, 0x00, 0x00, 0x00, 0x00, 0x00, 0x00, 0x00, 0x00,
    0x00, 0x00, 0x00, 0x00, 0x00, 0x00, 0x00, 0x00, 0x00, 0x00, 0x00, 0x00, 0x00, 0x00, 0x00, 0x00,
    0x00, 0x00, 0x00, 0x00, 0x00, 0x00, 0x00, 0x00, 0x00, 0x00, 0x00, 0x00, 0x00, 0x00, 0x00, 0x00,
    0x00, 0x00, 0x00, 0x00, 0x00, 0x00, 0x00, 0x00, 0x00, 0x00, 0x00, 0x00, 0x00, 0x00, 0x00, 0x00,
    0x00, 0x00, 0x00, 0x00, 0x00, 0x00, 0x00, 0x00, 0x00, 0x00, 0x00, 0x00, 0x00, 0x00, 0x00, 0x00,
    0x00, 0x00, 0x00, 0x00, 0x00, 0x00, 0x00, 0x00, 0x00, 0x00, 0x00, 0x00, 0x00, 0x00, 0x00, 0x00,
    0x00, 0x00, 0x00, 0x00, 0x00, 0x00, 0x00, 0x00, 0x00, 0x00, 0x00, 0x00, 0x00, 0x00, 0x00, 0x00,
    0x00, 0x00, 0x00, 0x00, 0x00, 0x00, 0x00, 0x00, 0x00, 0x00, 0x00, 0x00, 0x00, 0x00, 0x00, 0x00,
    0x00, 0x00, 0x00, 0x00, 0x00, 0x00, 0x00, 0x00, 0x00, 0x00, 0x00, 0x00, 0x00, 0x00, 0x00, 0x00,
    0x00, 0x00, 0x00, 0x00, 0x00, 0x00, 0x00, 0x00, 0x00, 0x00, 0x00, 0x00, 0x00, 0x00, 0x00, 0x00,
    0x00, 0x00, 0x00, 0x00, 0x00, 0x00, 0x00, 0x00, 0x00, 0x00, 0x00, 0x00, 0x00, 0x00, 0x00, 0x00,
    0x00, 0x00, 0x00, 0x00, 0x00, 0x00, 0x00, 0x00, 0x00, 0x00, 0x00, 0x00, 0x00, 0x00, 0x00, 0x00,
    0x00, 0x00, 0x00, 0x00, 0x00, 0x00, 0x00, 0x00, 0x00, 0x00, 0x00, 0x00, 0x00, 0x00, 0x00, 0x00,
    0x00, 0x00, 0x00, 0x00, 0x00, 0x00, 0x00, 0x00, 0x00, 0x00, 0x00, 0x00, 0x00, 0x00, 0x00, 0x00,
    0x00, 0x00, 0x00, 0x00, 0x00, 0x00, 0x00, 0x00, 0x00, 0x00, 0x00, 0x00, 0x00, 0x00, 0x00, 0x00,
    0x00, 0x00, 0x00, 0x00, 0x00, 0x00, 0x00, 0x00, 0x00, 0x00, 0x00, 0x00, 0x00, 0x00, 0x00, 0x00,
    0x00, 0x00, 0x00, 0x00, 0x00, 0x00, 0x00, 0x00, 0x00, 0x00, 0x00, 0x00, 0x00, 0x00, 0x00, 0x00,
    0x00, 0x00, 0x00, 0x00, 0x00, 0x00, 0x00, 0x00, 0x00, 0x00, 0x00, 0x00, 0x00, 0x00, 0x00, 0x00,
    0x00, 0x00, 0x00, 0x00, 0x00, 0x00, 0x00, 0x00, 0x00, 0x00, 0x00, 0x00, 0x00, 0x00, 0x00, 0x00,
    0x00, 0x00, 0x00, 0x00, 0x00, 0x00, 0x00, 0x00, 0x00, 0x00, 0x00, 0x00, 0x00, 0x00, 0x00, 0x00,
    0x00, 0x00, 0x00, 0x00, 0x00, 0x00, 0x00, 0x00, 0x00, 0x00, 0x00, 0x00, 0x00, 0x00, 0x00, 0x00,
    0x00, 0x00, 0x00, 0x00, 0x00, 0x00, 0x00, 0x00, 0x00, 0x00, 0x00, 0x00, 0x00, 0x00, 0x00, 0x00,
    0x00, 0x00, 0x00, 0x00, 0x00, 0x00, 0x00, 0x00, 0x00, 0x00, 0x00, 0x00, 0x00, 0x00, 0x00, 0x00,
    0x00, 0x00, 0x00, 0x00, 0x00, 0x00, 0x00, 0x00, 0x00, 0x00, 0x00, 0x00, 0x00, 0x00, 0x00, 0x00,
    0x00, 0x00, 0x00, 0x00, 0x00, 0x00, 0x00, 0x00, 0x00, 0x00, 0x00, 0x00, 0x00, 0x00, 0x00, 0x00,
    0x00, 0x00, 0x00, 0x00, 0x00, 0x00, 0x00, 0x00, 0x00, 0x00, 0x00, 0x00, 0x00, 0x00, 0x00, 0x00,
    0x00, 0x00, 0x00, 0x00, 0x00, 0x00, 0x00, 0x00, 0x00, 0x00, 0x00, 0x00, 0x00, 0x00, 0x00, 0x00,
    0x00, 0x00, 0x00, 0x00, 0x00, 0x00, 0x00, 0x00, 0x00, 0x00, 0x00, 0x00, 0x00, 0x00, 0x00, 0x00,
    0x00, 0x00, 0x00, 0x00, 0x00, 0x00, 0x00, 0x00, 0x00, 0x00, 0x00, 0x00, 0x00, 0x00, 0x00, 0x00,
    0x00, 0x00, 0x00, 0x00, 0x00, 0x00, 0x00, 0x00, 0x00, 0x00, 0x00, 0x00, 0x00, 0x00, 0x00, 0x00,
    0x00, 0x00, 0x00, 0x00, 0x00, 0x00, 0x00, 0x00, 0x00, 0x00, 0x00, 0x00, 0x00, 0x00, 0x00, 0x00,
    0x00, 0x00, 0x00, 0x00, 0x00, 0x00, 0x00, 0x00, 0x00, 0x00, 0x00, 0x00, 0x00, 0x00, 0x00, 0x00,
    0x00, 0x00, 0x00, 0x00, 0x00, 0x00, 0x00, 0x00, 0x00, 0x00, 0x00, 0x00, 0x00, 0x00, 0x00, 0x00,
    0x00, 0x00, 0x00, 0x00, 0x00, 0x00, 0x00, 0x00, 0x00, 0x00, 0x00, 0x00, 0x00, 0x00, 0x00, 0x00,
    0x00, 0x00, 0x00, 0x00, 0x00, 0x00, 0x00, 0x00, 0x00, 0x00, 0x00, 0x00, 0x00, 0x00, 0x00, 0x00,
    0x00, 0x00, 0x00, 0x00, 0x00, 0x00, 0x00, 0x00, 0x00, 0x00, 0x00, 0x00, 0x00, 0x00, 0x00, 0x00,
    0x00, 0x00, 0x00, 0x00, 0x00, 0x00, 0x00, 0x00, 0x00, 0x00, 0x00, 0x00, 0x00, 0x00, 0x00, 0x00,
    0x00, 0x00, 0x00, 0x00, 0x00, 0x00, 0x00, 0x00, 0x00, 0x00, 0x00, 0x00, 0x00, 0x00, 0x00, 0x00,
    0x00, 0x00, 0x00, 0x00, 0x00, 0x00, 0x00, 0x00, 0x00, 0x00, 0x00, 0x00, 0x00, 0x00, 0x00, 0x00,
    0x00, 0x00, 0x00, 0x00, 0x00, 0x00, 0x00, 0x00, 0x00, 0x00, 0x00, 0x00, 0x00, 0x00, 0x00, 0x00,
    0x00, 0x00, 0x00, 0x00, 0x00, 0x00, 0x00, 0x00, 0x00, 0x00, 0x00, 0x00, 0x00, 0x00, 0x00, 0x00,
    0x00, 0x00, 0x00, 0x00, 0x00, 0x00, 0x00, 0x00, 0x00, 0x00, 0x00, 0x00, 0x00, 0x00, 0x00, 0x00,
    0x00, 0x00, 0x00, 0x00, 0x00, 0x00, 0x00, 0x00, 0x00, 0x00, 0x00, 0x00, 0x00, 0x00, 0x00, 0x00,
    0x00, 0x00, 0x00, 0x00, 0x00, 0x00, 0x00, 0x00, 0x00, 0x00, 0x00, 0x00, 0x00, 0x00, 0x00, 0x00,
    0x00, 0x00, 0x00, 0x00, 0x00, 0x00, 0x00, 0x00, 0x00, 0x00, 0x00, 0x00, 0x00, 0x00, 0x00, 0x00,
    0x00, 0x00, 0x00, 0x00, 0x00, 0x00, 0x00, 0x00, 0x00, 0x00, 0x00, 0x00, 0x00, 0x00, 0x00, 0x00,
    0x00, 0x00, 0x00, 0x00, 0x00, 0x00, 0x00, 0x00, 0x00, 0x00, 0x00, 0x00, 0x00, 0x00, 0x00, 0x00,
    0x00, 0x00, 0x00, 0x00, 0x00, 0x00, 0x00, 0x00, 0x00, 0x00, 0x00, 0x00, 0x00, 0x00, 0x00, 0x00,
    0x00, 0x00, 0x00, 0x00, 0x00, 0x00, 0x00, 0x00, 0x00, 0x00, 0x00, 0x00, 0x00, 0x00, 0x00, 0x00,
    0x00, 0x00, 0x00, 0x00, 0x00, 0x00, 0x00, 0x00, 0x00, 0x00, 0x00, 0x00, 0x00, 0x00, 0x00, 0x00,
    0x00, 0x00, 0x00, 0x00, 0x00, 0x00, 0x00, 0x00, 0x00, 0x00, 0x00, 0x00, 0x00, 0x00, 0x00, 0x00,
    0x00, 0x00, 0x00, 0x00, 0x00, 0x00, 0x00, 0x00, 0x00, 0x00, 0x00, 0x00, 0x00, 0x00, 0x00, 0x00,
    0x00, 0x00, 0x00, 0x00, 0x00, 0x00, 0x00, 0x00, 0x00, 0x00, 0x00, 0x00, 0x00, 0x00, 0x00, 0x00,
    0x00, 0x00, 0x00, 0x00, 0x00, 0x00, 0x00, 0x00, 0x00, 0x00, 0x00, 0x00, 0x00, 0x00, 0x00, 0x00,
    0x00, 0x00, 0x00, 0x00, 0x00, 0x00, 0x00, 0x00, 0x00, 0x00, 0x00, 0x00, 0x00, 0x00, 0x00, 0x00,
    0x00, 0x00, 0x00, 0x00, 0x00, 0x00, 0x00, 0x00, 0x00, 0x00, 0x00, 0x00, 0x00, 0x00, 0x00, 0x00,
    0x00, 0x00, 0x00, 0x00, 0x00, 0x00, 0x00, 0x00, 0x00, 0x00, 0x00, 0x00, 0x00, 0x00, 0x00, 0x00,
    0x00, 0x00, 0x00, 0x00, 0x00, 0x00, 0x00, 0x00, 0x00, 0x00, 0x00, 0x00, 0x00, 0x00, 0x00, 0x00,
    0x00, 0x00, 0x00, 0x00, 0x00, 0x00, 0x00, 0x00, 0x00, 0x00, 0x00, 0x00, 0x00, 0x00, 0x00, 0x00,
    0x00, 0x00, 0x00, 0x00, 0x00, 0x00, 0x00, 0x00, 0x00, 0x00, 0x00, 0x00, 0x00, 0x00, 0x00, 0x00,
    0x00, 0x00, 0x00, 0x00, 0x00, 0x00, 0x00, 0x00, 0x00, 0x00, 0x00, 0x00, 0x00, 0x00, 0x00, 0x00,
    0x00, 0x00, 0x00, 0x00, 0x00, 0x00, 0x00, 0x00, 0x00, 0x00, 0x00, 0x00, 0x00, 0x00, 0x00, 0x00,
    0x00, 0x00, 0x00, 0x00, 0x00, 0x00, 0x00, 0x00, 0x00, 0x00, 0x00, 0x00, 0x00, 0x00, 0x00, 0x00,
    0x00, 0x00, 0x00, 0x00, 0x00, 0x00, 0x00, 0x00, 0x00, 0x00, 0x00, 0x00, 0x00, 0x00, 0x00, 0x00,
    0x00, 0x00, 0x00, 0x00, 0x00, 0x00, 0x00, 0x00, 0x00, 0x00, 0x00, 0x00, 0x00, 0x00, 0x00, 0x00,
    0x00, 0x00, 0x00, 0x00, 0x00, 0x00, 0x00, 0x00, 0x00, 0x00, 0x00, 0x00, 0x00, 0x00, 0x00, 0x00,
    0x00, 0x00, 0x00, 0x00, 0x00, 0x00, 0x00, 0x00, 0x00, 0x00, 0x00, 0x00, 0x00, 0x00, 0x00, 0x00,
    0x00, 0x00, 0x00, 0x00, 0x00, 0x00, 0x00, 0x00, 0x00, 0x00, 0x00, 0x00, 0x00, 0x00, 0x00, 0x00,
    0x00, 0x00, 0x00, 0x00, 0x00, 0x00, 0x00, 0x00, 0x00, 0x00, 0x00, 0x00, 0x00, 0x00, 0x00, 0x00,
    0x00, 0x00, 0x00, 0x00, 0x00, 0x00, 0x00, 0x00, 0x00, 0x00, 0x00, 0x00, 0x00, 0x00, 0x00, 0x00,
    0x00, 0x00, 0x00, 0x00, 0x00, 0x00, 0x00, 0x00, 0x00, 0x00, 0x00, 0x00, 0x00, 0x00, 0x00, 0x00,
    0x00, 0x00, 0x00, 0x00, 0x00, 0x00, 0x00, 0x00, 0x00, 0x00, 0x00, 0x00, 0x00, 0x00, 0x00, 0x00,
    0x00, 0x00, 0x00, 0x00, 0x00, 0x00, 0x00, 0x00, 0x00, 0x00, 0x00, 0x00, 0x00, 0x00, 0x00, 0x00,
    0x00, 0x00, 0x00, 0x00, 0x00, 0x00, 0x00, 0x00, 0x00, 0x00, 0x00, 0x00, 0x00, 0x00, 0x00, 0x00,
    0x00, 0x00, 0x00, 0x00, 0x00, 0x00, 0x00, 0x00, 0x00, 0x00, 0x00, 0x00, 0x00, 0x00, 0x00, 0x00,
    0x00, 0x00, 0x00, 0x00, 0x00, 0x00, 0x00, 0x00, 0x00, 0x00, 0x00, 0x00, 0x00, 0x00, 0x00, 0x00,
    0x00, 0x00, 0x00, 0x00, 0x00, 0x00, 0x00, 0x00, 0x00, 0x00, 0x00, 0x00, 0x00, 0x00, 0x00, 0x00,
    0x00, 0x00, 0x00, 0x00, 0x00, 0x00, 0x00, 0x00, 0x00, 0x00, 0x00, 0x00, 0x00, 0x00, 0x00, 0x00,
    0x00, 0x00, 0x00, 0x00, 0x00, 0x00, 0x00, 0x00, 0x00, 0x00, 0x00, 0x00, 0x00, 0x00, 0x00, 0x00,
    0x00, 0x00, 0x00, 0x00, 0x00, 0x00, 0x00, 0x00, 0x00, 0x00, 0x00, 0x00, 0x00, 0x00, 0x00, 0x00,
    0x00, 0x00, 0x00, 0x00, 0x00, 0x00, 0x00, 0x00, 0x00, 0x00, 0x00, 0x00, 0x00, 0x00, 0x00, 0x00,
    0x00, 0x00, 0x00, 0x00, 0x00, 0x00, 0x00, 0x00, 0x00, 0x00, 0x00, 0x00, 0x00, 0x00, 0x00, 0x00,
    0x00, 0x00, 0x00, 0x00, 0x00, 0x00, 0x00, 0x00, 0x00, 0x00, 0x00, 0x00, 0x00, 0x00, 0x00, 0x00,
    0x00, 0x00, 0x00, 0x00, 0x00, 0x00, 0x00, 0x00, 0x00, 0x00, 0x00, 0x00, 0x00, 0x00, 0x00, 0x00,
    0x00, 0x00, 0x00, 0x00, 0x00, 0x00, 0x00, 0x00, 0x00, 0x00, 0x00, 0x00, 0x00, 0x00, 0x00, 0x00,
    0x00, 0x00, 0x00, 0x00, 0x00, 0x00, 0x00, 0x00, 0x00, 0x00, 0x00, 0x00, 0x00, 0x00, 0x00, 0x00,
    0x00, 0x00, 0x00, 0x00, 0x00, 0x00, 0x00, 0x00, 0x00, 0x00, 0x00, 0x00, 0x00, 0x00, 0x00, 0x00,
    0x00, 0x00, 0x00, 0x00, 0x00, 0x00, 0x00, 0x00, 0x00, 0x00, 0x00, 0x00, 0x00, 0x00, 0x00, 0x00,
    0x00, 0x00, 0x00, 0x00, 0x00, 0x00, 0x00, 0x00, 0x00, 0x00, 0x00, 0x00, 0x00, 0x00, 0x00, 0x00,
    0x00, 0x00, 0x00, 0x00, 0x00, 0x00, 0x00, 0x00, 0x00, 0x00, 0x00, 0x00, 0x00, 0x00, 0x00, 0x00,
    0x00, 0x00, 0x00, 0x00, 0x00, 0x00, 0x00, 0x00, 0x00, 0x00, 0x00, 0x00, 0x00, 0x00, 0x00, 0x00,
    0x00, 0x00, 0x00, 0x00, 0x00, 0x00, 0x00, 0x00, 0x00, 0x00, 0x00, 0x00, 0x00, 0x00, 0x00, 0x00,
    0x00, 0x00, 0x00, 0x00, 0x00, 0x00, 0x00, 0x00, 0x00, 0x00, 0x00, 0x00, 0x00, 0x00, 0x00, 0x00,
    0x00, 0x00, 0x00, 0x00, 0x00, 0x00, 0x00, 0x00, 0x00, 0x00, 0x00, 0x00, 0x00, 0x00, 0x00, 0x00,
    0x00, 0x00, 0x00, 0x00, 0x00, 0x00, 0x00, 0x00, 0x00, 0x00, 0x00, 0x00, 0x00, 0x00, 0x00, 0x00,
    0x00, 0x00, 0x00, 0x00, 0x00, 0x00, 0x00, 0x00, 0x00, 0x00, 0x00, 0x00, 0x00, 0x00, 0x00, 0x00,
    0x00, 0x00, 0x00, 0x00, 0x00, 0x00, 0x00, 0x00, 0x00, 0x00, 0x00, 0x00, 0x00, 0x00, 0x00, 0x00,
    0x00, 0x00, 0x00, 0x00, 0x00, 0x00, 0x00, 0x00, 0x00, 0x00, 0x00, 0x00, 0x00, 0x00, 0x00, 0x00,
    0x00, 0x00, 0x00, 0x00, 0x00, 0x00, 0x00, 0x00, 0x00, 0x00, 0x00, 0x00, 0x00, 0x00, 0x00, 0x00,
    0x00, 0x00, 0x00, 0x00, 0x00, 0x00, 0x00, 0x00, 0x00, 0x00, 0x00, 0x00, 0x00, 0x00, 0x00, 0x00,
    0x00, 0x00, 0x00, 0x00, 0x00, 0x00, 0x00, 0x00, 0x00, 0x00, 0x00, 0x00, 0x00, 0x00, 0x00, 0x00,
    0x00, 0x00, 0x00, 0x00, 0x00, 0x00, 0x00, 0x00, 0x00, 0x00, 0x00, 0x00, 0x00, 0x00, 0x00, 0x00,
    0x00, 0x00, 0x00, 0x00, 0x00, 0x00, 0x00, 0x00, 0x00, 0x00, 0x00, 0x00, 0x00, 0x00, 0x00, 0x00,
    0x00, 0x00, 0x00, 0x00, 0x00, 0x00, 0x00, 0x00, 0x00, 0x00, 0x00, 0x00, 0x00, 0x00, 0x00, 0x00,
    0x00, 0x00, 0x00, 0x00, 0x00, 0x00, 0x00, 0x00, 0x00, 0x00, 0x00, 0x00, 0x00, 0x00, 0x00, 0x00,
    0x00, 0x00, 0x00, 0x00, 0x00, 0x00, 0x00, 0x00, 0x00, 0x00, 0x00, 0x00, 0x00, 0x00, 0x00, 0x00,
    0x00, 0x00, 0x00, 0x00, 0x00, 0x00, 0x00, 0x00, 0x00, 0x00, 0x00, 0x00, 0x00, 0x00, 0x00, 0x00,
    0x00, 0x00, 0x00, 0x00, 0x00, 0x00, 0x00, 0x00, 0x00, 0x00, 0x00, 0x00, 0x00, 0x00, 0x00, 0x00,
    0x00, 0x00, 0x00, 0x00, 0x00, 0x00, 0x00, 0x00, 0x00, 0x00, 0x00, 0x00, 0x00, 0x00, 0x00, 0x00,
    0x00, 0x00, 0x00, 0x00, 0x00, 0x00, 0x00, 0x00, 0x00, 0x00, 0x00, 0x00, 0x00, 0x00, 0x00, 0x00,
    0x00, 0x00, 0x00, 0x00, 0x00, 0x00, 0x00, 0x00, 0x00, 0x00, 0x00, 0x00, 0x00, 0x00, 0x00, 0x00,
    0x00, 0x00, 0x00, 0x00, 0x00, 0x00, 0x00, 0x00, 0x00, 0x00, 0x00, 0x00, 0x00, 0x00, 0x00, 0x00,
    0x00, 0x00, 0x00, 0x00, 0x00, 0x00, 0x00, 0x00, 0x00, 0x00, 0x00, 0x00, 0x00, 0x00, 0x00, 0x00,
    0x00, 0x00, 0x00, 0x00, 0x00, 0x00, 0x00, 0x00, 0x00, 0x00, 0x00, 0x00, 0x00, 0x00, 0x00, 0x00,
    0x00, 0x00, 0x00, 0x00, 0x00, 0x00, 0x00, 0x00, 0x00, 0x00, 0x00, 0x00, 0x00, 0x00, 0x00, 0x00,
    0x00, 0x00, 0x00, 0x00, 0x00, 0x00, 0x00, 0x00, 0x00, 0x00, 0x00, 0x00, 0x00, 0x00, 0x00, 0x00,
    0x00, 0x00, 0x00, 0x00, 0x00, 0x00, 0x00, 0x00, 0x00, 0x00, 0x00, 0x00, 0x00, 0x00, 0x00, 0x00,
    0x00, 0x00, 0x00, 0x00, 0x00, 0x00, 0x00, 0x00, 0x00, 0x00, 0x00, 0x00, 0x00, 0x00, 0x00, 0x00,
    0x00, 0x00, 0x00, 0x00, 0x00, 0x00, 0x00, 0x00, 0x00, 0x00, 0x00, 0x00, 0x00, 0x00, 0x00, 0x00,
    0x00, 0x00, 0x00, 0x00, 0x00, 0x00, 0x00, 0x00, 0x00, 0x00, 0x00, 0x00, 0x00, 0x00, 0x00, 0x00,
    0x00, 0x00, 0x00, 0x00, 0x00, 0x00, 0x00, 0x00, 0x00, 0x00, 0x00, 0x00, 0x00, 0x00, 0x00, 0x00,
    0x00, 0x00, 0x00, 0x00, 0x00, 0x00, 0x00, 0x00, 0x00, 0x00, 0x00, 0x00, 0x00, 0x00, 0x00, 0x00,
    0x00, 0x00, 0x00, 0x00, 0x00, 0x00, 0x00, 0x00, 0x00, 0x00, 0x00, 0x00, 0x00, 0x00, 0x00, 0x00,
    0x00, 0x00, 0x00, 0x00, 0x00, 0x00, 0x00, 0x00, 0x00, 0x00, 0x00, 0x00, 0x00, 0x00, 0x00, 0x00,
    0x00, 0x00, 0x00, 0x00, 0x00, 0x00, 0x00, 0x00, 0x00, 0x00, 0x00, 0x00, 0x00, 0x00, 0x00, 0x00,
    0x00, 0x00, 0x00, 0x00, 0x00, 0x00, 0x00, 0x00, 0x00, 0x00, 0x00, 0x00, 0x00, 0x00, 0x00, 0x00,
    0x00, 0x00, 0x00, 0x00, 0x00, 0x00, 0x00, 0x00, 0x00, 0x00, 0x00, 0x00, 0x00, 0x00, 0x00, 0x00,
    0x00, 0x00, 0x00, 0x00, 0x00, 0x00, 0x00, 0x00, 0x00, 0x00, 0x00, 0x00, 0x00, 0x00, 0x00, 0x00,
    0x00, 0x00, 0x00, 0x00, 0x00, 0x00, 0x00, 0x00, 0x00, 0x00, 0x00, 0x00, 0x00, 0x00, 0x00, 0x00,
    0x00, 0x00, 0x00, 0x00, 0x00, 0x00, 0x00, 0x00, 0x00, 0x00, 0x00, 0x00, 0x00, 0x00, 0x00, 0x00,
    0x00, 0x00, 0x00, 0x00, 0x00, 0x00, 0x00, 0x00, 0x00, 0x00, 0x00, 0x00, 0x00, 0x00, 0x00, 0x00,
    0x00, 0x00, 0x00, 0x00, 0x00, 0x00, 0x00, 0x00, 0x00, 0x00, 0x00, 0x00, 0x00, 0x00, 0x00, 0x00,
    0x00, 0x00, 0x00, 0x00, 0x00, 0x00, 0x00, 0x00, 0x00, 0x00, 0x00, 0x00, 0x00, 0x00, 0x00, 0x00,
    0x00, 0x00, 0x00, 0x00, 0x00, 0x00, 0x00, 0x00, 0x00, 0x00, 0x00, 0x00, 0x00, 0x00, 0x00, 0x00,
    0x00, 0x00, 0x00, 0x00, 0x00, 0x00, 0x00, 0x00, 0x00, 0x00, 0x00, 0x00, 0x00, 0x00, 0x00, 0x00,
    0x00, 0x00, 0x00, 0x00, 0x00, 0x00, 0x00, 0x00, 0x00, 0x00, 0x00, 0x00, 0x00, 0x00, 0x00, 0x00,
    0x00, 0x00, 0x00, 0x00, 0x00, 0x00, 0x00, 0x00, 0x00, 0x00, 0x00, 0x00, 0x00, 0x00, 0x00, 0x00,
    0x00, 0x00, 0x00, 0x00, 0x00, 0x00, 0x00, 0x00, 0x00, 0x00, 0x00, 0x00, 0x00, 0x00, 0x00, 0x00,
    0x00, 0x00, 0x00, 0x00, 0x00, 0x00, 0x00, 0x00, 0x00, 0x00, 0x00, 0x00, 0x00, 0x00, 0x00, 0x00,
    0x00, 0x00, 0x00, 0x00, 0x00, 0x00, 0x00, 0x00, 0x00, 0x00, 0x00, 0x00, 0x00, 0x00, 0x00, 0x00,
    0x00, 0x00, 0x00, 0x00, 0x00, 0x00, 0x00, 0x00, 0x00, 0x00, 0x00, 0x00, 0x00, 0x00, 0x00, 0x00,
    0x00, 0x00, 0x00, 0x00, 0x00, 0x00, 0x00, 0x00, 0x00, 0x00, 0x00, 0x00, 0x00, 0x00, 0x00, 0x00,
    0x00, 0x00, 0x00, 0x00, 0x00, 0x00, 0x00, 0x00, 0x00, 0x00, 0x00, 0x00, 0x00, 0x00, 0x00, 0x00,
    0x00, 0x00, 0x00, 0x00, 0x00, 0x00, 0x00, 0x00, 0x00, 0x00, 0x00, 0x00, 0x00, 0x00, 0x00, 0x00,
    0x00, 0x00, 0x00, 0x00, 0x00, 0x00, 0x00, 0x00, 0x00, 0x00, 0x00, 0x00, 0x00, 0x00, 0x00, 0x00,
    0x00, 0x00, 0x00, 0x00, 0x00, 0x00, 0x00, 0x00, 0x00, 0x00, 0x00, 0x00, 0x00, 0x00, 0x00, 0x00,
    0x00, 0x00, 0x00, 0x00, 0x00, 0x00, 0x00, 0x00, 0x00, 0x00, 0x00, 0x00, 0x00, 0x00, 0x00, 0x00,
    0x00, 0x00, 0x00, 0x00, 0x00, 0x00, 0x00, 0x00, 0x00, 0x00, 0x00, 0x00, 0x00, 0x00, 0x00, 0x00,
    0x00, 0x00, 0x00, 0x00, 0x00, 0x00, 0x00, 0x00, 0x00, 0x00, 0x00, 0x00, 0x00, 0x00, 0x00, 0x00,
    0x00, 0x00, 0x00, 0x00, 0x00, 0x00, 0x00, 0x00, 0x00, 0x00, 0x00, 0x00, 0x00, 0x00, 0x00, 0x00,
    0x00, 0x00, 0x00, 0x00, 0x00, 0x00, 0x00, 0x00, 0x00, 0x00, 0x00, 0x00, 0x00, 0x00, 0x00, 0x00,
    0x00, 0x00, 0x00, 0x00, 0x00, 0x00, 0x00, 0x00, 0x00, 0x00, 0x00, 0x00, 0x00, 0x00, 0x00, 0x00,
    0x00, 0x00, 0x00, 0x00, 0x00, 0x00, 0x00, 0x00, 0x00, 0x00, 0x00, 0x00, 0x00, 0x00, 0x00, 0x00,
    0x00, 0x00, 0x00, 0x00, 0x00, 0x00, 0x00, 0x00, 0x00, 0x00, 0x00, 0x00, 0x00, 0x00, 0x00, 0x00,
    0x00, 0x00, 0x00, 0x00, 0x00, 0x00, 0x00, 0x00, 0x00, 0x00, 0x00, 0x00, 0x00, 0x00, 0x00, 0x00,
    0x00, 0x00, 0x00, 0x00, 0x00, 0x00, 0x00, 0x00, 0x00, 0x00, 0x00, 0x00, 0x00, 0x00, 0x00, 0x00,
    0x00, 0x00, 0x00, 0x00, 0x00, 0x00, 0x00, 0x00, 0x00, 0x00, 0x00, 0x00, 0x00, 0x00, 0x00, 0x00,
    0x00, 0x00, 0x00, 0x00, 0x00, 0x00, 0x00, 0x00, 0x00, 0x00, 0x00, 0x00, 0x00, 0x00, 0x00, 0x00,
    0x00, 0x00, 0x00, 0x00, 0x00, 0x00, 0x00, 0x00, 0x00, 0x00, 0x00, 0x00, 0x00, 0x00, 0x00, 0x00,
    0x00, 0x00, 0x00, 0x00, 0x00, 0x00, 0x00, 0x00, 0x00, 0x00, 0x00, 0x00, 0x00, 0x00, 0x00, 0x00,
    0x00, 0x00, 0x00, 0x00, 0x00, 0x00, 0x00, 0x00, 0x00, 0x00, 0x00, 0x00, 0x00, 0x00, 0x00, 0x00,
    0x00, 0x00, 0x00, 0x00, 0x00, 0x00, 0x00, 0x00, 0x00, 0x00, 0x00, 0x00, 0x00, 0x00, 0x00, 0x00,
    0x00, 0x00, 0x00, 0x00, 0x00, 0x00, 0x00, 0x00, 0x00, 0x00, 0x00, 0x00, 0x00, 0x00, 0x00, 0x00,
    0x00, 0x00, 0x00, 0x00, 0x00, 0x00, 0x00, 0x00, 0x00, 0x00, 0x00, 0x00, 0x00, 0x00, 0x00, 0x00,
    0x00, 0x00, 0x00, 0x00, 0x00, 0x00, 0x00, 0x00, 0x00, 0x00, 0x00, 0x00, 0x00, 0x00, 0x00, 0x00,
    0x00, 0x00, 0x00, 0x00, 0x00, 0x00, 0x00, 0x00, 0x00, 0x00, 0x00, 0x00, 0x00, 0x00, 0x00, 0x00,
    0x00, 0x00, 0x00, 0x00, 0x00, 0x00, 0x00, 0x00, 0x00, 0x00, 0x00, 0x00, 0x00, 0x00, 0x00, 0x00,
    0x00, 0x00, 0x00, 0x00, 0x00, 0x00, 0x00, 0x00, 0x00, 0x00, 0x00, 0x00, 0x00, 0x00, 0x00, 0x00,
    0x00, 0x00, 0x00, 0x00, 0x00, 0x00, 0x00, 0x00, 0x00, 0x00, 0x00, 0x00, 0x00, 0x00, 0x00, 0x00,
    0x00, 0x00, 0x00, 0x00, 0x00, 0x00, 0x00, 0x00, 0x00, 0x00, 0x00, 0x00, 0x00, 0x00, 0x00, 0x00,
    0x00, 0x00, 0x00, 0x00, 0x00, 0x00, 0x00, 0x00, 0x00, 0x00, 0x00, 0x00, 0x00, 0x00, 0x00, 0x00,
    0x00, 0x00, 0x00, 0x00, 0x00, 0x00, 0x00, 0x00, 0x00, 0x00, 0x00, 0x00, 0x00, 0x00, 0x00, 0x00,
    0x00, 0x00, 0x00, 0x00, 0x00, 0x00, 0x00, 0x00, 0x00, 0x00, 0x00, 0x00, 0x00, 0x00, 0x00, 0x00,
    0x00, 0x00, 0x00, 0x00, 0x00, 0x00, 0x00, 0x00, 0x00, 0x00, 0x00, 0x00, 0x00, 0x00, 0x00, 0x00,
    0x00, 0x00, 0x00, 0x00, 0x00, 0x00, 0x00, 0x00, 0x00, 0x00, 0x00, 0x00, 0x00, 0x00, 0x00, 0x00,
    0x00, 0x00, 0x00, 0x00, 0x00, 0x00, 0x00, 0x00, 0x00, 0x00, 0x00, 0x00, 0x00, 0x00, 0x00, 0x00,
    0x00, 0x00, 0x00, 0x00, 0x00, 0x00, 0x00, 0x00, 0x00, 0x00, 0x00, 0x00, 0x00, 0x00, 0x00, 0x00,
    0x00, 0x00, 0x00, 0x00, 0x00, 0x00, 0x00, 0x00, 0x00, 0x00, 0x00, 0x00, 0x00, 0x00, 0x00, 0x00,
    0x00, 0x00, 0x00, 0x00, 0x00, 0x00, 0x00, 0x00, 0x00, 0x00, 0x00, 0x00, 0x00, 0x00, 0x00, 0x00,
    0x00, 0x00, 0x00, 0x00, 0x00, 0x00, 0x00, 0x00, 0x00, 0x00, 0x00, 0x00, 0x00, 0x00, 0x00, 0x00,
    0x00, 0x00, 0x00, 0x00, 0x00, 0x00, 0x00, 0x00, 0x00, 0x00, 0x00, 0x00, 0x00, 0x00, 0x00, 0x00,
    0x00, 0x00, 0x00, 0x00, 0x00, 0x00, 0x00, 0x00, 0x00, 0x00, 0x00, 0x00, 0x00, 0x00, 0x00, 0x00,
    0x00, 0x00, 0x00, 0x00, 0x00, 0x00, 0x00, 0x00, 0x00, 0x00, 0x00, 0x00, 0x00, 0x00, 0x00, 0x00,
    0x00, 0x00, 0x00, 0x00, 0x00, 0x00, 0x00, 0x00, 0x00, 0x00, 0x00, 0x00, 0x00, 0x00, 0x00, 0x00,
    0x00, 0x00, 0x00, 0x00, 0x00, 0x00, 0x00, 0x00, 0x00, 0x00, 0x00, 0x00, 0x00, 0x00, 0x00, 0x00,
    0x00, 0x00, 0x00, 0x00, 0x00, 0x00, 0x00, 0x00, 0x00, 0x00, 0x00, 0x00, 0x00, 0x00, 0x00, 0x00,
    0x00, 0x00, 0x00, 0x00, 0x00, 0x00, 0x00, 0x00, 0x00, 0x00, 0x00, 0x00, 0x00, 0x00, 0x00, 0x00,
    0x00, 0x00, 0x00, 0x00, 0x00, 0x00, 0x00, 0x00, 0x00, 0x00, 0x00, 0x00, 0x00, 0x00, 0x00, 0x00,
    0x00, 0x00, 0x00, 0x00, 0x00, 0x00, 0x00, 0x00, 0x00, 0x00, 0x00, 0x00, 0x00, 0x00, 0x00, 0x00,
    0x00, 0x00, 0x00, 0x00, 0x00, 0x00, 0x00, 0x00, 0x00, 0x00, 0x00, 0x00, 0x00, 0x00, 0x00, 0x00,
    0x00, 0x00, 0x00, 0x00, 0x00, 0x00, 0x00, 0x00, 0x00, 0x00, 0x00, 0x00, 0x00, 0x00, 0x00, 0x00,
    0x00, 0x00, 0x00, 0x00, 0x00, 0x00, 0x00, 0x00, 0x00, 0x00, 0x00, 0x00, 0x00, 0x00, 0x00, 0x00,
    0x00, 0x00, 0x00, 0x00, 0x00, 0x00, 0x00, 0x00, 0x00, 0x00, 0x00, 0x00, 0x00, 0x00, 0x00, 0x00,
    0x00, 0x00, 0x00, 0x00, 0x00, 0x00, 0x00, 0x00, 0x00, 0x00, 0x00, 0x00, 0x00, 0x00, 0x00, 0x00,
    0x00, 0x00, 0x00, 0x00, 0x00, 0x00, 0x00, 0x00, 0x00, 0x00, 0x00, 0x00, 0x00, 0x00, 0x00, 0x00,
    0x00, 0x00, 0x00, 0x00, 0x00, 0x00, 0x00, 0x00, 0x00, 0x00, 0x00, 0x00, 0x00, 0x00, 0x00, 0x00,
    0x00, 0x00, 0x00, 0x00, 0x00, 0x00, 0x00, 0x00, 0x00, 0x00, 0x00, 0x00, 0x00, 0x00, 0x00, 0x00,
    0x00, 0x00, 0x00, 0x00, 0x00, 0x00, 0x00, 0x00, 0x00, 0x00, 0x00, 0x00, 0x00, 0x00, 0x00, 0x00,
    0x00, 0x00, 0x00, 0x00, 0x00, 0x00, 0x00, 0x00, 0x00, 0x00, 0x00, 0x00, 0x00, 0x00, 0x00, 0x00,
    0x00, 0x00, 0x00, 0x00, 0x00, 0x00, 0x00, 0x00, 0x00, 0x00, 0x00, 0x00, 0x00, 0x00, 0x00, 0x00,
    0x00, 0x00, 0x00, 0x00, 0x00, 0x00, 0x00, 0x00, 0x00, 0x00, 0x00, 0x00, 0x00, 0x00, 0x00, 0x00,
    0x00, 0x00, 0x00, 0x00, 0x00, 0x00, 0x00, 0x00, 0x00, 0x00, 0x00, 0x00, 0x00, 0x00, 0x00, 0x00,
    0x00, 0x00, 0x00, 0x00, 0x00, 0x00, 0x00, 0x00, 0x00, 0x00, 0x00, 0x00, 0x00, 0x00, 0x00, 0x00,
    0x00, 0x00, 0x00, 0x00, 0x00, 0x00, 0x00, 0x00, 0x00, 0x00, 0x00, 0x00, 0x00, 0x00, 0x00, 0x00,
    0x00, 0x00, 0x00, 0x00, 0x00, 0x00, 0x00, 0x00, 0x00, 0x00, 0x00, 0x00, 0x00, 0x00, 0x00, 0x00,
    0x00, 0x00, 0x00, 0x00, 0x00, 0x00, 0x00, 0x00, 0x00, 0x00, 0x00, 0x00, 0x00, 0x00, 0x00, 0x00,
    0x00, 0x00, 0x00, 0x00, 0x00, 0x00, 0x00, 0x00, 0x00, 0x00, 0x00, 0x00, 0x00, 0x00, 0x00, 0x00,
    0x00, 0x00, 0x00, 0x00, 0x00, 0x00, 0x00, 0x00, 0x00, 0x00, 0x00, 0x00, 0x00, 0x00, 0x00, 0x00,
    0x00, 0x00, 0x00, 0x00, 0x00, 0x00, 0x00, 0x00, 0x00, 0x00, 0x00, 0x00, 0x00, 0x00, 0x00, 0x00,
    0x00, 0x00, 0x00, 0x00, 0x00, 0x00, 0x00, 0x00, 0x00, 0x00, 0x00, 0x00, 0x00, 0x00, 0x00, 0x00,
    0x00, 0x00, 0x00, 0x00, 0x00, 0x00, 0x00, 0x00, 0x00, 0x00, 0x00, 0x00, 0x00, 0x00, 0x00, 0x00,
    0x00, 0x00, 0x00, 0x00, 0x00, 0x00, 0x00, 0x00, 0x00, 0x00, 0x00, 0x00, 0x00, 0x00, 0x00, 0x00,
    0x00, 0x00, 0x00, 0x00, 0x00, 0x00, 0x00, 0x00, 0x00, 0x00, 0x00, 0x00, 0x00, 0x00, 0x00, 0x00,
    0x00, 0x00, 0x00, 0x00, 0x00, 0x00, 0x00, 0x00, 0x00, 0x00, 0x00, 0x00, 0x00, 0x00, 0x00, 0x00,
    0x00, 0x00, 0x00, 0x00, 0x00, 0x00, 0x00, 0x00, 0x00, 0x00, 0x00, 0x00, 0x00, 0x00, 0x00, 0x00,
    0x00, 0x00, 0x00, 0x00, 0x00, 0x00, 0x00, 0x00, 0x00, 0x00, 0x00, 0x00, 0x00, 0x00, 0x00, 0x00,
    0x00, 0x00, 0x00, 0x00, 0x00, 0x00, 0x00, 0x00, 0x00, 0x00, 0x00, 0x00, 0x00, 0x00, 0x00, 0x00,
    0x00, 0x00, 0x00, 0x00, 0x00, 0x00, 0x00, 0x00, 0x00, 0x00, 0x00, 0x00, 0x00, 0x00, 0x00, 0x00,
    0x00, 0x00, 0x00, 0x00, 0x00, 0x00, 0x00, 0x00, 0x00, 0x00, 0x00, 0x00, 0x00, 0x00, 0x00, 0x00,
    0x00, 0x00, 0x00, 0x00, 0x00, 0x00, 0x00, 0x00, 0x00, 0x00, 0x00, 0x00, 0x00, 0x00, 0x00, 0x00,
    0x00, 0x00, 0x00, 0x00, 0x00, 0x00, 0x00, 0x00, 0x00, 0x00, 0x00, 0x00, 0x00, 0x00, 0x00, 0x00,
    0x00, 0x00, 0x00, 0x00, 0x00, 0x00, 0x00, 0x00, 0x00, 0x00, 0x00, 0x00, 0x00, 0x00, 0x00, 0x00,
    0x00, 0x00, 0x00, 0x00, 0x00, 0x00, 0x00, 0x00, 0x00, 0x00, 0x00, 0x00, 0x00, 0x00, 0x00, 0x00,
    0x00, 0x00, 0x00, 0x00, 0x00, 0x00, 0x00, 0x00, 0x00, 0x00, 0x00, 0x00, 0x00, 0x00, 0x00, 0x00,
    0x00, 0x00, 0x00, 0x00, 0x00, 0x00, 0x00, 0x00, 0x00, 0x00, 0x00, 0x00, 0x00, 0x00, 0x00, 0x00,
    0x00, 0x00, 0x00, 0x00, 0x00, 0x00, 0x00, 0x00, 0x00, 0x00, 0x00, 0x00, 0x00, 0x00, 0x00, 0x00,
    0x00, 0x00, 0x00, 0x00, 0x00, 0x00, 0x00, 0x00, 0x00, 0x00, 0x00, 0x00, 0x00, 0x00, 0x00, 0x00,
    0x00, 0x00, 0x00, 0x00, 0x00, 0x00, 0x00, 0x00, 0x00, 0x00, 0x00, 0x00, 0x00, 0x00, 0x00, 0x00,
    0x00, 0x00, 0x00, 0x00, 0x00, 0x00, 0x00, 0x00, 0x00, 0x00, 0x00, 0x00, 0x00, 0x00, 0x00, 0x00,
    0x00, 0x00, 0x00, 0x00, 0x00, 0x00, 0x00, 0x00, 0x00, 0x00, 0x00, 0x00, 0x00, 0x00, 0x00, 0x00,
    0x00, 0x00, 0x00, 0x00, 0x00, 0x00, 0x00, 0x00, 0x00, 0x00, 0x00, 0x00, 0x00, 0x00, 0x00, 0x00,
    0x00, 0x00, 0x00, 0x00, 0x00, 0x00, 0x00, 0x00, 0x00, 0x00, 0x00, 0x00, 0x00, 0x00, 0x00, 0x00,
    0x00, 0x00, 0x00, 0x00, 0x00, 0x00, 0x00, 0x00, 0x00, 0x00, 0x00, 0x00, 0x00, 0x00, 0x00, 0x00,
    0x00, 0x00, 0x00, 0x00, 0x00, 0x00, 0x00, 0x00, 0x00, 0x00, 0x00, 0x00, 0x00, 0x00, 0x00, 0x00,
    0x00, 0x00, 0x00, 0x00, 0x00, 0x00, 0x00, 0x00, 0x00, 0x00, 0x00, 0x00, 0x00, 0x00, 0x00, 0x00,
    0x00, 0x00, 0x00, 0x00, 0x00, 0x00, 0x00, 0x00, 0x00, 0x00, 0x00, 0x00, 0x00, 0x00, 0x00, 0x00,
    0x00, 0x00, 0x00, 0x00, 0x00, 0x00, 0x00, 0x00, 0x00, 0x00, 0x00, 0x00, 0x00, 0x00, 0x00, 0x00,
    0x00, 0x00, 0x00, 0x00, 0x00, 0x00, 0x00, 0x00, 0x00, 0x00, 0x00, 0x00, 0x00, 0x00, 0x00, 0x00,
    0x00, 0x00, 0x00, 0x00, 0x00, 0x00, 0x00, 0x00, 0x00, 0x00, 0x00, 0x00, 0x00, 0x00, 0x00, 0x00,
    0x00, 0x00, 0x00, 0x00, 0x00, 0x00, 0x00, 0x00, 0x00, 0x00, 0x00, 0x00, 0x00, 0x00, 0x00, 0x00,
    0x00, 0x00, 0x00, 0x00, 0x00, 0x00, 0x00, 0x00, 0x00, 0x00, 0x00, 0x00, 0x00, 0x00, 0x00, 0x00,
    0x00, 0x00, 0x00, 0x00, 0x00, 0x00, 0x00, 0x00, 0x00, 0x00, 0x00, 0x00, 0x00, 0x00, 0x00, 0x00,
    0x00, 0x00, 0x00, 0x00, 0x00, 0x00, 0x00, 0x00, 0x00, 0x00, 0x00, 0x00, 0x00, 0x00, 0x00, 0x00,
    0x00, 0x00, 0x00, 0x00, 0x00, 0x00, 0x00, 0x00, 0x00, 0x00, 0x00, 0x00, 0x00, 0x00, 0x00, 0x00,
    0x00, 0x00, 0x00, 0x00, 0x00, 0x00, 0x00, 0x00, 0x00, 0x00, 0x00, 0x00, 0x00, 0x00, 0x00, 0x00,
    0x00, 0x00, 0x00, 0x00, 0x00, 0x00, 0x00, 0x00, 0x00, 0x00, 0x00, 0x00, 0x00, 0x00, 0x00, 0x00,
    0x00, 0x00, 0x00, 0x00, 0x00, 0x00, 0x00, 0x00, 0x00, 0x00, 0x00, 0x00, 0x00, 0x00, 0x00, 0x00,
    0x00, 0x00, 0x00, 0x00, 0x00, 0x00, 0x00, 0x00, 0x00, 0x00, 0x00, 0x00, 0x00, 0x00, 0x00, 0x00,
    0x00, 0x00, 0x00, 0x00, 0x00, 0x00, 0x00, 0x00, 0x00, 0x00, 0x00, 0x00, 0x00, 0x00, 0x00, 0x00,
    0x00, 0x00, 0x00, 0x00, 0x00, 0x00, 0x00, 0x00, 0x00, 0x00, 0x00, 0x00, 0x00, 0x00, 0x00, 0x00,
    0x00, 0x00, 0x00, 0x00, 0x00, 0x00, 0x00, 0x00, 0x00, 0x00, 0x00, 0x00, 0x00, 0x00, 0x00, 0x00,
    0x00, 0x00, 0x00, 0x00, 0x00, 0x00, 0x00, 0x00, 0x00, 0x00, 0x00, 0x00, 0x00, 0x00, 0x00, 0x00,
    0x00, 0x00, 0x00, 0x00, 0x00, 0x00, 0x00, 0x00, 0x00, 0x00, 0x00, 0x00, 0x00, 0x00, 0x00, 0x00,
    0x00, 0x00, 0x00, 0x00, 0x00, 0x00, 0x00, 0x00, 0x00, 0x00, 0x00, 0x00, 0x00, 0x00, 0x00, 0x00,
    0x00, 0x00, 0x00, 0x00, 0x00, 0x00, 0x00, 0x00, 0x00, 0x00, 0x00, 0x00, 0x00, 0x00, 0x00, 0x00,
    0x00, 0x00, 0x00, 0x00, 0x00, 0x00, 0x00, 0x00, 0x00, 0x00, 0x00, 0x00, 0x00, 0x00, 0x00, 0x00,
    0x00, 0x00, 0x00, 0x00, 0x00, 0x00, 0x00, 0x00, 0x00, 0x00, 0x00, 0x00, 0x00, 0x00, 0x00, 0x00,
    0x00, 0x00, 0x00, 0x00, 0x00, 0x00, 0x00, 0x00, 0x00, 0x00, 0x00, 0x00, 0x00, 0x00, 0x00, 0x00,
    0x00, 0x00, 0x00, 0x00, 0x00, 0x00, 0x00, 0x00, 0x00, 0x00, 0x00, 0x00, 0x00, 0x00, 0x00, 0x00,
    0x00, 0x00, 0x00, 0x00, 0x00, 0x00, 0x00, 0x00, 0x00, 0x00, 0x00, 0x00, 0x00, 0x00, 0x00, 0x00,
    0x00, 0x00, 0x00, 0x00, 0x00, 0x00, 0x00, 0x00, 0x00, 0x00, 0x00, 0x00, 0x00, 0x00, 0x00, 0x00,
    0x00, 0x00, 0x00, 0x00, 0x00, 0x00, 0x00, 0x00, 0x00, 0x00, 0x00, 0x00, 0x00, 0x00, 0x00, 0x00,
    0x00, 0x00, 0x00, 0x00, 0x00, 0x00, 0x00, 0x00, 0x00, 0x00, 0x00, 0x00, 0x00, 0x00, 0x00, 0x00,
    0x00, 0x00, 0x00, 0x00, 0x00, 0x00, 0x00, 0x00, 0x00, 0x00, 0x00, 0x00, 0x00, 0x00, 0x00, 0x00,
    0x00, 0x00, 0x00, 0x00, 0x00, 0x00, 0x00, 0x00, 0x00, 0x00, 0x00, 0x00, 0x00, 0x00, 0x00, 0x00,
    0x00, 0x00, 0x00, 0x00, 0x00, 0x00, 0x00, 0x00, 0x00, 0x00, 0x00, 0x00, 0x00, 0x00, 0x00, 0x00,
    0x00, 0x00, 0x00, 0x00, 0x00, 0x00, 0x00, 0x00, 0x00, 0x00, 0x00, 0x00, 0x00, 0x00, 0x00, 0x00,
    0x00, 0x00, 0x00, 0x00, 0x00, 0x00, 0x00, 0x00, 0x00, 0x00, 0x00, 0x00, 0x00, 0x00, 0x00, 0x00,
    0x00, 0x00, 0x00, 0x00, 0x00, 0x00, 0x00, 0x00, 0x00, 0x00, 0x00, 0x00, 0x00, 0x00, 0x00, 0x00,
    0x00, 0x00, 0x00, 0x00, 0x00, 0x00, 0x00, 0x00, 0x00, 0x00, 0x00, 0x00, 0x00, 0x00, 0x00, 0x00,
    0x00, 0x00, 0x00, 0x00, 0x00, 0x00, 0x00, 0x00, 0x00, 0x00, 0x00, 0x00, 0x00, 0x00, 0x00, 0x00,
    0x00, 0x00, 0x00, 0x00, 0x00, 0x00, 0x00, 0x00, 0x00, 0x00, 0x00, 0x00, 0x00, 0x00, 0x00, 0x00,
    0x00, 0x00, 0x00, 0x00, 0x00, 0x00, 0x00, 0x00, 0x00, 0x00, 0x00, 0x00, 0x00, 0x00, 0x00, 0x00,
    0x00, 0x00, 0x00, 0x00, 0x00, 0x00, 0x00, 0x00, 0x00, 0x00, 0x00, 0x00, 0x00, 0x00, 0x00, 0x00,
    0x00, 0x00, 0x00, 0x00, 0x00, 0x00, 0x00, 0x00, 0x00, 0x00, 0x00, 0x00, 0x00, 0x00, 0x00, 0x00,
    0x00, 0x00, 0x00, 0x00, 0x00, 0x00, 0x00, 0x00, 0x00, 0x00, 0x00, 0x00, 0x00, 0x00, 0x00, 0x00,
    0x00, 0x00, 0x00, 0x00, 0x00, 0x00, 0x00, 0x00, 0x00, 0x00, 0x00, 0x00, 0x00, 0x00, 0x00, 0x00,
    0x00, 0x00, 0x00, 0x00, 0x00, 0x00, 0x00, 0x00, 0x00, 0x00, 0x00, 0x00, 0x00, 0x00, 0x00, 0x00,
    0x00, 0x00, 0x00, 0x00, 0x00, 0x00, 0x00, 0x00, 0x00, 0x00, 0x00, 0x00, 0x00, 0x00, 0x00, 0x00,
    0x00, 0x00, 0x00, 0x00, 0x00, 0x00, 0x00, 0x00, 0x00, 0x00, 0x00, 0x00, 0x00, 0x00, 0x00, 0x00,
    0x00, 0x00, 0x00, 0x00, 0x00, 0x00, 0x00, 0x00, 0x00, 0x00, 0x00, 0x00, 0x00, 0x00, 0x00, 0x00,
    0x00, 0x00, 0x00, 0x00, 0x00, 0x00, 0x00, 0x00, 0x00, 0x00, 0x00, 0x00, 0x00, 0x00, 0x00, 0x00,
    0x00, 0x00, 0x00, 0x00, 0x00, 0x00, 0x00, 0x00, 0x00, 0x00, 0x00, 0x00, 0x00, 0x00, 0x00, 0x00,
    0x00, 0x00, 0x00, 0x00, 0x00, 0x00, 0x00, 0x00, 0x00, 0x00, 0x00, 0x00, 0x00, 0x00, 0x00, 0x00,
    0x00, 0x00, 0x00, 0x00, 0x00, 0x00, 0x00, 0x00, 0x00, 0x00, 0x00, 0x00, 0x00, 0x00, 0x00, 0x00,
    0x00, 0x00, 0x00, 0x00, 0x00, 0x00, 0x00, 0x00, 0x00, 0x00, 0x00, 0x00, 0x00, 0x00, 0x00, 0x00,
    0x00, 0x00, 0x00, 0x00, 0x00, 0x00, 0x00, 0x00, 0x00, 0x00, 0x00, 0x00, 0x00, 0x00, 0x00, 0x00,
    0x00, 0x00, 0x00, 0x00, 0x00, 0x00, 0x00, 0x00, 0x00, 0x00, 0x00, 0x00, 0x00, 0x00, 0x00, 0x00,
    0x00, 0x00, 0x00, 0x00, 0x00, 0x00, 0x00, 0x00, 0x00, 0x00, 0x00, 0x00, 0x00, 0x00, 0x00, 0x00,
    0x00, 0x00, 0x00, 0x00, 0x00, 0x00, 0x00, 0x00, 0x00, 0x00, 0x00, 0x00, 0x00, 0x00, 0x00, 0x00,
    0x00, 0x00, 0x00, 0x00, 0x00, 0x00, 0x00, 0x00, 0x00, 0x00, 0x00, 0x00, 0x00, 0x00, 0x00, 0x00,
    0x00, 0x00, 0x00, 0x00, 0x00, 0x00, 0x00, 0x00, 0x00, 0x00, 0x00, 0x00, 0x00, 0x00, 0x00, 0x00,
    0x00, 0x00, 0x00, 0x00, 0x00, 0x00, 0x00, 0x00, 0x00, 0x00, 0x00, 0x00, 0x00, 0x00, 0x00, 0x00,
    0x00, 0x00, 0x00, 0x00, 0x00, 0x00, 0x00, 0x00, 0x00, 0x00, 0x00, 0x00, 0x00, 0x00, 0x00, 0x00,
    0x00, 0x00, 0x00, 0x00, 0x00, 0x00, 0x00, 0x00, 0x00, 0x00, 0x00, 0x00, 0x00, 0x00, 0x00, 0x00,
    0x00, 0x00, 0x00, 0x00, 0x00, 0x00, 0x00, 0x00, 0x00, 0x00, 0x00, 0x00, 0x00, 0x00, 0x00, 0x00,
    0x00, 0x00, 0x00, 0x00, 0x00, 0x00, 0x00, 0x00, 0x00, 0x00, 0x00, 0x00, 0x00, 0x00, 0x00, 0x00,
    0x00, 0x00, 0x00, 0x00, 0x00, 0x00, 0x00, 0x00, 0x00, 0x00, 0x00, 0x00, 0x00, 0x00, 0x00, 0x00,
    0x00, 0x00, 0x00, 0x00, 0x00, 0x00, 0x00, 0x00, 0x00, 0x00, 0x00, 0x00, 0x00, 0x00, 0x00, 0x00,
    0x00, 0x00, 0x00, 0x00, 0x00, 0x00, 0x00, 0x00, 0x00, 0x00, 0x00, 0x00, 0x00, 0x00, 0x00, 0x00,
    0x00, 0x00, 0x00, 0x00, 0x00, 0x00, 0x00, 0x00, 0x00, 0x00, 0x00, 0x00, 0x00, 0x00, 0x00, 0x00,
    0x00, 0x00, 0x00, 0x00, 0x00, 0x00, 0x00, 0x00, 0x00, 0x00, 0x00, 0x00, 0x00, 0x00, 0x00, 0x00,
    0x00, 0x00, 0x00, 0x00, 0x00, 0x00, 0x00, 0x00, 0x00, 0x00, 0x00, 0x00, 0x00, 0x00, 0x00, 0x00,
    0x00, 0x00, 0x00, 0x00, 0x00, 0x00, 0x00, 0x00, 0x00, 0x00, 0x00, 0x00, 0x00, 0x00, 0x00, 0x00,
    0x00, 0x00, 0x00, 0x00, 0x00, 0x00, 0x00, 0x00, 0x00, 0x00, 0x00, 0x00, 0x00, 0x00, 0x00, 0x00,
    0x00, 0x00, 0x00, 0x00, 0x00, 0x00, 0x00, 0x00, 0x00, 0x00, 0x00, 0x00, 0x00, 0x00, 0x00, 0x00,
    0x00, 0x00, 0x00, 0x00, 0x00, 0x00, 0x00, 0x00, 0x00, 0x00, 0x00, 0x00, 0x00, 0x00, 0x00, 0x00,
    0x00, 0x00, 0x00, 0x00, 0x00, 0x00, 0x00, 0x00, 0x00, 0x00, 0x00, 0x00, 0x00, 0x00, 0x00, 0x00,
    0x00, 0x00, 0x00, 0x00, 0x00, 0x00, 0x00, 0x00, 0x00, 0x00, 0x00, 0x00, 0x00, 0x00, 0x00, 0x00,
    0x00, 0x00, 0x00, 0x00, 0x00, 0x00, 0x00, 0x00, 0x00, 0x00, 0x00, 0x00, 0x00, 0x00, 0x00, 0x00,
    0x00, 0x00, 0x00, 0x00, 0x00, 0x00, 0x00, 0x00, 0x00, 0x00, 0x00, 0x00, 0x00, 0x00, 0x00, 0x00,
    0x00, 0x00, 0x00, 0x00, 0x00, 0x00, 0x00, 0x00, 0x00, 0x00, 0x00, 0x00, 0x00, 0x00, 0x00, 0x00,
    0x00, 0x00, 0x00, 0x00, 0x00, 0x00, 0x00, 0x00, 0x00, 0x00, 0x00, 0x00, 0x00, 0x00, 0x00, 0x00,
    0x00, 0x00, 0x00, 0x00, 0x00, 0x00, 0x00, 0x00, 0x00, 0x00, 0x00, 0x00, 0x00, 0x00, 0x00, 0x00,
    0x00, 0x00, 0x00, 0x00, 0x00, 0x00, 0x00, 0x00, 0x00, 0x00, 0x00, 0x00, 0x00, 0x00, 0x00, 0x00,
    0x00, 0x00, 0x00, 0x00, 0x00, 0x00, 0x00, 0x00, 0x00, 0x00, 0x00, 0x00, 0x00, 0x00, 0x00, 0x00,
    0x00, 0x00, 0x00, 0x00, 0x00, 0x00, 0x00, 0x00, 0x00, 0x00, 0x00, 0x00, 0x00, 0x00, 0x00, 0x00,
    0x00, 0x00, 0x00, 0x00, 0x00, 0x00, 0x00, 0x00, 0x00, 0x00, 0x00, 0x00, 0x00, 0x00, 0x00, 0x00,
    0x00, 0x00, 0x00, 0x00, 0x00, 0x00, 0x00, 0x00, 0x00, 0x00, 0x00, 0x00, 0x00, 0x00, 0x00, 0x00,
    0x00, 0x00, 0x00, 0x00, 0x00, 0x00, 0x00, 0x00, 0x00, 0x00, 0x00, 0x00, 0x00, 0x00, 0x00, 0x00,
    0x00, 0x00, 0x00, 0x00, 0x00, 0x00, 0x00, 0x00, 0x00, 0x00, 0x00, 0x00, 0x00, 0x00, 0x00, 0x00,
    0x00, 0x00, 0x00, 0x00, 0x00, 0x00, 0x00, 0x00, 0x00, 0x00, 0x00, 0x00, 0x00, 0x00, 0x00, 0x00,
    0x00, 0x00, 0x00, 0x00, 0x00, 0x00, 0x00, 0x00, 0x00, 0x00, 0x00, 0x00, 0x00, 0x00, 0x00, 0x00,
    0x00, 0x00, 0x00, 0x00, 0x00, 0x00, 0x00, 0x00, 0x00, 0x00, 0x00, 0x00, 0x00, 0x00, 0x00, 0x00,
    0x00, 0x00, 0x00, 0x00, 0x00, 0x00, 0x00, 0x00, 0x00, 0x00, 0x00, 0x00, 0x00, 0x00, 0x00, 0x00,
    0x00, 0x00, 0x00, 0x00, 0x00, 0x00, 0x00, 0x00, 0x00, 0x00, 0x00, 0x00, 0x00, 0x00, 0x00, 0x00,
    0x00, 0x00, 0x00, 0x00, 0x00, 0x00, 0x00, 0x00, 0x00, 0x00, 0x00, 0x00, 0x00, 0x00, 0x00, 0x00,
    0x00, 0x00, 0x00, 0x00, 0x00, 0x00, 0x00, 0x00, 0x00, 0x00, 0x00, 0x00, 0x00, 0x00, 0x00, 0x00,
    0x00, 0x00, 0x00, 0x00, 0x00, 0x00, 0x00, 0x00, 0x00, 0x00, 0x00, 0x00, 0x00, 0x00, 0x00, 0x00,
    0x00, 0x00, 0x00, 0x00, 0x00, 0x00, 0x00, 0x00, 0x00, 0x00, 0x00, 0x00, 0x00, 0x00, 0x00, 0x00,
    0x00, 0x00, 0x00, 0x00, 0x00, 0x00, 0x00, 0x00, 0x00, 0x00, 0x00, 0x00, 0x00, 0x00, 0x00, 0x00,
    0x00, 0x00, 0x00, 0x00, 0x00, 0x00, 0x00, 0x00, 0x00, 0x00, 0x00, 0x00, 0x00, 0x00, 0x00, 0x00,
    0x00, 0x00, 0x00, 0x00, 0x00, 0x00, 0x00, 0x00, 0x00, 0x00, 0x00, 0x00, 0x00, 0x00, 0x00, 0x00,
    0x00, 0x00, 0x00, 0x00, 0x00, 0x00, 0x00, 0x00, 0x00, 0x00, 0x00, 0x00, 0x00, 0x00, 0x00, 0x00,
    0x00, 0x00, 0x00, 0x00, 0x00, 0x00, 0x00, 0x00, 0x00, 0x00, 0x00, 0x00, 0x00, 0x00, 0x00, 0x00,
    0x00, 0x00, 0x00, 0x00, 0x00, 0x00, 0x00, 0x00, 0x00, 0x00, 0x00, 0x00, 0x00, 0x00, 0x00, 0x00,
    0x00, 0x00, 0x00, 0x00, 0x00, 0x00, 0x00, 0x00, 0x00, 0x00, 0x00, 0x00, 0x00, 0x00, 0x00, 0x00,
    0x00, 0x00, 0x00, 0x00, 0x00, 0x00, 0x00, 0x00, 0x00, 0x00, 0x00, 0x00, 0x00, 0x00, 0x00, 0x00,
    0x00, 0x00, 0x00, 0x00, 0x00, 0x00, 0x00, 0x00, 0x00, 0x00, 0x00, 0x00, 0x00, 0x00, 0x00, 0x00,
    0x00, 0x00, 0x00, 0x00, 0x00, 0x00, 0x00, 0x00, 0x00, 0x00, 0x00, 0x00, 0x00, 0x00, 0x00, 0x00,
    0x00, 0x00, 0x00, 0x00, 0x00, 0x00, 0x00, 0x00, 0x00, 0x00, 0x00, 0x00, 0x00, 0x00, 0x00, 0x00,
    0x00, 0x00, 0x00, 0x00, 0x00, 0x00, 0x00, 0x00, 0x00, 0x00, 0x00, 0x00, 0x00, 0x00, 0x00, 0x00,
    0x00, 0x00, 0x00, 0x00, 0x00, 0x00, 0x00, 0x00, 0x00, 0x00, 0x00, 0x00, 0x00, 0x00, 0x00, 0x00,
    0x00, 0x00, 0x00, 0x00, 0x00, 0x00, 0x00, 0x00, 0x00, 0x00, 0x00, 0x00, 0x00, 0x00, 0x00, 0x00,
    0x00, 0x00, 0x00, 0x00, 0x00, 0x00, 0x00, 0x00, 0x00, 0x00, 0x00, 0x00, 0x00, 0x00, 0x00, 0x00,
    0x00, 0x00, 0x00, 0x00, 0x00, 0x00, 0x00, 0x00, 0x00, 0x00, 0x00, 0x00, 0x00, 0x00, 0x00, 0x00,
    0x00, 0x00, 0x00, 0x00, 0x00, 0x00, 0x00, 0x00, 0x00, 0x00, 0x00, 0x00, 0x00, 0x00, 0x00, 0x00,
    0x00, 0x00, 0x00, 0x00, 0x00, 0x00, 0x00, 0x00, 0x00, 0x00, 0x00, 0x00, 0x00, 0x00, 0x00, 0x00,
    0x00, 0x00, 0x00, 0x00, 0x00, 0x00, 0x00, 0x00, 0x00, 0x00, 0x00, 0x00, 0x00, 0x00, 0x00, 0x00,
    0x00, 0x00, 0x00, 0x00, 0x00, 0x00, 0x00, 0x00, 0x00, 0x00, 0x00, 0x00, 0x00, 0x00, 0x00, 0x00,
    0x00, 0x00, 0x00, 0x00, 0x00, 0x00, 0x00, 0x00, 0x00, 0x00, 0x00, 0x00, 0x00, 0x00, 0x00, 0x00,
    0x00, 0x00, 0x00, 0x00, 0x00, 0x00, 0x00, 0x00, 0x00, 0x00, 0x00, 0x00, 0x00, 0x00, 0x00, 0x00,
    0x00, 0x00, 0x00, 0x00, 0x00, 0x00, 0x00, 0x00, 0x00, 0x00, 0x00, 0x00, 0x00, 0x00, 0x00, 0x00,
    0x00, 0x00, 0x00, 0x00, 0x00, 0x00, 0x00, 0x00, 0x00, 0x00, 0x00, 0x00, 0x00, 0x00, 0x00, 0x00,
    0x00, 0x00, 0x00, 0x00, 0x00, 0x00, 0x00, 0x00, 0x00, 0x00, 0x00, 0x00, 0x00, 0x00, 0x00, 0x00,
    0x00, 0x00, 0x00, 0x00, 0x00, 0x00, 0x00, 0x00, 0x00, 0x00, 0x00, 0x00, 0x00, 0x00, 0x00, 0x00,
    0x00, 0x00, 0x00, 0x00, 0x00, 0x00, 0x00, 0x00, 0x00, 0x00, 0x00, 0x00, 0x00, 0x00, 0x00, 0x00,
    0x00, 0x00, 0x00, 0x00, 0x00, 0x00, 0x00, 0x00, 0x00, 0x00, 0x00, 0x00, 0x00, 0x00, 0x00, 0x00,
    0x00, 0x00, 0x00, 0x00, 0x00, 0x00, 0x00, 0x00, 0x00, 0x00, 0x00, 0x00, 0x00, 0x00, 0x00, 0x00,
    0x00, 0x00, 0x00, 0x00, 0x00, 0x00, 0x00, 0x00, 0x00, 0x00, 0x00, 0x00, 0x00, 0x00, 0x00, 0x00,
    0x00, 0x00, 0x00, 0x00, 0x00, 0x00, 0x00, 0x00, 0x00, 0x00, 0x00, 0x00, 0x00, 0x00, 0x00, 0x00,
    0x00, 0x00, 0x00, 0x00, 0x00, 0x00, 0x00, 0x00, 0x00, 0x00, 0x00, 0x00, 0x00, 0x00, 0x00, 0x00,
    0x00, 0x00, 0x00, 0x00, 0x00, 0x00, 0x00, 0x00, 0x00, 0x00, 0x00, 0x00, 0x00, 0x00, 0x00, 0x00,
    0x00, 0x00, 0x00, 0x00, 0x00, 0x00, 0x00, 0x00, 0x00, 0x00, 0x00, 0x00, 0x00, 0x00, 0x00, 0x00,
    0x00, 0x00, 0x00, 0x00, 0x00, 0x00, 0x00, 0x00, 0x00, 0x00, 0x00, 0x00, 0x00, 0x00, 0x00, 0x00,
    0x00, 0x00, 0x00, 0x00, 0x00, 0x00, 0x00, 0x00, 0x00, 0x00, 0x00, 0x00, 0x00, 0x00, 0x00, 0x00,
    0x00, 0x00, 0x00, 0x00, 0x00, 0x00, 0x00, 0x00, 0x00, 0x00, 0x00, 0x00, 0x00, 0x00, 0x00, 0x00,
    0x00, 0x00, 0x00, 0x00, 0x00, 0x00, 0x00, 0x00, 0x00, 0x00, 0x00, 0x00, 0x00, 0x00, 0x00, 0x00,
    0x00, 0x00, 0x00, 0x00, 0x00, 0x00, 0x00, 0x00, 0x00, 0x00, 0x00, 0x00, 0x00, 0x00, 0x00, 0x00,
    0x00, 0x00, 0x00, 0x00, 0x00, 0x00, 0x00, 0x00, 0x00, 0x00, 0x00, 0x00, 0x00, 0x00, 0x00, 0x00,
    0x00, 0x00, 0x00, 0x00, 0x00, 0x00, 0x00, 0x00, 0x00, 0x00, 0x00, 0x00, 0x00, 0x00, 0x00, 0x00,
    0x00, 0x00, 0x00, 0x00, 0x00, 0x00, 0x00, 0x00, 0x00, 0x00, 0x00, 0x00, 0x00, 0x00, 0x00, 0x00,
    0x00, 0x00, 0x00, 0x00, 0x00, 0x00, 0x00, 0x00, 0x00, 0x00, 0x00, 0x00, 0x00, 0x00, 0x00, 0x00,
    0x00, 0x00, 0x00, 0x00, 0x00, 0x00, 0x00, 0x00, 0x00, 0x00, 0x00, 0x00, 0x00, 0x00, 0x00, 0x00,
    0x00, 0x00, 0x00, 0x00, 0x00, 0x00, 0x00, 0x00, 0x00, 0x00, 0x00, 0x00, 0x00, 0x00, 0x00, 0x00,
    0x00, 0x00, 0x00, 0x00, 0x00, 0x00, 0x00, 0x00, 0x00, 0x00, 0x00, 0x00, 0x00, 0x00, 0x00, 0x00,
    0x00, 0x00, 0x00, 0x00, 0x00, 0x00, 0x00, 0x00, 0x00, 0x00, 0x00, 0x00, 0x00, 0x00, 0x00, 0x00,
    0x00, 0x00, 0x00, 0x00, 0x00, 0x00, 0x00, 0x00, 0x00, 0x00, 0x00, 0x00, 0x00, 0x00, 0x00, 0x00,
    0x00, 0x00, 0x00, 0x00, 0x00, 0x00, 0x00, 0x00, 0x00, 0x00, 0x00, 0x00, 0x00, 0x00, 0x00, 0x00,
    0x00, 0x00, 0x00, 0x00, 0x00, 0x00, 0x00, 0x00, 0x00, 0x00, 0x00, 0x00, 0x00, 0x00, 0x00, 0x00,
    0x00, 0x00, 0x00, 0x00, 0x00, 0x00, 0x00, 0x00, 0x00, 0x00, 0x00, 0x00, 0x00, 0x00, 0x00, 0x00,
    0x00, 0x00, 0x00, 0x00, 0x00, 0x00, 0x00, 0x00, 0x00, 0x00, 0x00, 0x00, 0x00, 0x00, 0x00, 0x00,
    0x00, 0x00, 0x00, 0x00, 0x00, 0x00, 0x00, 0x00, 0x00, 0x00, 0x00, 0x00, 0x00, 0x00, 0x00, 0x00,
    0x00, 0x00, 0x00, 0x00, 0x00, 0x00, 0x00, 0x00, 0x00, 0x00, 0x00, 0x00, 0x00, 0x00, 0x00, 0x00,
    0x00, 0x00, 0x00, 0x00, 0x00, 0x00, 0x00, 0x00, 0x00, 0x00, 0x00, 0x00, 0x00, 0x00, 0x00, 0x00,
    0x00, 0x00, 0x00, 0x00, 0x00, 0x00, 0x00, 0x00, 0x00, 0x00, 0x00, 0x00, 0x00, 0x00, 0x00, 0x00,
    0x00, 0x00, 0x00, 0x00, 0x00, 0x00, 0x00, 0x00, 0x00, 0x00, 0x00, 0x00, 0x00, 0x00, 0x00, 0x00,
    0x00, 0x00, 0x00, 0x00, 0x00, 0x00, 0x00, 0x00, 0x00, 0x00, 0x00, 0x00, 0x00, 0x00, 0x00, 0x00,
    0x00, 0x00, 0x00, 0x00, 0x00, 0x00, 0x00, 0x00, 0x00, 0x00, 0x00, 0x00, 0x00, 0x00, 0x00, 0x00,
    0x00, 0x00, 0x00, 0x00, 0x00, 0x00, 0x00, 0x00, 0x00, 0x00, 0x00, 0x00, 0x00, 0x00, 0x00, 0x00,
    0x00, 0x00, 0x00, 0x00, 0x00, 0x00, 0x00, 0x00, 0x00, 0x00, 0x00, 0x00, 0x00, 0x00, 0x00, 0x00,
    0x00, 0x00, 0x00, 0x00, 0x00, 0x00, 0x00, 0x00, 0x00, 0x00, 0x00, 0x00, 0x00, 0x00, 0x00, 0x00,
    0x00, 0x00, 0x00, 0x00, 0x00, 0x00, 0x00, 0x00, 0x00, 0x00, 0x00, 0x00, 0x00, 0x00, 0x00, 0x00,
    0x00, 0x00, 0x00, 0x00, 0x00, 0x00, 0x00, 0x00, 0x00, 0x00, 0x00, 0x00, 0x00, 0x00, 0x00, 0x00,
    0x00, 0x00, 0x00, 0x00, 0x00, 0x00, 0x00, 0x00, 0x00, 0x00, 0x00, 0x00, 0x00, 0x00, 0x00, 0x00,
    0x00, 0x00, 0x00, 0x00, 0x00, 0x00, 0x00, 0x00, 0x00, 0x00, 0x00, 0x00, 0x00, 0x00, 0x00, 0x00,
    0x00, 0x00, 0x00, 0x00, 0x00, 0x00, 0x00, 0x00, 0x00, 0x00, 0x00, 0x00, 0x00, 0x00, 0x00, 0x00,
    0x00, 0x00, 0x00, 0x00, 0x00, 0x00, 0x00, 0x00, 0x00, 0x00, 0x00, 0x00, 0x00, 0x00, 0x00, 0x00,
    0x00, 0x00, 0x00, 0x00, 0x00, 0x00, 0x00, 0x00, 0x00, 0x00, 0x00, 0x00, 0x00, 0x00, 0x00, 0x00,
    0x00, 0x00, 0x00, 0x00, 0x00, 0x00, 0x00, 0x00, 0x00, 0x00, 0x00, 0x00, 0x00, 0x00, 0x00, 0x00,
    0x00, 0x00, 0x00, 0x00, 0x00, 0x00, 0x00, 0x00, 0x00, 0x00, 0x00, 0x00, 0x00, 0x00, 0x00, 0x00,
    0x00, 0x00, 0x00, 0x00, 0x00, 0x00, 0x00, 0x00, 0x00, 0x00, 0x00, 0x00, 0x00, 0x00, 0x00, 0x00,
    0x00, 0x00, 0x00, 0x00, 0x00, 0x00, 0x00, 0x00, 0x00, 0x00, 0x00, 0x00, 0x00, 0x00, 0x00, 0x00,
    0x00, 0x00, 0x00, 0x00, 0x00, 0x00, 0x00, 0x00, 0x00, 0x00, 0x00, 0x00, 0x00, 0x00, 0x00, 0x00,
    0x00, 0x00, 0x00, 0x00, 0x00, 0x00, 0x00, 0x00, 0x00, 0x00, 0x00, 0x00, 0x00, 0x00, 0x00, 0x00,
    0x00, 0x00, 0x00, 0x00, 0x00, 0x00, 0x00, 0x00, 0x00, 0x00, 0x00, 0x00, 0x00, 0x00, 0x00, 0x00,
    0x00, 0x00, 0x00, 0x00, 0x00, 0x00, 0x00, 0x00, 0x00, 0x00, 0x00, 0x00, 0x00, 0x00, 0x00, 0x00,
    0x00, 0x00, 0x00, 0x00, 0x00, 0x00, 0x00, 0x00, 0x00, 0x00, 0x00, 0x00, 0x00, 0x00, 0x00, 0x00,
    0x00, 0x00, 0x00, 0x00, 0x00, 0x00, 0x00, 0x00, 0x00, 0x00, 0x00, 0x00, 0x00, 0x00, 0x00, 0x00,
    0x00, 0x00, 0x00, 0x00, 0x00, 0x00, 0x00, 0x00, 0x00, 0x00, 0x00, 0x00, 0x00, 0x00, 0x00, 0x00,
    0x00, 0x00, 0x00, 0x00, 0x00, 0x00, 0x00, 0x00, 0x00, 0x00, 0x00, 0x00, 0x00, 0x00, 0x00, 0x00,
    0x00, 0x00, 0x00, 0x00, 0x00, 0x00, 0x00, 0x00, 0x00, 0x00, 0x00, 0x00, 0x00, 0x00, 0x00, 0x00,
    0x00, 0x00, 0x00, 0x00, 0x00, 0x00, 0x00, 0x00, 0x00, 0x00, 0x00, 0x00, 0x00, 0x00, 0x00, 0x00,
    0x00, 0x00, 0x00, 0x00, 0x00, 0x00, 0x00, 0x00, 0x00, 0x00, 0x00, 0x00, 0x00, 0x00, 0x00, 0x00,
    0x00, 0x00, 0x00, 0x00, 0x00, 0x00, 0x00, 0x00, 0x00, 0x00, 0x00, 0x00, 0x00, 0x00, 0x00, 0x00,
    0x00, 0x00, 0x00, 0x00, 0x00, 0x00, 0x00, 0x00, 0x00, 0x00, 0x00, 0x00, 0x00, 0x00, 0x00, 0x00,
    0x00, 0x00, 0x00, 0x00, 0x00, 0x00, 0x00, 0x00, 0x00, 0x00, 0x00, 0x00, 0x00, 0x00, 0x00, 0x00,
    0x00, 0x00, 0x00, 0x00, 0x00, 0x00, 0x00, 0x00, 0x00, 0x00, 0x00, 0x00, 0x00, 0x00, 0x00, 0x00,
    0x00, 0x00, 0x00, 0x00, 0x00, 0x00, 0x00, 0x00, 0x00, 0x00, 0x00, 0x00, 0x00, 0x00, 0x00, 0x00,
    0x00, 0x00, 0x00, 0x00, 0x00, 0x00, 0x00, 0x00, 0x00, 0x00, 0x00, 0x00, 0x00, 0x00, 0x00, 0x00,
    0x00, 0x00, 0x00, 0x00, 0x00, 0x00, 0x00, 0x00, 0x00, 0x00, 0x00, 0x00, 0x00, 0x00, 0x00, 0x00,
    0x00, 0x00, 0x00, 0x00, 0x00, 0x00, 0x00, 0x00, 0x00, 0x00, 0x00, 0x00, 0x00, 0x00, 0x00, 0x00,
    0x00, 0x00, 0x00, 0x00, 0x00, 0x00, 0x00, 0x00, 0x00, 0x00, 0x00, 0x00, 0x00, 0x00, 0x00, 0x00,
    0x00, 0x00, 0x00, 0x00, 0x00, 0x00, 0x00, 0x00, 0x00, 0x00, 0x00, 0x00, 0x00, 0x00, 0x00, 0x00,
    0x00, 0x00, 0x00, 0x00, 0x00, 0x00, 0x00, 0x00, 0x00, 0x00, 0x00, 0x00, 0x00, 0x00, 0x00, 0x00,
    0x00, 0x00, 0x00, 0x00, 0x00, 0x00, 0x00, 0x00, 0x00, 0x00, 0x00, 0x00, 0x00, 0x00, 0x00, 0x00,
    0x00, 0x00, 0x00, 0x00, 0x00, 0x00, 0x00, 0x00, 0x00, 0x00, 0x00, 0x00, 0x00, 0x00, 0x00, 0x00,
    0x00, 0x00, 0x00, 0x00, 0x00, 0x00, 0x00, 0x00, 0x00, 0x00, 0x00, 0x00, 0x00, 0x00, 0x00, 0x00,
    0x00, 0x00, 0x00, 0x00, 0x00, 0x00, 0x00, 0x00, 0x00, 0x00, 0x00, 0x00, 0x00, 0x00, 0x00, 0x00,
    0x00, 0x00, 0x00, 0x00, 0x00, 0x00, 0x00, 0x00, 0x00, 0x00, 0x00, 0x00, 0x00, 0x00, 0x00, 0x00,
    0x00, 0x00, 0x00, 0x00, 0x00, 0x00, 0x00, 0x00, 0x00, 0x00, 0x00, 0x00, 0x00, 0x00, 0x00, 0x00,
    0x00, 0x00, 0x00, 0x00, 0x00, 0x00, 0x00, 0x00, 0x00, 0x00, 0x00, 0x00, 0x00, 0x00, 0x00, 0x00,
    0x00, 0x00, 0x00, 0x00, 0x00, 0x00, 0x00, 0x00, 0x00, 0x00, 0x00, 0x00, 0x00, 0x00, 0x00, 0x00,
    0x00, 0x00, 0x00, 0x00, 0x00, 0x00, 0x00, 0x00, 0x00, 0x00, 0x00, 0x00, 0x00, 0x00, 0x00, 0x00,
    0x00, 0x00, 0x00, 0x00, 0x00, 0x00, 0x00, 0x00, 0x00, 0x00, 0x00, 0x00, 0x00, 0x00, 0x00, 0x00,
    0x00, 0x00, 0x00, 0x00, 0x00, 0x00, 0x00, 0x00, 0x00, 0x00, 0x00, 0x00, 0x00, 0x00, 0x00, 0x00,
    0x00, 0x00, 0x00, 0x00, 0x00, 0x00, 0x00, 0x00, 0x00, 0x00, 0x00, 0x00, 0x00, 0x00, 0x00, 0x00,
    0x00, 0x00, 0x00, 0x00, 0x00, 0x00, 0x00, 0x00, 0x00, 0x00, 0x00, 0x00, 0x00, 0x00, 0x00, 0x00,
    0x00, 0x00, 0x00, 0x00, 0x00, 0x00, 0x00, 0x00, 0x00, 0x00, 0x00, 0x00, 0x00, 0x00, 0x00, 0x00,
    0x00, 0x00, 0x00, 0x00, 0x00, 0x00, 0x00, 0x00, 0x00, 0x00, 0x00, 0x00, 0x00, 0x00, 0x00, 0x00,
    0x00, 0x00, 0x00, 0x00, 0x00, 0x00, 0x00, 0x00, 0x00, 0x00, 0x00, 0x00, 0x00, 0x00, 0x00, 0x00,
    0x00, 0x00, 0x00, 0x00, 0x00, 0x00, 0x00, 0x00, 0x00, 0x00, 0x00, 0x00, 0x00, 0x00, 0x00, 0x00,
    0x00, 0x00, 0x00, 0x00, 0x00, 0x00, 0x00, 0x00, 0x00, 0x00, 0x00, 0x00, 0x00, 0x00, 0x00, 0x00,
    0x00, 0x00, 0x00, 0x00, 0x00, 0x00, 0x00, 0x00, 0x00, 0x00, 0x00, 0x00, 0x00, 0x00, 0x00, 0x00,
    0x00, 0x00, 0x00, 0x00, 0x00, 0x00, 0x00, 0x00, 0x00, 0x00, 0x00, 0x00, 0x00, 0x00, 0x00, 0x00,
    0x00, 0x00, 0x00, 0x00, 0x00, 0x00, 0x00, 0x00, 0x00, 0x00, 0x00, 0x00, 0x00, 0x00, 0x00, 0x00,
    0x00, 0x00, 0x00, 0x00, 0x00, 0x00, 0x00, 0x00, 0x00, 0x00, 0x00, 0x00, 0x00, 0x00, 0x00, 0x00,
    0x00, 0x00, 0x00, 0x00, 0x00, 0x00, 0x00, 0x00, 0x00, 0x00, 0x00, 0x00, 0x00, 0x00, 0x00, 0x00,
    0x00, 0x00, 0x00, 0x00, 0x00, 0x00, 0x00, 0x00, 0x00, 0x00, 0x00, 0x00, 0x00, 0x00, 0x00, 0x00,
    0x00, 0x00, 0x00, 0x00, 0x00, 0x00, 0x00, 0x00, 0x00, 0x00, 0x00, 0x00, 0x00, 0x00, 0x00, 0x00,
    0x00, 0x00, 0x00, 0x00, 0x00, 0x00, 0x00, 0x00, 0x00, 0x00, 0x00, 0x00, 0x00, 0x00, 0x00, 0x00,
    0x00, 0x00, 0x00, 0x00, 0x00, 0x00, 0x00, 0x00, 0x00, 0x00, 0x00, 0x00, 0x00, 0x00, 0x00, 0x00,
    0x00, 0x00, 0x00, 0x00, 0x00, 0x00, 0x00, 0x00, 0x00, 0x00, 0x00, 0x00, 0x00, 0x00, 0x00, 0x00,
    0x00, 0x00, 0x00, 0x00, 0x00, 0x00, 0x00, 0x00, 0x00, 0x00, 0x00, 0x00, 0x00, 0x00, 0x00, 0x00,
    0x00, 0x00, 0x00, 0x00, 0x00, 0x00, 0x00, 0x00, 0x00, 0x00, 0x00, 0x00, 0x00, 0x00, 0x00, 0x00,
    0x00, 0x00, 0x00, 0x00, 0x00, 0x00, 0x00, 0x00, 0x00, 0x00, 0x00, 0x00, 0x00, 0x00, 0x00, 0x00,
    0x00, 0x00, 0x00, 0x00, 0x00, 0x00, 0x00, 0x00, 0x00, 0x00, 0x00, 0x00, 0x00, 0x00, 0x00, 0x00,
    0x00, 0x00, 0x00, 0x00, 0x00, 0x00, 0x00, 0x00, 0x00, 0x00, 0x00, 0x00, 0x00, 0x00, 0x00, 0x00,
    0x00, 0x00, 0x00, 0x00, 0x00, 0x00, 0x00, 0x00, 0x00, 0x00, 0x00, 0x00, 0x00, 0x00, 0x00, 0x00,
    0x00, 0x00, 0x00, 0x00, 0x00, 0x00, 0x00, 0x00, 0x00, 0x00, 0x00, 0x00, 0x00, 0x00, 0x00, 0x00,
    0x00, 0x00, 0x00, 0x00, 0x00, 0x00, 0x00, 0x00, 0x00, 0x00, 0x00, 0x00, 0x00, 0x00, 0x00, 0x00,
    0x00, 0x00, 0x00, 0x00, 0x00, 0x00, 0x00, 0x00, 0x00, 0x00, 0x00, 0x00, 0x00, 0x00, 0x00, 0x00,
    0x00, 0x00, 0x00, 0x00, 0x00, 0x00, 0x00, 0x00, 0x00, 0x00, 0x00, 0x00, 0x00, 0x00, 0x00, 0x00,
    0x00, 0x00, 0x00, 0x00, 0x00, 0x00, 0x00, 0x00, 0x00, 0x00, 0x00, 0x00, 0x00, 0x00, 0x00, 0x00,
    0x00, 0x00, 0x00, 0x00, 0x00, 0x00, 0x00, 0x00, 0x00, 0x00, 0x00, 0x00, 0x00, 0x00, 0x00, 0x00,
    0x00, 0x00, 0x00, 0x00, 0x00, 0x00, 0x00, 0x00, 0x00, 0x00, 0x00, 0x00, 0x00, 0x00, 0x00, 0x00,
    0x00, 0x00, 0x00, 0x00, 0x00, 0x00, 0x00, 0x00, 0x00, 0x00, 0x00, 0x00, 0x00, 0x00, 0x00, 0x00,
    0x00, 0x00, 0x00, 0x00, 0x00, 0x00, 0x00, 0x00, 0x00, 0x00, 0x00, 0x00, 0x00, 0x00, 0x00, 0x00,
    0x00, 0x00, 0x00, 0x00, 0x00, 0x00, 0x00, 0x00, 0x00, 0x00, 0x00, 0x00, 0x00, 0x00, 0x00, 0x00,
    0x00, 0x00, 0x00, 0x00, 0x00, 0x00, 0x00, 0x00, 0x00, 0x00, 0x00, 0x00, 0x00, 0x00, 0x00, 0x00,
    0x00, 0x00, 0x00, 0x00, 0x00, 0x00, 0x00, 0x00, 0x00, 0x00, 0x00, 0x00, 0x00, 0x00, 0x00, 0x00,
    0x00, 0x00, 0x00, 0x00, 0x00, 0x00, 0x00, 0x00, 0x00, 0x00, 0x00, 0x00, 0x00, 0x00, 0x00, 0x00,
    0x00, 0x00, 0x00, 0x00, 0x00, 0x00, 0x00, 0x00, 0x00, 0x00, 0x00, 0x00, 0x00, 0x00, 0x00, 0x00,
    0x00, 0x00, 0x00, 0x00, 0x00, 0x00, 0x00, 0x00, 0x00, 0x00, 0x00, 0x00, 0x00, 0x00, 0x00, 0x00,
    0x00, 0x00, 0x00, 0x00, 0x00, 0x00, 0x00, 0x00, 0x00, 0x00, 0x00, 0x00, 0x00, 0x00, 0x00, 0x00,
    0x00, 0x00, 0x00, 0x00, 0x00, 0x00, 0x00, 0x00, 0x00, 0x00, 0x00, 0x00, 0x00, 0x00, 0x00, 0x00,
    0x00, 0x00, 0x00, 0x00, 0x00, 0x00, 0x00, 0x00, 0x00, 0x00, 0x00, 0x00, 0x00, 0x00, 0x00, 0x00,
    0x00, 0x00, 0x00, 0x00, 0x00, 0x00, 0x00, 0x00, 0x00, 0x00, 0x00, 0x00, 0x00, 0x00, 0x00, 0x00,
    0x00, 0x00, 0x00, 0x00, 0x00, 0x00, 0x00, 0x00, 0x00, 0x00, 0x00, 0x00, 0x00, 0x00, 0x00, 0x00,
    0x00, 0x00, 0x00, 0x00, 0x00, 0x00, 0x00, 0x00, 0x00, 0x00, 0x00, 0x00, 0x00, 0x00, 0x00, 0x00,
    0x00, 0x00, 0x00, 0x00, 0x00, 0x00, 0x00, 0x00, 0x00, 0x00, 0x00, 0x00, 0x00, 0x00, 0x00, 0x00,
    0x00, 0x00, 0x00, 0x00, 0x00, 0x00, 0x00, 0x00, 0x00, 0x00, 0x00, 0x00, 0x00, 0x00, 0x00, 0x00,
    0x00, 0x00, 0x00, 0x00, 0x00, 0x00, 0x00, 0x00, 0x00, 0x00, 0x00, 0x00, 0x00, 0x00, 0x00, 0x00,
    0x00, 0x00, 0x00, 0x00, 0x00, 0x00, 0x00, 0x00, 0x00, 0x00, 0x00, 0x00, 0x00, 0x00, 0x00, 0x00,
    0x00, 0x00, 0x00, 0x00, 0x00, 0x00, 0x00, 0x00, 0x00, 0x00, 0x00, 0x00, 0x00, 0x00, 0x00, 0x00,
    0x00, 0x00, 0x00, 0x00, 0x00, 0x00, 0x00, 0x00, 0x00, 0x00, 0x00, 0x00, 0x00, 0x00, 0x00, 0x00,
    0x00, 0x00, 0x00, 0x00, 0x00, 0x00, 0x00, 0x00, 0x00, 0x00, 0x00, 0x00, 0x00, 0x00, 0x00, 0x00,
    0x00, 0x00, 0x00, 0x00, 0x00, 0x00, 0x00, 0x00, 0x00, 0x00, 0x00, 0x00, 0x00, 0x00, 0x00, 0x00,
    0x00, 0x00, 0x00, 0x00, 0x00, 0x00, 0x00, 0x00, 0x00, 0x00, 0x00, 0x00, 0x00, 0x00, 0x00, 0x00,
    0x00, 0x00, 0x00, 0x00, 0x00, 0x00, 0x00, 0x00, 0x00, 0x00, 0x00, 0x00, 0x00, 0x00, 0x00, 0x00,
    0x00, 0x00, 0x00, 0x00, 0x00, 0x00, 0x00, 0x00, 0x00, 0x00, 0x00, 0x00, 0x00, 0x00, 0x00, 0x00,
    0x00, 0x00, 0x00, 0x00, 0x00, 0x00, 0x00, 0x00, 0x00, 0x00, 0x00, 0x00, 0x00, 0x00, 0x00, 0x00,
    0x00, 0x00, 0x00, 0x00, 0x00, 0x00, 0x00, 0x00, 0x00, 0x00, 0x00, 0x00, 0x00, 0x00, 0x00, 0x00,
    0x00, 0x00, 0x00, 0x00, 0x00, 0x00, 0x00, 0x00, 0x00, 0x00, 0x00, 0x00, 0x00, 0x00, 0x00, 0x00,
    0x00, 0x00, 0x00, 0x00, 0x00, 0x00, 0x00, 0x00, 0x00, 0x00, 0x00, 0x00, 0x00, 0x00, 0x00, 0x00,
    0x00, 0x00, 0x00, 0x00, 0x00, 0x00, 0x00, 0x00, 0x00, 0x00, 0x00, 0x00, 0x00, 0x00, 0x00, 0x00,
    0x00, 0x00, 0x00, 0x00, 0x00, 0x00, 0x00, 0x00, 0x00, 0x00, 0x00, 0x00, 0x00, 0x00, 0x00, 0x00,
    0x00, 0x00, 0x00, 0x00, 0x00, 0x00, 0x00, 0x00, 0x00, 0x00, 0x00, 0x00, 0x00, 0x00, 0x00, 0x00,
    0x00, 0x00, 0x00, 0x00, 0x00, 0x00, 0x00, 0x00, 0x00, 0x00, 0x00, 0x00, 0x00, 0x00, 0x00, 0x00,
    0x00, 0x00, 0x00, 0x00, 0x00, 0x00, 0x00, 0x00, 0x00, 0x00, 0x00, 0x00, 0x00, 0x00, 0x00, 0x00,
    0x00, 0x00, 0x00, 0x00, 0x00, 0x00, 0x00, 0x00, 0x00, 0x00, 0x00, 0x00, 0x00, 0x00, 0x00, 0x00,
    0x00, 0x00, 0x00, 0x00, 0x00, 0x00, 0x00, 0x00, 0x00, 0x00, 0x00, 0x00, 0x00, 0x00, 0x00, 0x00,
    0x00, 0x00, 0x00, 0x00, 0x00, 0x00, 0x00, 0x00, 0x00, 0x00, 0x00, 0x00, 0x00, 0x00, 0x00, 0x00,
    0x00, 0x00, 0x00, 0x00, 0x00, 0x00, 0x00, 0x00, 0x00, 0x00, 0x00, 0x00, 0x00, 0x00, 0x00, 0x00,
    0x00, 0x00, 0x00, 0x00, 0x00, 0x00, 0x00, 0x00, 0x00, 0x00, 0x00, 0x00, 0x00, 0x00, 0x00, 0x00,
    0x00, 0x00, 0x00, 0x00, 0x00, 0x00, 0x00, 0x00, 0x00, 0x00, 0x00, 0x00, 0x00, 0x00, 0x00, 0x00,
    0x00, 0x00, 0x00, 0x00, 0x00, 0x00, 0x00, 0x00, 0x00, 0x00, 0x00, 0x00, 0x00, 0x00, 0x00, 0x00,
    0x00, 0x00, 0x00, 0x00, 0x00, 0x00, 0x00, 0x00, 0x00, 0x00, 0x00, 0x00, 0x00, 0x00, 0x00, 0x00,
    0x00, 0x00, 0x00, 0x00, 0x00, 0x00, 0x00, 0x00, 0x00, 0x00, 0x00, 0x00, 0x00, 0x00, 0x00, 0x00,
    0x00, 0x00, 0x00, 0x00, 0x00, 0x00, 0x00, 0x00, 0x00, 0x00, 0x00, 0x00, 0x00, 0x00, 0x00, 0x00,
    0x00, 0x00, 0x00, 0x00, 0x00, 0x00, 0x00, 0x00, 0x00, 0x00, 0x00, 0x00, 0x00, 0x00, 0x00, 0x00,
    0x00, 0x00, 0x00, 0x00, 0x00, 0x00, 0x00, 0x00, 0x00, 0x00, 0x00, 0x00, 0x00, 0x00, 0x00, 0x00,
    0x00, 0x00, 0x00, 0x00, 0x00, 0x00, 0x00, 0x00, 0x00, 0x00, 0x00, 0x00, 0x00, 0x00, 0x00, 0x00,
    0x00, 0x00, 0x00, 0x00, 0x00, 0x00, 0x00, 0x00, 0x00, 0x00, 0x00, 0x00, 0x00, 0x00, 0x00, 0x00,
    0x00, 0x00, 0x00, 0x00, 0x00, 0x00, 0x00, 0x00, 0x00, 0x00, 0x00, 0x00, 0x00, 0x00, 0x00, 0x00,
    0x00, 0x00, 0x00, 0x00, 0x00, 0x00, 0x00, 0x00, 0x00, 0x00, 0x00, 0x00, 0x00, 0x00, 0x00, 0x00,
    0x00, 0x00, 0x00, 0x00, 0x00, 0x00, 0x00, 0x00, 0x00, 0x00, 0x00, 0x00, 0x00, 0x00, 0x00, 0x00,
    0x00, 0x00, 0x00, 0x00, 0x00, 0x00, 0x00, 0x00, 0x00, 0x00, 0x00, 0x00, 0x00, 0x00, 0x00, 0x00,
    0x00, 0x00, 0x00, 0x00, 0x00, 0x00, 0x00, 0x00, 0x00, 0x00, 0x00, 0x00, 0x00, 0x00, 0x00, 0x00,
    0x00, 0x00, 0x00, 0x00, 0x00, 0x00, 0x00, 0x00, 0x00, 0x00, 0x00, 0x00, 0x00, 0x00, 0x00, 0x00,
    0x00, 0x00, 0x00, 0x00, 0x00, 0x00, 0x00, 0x00, 0x00, 0x00, 0x00, 0x00, 0x00, 0x00, 0x00, 0x00,
    0x00, 0x00, 0x00, 0x00, 0x00, 0x00, 0x00, 0x00, 0x00, 0x00, 0x00, 0x00, 0x00, 0x00, 0x00, 0x00,
    0x00, 0x00, 0x00, 0x00, 0x00, 0x00, 0x00, 0x00, 0x00, 0x00, 0x00, 0x00, 0x00, 0x00, 0x00, 0x00,
    0x00, 0x00, 0x00, 0x00, 0x00, 0x00, 0x00, 0x00, 0x00, 0x00, 0x00, 0x00, 0x00, 0x00, 0x00, 0x00,
    0x00, 0x00, 0x00, 0x00, 0x00, 0x00, 0x00, 0x00, 0x00, 0x00, 0x00, 0x00, 0x00, 0x00, 0x00, 0x00,
    0x00, 0x00, 0x00, 0x00, 0x00, 0x00, 0x00, 0x00, 0x00, 0x00, 0x00, 0x00, 0x00, 0x00, 0x00, 0x00,
    0x00, 0x00, 0x00, 0x00, 0x00, 0x00, 0x00, 0x00, 0x00, 0x00, 0x00, 0x00, 0x00, 0x00, 0x00, 0x00,
    0x00, 0x00, 0x00, 0x00, 0x00, 0x00, 0x00, 0x00, 0x00, 0x00, 0x00, 0x00, 0x00, 0x00, 0x00, 0x00,
    0x00, 0x00, 0x00, 0x00, 0x00, 0x00, 0x00, 0x00, 0x00, 0x00, 0x00, 0x00, 0x00, 0x00, 0x00, 0x00,
    0x00, 0x00, 0x00, 0x00, 0x00, 0x00, 0x00, 0x00, 0x00, 0x00, 0x00, 0x00, 0x00, 0x00, 0x00, 0x00,
    0x00, 0x00, 0x00, 0x00, 0x00, 0x00, 0x00, 0x00, 0x00, 0x00, 0x00, 0x00, 0x00, 0x00, 0x00, 0x00,
    0x00, 0x00, 0x00, 0x00, 0x00, 0x00, 0x00, 0x00, 0x00, 0x00, 0x00, 0x00, 0x00, 0x00, 0x00, 0x00,
    0x00, 0x00, 0x00, 0x00, 0x00, 0x00, 0x00, 0x00, 0x00, 0x00, 0x00, 0x00, 0x00, 0x00, 0x00, 0x00,
    0x00, 0x00, 0x00, 0x00, 0x00, 0x00, 0x00, 0x00, 0x00, 0x00, 0x00, 0x00, 0x00, 0x00, 0x00, 0x00,
    0x00, 0x00, 0x00, 0x00, 0x00, 0x00, 0x00, 0x00, 0x00, 0x00, 0x00, 0x00, 0x00, 0x00, 0x00, 0x00,
    0x00, 0x00, 0x00, 0x00, 0x00, 0x00, 0x00, 0x00, 0x00, 0x00, 0x00, 0x00, 0x00, 0x00, 0x00, 0x00,
    0x00, 0x00, 0x00, 0x00, 0x00, 0x00, 0x45, 0x4E, 0x44, 0x54,
};
