// Generated with `xb buildshaders`.
const uint8_t apply_gamma_table_cs_metallib[] = {
    0x4D, 0x54, 0x4C, 0x42, 0x01, 0x80, 0x02, 0x00, 0x09, 0x00, 0x00, 0x81, 0x1A, 0x00, 0x00, 0x00,
    0x64, 0x6C, 0x00, 0x00, 0x00, 0x00, 0x00, 0x00, 0x58, 0x00, 0x00, 0x00, 0x00, 0x00, 0x00, 0x00,
    0x8E, 0x00, 0x00, 0x00, 0x00, 0x00, 0x00, 0x00, 0x04, 0x01, 0x00, 0x00, 0x00, 0x00, 0x00, 0x00,
    0x08, 0x00, 0x00, 0x00, 0x00, 0x00, 0x00, 0x00, 0x0C, 0x01, 0x00, 0x00, 0x00, 0x00, 0x00, 0x00,
    0xCC, 0x00, 0x00, 0x00, 0x00, 0x00, 0x00, 0x00, 0xD8, 0x01, 0x00, 0x00, 0x00, 0x00, 0x00, 0x00,
    0x00, 0x19, 0x00, 0x00, 0x00, 0x00, 0x00, 0x00, 0x01, 0x00, 0x00, 0x00, 0x8E, 0x00, 0x00, 0x00,
    0x4E, 0x41, 0x4D, 0x45, 0x0B, 0x00, 0x78, 0x65, 0x73, 0x6C, 0x5F, 0x65, 0x6E, 0x74, 0x72, 0x79,
    0x00, 0x54, 0x59, 0x50, 0x45, 0x01, 0x00, 0x02, 0x48, 0x41, 0x53, 0x48, 0x20, 0x00, 0x45, 0x14,
    0xC9, 0xFE, 0x89, 0xEB, 0x68, 0xAB, 0xEE, 0x7D, 0x6B, 0x68, 0x21, 0x28, 0x87, 0xA8, 0x92, 0x8C,
    0x8E, 0x31, 0xA2, 0x03, 0xA1, 0x19, 0x08, 0xA0, 0x65, 0x58, 0x07, 0x9E, 0x3A, 0xC6, 0x4D, 0x44,
    0x53, 0x5A, 0x08, 0x00, 0x00, 0x19, 0x00, 0x00, 0x00, 0x00, 0x00, 0x00, 0x4F, 0x46, 0x46, 0x54,
    0x18, 0x00, 0x00, 0x00, 0x00, 0x00, 0x00, 0x00, 0x00, 0x00, 0x00, 0x00, 0x00, 0x00, 0x00, 0x00,
    0x00, 0x00, 0x00, 0x00, 0x00, 0x00, 0x00, 0x00, 0x00, 0x00, 0x56, 0x45, 0x52, 0x53, 0x08, 0x00,
    0x02, 0x00, 0x08, 0x00, 0x03, 0x00, 0x00, 0x00, 0x53, 0x4F, 0x46, 0x46, 0x08, 0x00, 0x6B, 0x01,
    0x00, 0x00, 0x00, 0x00, 0x00, 0x00, 0x45, 0x4E, 0x44, 0x54, 0x48, 0x53, 0x52, 0x44, 0x10, 0x00,
    0xD8, 0x1A, 0x00, 0x00, 0x00, 0x00, 0x00, 0x00, 0x8C, 0x51, 0x00, 0x00, 0x00, 0x00, 0x00, 0x00,
    0x45, 0x4E, 0x44, 0x54, 0x04, 0x00, 0x00, 0x00, 0x45, 0x4E, 0x44, 0x54, 0xC8, 0x00, 0x00, 0x00,
    0x44, 0x45, 0x42, 0x49, 0x7A, 0x00, 0x18, 0x00, 0x00, 0x00, 0x2F, 0x55, 0x73, 0x65, 0x72, 0x73,
    0x2F, 0x77, 0x6D, 0x61, 0x72, 0x74, 0x69, 0x2F, 0x44, 0x6F, 0x63, 0x75, 0x6D, 0x65, 0x6E, 0x74,
    0x73, 0x2F, 0x78, 0x65, 0x6E, 0x69, 0x61, 0x2D, 0x6D, 0x61, 0x63, 0x2F, 0x73, 0x63, 0x72, 0x61,
    0x74, 0x63, 0x68, 0x2F, 0x77, 0x6F, 0x72, 0x6B, 0x74, 0x72, 0x65, 0x65, 0x73, 0x2F, 0x78, 0x65,
    0x6E, 0x69, 0x61, 0x2D, 0x63, 0x61, 0x6E, 0x61, 0x72, 0x79, 0x2D, 0x72, 0x65, 0x62, 0x61, 0x73,
    0x65, 0x2F, 0x73, 0x72, 0x63, 0x2F, 0x78, 0x65, 0x6E, 0x69, 0x61, 0x2F, 0x67, 0x70, 0x75, 0x2F,
    0x73, 0x68, 0x61, 0x64, 0x65, 0x72, 0x73, 0x2F, 0x61, 0x70, 0x70, 0x6C, 0x79, 0x5F, 0x67, 0x61,
    0x6D, 0x6D, 0x61, 0x5F, 0x74, 0x61, 0x62, 0x6C, 0x65, 0x2E, 0x78, 0x65, 0x73, 0x6C, 0x69, 0x00,
    0x44, 0x45, 0x50, 0x46, 0x3E, 0x00, 0x73, 0x72, 0x63, 0x2F, 0x78, 0x65, 0x6E, 0x69, 0x61, 0x2F,
    0x67, 0x70, 0x75, 0x2F, 0x73, 0x68, 0x61, 0x64, 0x65, 0x72, 0x73, 0x2F, 0x62, 0x79, 0x74, 0x65,
    0x63, 0x6F, 0x64, 0x65, 0x2F, 0x6D, 0x65, 0x74, 0x61, 0x6C, 0x2F, 0x61, 0x70, 0x70, 0x6C, 0x79,
    0x5F, 0x67, 0x61, 0x6D, 0x6D, 0x61, 0x5F, 0x74, 0x61, 0x62, 0x6C, 0x65, 0x5F, 0x63, 0x73, 0x2E,
    0x61, 0x69, 0x72, 0x00, 0x45, 0x4E, 0x44, 0x54, 0xDE, 0xC0, 0x17, 0x0B, 0x00, 0x00, 0x00, 0x00,
    0x14, 0x00, 0x00, 0x00, 0xEC, 0x18, 0x00, 0x00, 0xFF, 0xFF, 0xFF, 0xFF, 0x42, 0x43, 0xC0, 0xDE,
    0x35, 0x14, 0x00, 0x00, 0x03, 0x00, 0x00, 0x00, 0x62, 0x0C, 0x30, 0x24, 0x80, 0x10, 0x05, 0xC8,
    0x14, 0x00, 0x00, 0x00, 0x21, 0x0C, 0x00, 0x00, 0xB9, 0x05, 0x00, 0x00, 0x0B, 0x02, 0x21, 0x00,
    0x02, 0x00, 0x00, 0x00, 0x16, 0x00, 0x00, 0x00, 0x07, 0x81, 0x23, 0x91, 0x41, 0xC8, 0x04, 0x49,
    0x06, 0x10, 0x32, 0x39, 0x92, 0x01, 0x84, 0x0C, 0x25, 0x05, 0x08, 0x19, 0x1E, 0x04, 0x8B, 0x62,
    0x80, 0x18, 0x45, 0x02, 0x42, 0x92, 0x0B, 0x42, 0xC4, 0x10, 0x32, 0x14, 0x38, 0x08, 0x18, 0x4B,
    0x0A, 0x32, 0x62, 0x88, 0x48, 0x70, 0xC4, 0x21, 0x23, 0x44, 0x12, 0x87, 0x8C, 0x10, 0x41, 0x92,
    0x02, 0x64, 0xC8, 0x08, 0xB1, 0x14, 0x20, 0x43, 0x46, 0x88, 0x20, 0xC9, 0x01, 0x32, 0x62, 0x84,
    0x18, 0x2A, 0x28, 0x2A, 0x90, 0x31, 0x7C, 0xB0, 0x5C, 0x91, 0x20, 0xC6, 0xC8, 0x00, 0x00, 0x00,
    0x89, 0x20, 0x00, 0x00, 0x39, 0x00, 0x00, 0x00, 0x32, 0x22, 0x88, 0x09, 0x20, 0x62, 0x46, 0x00,
    0x21, 0x2B, 0x24, 0x98, 0x18, 0x21, 0x25, 0x24, 0x98, 0x18, 0x19, 0x27, 0x0C, 0x85, 0xA4, 0x90,
    0x60, 0x62, 0x64, 0x5C, 0x20, 0x24, 0x66, 0x82, 0xE0, 0x0C, 0x46, 0x00, 0xE6, 0x08, 0xC0, 0x60,
    0x18, 0x41, 0x08, 0x10, 0x0C, 0xA4, 0x29, 0xA2, 0x84, 0xC9, 0xBF, 0x08, 0x69, 0xF9, 0x1F, 0x4A,
    0x3A, 0x38, 0xA7, 0x91, 0x26, 0xA0, 0x99, 0xA4, 0x5F, 0x9A, 0x22, 0x4A, 0x98, 0x52, 0x20, 0x0C,
    0x22, 0x0C, 0x02, 0x6E, 0xD2, 0x14, 0x51, 0xC2, 0xE4, 0xFF, 0x13, 0x71, 0x4D, 0x54, 0x44, 0xFC,
    0x01, 0x55, 0x14, 0x44, 0xF4, 0xD7, 0xC3, 0x3F, 0x8D, 0x11, 0x00, 0x83, 0x08, 0x45, 0x80, 0x94,
    0x34, 0x45, 0x94, 0x30, 0xF9, 0xFF, 0x44, 0x5C, 0x13, 0x15, 0x11, 0xBF, 0x3D, 0xFC, 0xD3, 0x18,
    0x01, 0x30, 0x88, 0x70, 0x04, 0xC3, 0x08, 0x43, 0x60, 0x0C, 0x80, 0x30, 0x10, 0x24, 0x21, 0x65,
    0x06, 0x60, 0x18, 0x81, 0x60, 0x8C, 0x01, 0x20, 0x42, 0x13, 0x04, 0xE4, 0xCC, 0x11, 0x20, 0x47,
    0x68, 0x20, 0x8C, 0xA4, 0x29, 0xA2, 0x84, 0xC9, 0xFF, 0x25, 0x80, 0x79, 0x16, 0x22, 0xFA, 0xA7,
    0x31, 0x02, 0x60, 0x10, 0x41, 0x12, 0x4C, 0x11, 0x19, 0x53, 0x10, 0x10, 0x35, 0x8C, 0x30, 0x30,
    0x46, 0x48, 0x2C, 0xBA, 0xCC, 0x11, 0x21, 0x93, 0x20, 0x04, 0x01, 0x65, 0x26, 0x98, 0x68, 0x9B,
    0x23, 0x08, 0x86, 0x11, 0x84, 0xCE, 0x08, 0x9D, 0x47, 0xDF, 0x40, 0x80, 0x0A, 0x04, 0x73, 0x04,
    0xA0, 0x30, 0x88, 0x20, 0x08, 0x53, 0x00, 0xC3, 0x08, 0x44, 0x00, 0x00, 0x51, 0x18, 0x00, 0x00,
    0x86, 0x00, 0x00, 0x00, 0x1B, 0xE6, 0x23, 0xF8, 0xFF, 0xFF, 0xFF, 0xFF, 0x01, 0x30, 0x05, 0x40,
    0x02, 0xFA, 0x80, 0x08, 0x07, 0x78, 0x80, 0x07, 0x79, 0x78, 0x07, 0x7C, 0x68, 0x03, 0x73, 0xA8,
    0x07, 0x77, 0x18, 0x87, 0x36, 0x30, 0x07, 0x78, 0x68, 0x83, 0x76, 0x08, 0x07, 0x7A, 0x40, 0x07,
    0x80, 0x1E, 0xE4, 0xA1, 0x1E, 0xCA, 0x01, 0x20, 0xCC, 0x41, 0x1E, 0xC2, 0xA1, 0x1D, 0xCA, 0xA1,
    0x0D, 0xE0, 0xE1, 0x1D, 0xD2, 0xC1, 0x1D, 0xE8, 0xA1, 0x1C, 0xE4, 0x01, 0x08, 0x07, 0x76, 0x60,
    0x07, 0x80, 0x68, 0x87, 0x74, 0x70, 0x87, 0x36, 0x60, 0x87, 0x72, 0x38, 0x87, 0x70, 0x60, 0x87,
    0x36, 0xB0, 0x87, 0x72, 0x18, 0x07, 0x7A, 0x78, 0x07, 0x79, 0x68, 0x83, 0x7B, 0x48, 0x07, 0x72,
    0xA0, 0x07, 0x74, 0x00, 0xE2, 0x40, 0x0E, 0xF0, 0x00, 0x18, 0xDC, 0xE1, 0x1D, 0xDA, 0x40, 0x1C,
    0xEA, 0x21, 0x1D, 0xD8, 0x81, 0x1E, 0xD2, 0xC1, 0x1D, 0xE6, 0x01, 0x20, 0xDC, 0xE1, 0x1D, 0xDA,
    0x20, 0x1D, 0xDC, 0xC1, 0x1C, 0xE6, 0xA1, 0x0D, 0xCC, 0x01, 0x1E, 0xDA, 0xA0, 0x1D, 0xC2, 0x81,
    0x1E, 0xD0, 0x01, 0xA0, 0x07, 0x79, 0xA8, 0x87, 0x72, 0x00, 0x08, 0x77, 0x78, 0x87, 0x36, 0x70,
    0x87, 0x70, 0x70, 0x87, 0x79, 0x68, 0x03, 0x73, 0x80, 0x87, 0x36, 0x68, 0x87, 0x70, 0xA0, 0x07,
    0x74, 0x00, 0xE8, 0x41, 0x1E, 0xEA, 0xA1, 0x1C, 0x00, 0xC2, 0x1D, 0xDE, 0xA1, 0x0D, 0xE6, 0x21,
    0x1D, 0xCE, 0xC1, 0x1D, 0xCA, 0x81, 0x1C, 0xDA, 0x40, 0x1F, 0xCA, 0x41, 0x1E, 0xDE, 0x61, 0x1E,
    0xDA, 0xC0, 0x1C, 0xE0, 0xA1, 0x0D, 0xDA, 0x21, 0x1C, 0xE8, 0x01, 0x1D, 0x00, 0x7A, 0x90, 0x87,
    0x7A, 0x28, 0x07, 0x80, 0x70, 0x87, 0x77, 0x68, 0x03, 0x7A, 0x90, 0x87, 0x70, 0x80, 0x07, 0x78,
    0x48, 0x07, 0x77, 0x38, 0x87, 0x36, 0x68, 0x87, 0x70, 0xA0, 0x07, 0x74, 0x00, 0xE8, 0x41, 0x1E,
    0xEA, 0xA1, 0x1C, 0x00, 0x62, 0x1E, 0xE8, 0x21, 0x1C, 0xC6, 0x61, 0x1D, 0xDA, 0x00, 0x1E, 0xE4,
    0xE1, 0x1D, 0xE8, 0xA1, 0x1C, 0xC6, 0x81, 0x1E, 0xDE, 0x41, 0x1E, 0xDA, 0x40, 0x1C, 0xEA, 0xC1,
    0x1C, 0xCC, 0xA1, 0x1C, 0xE4, 0xA1, 0x0D, 0xE6, 0x21, 0x1D, 0xF4, 0xA1, 0x1C, 0x00, 0x3C, 0x00,
    0x88, 0x7A, 0x70, 0x87, 0x79, 0x08, 0x07, 0x73, 0x28, 0x87, 0x36, 0x30, 0x07, 0x78, 0x68, 0x83,
    0x76, 0x08, 0x07, 0x7A, 0x40, 0x07, 0x80, 0x1E, 0xE4, 0xA1, 0x1E, 0xCA, 0x01, 0xD8, 0x10, 0x06,
    0x42, 0x00, 0x2C, 0x40, 0x15, 0x04, 0x48, 0x90, 0x06, 0xC8, 0x10, 0x0E, 0xE9, 0x20, 0x0F, 0x6D,
    0x20, 0x0E, 0xF5, 0x60, 0x0E, 0xE6, 0x50, 0x0E, 0xF2, 0xD0, 0x06, 0xEE, 0xF0, 0x0E, 0x6D, 0x10,
    0x0E, 0xEC, 0x90, 0x0E, 0xE1, 0x30, 0x0F, 0xC0, 0x06, 0x65, 0xF8, 0xFF, 0xFF, 0xFF, 0xFF, 0x01,
    0x68, 0x03, 0xC0, 0x14, 0x00, 0x09, 0xE8, 0x83, 0x0D, 0x04, 0x11, 0x00, 0xCB, 0x06, 0xA7, 0xF8,
    0xFF, 0xFF, 0xFF, 0xFF, 0x01, 0x68, 0x03, 0xC0, 0x14, 0x00, 0x3F, 0x00, 0x24, 0xA0, 0x02, 0xFA,
    0x60, 0x83, 0x61, 0x04, 0xC0, 0x02, 0x54, 0x1B, 0x9C, 0xE3, 0xFF, 0xFF, 0xFF, 0xFF, 0x07, 0xC0,
    0x14, 0x00, 0x3F, 0x00, 0xFE, 0x00, 0x90, 0x00, 0x0A, 0xE8, 0x83, 0x0D, 0x0E, 0xF2, 0xFF, 0xFF,
    0xFF, 0xFF, 0x03, 0x10, 0x07, 0x80, 0x29, 0x00, 0x7E, 0x00, 0x48, 0x40, 0x05, 0xF4, 0xC1, 0x06,
    0x24, 0xF9, 0xFF, 0xFF, 0xFF, 0xFF, 0x01, 0x90, 0x00, 0x0A, 0xE8, 0x83, 0x0D, 0x8A, 0xF2, 0xFF,
    0xFF, 0xFF, 0xFF, 0x03, 0x10, 0x07, 0x80, 0x04, 0x54, 0x40, 0x1F, 0x6C, 0x50, 0x96, 0xFF, 0xFF,
    0xFF, 0xFF, 0x1F, 0x80, 0x36, 0x00, 0x24, 0xA0, 0x02, 0xFA, 0x60, 0x03, 0xC2, 0xFC, 0xFF, 0xFF,
    0xFF, 0xFF, 0x00, 0xB4, 0x01, 0x20, 0x01, 0x7D, 0x00, 0x00, 0x00, 0x00, 0x49, 0x18, 0x00, 0x00,
    0x07, 0x00, 0x00, 0x00, 0x13, 0x84, 0x40, 0x98, 0x20, 0x0C, 0xC4, 0x04, 0xA1, 0x30, 0x26, 0x04,
    0xC7, 0x84, 0x00, 0x99, 0x10, 0x24, 0x13, 0x02, 0x65, 0x82, 0xB0, 0x18, 0x13, 0x04, 0x86, 0x00,
    0x13, 0xB8, 0x70, 0x48, 0x07, 0x79, 0xB0, 0x03, 0x3A, 0xF8, 0x05, 0x7B, 0x90, 0x03, 0x3C, 0x68,
    0x83, 0x70, 0x80, 0x07, 0x78, 0x60, 0x87, 0x72, 0x68, 0x83, 0x76, 0x08, 0x87, 0x71, 0x78, 0x87,
    0x79, 0xC0, 0x07, 0x39, 0xB0, 0x03, 0x37, 0x80, 0x03, 0x37, 0x80, 0x83, 0x0D, 0xB7, 0x51, 0x0E,
    0x6D, 0x00, 0x0F, 0x7A, 0x60, 0x07, 0x74, 0xA0, 0x07, 0x76, 0x40, 0x07, 0x7A, 0x60, 0x07, 0x74,
    0xD0, 0x06, 0xE9, 0x10, 0x07, 0x7A, 0x80, 0x07, 0x7A, 0x80, 0x07, 0x6D, 0x90, 0x0E, 0x78, 0xA0,
    0x07, 0x78, 0xA0, 0x07, 0x78, 0xD0, 0x06, 0xE9, 0x10, 0x07, 0x76, 0xA0, 0x07, 0x71, 0x60, 0x07,
    0x7A, 0x10, 0x07, 0x76, 0xD0, 0x06, 0xE9, 0x30, 0x07, 0x72, 0xA0, 0x07, 0x73, 0x20, 0x07, 0x7A,
    0x30, 0x07, 0x72, 0xD0, 0x06, 0xE9, 0x60, 0x07, 0x74, 0xA0, 0x07, 0x76, 0x40, 0x07, 0x7A, 0x60,
    0x07, 0x74, 0xD0, 0x06, 0xE6, 0x30, 0x07, 0x72, 0xA0, 0x07, 0x73, 0x20, 0x07, 0x7A, 0x30, 0x07,
    0x72, 0xD0, 0x06, 0xE6, 0x60, 0x07, 0x74, 0xA0, 0x07, 0x76, 0x40, 0x07, 0x7A, 0x60, 0x07, 0x74,
    0xD0, 0x06, 0xF6, 0x10, 0x07, 0x76, 0xA0, 0x07, 0x71, 0x60, 0x07, 0x7A, 0x10, 0x07, 0x76, 0xD0,
    0x06, 0xF6, 0x20, 0x07, 0x74, 0xA0, 0x07, 0x73, 0x20, 0x07, 0x7A, 0x30, 0x07, 0x72, 0xD0, 0x06,
    0xF6, 0x30, 0x07, 0x72, 0xA0, 0x07, 0x73, 0x20, 0x07, 0x7A, 0x30, 0x07, 0x72, 0xD0, 0x06, 0xF6,
    0x40, 0x07, 0x78, 0xA0, 0x07, 0x76, 0x40, 0x07, 0x7A, 0x60, 0x07, 0x74, 0xD0, 0x06, 0xF6, 0x60,
    0x07, 0x74, 0xA0, 0x07, 0x76, 0x40, 0x07, 0x7A, 0x60, 0x07, 0x74, 0xD0, 0x06, 0xF6, 0x90, 0x07,
    0x76, 0xA0, 0x07, 0x71, 0x20, 0x07, 0x78, 0xA0, 0x07, 0x71, 0x20, 0x07, 0x78, 0xD0, 0x06, 0xF6,
    0x10, 0x07, 0x72, 0x80, 0x07, 0x7A, 0x10, 0x07, 0x72, 0x80, 0x07, 0x7A, 0x10, 0x07, 0x72, 0x80,
    0x07, 0x6D, 0x60, 0x0F, 0x71, 0x90, 0x07, 0x72, 0xA0, 0x07, 0x72, 0x50, 0x07, 0x76, 0xA0, 0x07,
    0x72, 0x50, 0x07, 0x76, 0xD0, 0x06, 0xF6, 0x20, 0x07, 0x75, 0x60, 0x07, 0x7A, 0x20, 0x07, 0x75,
    0x60, 0x07, 0x7A, 0x20, 0x07, 0x75, 0x60, 0x07, 0x6D, 0x60, 0x0F, 0x75, 0x10, 0x07, 0x72, 0xA0,
    0x07, 0x75, 0x10, 0x07, 0x72, 0xA0, 0x07, 0x75, 0x10, 0x07, 0x72, 0xD0, 0x06, 0xF6, 0x10, 0x07,
    0x70, 0x20, 0x07, 0x74, 0xA0, 0x07, 0x71, 0x00, 0x07, 0x72, 0x40, 0x07, 0x7A, 0x10, 0x07, 0x70,
    0x20, 0x07, 0x74, 0xD0, 0x06, 0xEE, 0x80, 0x07, 0x7A, 0x10, 0x07, 0x76, 0xA0, 0x07, 0x73, 0x20,
    0x07, 0x1A, 0x21, 0x0C, 0xA9, 0x5C, 0x84, 0xB4, 0xFC, 0x44, 0x33, 0x45, 0xD8, 0x90, 0x0A, 0x50,
    0x14, 0x00, 0x00, 0x02, 0x00, 0x00, 0x00, 0x01, 0x00, 0x00, 0x00, 0x00, 0x00, 0x05, 0x18, 0x52,
    0x29, 0x9A, 0x03, 0x04, 0x80, 0x00, 0x00, 0x00, 0x20, 0x00, 0x00, 0x00, 0x00, 0x00, 0xA0, 0x00,
    0x43, 0x2A, 0x32, 0x00, 0x03, 0x0A, 0x08, 0x80, 0x01, 0x00, 0x00, 0x40, 0x00, 0x00, 0x00, 0x00,
    0x00, 0x40, 0x01, 0x86, 0x54, 0xA4, 0xB0, 0x5D, 0x40, 0x00, 0x10, 0x00, 0x00, 0x00, 0x02, 0x00,
    0x00, 0x00, 0x00, 0x00, 0x0A, 0x30, 0xA4, 0xFA, 0x85, 0x2C, 0x03, 0x02, 0x60, 0x00, 0x00, 0x00,
    0x10, 0x00, 0x00, 0x00, 0x00, 0x00, 0x50, 0x80, 0x21, 0x15, 0x3E, 0x50, 0x1B, 0x10, 0x00, 0x05,
    0x00, 0x00, 0x80, 0x00, 0x00, 0x00, 0x00, 0x00, 0x80, 0x02, 0x0C, 0xA9, 0x58, 0x82, 0xF9, 0x80,
    0x00, 0x20, 0x00, 0x00, 0x00, 0x04, 0x00, 0x00, 0x00, 0x00, 0x00, 0x14, 0x40, 0x62, 0x83, 0x40,
    0xD1, 0xDD, 0x02, 0x00, 0x80, 0x2C, 0x10, 0x00, 0x0B, 0x00, 0x00, 0x00, 0x32, 0x1E, 0x98, 0x14,
    0x19, 0x11, 0x4C, 0x90, 0x8C, 0x09, 0x26, 0x47, 0xC6, 0x04, 0x43, 0x0A, 0x8A, 0xA0, 0x1C, 0x0A,
    0xA1, 0x0C, 0x4A, 0xA0, 0x7C, 0x0A, 0x50, 0xA0, 0x20, 0x0A, 0x64, 0x04, 0x80, 0xC6, 0x11, 0x00,
    0x12, 0xC7, 0x12, 0x34, 0x01, 0x00, 0x00, 0x00, 0xB1, 0x18, 0x00, 0x00, 0xA5, 0x00, 0x00, 0x00,
    0x33, 0x08, 0x80, 0x1C, 0xC4, 0xE1, 0x1C, 0x66, 0x14, 0x01, 0x3D, 0x88, 0x43, 0x38, 0x84, 0xC3,
    0x8C, 0x42, 0x80, 0x07, 0x79, 0x78, 0x07, 0x73, 0x98, 0x71, 0x0C, 0xE6, 0x00, 0x0F, 0xED, 0x10,
    0x0E, 0xF4, 0x80, 0x0E, 0x33, 0x0C, 0x42, 0x1E, 0xC2, 0xC1, 0x1D, 0xCE, 0xA1, 0x1C, 0x66, 0x30,
    0x05, 0x3D, 0x88, 0x43, 0x38, 0x84, 0x83, 0x1B, 0xCC, 0x03, 0x3D, 0xC8, 0x43, 0x3D, 0x8C, 0x03,
    0x3D, 0xCC, 0x78, 0x8C, 0x74, 0x70, 0x07, 0x7B, 0x08, 0x07, 0x79, 0x48, 0x87, 0x70, 0x70, 0x07,
    0x7A, 0x70, 0x03, 0x76, 0x78, 0x87, 0x70, 0x20, 0x87, 0x19, 0xCC, 0x11, 0x0E, 0xEC, 0x90, 0x0E,
    0xE1, 0x30, 0x0F, 0x6E, 0x30, 0x0F, 0xE3, 0xF0, 0x0E, 0xF0, 0x50, 0x0E, 0x33, 0x10, 0xC4, 0x1D,
    0xDE, 0x21, 0x1C, 0xD8, 0x21, 0x1D, 0xC2, 0x61, 0x1E, 0x66, 0x30, 0x89, 0x3B, 0xBC, 0x83, 0x3B,
    0xD0, 0x43, 0x39, 0xB4, 0x03, 0x3C, 0xBC, 0x83, 0x3C, 0x84, 0x03, 0x3B, 0xCC, 0xF0, 0x14, 0x76,
    0x60, 0x07, 0x7B, 0x68, 0x07, 0x37, 0x68, 0x87, 0x72, 0x68, 0x07, 0x37, 0x80, 0x87, 0x70, 0x90,
    0x87, 0x70, 0x60, 0x07, 0x76, 0x28, 0x07, 0x76, 0xF8, 0x05, 0x76, 0x78, 0x87, 0x77, 0x80, 0x87,
    0x5F, 0x08, 0x87, 0x71, 0x18, 0x87, 0x72, 0x98, 0x87, 0x79, 0x98, 0x81, 0x2C, 0xEE, 0xF0, 0x0E,
    0xEE, 0xE0, 0x0E, 0xF5, 0xC0, 0x0E, 0xEC, 0x30, 0x03, 0x62, 0xC8, 0xA1, 0x1C, 0xE4, 0xA1, 0x1C,
    0xCC, 0xA1, 0x1C, 0xE4, 0xA1, 0x1C, 0xDC, 0x61, 0x1C, 0xCA, 0x21, 0x1C, 0xC4, 0x81, 0x1D, 0xCA,
    0x61, 0x06, 0xD6, 0x90, 0x43, 0x39, 0xC8, 0x43, 0x39, 0x98, 0x43, 0x39, 0xC8, 0x43, 0x39, 0xB8,
    0xC3, 0x38, 0x94, 0x43, 0x38, 0x88, 0x03, 0x3B, 0x94, 0xC3, 0x2F, 0xBC, 0x83, 0x3C, 0xFC, 0x82,
    0x3B, 0xD4, 0x03, 0x3B, 0xB0, 0xC3, 0x0C, 0xC7, 0x69, 0x87, 0x70, 0x58, 0x87, 0x72, 0x70, 0x83,
    0x74, 0x68, 0x07, 0x78, 0x60, 0x87, 0x74, 0x18, 0x87, 0x74, 0xA0, 0x87, 0x19, 0xCE, 0x53, 0x0F,
    0xEE, 0x00, 0x0F, 0xF2, 0x50, 0x0E, 0xE4, 0x90, 0x0E, 0xE3, 0x40, 0x0F, 0xE1, 0x20, 0x0E, 0xEC,
    0x50, 0x0E, 0x33, 0x20, 0x28, 0x1D, 0xDC, 0xC1, 0x1E, 0xC2, 0x41, 0x1E, 0xD2, 0x21, 0x1C, 0xDC,
    0x81, 0x1E, 0xDC, 0xE0, 0x1C, 0xE4, 0xE1, 0x1D, 0xEA, 0x01, 0x1E, 0x66, 0x18, 0x51, 0x38, 0xB0,
    0x43, 0x3A, 0x9C, 0x83, 0x3B, 0xCC, 0x50, 0x24, 0x76, 0x60, 0x07, 0x7B, 0x68, 0x07, 0x37, 0x60,
    0x87, 0x77, 0x78, 0x07, 0x78, 0x98, 0x51, 0x4C, 0xF4, 0x90, 0x0F, 0xF0, 0x50, 0x0E, 0x33, 0x1E,
    0x6A, 0x1E, 0xCA, 0x61, 0x1C, 0xE8, 0x21, 0x1D, 0xDE, 0xC1, 0x1D, 0x7E, 0x01, 0x1E, 0xE4, 0xA1,
    0x1C, 0xCC, 0x21, 0x1D, 0xF0, 0x61, 0x06, 0x54, 0x85, 0x83, 0x38, 0xCC, 0xC3, 0x3B, 0xB0, 0x43,
    0x3D, 0xD0, 0x43, 0x39, 0xFC, 0xC2, 0x3C, 0xE4, 0x43, 0x3B, 0x88, 0xC3, 0x3B, 0xB0, 0xC3, 0x8C,
    0xC5, 0x0A, 0x87, 0x79, 0x98, 0x87, 0x77, 0x18, 0x87, 0x74, 0x08, 0x07, 0x7A, 0x28, 0x07, 0x72,
    0x98, 0x81, 0x5C, 0xE3, 0x10, 0x0E, 0xEC, 0xC0, 0x0E, 0xE5, 0x50, 0x0E, 0xF3, 0x30, 0x23, 0xC1,
    0xD2, 0x41, 0x1E, 0xE4, 0xE1, 0x17, 0xD8, 0xE1, 0x1D, 0xDE, 0x01, 0x1E, 0x66, 0x48, 0x19, 0x3B,
    0xB0, 0x83, 0x3D, 0xB4, 0x83, 0x1B, 0x84, 0xC3, 0x38, 0x8C, 0x43, 0x39, 0xCC, 0xC3, 0x3C, 0xB8,
    0xC1, 0x39, 0xC8, 0xC3, 0x3B, 0xD4, 0x03, 0x3C, 0xCC, 0x48, 0xB4, 0x71, 0x08, 0x07, 0x76, 0x60,
    0x07, 0x71, 0x08, 0x87, 0x71, 0x58, 0x87, 0x19, 0xDB, 0xC6, 0x0E, 0xEC, 0x60, 0x0F, 0xED, 0xE0,
    0x06, 0xF0, 0x20, 0x0F, 0xE5, 0x30, 0x0F, 0xE5, 0x20, 0x0F, 0xF6, 0x50, 0x0E, 0x6E, 0x10, 0x0E,
    0xE3, 0x30, 0x0E, 0xE5, 0x30, 0x0F, 0xF3, 0xE0, 0x06, 0xE9, 0xE0, 0x0E, 0xE4, 0x50, 0x0E, 0xF8,
    0x30, 0x23, 0xE2, 0xEC, 0x61, 0x1C, 0xC2, 0x81, 0x1D, 0xD8, 0xE1, 0x17, 0xEC, 0x21, 0x1D, 0xE6,
    0x21, 0x1D, 0xC4, 0x21, 0x1D, 0xD8, 0x21, 0x1D, 0xE8, 0x21, 0x1F, 0x66, 0x20, 0x9D, 0x3B, 0xBC,
    0x43, 0x3D, 0xB8, 0x03, 0x39, 0x94, 0x83, 0x39, 0xCC, 0x58, 0xBC, 0x70, 0x70, 0x07, 0x77, 0x78,
    0x07, 0x7A, 0x08, 0x07, 0x7A, 0x48, 0x87, 0x77, 0x70, 0x87, 0x19, 0xCE, 0x87, 0x0E, 0xE5, 0x10,
    0x0E, 0xF0, 0x10, 0x0E, 0xEC, 0xC0, 0x0E, 0xEF, 0x30, 0x0E, 0xF3, 0x90, 0x0E, 0xF4, 0x50, 0x0E,
    0x33, 0x28, 0x30, 0x08, 0x87, 0x74, 0x90, 0x07, 0x37, 0x30, 0x87, 0x7A, 0x70, 0x87, 0x71, 0xA0,
    0x87, 0x74, 0x78, 0x07, 0x77, 0xF8, 0x85, 0x73, 0x90, 0x87, 0x77, 0xA8, 0x07, 0x78, 0x98, 0x07,
    0x00, 0x00, 0x00, 0x00, 0x79, 0x20, 0x00, 0x00, 0xE4, 0x01, 0x00, 0x00, 0x72, 0x1E, 0x48, 0x20,
    0x43, 0x88, 0x0C, 0x19, 0x09, 0x72, 0x32, 0x48, 0x20, 0x23, 0x81, 0x8C, 0x91, 0x91, 0xD1, 0x44,
    0xA0, 0x10, 0x28, 0x64, 0x3C, 0x31, 0x32, 0x42, 0x8E, 0x90, 0x21, 0xA3, 0x48, 0x07, 0x70, 0xD0,
    0xA7, 0x01, 0x00, 0x00, 0x6F, 0x70, 0x0A, 0x74, 0xB0, 0x5C, 0x6B, 0xA1, 0x30, 0x71, 0x20, 0x0E,
    0xCE, 0xD2, 0x48, 0x4A, 0x63, 0x61, 0x1B, 0xB4, 0x41, 0xC5, 0xC6, 0x91, 0x81, 0xF2, 0x48, 0x48,
    0x44, 0x15, 0x53, 0x74, 0x45, 0x19, 0x23, 0x2D, 0xDB, 0xA4, 0x60, 0x55, 0x72, 0x4D, 0x5B, 0x71,
    0x01, 0x00, 0x00, 0x00, 0x73, 0x72, 0x63, 0x2F, 0x78, 0x65, 0x6E, 0x69, 0x61, 0x2F, 0x67, 0x70,
    0x75, 0x2F, 0x73, 0x68, 0x61, 0x64, 0x65, 0x72, 0x73, 0x2F, 0x61, 0x70, 0x70, 0x6C, 0x79, 0x5F,
    0x67, 0x61, 0x6D, 0x6D, 0x61, 0x5F, 0x74, 0x61, 0x62, 0x6C, 0x65, 0x2E, 0x63, 0x73, 0x2E, 0x78,
    0x65, 0x73, 0x6C, 0x2F, 0x55, 0x73, 0x65, 0x72, 0x73, 0x2F, 0x77, 0x6D, 0x61, 0x72, 0x74, 0x69,
    0x2F, 0x44, 0x6F, 0x63, 0x75, 0x6D, 0x65, 0x6E, 0x74, 0x73, 0x2F, 0x78, 0x65, 0x6E, 0x69, 0x61,
    0x2D, 0x6D, 0x61, 0x63, 0x2F, 0x73, 0x63, 0x72, 0x61, 0x74, 0x63, 0x68, 0x2F, 0x77, 0x6F, 0x72,
    0x6B, 0x74, 0x72, 0x65, 0x65, 0x73, 0x2F, 0x78, 0x65, 0x6E, 0x69, 0x61, 0x2D, 0x63, 0x61, 0x6E,
    0x61, 0x72, 0x79, 0x2D, 0x72, 0x65, 0x62, 0x61, 0x73, 0x65, 0x41, 0x70, 0x70, 0x6C, 0x65, 0x20,
    0x6D, 0x65, 0x74, 0x61, 0x6C, 0x20, 0x76, 0x65, 0x72, 0x73, 0x69, 0x6F, 0x6E, 0x20, 0x33, 0x32,
    0x30, 0x32, 0x33, 0x2E, 0x38, 0x35, 0x30, 0x20, 0x28, 0x6D, 0x65, 0x74, 0x61, 0x6C, 0x66, 0x65,
    0x2D, 0x33, 0x32, 0x30, 0x32, 0x33, 0x2E, 0x38, 0x35, 0x30, 0x2E, 0x31, 0x30, 0x29, 0x6D, 0x65,
    0x74, 0x61, 0x6C, 0x5F, 0x74, 0x79, 0x70, 0x65, 0x73, 0x22, 0x2D, 0x44, 0x58, 0x45, 0x53, 0x4C,
    0x5F, 0x4C, 0x41, 0x4E, 0x47, 0x55, 0x41, 0x47, 0x45, 0x5F, 0x4D, 0x53, 0x4C, 0x3D, 0x31, 0x22,
    0x2F, 0x70, 0x72, 0x69, 0x76, 0x61, 0x74, 0x65, 0x2F, 0x76, 0x61, 0x72, 0x2F, 0x72, 0x75, 0x6E,
    0x2F, 0x63, 0x6F, 0x6D, 0x2E, 0x61, 0x70, 0x70, 0x6C, 0x65, 0x2E, 0x73, 0x65, 0x63, 0x75, 0x72,
    0x69, 0x74, 0x79, 0x2E, 0x63, 0x72, 0x79, 0x70, 0x74, 0x65, 0x78, 0x64, 0x2F, 0x6D, 0x6E, 0x74,
    0x2F, 0x63, 0x6F, 0x6D, 0x2E, 0x61, 0x70, 0x70, 0x6C, 0x65, 0x2E, 0x4D, 0x6F, 0x62, 0x69, 0x6C,
    0x65, 0x41, 0x73, 0x73, 0x65, 0x74, 0x2E, 0x4D, 0x65, 0x74, 0x61, 0x6C, 0x54, 0x6F, 0x6F, 0x6C,
    0x63, 0x68, 0x61, 0x69, 0x6E, 0x2D, 0x76, 0x31, 0x37, 0x2E, 0x33, 0x2E, 0x34, 0x38, 0x2E, 0x30,
    0x2E, 0x35, 0x33, 0x73, 0x38, 0x75, 0x67, 0x2F, 0x4D, 0x65, 0x74, 0x61, 0x6C, 0x2E, 0x78, 0x63,
    0x74, 0x6F, 0x6F, 0x6C, 0x63, 0x68, 0x61, 0x69, 0x6E, 0x2F, 0x75, 0x73, 0x72, 0x2F, 0x6D, 0x65,
    0x74, 0x61, 0x6C, 0x2F, 0x33, 0x32, 0x30, 0x32, 0x33, 0x2F, 0x6C, 0x69, 0x62, 0x2F, 0x63, 0x6C,
    0x61, 0x6E, 0x67, 0x2F, 0x33, 0x32, 0x30, 0x32, 0x33, 0x2E, 0x38, 0x35, 0x30, 0x2F, 0x69, 0x6E,
    0x63, 0x6C, 0x75, 0x64, 0x65, 0x2F, 0x6D, 0x65, 0x74, 0x61, 0x6C, 0x3C, 0x62, 0x75, 0x69, 0x6C,
    0x74, 0x2D, 0x69, 0x6E, 0x3E, 0x6D, 0x65, 0x74, 0x61, 0x6C, 0x5F, 0x73, 0x74, 0x64, 0x6C, 0x69,
    0x62, 0x73, 0x72, 0x63, 0x2F, 0x78, 0x65, 0x6E, 0x69, 0x61, 0x2F, 0x67, 0x70, 0x75, 0x2F, 0x73,
    0x68, 0x61, 0x64, 0x65, 0x72, 0x73, 0x2F, 0x2E, 0x2E, 0x2F, 0x2E, 0x2E, 0x2F, 0x75, 0x69, 0x2F,
    0x73, 0x68, 0x61, 0x64, 0x65, 0x72, 0x73, 0x2F, 0x78, 0x65, 0x73, 0x6C, 0x2E, 0x78, 0x65, 0x73,
    0x6C, 0x69, 0x2F, 0x41, 0x70, 0x70, 0x6C, 0x69, 0x63, 0x61, 0x74, 0x69, 0x6F, 0x6E, 0x73, 0x2F,
    0x58, 0x63, 0x6F, 0x64, 0x65, 0x2E, 0x61, 0x70, 0x70, 0x2F, 0x43, 0x6F, 0x6E, 0x74, 0x65, 0x6E,
    0x74, 0x73, 0x2F, 0x44, 0x65, 0x76, 0x65, 0x6C, 0x6F, 0x70, 0x65, 0x72, 0x2F, 0x50, 0x6C, 0x61,
    0x74, 0x66, 0x6F, 0x72, 0x6D, 0x73, 0x2F, 0x4D, 0x61, 0x63, 0x4F, 0x53, 0x58, 0x2E, 0x70, 0x6C,
    0x61, 0x74, 0x66, 0x6F, 0x72, 0x6D, 0x2F, 0x44, 0x65, 0x76, 0x65, 0x6C, 0x6F, 0x70, 0x65, 0x72,
    0x2F, 0x53, 0x44, 0x4B, 0x73, 0x2F, 0x4D, 0x61, 0x63, 0x4F, 0x53, 0x58, 0x32, 0x36, 0x2E, 0x32,
    0x2E, 0x73, 0x64, 0x6B, 0x4D, 0x61, 0x63, 0x4F, 0x53, 0x58, 0x32, 0x36, 0x2E, 0x32, 0x2E, 0x73,
    0x64, 0x6B, 0x53, 0x44, 0x4B, 0x20, 0x56, 0x65, 0x72, 0x73, 0x69, 0x6F, 0x6E, 0x44, 0x77, 0x61,
    0x72, 0x66, 0x20, 0x56, 0x65, 0x72, 0x73, 0x69, 0x6F, 0x6E, 0x44, 0x65, 0x62, 0x75, 0x67, 0x20,
    0x49, 0x6E, 0x66, 0x6F, 0x20, 0x56, 0x65, 0x72, 0x73, 0x69, 0x6F, 0x6E, 0x77, 0x63, 0x68, 0x61,
    0x72, 0x5F, 0x73, 0x69, 0x7A, 0x65, 0x66, 0x72, 0x61, 0x6D, 0x65, 0x2D, 0x70, 0x6F, 0x69, 0x6E,
    0x74, 0x65, 0x72, 0x61, 0x69, 0x72, 0x2E, 0x6D, 0x61, 0x78, 0x5F, 0x64, 0x65, 0x76, 0x69, 0x63,
    0x65, 0x5F, 0x62, 0x75, 0x66, 0x66, 0x65, 0x72, 0x73, 0x61, 0x69, 0x72, 0x2E, 0x6D, 0x61, 0x78,
    0x5F, 0x63, 0x6F, 0x6E, 0x73, 0x74, 0x61, 0x6E, 0x74, 0x5F, 0x62, 0x75, 0x66, 0x66, 0x65, 0x72,
    0x73, 0x61, 0x69, 0x72, 0x2E, 0x6D, 0x61, 0x78, 0x5F, 0x74, 0x68, 0x72, 0x65, 0x61, 0x64, 0x67,
    0x72, 0x6F, 0x75, 0x70, 0x5F, 0x62, 0x75, 0x66, 0x66, 0x65, 0x72, 0x73, 0x61, 0x69, 0x72, 0x2E,
    0x6D, 0x61, 0x78, 0x5F, 0x74, 0x65, 0x78, 0x74, 0x75, 0x72, 0x65, 0x73, 0x61, 0x69, 0x72, 0x2E,
    0x6D, 0x61, 0x78, 0x5F, 0x72, 0x65, 0x61, 0x64, 0x5F, 0x77, 0x72, 0x69, 0x74, 0x65, 0x5F, 0x74,
    0x65, 0x78, 0x74, 0x75, 0x72, 0x65, 0x73, 0x61, 0x69, 0x72, 0x2E, 0x6D, 0x61, 0x78, 0x5F, 0x73,
    0x61, 0x6D, 0x70, 0x6C, 0x65, 0x72, 0x73, 0x4D, 0x65, 0x74, 0x61, 0x6C, 0x61, 0x69, 0x72, 0x2E,
    0x63, 0x6F, 0x6D, 0x70, 0x69, 0x6C, 0x65, 0x2E, 0x64, 0x65, 0x6E, 0x6F, 0x72, 0x6D, 0x73, 0x5F,
    0x64, 0x69, 0x73, 0x61, 0x62, 0x6C, 0x65, 0x61, 0x69, 0x72, 0x2E, 0x63, 0x6F, 0x6D, 0x70, 0x69,
    0x6C, 0x65, 0x2E, 0x66, 0x61, 0x73, 0x74, 0x5F, 0x6D, 0x61, 0x74, 0x68, 0x5F, 0x65, 0x6E, 0x61,
    0x62, 0x6C, 0x65, 0x61, 0x69, 0x72, 0x2E, 0x63, 0x6F, 0x6D, 0x70, 0x69, 0x6C, 0x65, 0x2E, 0x66,
    0x72, 0x61, 0x6D, 0x65, 0x62, 0x75, 0x66, 0x66, 0x65, 0x72, 0x5F, 0x66, 0x65, 0x74, 0x63, 0x68,
    0x5F, 0x65, 0x6E, 0x61, 0x62, 0x6C, 0x65, 0x61, 0x69, 0x72, 0x2E, 0x62, 0x75, 0x66, 0x66, 0x65,
    0x72, 0x61, 0x69, 0x72, 0x2E, 0x62, 0x75, 0x66, 0x66, 0x65, 0x72, 0x5F, 0x73, 0x69, 0x7A, 0x65,
    0x61, 0x69, 0x72, 0x2E, 0x6C, 0x6F, 0x63, 0x61, 0x74, 0x69, 0x6F, 0x6E, 0x5F, 0x69, 0x6E, 0x64,
    0x65, 0x78, 0x61, 0x69, 0x72, 0x2E, 0x72, 0x65, 0x61, 0x64, 0x61, 0x69, 0x72, 0x2E, 0x61, 0x64,
    0x64, 0x72, 0x65, 0x73, 0x73, 0x5F, 0x73, 0x70, 0x61, 0x63, 0x65, 0x61, 0x69, 0x72, 0x2E, 0x73,
    0x74, 0x72, 0x75, 0x63, 0x74, 0x5F, 0x74, 0x79, 0x70, 0x65, 0x5F, 0x69, 0x6E, 0x66, 0x6F, 0x75,
    0x69, 0x6E, 0x74, 0x32, 0x78, 0x65, 0x5F, 0x61, 0x70, 0x70, 0x6C, 0x79, 0x5F, 0x67, 0x61, 0x6D,
    0x6D, 0x61, 0x5F, 0x73, 0x69, 0x7A, 0x65, 0x61, 0x69, 0x72, 0x2E, 0x61, 0x72, 0x67, 0x5F, 0x74,
    0x79, 0x70, 0x65, 0x5F, 0x73, 0x69, 0x7A, 0x65, 0x61, 0x69, 0x72, 0x2E, 0x61, 0x72, 0x67, 0x5F,
    0x74, 0x79, 0x70, 0x65, 0x5F, 0x61, 0x6C, 0x69, 0x67, 0x6E, 0x5F, 0x73, 0x69, 0x7A, 0x65, 0x61,
    0x69, 0x72, 0x2E, 0x61, 0x72, 0x67, 0x5F, 0x74, 0x79, 0x70, 0x65, 0x5F, 0x6E, 0x61, 0x6D, 0x65,
    0x78, 0x65, 0x73, 0x6C, 0x5F, 0x70, 0x75, 0x73, 0x68, 0x43, 0x6F, 0x6E, 0x73, 0x74, 0x61, 0x6E,
    0x74, 0x73, 0x5F, 0x73, 0x74, 0x72, 0x75, 0x63, 0x74, 0x61, 0x69, 0x72, 0x2E, 0x61, 0x72, 0x67,
    0x5F, 0x6E, 0x61, 0x6D, 0x65, 0x78, 0x65, 0x73, 0x6C, 0x5F, 0x70, 0x75, 0x73, 0x68, 0x43, 0x6F,
    0x6E, 0x73, 0x74, 0x61, 0x6E, 0x74, 0x73, 0x61, 0x69, 0x72, 0x2E, 0x74, 0x65, 0x78, 0x74, 0x75,
    0x72, 0x65, 0x74, 0x65, 0x78, 0x74, 0x75, 0x72, 0x65, 0x5F, 0x62, 0x75, 0x66, 0x66, 0x65, 0x72,
    0x3C, 0x66, 0x6C, 0x6F, 0x61, 0x74, 0x2C, 0x20, 0x72, 0x65, 0x61, 0x64, 0x3E, 0x78, 0x65, 0x5F,
    0x61, 0x70, 0x70, 0x6C, 0x79, 0x5F, 0x67, 0x61, 0x6D, 0x6D, 0x61, 0x5F, 0x72, 0x61, 0x6D, 0x70,
    0x61, 0x69, 0x72, 0x2E, 0x73, 0x61, 0x6D, 0x70, 0x6C, 0x65, 0x74, 0x65, 0x78, 0x74, 0x75, 0x72,
    0x65, 0x32, 0x64, 0x3C, 0x66, 0x6C, 0x6F, 0x61, 0x74, 0x2C, 0x20, 0x73, 0x61, 0x6D, 0x70, 0x6C,
    0x65, 0x3E, 0x78, 0x65, 0x5F, 0x61, 0x70, 0x70, 0x6C, 0x79, 0x5F, 0x67, 0x61, 0x6D, 0x6D, 0x61,
    0x5F, 0x73, 0x6F, 0x75, 0x72, 0x63, 0x65, 0x61, 0x69, 0x72, 0x2E, 0x77, 0x72, 0x69, 0x74, 0x65,
    0x74, 0x65, 0x78, 0x74, 0x75, 0x72, 0x65, 0x32, 0x64, 0x3C, 0x66, 0x6C, 0x6F, 0x61, 0x74, 0x2C,
    0x20, 0x77, 0x72, 0x69, 0x74, 0x65, 0x3E, 0x78, 0x65, 0x5F, 0x61, 0x70, 0x70, 0x6C, 0x79, 0x5F,
    0x67, 0x61, 0x6D, 0x6D, 0x61, 0x5F, 0x64, 0x65, 0x73, 0x74, 0x61, 0x69, 0x72, 0x2E, 0x74, 0x68,
    0x72, 0x65, 0x61, 0x64, 0x5F, 0x70, 0x6F, 0x73, 0x69, 0x74, 0x69, 0x6F, 0x6E, 0x5F, 0x69, 0x6E,
    0x5F, 0x67, 0x72, 0x69, 0x64, 0x75, 0x69, 0x6E, 0x74, 0x33, 0x78, 0x65, 0x73, 0x6C, 0x5F, 0x47,
    0x6C, 0x6F, 0x62, 0x61, 0x6C, 0x49, 0x6E, 0x76, 0x6F, 0x63, 0x61, 0x74, 0x69, 0x6F, 0x6E, 0x49,
    0x44, 0x00, 0x00, 0x00, 0x66, 0xA4, 0x00, 0x00, 0x00, 0x00, 0x00, 0x00, 0x30, 0x82, 0x10, 0x1C,
    0x23, 0x08, 0x62, 0x20, 0x8D, 0x20, 0x04, 0xC8, 0x08, 0x42, 0x90, 0x8C, 0x20, 0x04, 0xCA, 0x08,
    0x42, 0xB0, 0x8C, 0x20, 0x04, 0xCC, 0x08, 0x42, 0xD0, 0x8C, 0x20, 0x04, 0xCE, 0x08, 0x42, 0xF0,
    0x8C, 0x20, 0x04, 0xD0, 0x08, 0xC2, 0x02, 0x0C, 0x65, 0x05, 0x7D, 0x20, 0x0A, 0x43, 0x00, 0x00,
    0x80, 0x00, 0x00, 0x00, 0x90, 0x0A, 0x00, 0x00, 0x00, 0x02, 0xA0, 0x2C, 0x03, 0x15, 0x40, 0x20,
    0x00, 0xC0, 0x80, 0x41, 0x02, 0x00, 0x00, 0x51, 0x18, 0x00, 0x00, 0x0C, 0x54, 0x00, 0x87, 0x00,
    0x00, 0xF3, 0x21, 0x00, 0x12, 0x0A, 0xA3, 0x10, 0x00, 0xA4, 0x00, 0x0C, 0x18, 0x24, 0x00, 0x00,
    0x20, 0x85, 0x01, 0x00, 0xC0, 0x40, 0x05, 0x90, 0x08, 0x00, 0x30, 0x1F, 0x02, 0x20, 0xA1, 0x60,
    0x0A, 0x63, 0x00, 0x9C, 0x02, 0x30, 0x83, 0x50, 0x0A, 0xA8, 0x30, 0xC3, 0x50, 0x07, 0x8C, 0x1D,
    0xCC, 0x30, 0xDC, 0x41, 0x83, 0x07, 0x33, 0x0C, 0x75, 0xE0, 0xE4, 0xC1, 0x0C, 0x83, 0x1E, 0x3C,
    0x78, 0x30, 0xC3, 0x70, 0x07, 0x50, 0x1D, 0xCC, 0x30, 0xDC, 0x41, 0xB4, 0x07, 0x33, 0x0C, 0x77,
    0x20, 0xED, 0xC1, 0x0C, 0xC3, 0x1D, 0x4C, 0x7B, 0x30, 0xC3, 0x70, 0x07, 0x14, 0x1F, 0xCC, 0x30,
    0xDC, 0x41, 0xD5, 0x07, 0x33, 0x0C, 0x77, 0x60, 0xF9, 0xC1, 0x0C, 0xC1, 0x30, 0xC3, 0x50, 0x07,
    0x7D, 0xF0, 0x07, 0x33, 0x10, 0x57, 0x1E, 0xFC, 0xC1, 0x1F, 0xCC, 0x10, 0x60, 0x33, 0x04, 0xD9,
    0x0C, 0x81, 0x36, 0x03, 0x30, 0x43, 0xF1, 0x07, 0x7D, 0xF0, 0x07, 0x61, 0x20, 0x06, 0x33, 0x50,
    0x7F, 0xB0, 0x71, 0x7D, 0xD0, 0xFD, 0x81, 0x1E, 0x78, 0x5F, 0x1D, 0x80, 0x01, 0x2F, 0x8C, 0x41,
    0x1F, 0x90, 0x41, 0x1F, 0x94, 0x81, 0x19, 0x9C, 0x01, 0x1A, 0xCC, 0xA0, 0xE8, 0x41, 0x1A, 0x74,
    0x7F, 0xA0, 0x07, 0x5E, 0x19, 0xA8, 0xC1, 0x19, 0xAC, 0xC1, 0x0C, 0x4A, 0x1D, 0xA4, 0x41, 0xA7,
    0x07, 0x7A, 0xC0, 0x06, 0x65, 0xD0, 0x06, 0x67, 0xE0, 0x06, 0x33, 0x28, 0x79, 0x90, 0x06, 0x5D,
    0x1D, 0xE8, 0xC1, 0x1B, 0x94, 0x01, 0x1C, 0x9C, 0x41, 0x1C, 0xCC, 0x60, 0xE0, 0x81, 0x1C, 0x94,
    0xC1, 0x1C, 0x9C, 0x01, 0x1D, 0xCC, 0x50, 0xF4, 0x82, 0x2F, 0xFC, 0x02, 0x38, 0x84, 0xC3, 0x0C,
    0x03, 0x28, 0xEC, 0x82, 0x38, 0xDC, 0x1B, 0x00, 0x9C, 0x18, 0x70, 0x1C, 0xC7, 0x71, 0x1C, 0xC7,
    0x71, 0x9C, 0x59, 0xB8, 0x01, 0x2B, 0xB8, 0x81, 0x2C, 0xB0, 0x82, 0x1B, 0xE0, 0x02, 0x1A, 0xB8,
    0x81, 0x1B, 0xB8, 0x81, 0x1B, 0xB8, 0x81, 0x1B, 0xB8, 0x81, 0x1B, 0xB8, 0x81, 0x1B, 0xB8, 0x81,
    0x45, 0x07, 0x7A, 0x60, 0x59, 0x16, 0xC4, 0x0A, 0xE2, 0xC1, 0x0F, 0x22, 0x21, 0x12, 0xB8, 0xC0,
    0x0A, 0x32, 0x12, 0x98, 0xA0, 0x5C, 0xD8, 0xD8, 0xEC, 0xDA, 0x5C, 0xC8, 0xC4, 0xCE, 0x5C, 0xC6,
    0xEA, 0x46, 0x09, 0x40, 0x21, 0x23, 0x36, 0x36, 0xBB, 0x36, 0x97, 0xB6, 0x37, 0xB2, 0x3A, 0xB6,
    0x32, 0x17, 0x33, 0xB6, 0xB0, 0xB3, 0xB9, 0x51, 0x96, 0x54, 0x50, 0x85, 0x55, 0x60, 0x85, 0x56,
    0x70, 0x85, 0x57, 0x80, 0x85, 0x58, 0x90, 0x85, 0x59, 0x48, 0x85, 0x8D, 0xCD, 0xAE, 0xCD, 0x25,
    0x8D, 0xAC, 0xCC, 0x8D, 0x6E, 0x94, 0x80, 0x16, 0x72, 0x09, 0x4B, 0x93, 0x73, 0xB1, 0x2B, 0x93,
    0x9B, 0x4B, 0x7B, 0x73, 0x1B, 0x25, 0xA8, 0x85, 0xA4, 0xC2, 0xD2, 0xE4, 0x5C, 0xD8, 0xC2, 0xDC,
    0xCE, 0xEA, 0xC2, 0xCE, 0xCA, 0xBE, 0xEC, 0xCA, 0xE4, 0xE6, 0xD2, 0xDE, 0xDC, 0x46, 0x09, 0x6C,
    0x21, 0xA7, 0xB0, 0x34, 0x39, 0x97, 0xB1, 0xB7, 0x36, 0xB8, 0x34, 0xB6, 0xB2, 0xAF, 0x37, 0x38,
    0xBA, 0xB4, 0x37, 0xB7, 0xB9, 0x51, 0x86, 0x5B, 0xC0, 0x85, 0x5C, 0x48, 0x25, 0x2C, 0x4D, 0xCE,
    0x65, 0xAD, 0x4C, 0xCE, 0xAD, 0x8C, 0x6D, 0x94, 0x40, 0x1C, 0x00, 0x00, 0xA9, 0x18, 0x00, 0x00,
    0x25, 0x00, 0x00, 0x00, 0x0B, 0x0A, 0x72, 0x28, 0x87, 0x77, 0x80, 0x07, 0x7A, 0x58, 0x70, 0x98,
    0x43, 0x3D, 0xB8, 0xC3, 0x38, 0xB0, 0x43, 0x39, 0xD0, 0xC3, 0x82, 0xE6, 0x1C, 0xC6, 0xA1, 0x0D,
    0xE8, 0x41, 0x1E, 0xC2, 0xC1, 0x1D, 0xE6, 0x21, 0x1D, 0xE8, 0x21, 0x1D, 0xDE, 0xC1, 0x1D, 0x16,
    0x34, 0xE3, 0x60, 0x0E, 0xE7, 0x50, 0x0F, 0xE1, 0x20, 0x0F, 0xE4, 0x40, 0x0F, 0xE1, 0x20, 0x0F,
    0xE7, 0x50, 0x0E, 0xF4, 0xB0, 0x80, 0x81, 0x07, 0x79, 0x28, 0x87, 0x70, 0x60, 0x07, 0x76, 0x78,
    0x87, 0x71, 0x08, 0x07, 0x7A, 0x28, 0x07, 0x72, 0x58, 0x70, 0x9C, 0xC3, 0x38, 0xB4, 0x01, 0x3B,
    0xA4, 0x83, 0x3D, 0x94, 0xC3, 0x02, 0x6B, 0x1C, 0xD8, 0x21, 0x1C, 0xDC, 0xE1, 0x1C, 0xDC, 0x20,
    0x1C, 0xE4, 0x61, 0x1C, 0xDC, 0x20, 0x1C, 0xE8, 0x81, 0x1E, 0xC2, 0x61, 0x1C, 0xD0, 0xA1, 0x1C,
    0xC8, 0x61, 0x1C, 0xC2, 0x81, 0x1D, 0xD8, 0x61, 0xC1, 0x01, 0x0F, 0xF4, 0x20, 0x0F, 0xE1, 0x50,
    0x0F, 0xF4, 0x80, 0x0E, 0x00, 0x00, 0x00, 0x00, 0xD1, 0x10, 0x00, 0x00, 0x06, 0x00, 0x00, 0x00,
    0x07, 0xCC, 0x3C, 0xA4, 0x83, 0x3B, 0x9C, 0x03, 0x3B, 0x94, 0x03, 0x3D, 0xA0, 0x83, 0x3C, 0x94,
    0x43, 0x38, 0x90, 0xC3, 0x01, 0x00, 0x00, 0x00, 0x61, 0x20, 0x00, 0x00, 0x82, 0x01, 0x00, 0x00,
    0x13, 0x04, 0x43, 0x2C, 0x10, 0x00, 0x00, 0x00, 0x19, 0x00, 0x00, 0x00, 0x14, 0xCC, 0x00, 0x14,
    0x43, 0x29, 0x90, 0x30, 0x96, 0x00, 0x04, 0x23, 0x00, 0x94, 0x8C, 0x06, 0x8C, 0x35, 0x00, 0x81,
    0x40, 0x63, 0x09, 0x14, 0x01, 0x99, 0x73, 0x10, 0x19, 0x86, 0x29, 0x73, 0x10, 0x90, 0x86, 0x29,
    0x63, 0x11, 0x40, 0x40, 0x0C, 0xC4, 0x8C, 0x06, 0x8C, 0x11, 0x80, 0x20, 0x08, 0xE2, 0x1F, 0x35,
    0xA3, 0x01, 0x73, 0x10, 0x64, 0x40, 0x06, 0x64, 0x50, 0x06, 0x64, 0x8D, 0x35, 0x80, 0x20, 0xE8,
    0xDF, 0x61, 0x00, 0x82, 0xA0, 0x7F, 0x87, 0x01, 0x08, 0x82, 0xFE, 0x1D, 0x06, 0x63, 0x0D, 0x20,
    0x08, 0x82, 0xF0, 0x07, 0x82, 0x20, 0x08, 0x7F, 0x20, 0x08, 0x82, 0xF0, 0x07, 0x00, 0x00, 0x00,
    0xF1, 0x30, 0x00, 0x00, 0x02, 0x01, 0x00, 0x00, 0x22, 0x47, 0xC8, 0x90, 0x51, 0x36, 0x10, 0x88,
    0x01, 0x00, 0x00, 0x00, 0x6D, 0xA0, 0x3C, 0x0F, 0x67, 0x61, 0x7C, 0x31, 0x88, 0x06, 0x71, 0x1A,
    0x05, 0x00, 0x00, 0x00, 0x73, 0x72, 0x63, 0x2F, 0x78, 0x65, 0x6E, 0x69, 0x61, 0x2F, 0x67, 0x70,
    0x75, 0x2F, 0x73, 0x68, 0x61, 0x64, 0x65, 0x72, 0x73, 0x2F, 0x61, 0x70, 0x70, 0x6C, 0x79, 0x5F,
    0x67, 0x61, 0x6D, 0x6D, 0x61, 0x5F, 0x74, 0x61, 0x62, 0x6C, 0x65, 0x2E, 0x78, 0x65, 0x73, 0x6C,
    0x69, 0x78, 0x65, 0x73, 0x6C, 0x5F, 0x65, 0x6E, 0x74, 0x72, 0x79, 0x6F, 0x6D, 0x6E, 0x69, 0x70,
    0x6F, 0x74, 0x65, 0x6E, 0x74, 0x20, 0x63, 0x68, 0x61, 0x72, 0x53, 0x69, 0x6D, 0x70, 0x6C, 0x65,
    0x20, 0x43, 0x2B, 0x2B, 0x20, 0x54, 0x42, 0x41, 0x41, 0x61, 0x69, 0x72, 0x2D, 0x61, 0x6C, 0x69,
    0x61, 0x73, 0x2D, 0x73, 0x63, 0x6F, 0x70, 0x65, 0x73, 0x28, 0x78, 0x65, 0x73, 0x6C, 0x5F, 0x65,
    0x6E, 0x74, 0x72, 0x79, 0x29, 0x61, 0x69, 0x72, 0x2D, 0x61, 0x6C, 0x69, 0x61, 0x73, 0x2D, 0x73,
    0x63, 0x6F, 0x70, 0x65, 0x2D, 0x61, 0x72, 0x67, 0x28, 0x30, 0x29, 0x61, 0x69, 0x72, 0x2D, 0x61,
    0x6C, 0x69, 0x61, 0x73, 0x2D, 0x73, 0x63, 0x6F, 0x70, 0x65, 0x2D, 0x74, 0x65, 0x78, 0x74, 0x75,
    0x72, 0x65, 0x73, 0x2F, 0x70, 0x72, 0x69, 0x76, 0x61, 0x74, 0x65, 0x2F, 0x76, 0x61, 0x72, 0x2F,
    0x72, 0x75, 0x6E, 0x2F, 0x63, 0x6F, 0x6D, 0x2E, 0x61, 0x70, 0x70, 0x6C, 0x65, 0x2E, 0x73, 0x65,
    0x63, 0x75, 0x72, 0x69, 0x74, 0x79, 0x2E, 0x63, 0x72, 0x79, 0x70, 0x74, 0x65, 0x78, 0x64, 0x2F,
    0x6D, 0x6E, 0x74, 0x2F, 0x63, 0x6F, 0x6D, 0x2E, 0x61, 0x70, 0x70, 0x6C, 0x65, 0x2E, 0x4D, 0x6F,
    0x62, 0x69, 0x6C, 0x65, 0x41, 0x73, 0x73, 0x65, 0x74, 0x2E, 0x4D, 0x65, 0x74, 0x61, 0x6C, 0x54,
    0x6F, 0x6F, 0x6C, 0x63, 0x68, 0x61, 0x69, 0x6E, 0x2D, 0x76, 0x31, 0x37, 0x2E, 0x33, 0x2E, 0x34,
    0x38, 0x2E, 0x30, 0x2E, 0x35, 0x33, 0x73, 0x38, 0x75, 0x67, 0x2F, 0x4D, 0x65, 0x74, 0x61, 0x6C,
    0x2E, 0x78, 0x63, 0x74, 0x6F, 0x6F, 0x6C, 0x63, 0x68, 0x61, 0x69, 0x6E, 0x2F, 0x75, 0x73, 0x72,
    0x2F, 0x6D, 0x65, 0x74, 0x61, 0x6C, 0x2F, 0x33, 0x32, 0x30, 0x32, 0x33, 0x2F, 0x6C, 0x69, 0x62,
    0x2F, 0x63, 0x6C, 0x61, 0x6E, 0x67, 0x2F, 0x33, 0x32, 0x30, 0x32, 0x33, 0x2E, 0x38, 0x35, 0x30,
    0x2F, 0x69, 0x6E, 0x63, 0x6C, 0x75, 0x64, 0x65, 0x2F, 0x6D, 0x65, 0x74, 0x61, 0x6C, 0x2F, 0x6D,
    0x65, 0x74, 0x61, 0x6C, 0x5F, 0x72, 0x65, 0x6C, 0x61, 0x74, 0x69, 0x6F, 0x6E, 0x61, 0x6C, 0x61,
    0x6E, 0x79, 0x2F, 0x70, 0x72, 0x69, 0x76, 0x61, 0x74, 0x65, 0x2F, 0x76, 0x61, 0x72, 0x2F, 0x72,
    0x75, 0x6E, 0x2F, 0x63, 0x6F, 0x6D, 0x2E, 0x61, 0x70, 0x70, 0x6C, 0x65, 0x2E, 0x73, 0x65, 0x63,
    0x75, 0x72, 0x69, 0x74, 0x79, 0x2E, 0x63, 0x72, 0x79, 0x70, 0x74, 0x65, 0x78, 0x64, 0x2F, 0x6D,
    0x6E, 0x74, 0x2F, 0x63, 0x6F, 0x6D, 0x2E, 0x61, 0x70, 0x70, 0x6C, 0x65, 0x2E, 0x4D, 0x6F, 0x62,
    0x69, 0x6C, 0x65, 0x41, 0x73, 0x73, 0x65, 0x74, 0x2E, 0x4D, 0x65, 0x74, 0x61, 0x6C, 0x54, 0x6F,
    0x6F, 0x6C, 0x63, 0x68, 0x61, 0x69, 0x6E, 0x2D, 0x76, 0x31, 0x37, 0x2E, 0x33, 0x2E, 0x34, 0x38,
    0x2E, 0x30, 0x2E, 0x35, 0x33, 0x73, 0x38, 0x75, 0x67, 0x2F, 0x4D, 0x65, 0x74, 0x61, 0x6C, 0x2E,
    0x78, 0x63, 0x74, 0x6F, 0x6F, 0x6C, 0x63, 0x68, 0x61, 0x69, 0x6E, 0x2F, 0x75, 0x73, 0x72, 0x2F,
    0x6D, 0x65, 0x74, 0x61, 0x6C, 0x2F, 0x33, 0x32, 0x30, 0x32, 0x33, 0x2F, 0x6C, 0x69, 0x62, 0x2F,
    0x63, 0x6C, 0x61, 0x6E, 0x67, 0x2F, 0x33, 0x32, 0x30, 0x32, 0x33, 0x2E, 0x38, 0x35, 0x30, 0x2F,
    0x69, 0x6E, 0x63, 0x6C, 0x75, 0x64, 0x65, 0x2F, 0x6D, 0x65, 0x74, 0x61, 0x6C, 0x2F, 0x5F, 0x5F,
    0x62, 0x69, 0x74, 0x73, 0x2F, 0x6D, 0x65, 0x74, 0x61, 0x6C, 0x5F, 0x74, 0x65, 0x78, 0x74, 0x75,
    0x72, 0x65, 0x32, 0x64, 0x72, 0x65, 0x61, 0x64, 0x2F, 0x70, 0x72, 0x69, 0x76, 0x61, 0x74, 0x65,
    0x2F, 0x76, 0x61, 0x72, 0x2F, 0x72, 0x75, 0x6E, 0x2F, 0x63, 0x6F, 0x6D, 0x2E, 0x61, 0x70, 0x70,
    0x6C, 0x65, 0x2E, 0x73, 0x65, 0x63, 0x75, 0x72, 0x69, 0x74, 0x79, 0x2E, 0x63, 0x72, 0x79, 0x70,
    0x74, 0x65, 0x78, 0x64, 0x2F, 0x6D, 0x6E, 0x74, 0x2F, 0x63, 0x6F, 0x6D, 0x2E, 0x61, 0x70, 0x70,
    0x6C, 0x65, 0x2E, 0x4D, 0x6F, 0x62, 0x69, 0x6C, 0x65, 0x41, 0x73, 0x73, 0x65, 0x74, 0x2E, 0x4D,
    0x65, 0x74, 0x61, 0x6C, 0x54, 0x6F, 0x6F, 0x6C, 0x63, 0x68, 0x61, 0x69, 0x6E, 0x2D, 0x76, 0x31,
    0x37, 0x2E, 0x33, 0x2E, 0x34, 0x38, 0x2E, 0x30, 0x2E, 0x35, 0x33, 0x73, 0x38, 0x75, 0x67, 0x2F,
    0x4D, 0x65, 0x74, 0x61, 0x6C, 0x2E, 0x78, 0x63, 0x74, 0x6F, 0x6F, 0x6C, 0x63, 0x68, 0x61, 0x69,
    0x6E, 0x2F, 0x75, 0x73, 0x72, 0x2F, 0x6D, 0x65, 0x74, 0x61, 0x6C, 0x2F, 0x33, 0x32, 0x30, 0x32,
    0x33, 0x2F, 0x6C, 0x69, 0x62, 0x2F, 0x63, 0x6C, 0x61, 0x6E, 0x67, 0x2F, 0x33, 0x32, 0x30, 0x32,
    0x33, 0x2E, 0x38, 0x35, 0x30, 0x2F, 0x69, 0x6E, 0x63, 0x6C, 0x75, 0x64, 0x65, 0x2F, 0x6D, 0x65,
    0x74, 0x61, 0x6C, 0x2F, 0x5F, 0x5F, 0x62, 0x69, 0x74, 0x73, 0x2F, 0x6D, 0x65, 0x74, 0x61, 0x6C,
    0x5F, 0x74, 0x65, 0x78, 0x74, 0x75, 0x72, 0x65, 0x5F, 0x62, 0x75, 0x66, 0x66, 0x65, 0x72, 0x77,
    0x72, 0x69, 0x74, 0x65, 0x13, 0x84, 0x31, 0x88, 0x56, 0x51, 0x07, 0x48, 0x94, 0x03, 0x00, 0x12,
    0x58, 0x48, 0x94, 0x01, 0x80, 0x01, 0x20, 0x0A, 0x82, 0x20, 0x14, 0x0A, 0x00, 0xB0, 0x0B, 0x00,
    0x00, 0x00, 0x2B, 0x84, 0x79, 0x40, 0x87, 0x15, 0x03, 0x3D, 0xCC, 0x43, 0x3A, 0xAC, 0x18, 0xEA,
    0x61, 0x1E, 0xD4, 0x61, 0x15, 0x75, 0x9C, 0x04, 0x3B, 0x00, 0x27, 0xA1, 0x5E, 0x21, 0xB1, 0x5E,
    0x00, 0x06, 0x80, 0x28, 0x08, 0x82, 0x50, 0x28, 0x00, 0xC0, 0x2E, 0x00, 0x00, 0x00, 0xE8, 0x3C,
    0x90, 0x40, 0x86, 0x10, 0x19, 0x32, 0x12, 0x1A, 0x0D, 0x0E, 0xE2, 0x01, 0xB0, 0x8A, 0x3A, 0x50,
    0xC2, 0x1D, 0x00, 0x94, 0xC0, 0xAD, 0x90, 0xC8, 0x2D, 0x00, 0x03, 0x40, 0x14, 0x04, 0x41, 0x28,
    0x14, 0x00, 0x60, 0x17, 0x00, 0x00, 0x00, 0xBA, 0x0F, 0x0E, 0xE2, 0x01, 0xB0, 0x8A, 0x3A, 0x52,
    0xC2, 0x1D, 0x80, 0x94, 0x68, 0x83, 0x90, 0x70, 0x03, 0x00, 0x03, 0x40, 0x14, 0x04, 0x41, 0x28,
    0x14, 0x00, 0x60, 0x17, 0x00, 0x00, 0x00, 0x7A, 0x14, 0x0E, 0xE2, 0x01, 0xD0, 0xA5, 0x70, 0x10,
    0x0F, 0x80, 0x3E, 0x85, 0x83, 0x78, 0x00, 0xAC, 0xA2, 0x0E, 0x94, 0x80, 0x07, 0x00, 0x25, 0xD6,
    0x2E, 0x24, 0xD8, 0x0E, 0xC0, 0x00, 0x10, 0x05, 0x41, 0x10, 0x0A, 0x05, 0x00, 0xD8, 0x05, 0x00,
    0x00, 0x80, 0x8E, 0x85, 0x81, 0x78, 0x00, 0x0C, 0x2A, 0x00, 0x72, 0x10, 0x00, 0x60, 0x13, 0x21,
    0x00, 0xBB, 0x00, 0x6C, 0x08, 0xCE, 0x61, 0xC3, 0x60, 0x0E, 0x22, 0x11, 0x0F, 0x1B, 0x86, 0x91,
    0x18, 0x89, 0x78, 0xD8, 0x10, 0xD0, 0xC3, 0x86, 0xA0, 0x1E, 0x06, 0x15, 0xC0, 0x3A, 0x00, 0x00,
    0x30, 0xA8, 0x00, 0xDA, 0x01, 0x00, 0x80, 0x41, 0x05, 0xF0, 0x0E, 0x00, 0x00, 0x00, 0x00, 0x00,
    0x83, 0x0C, 0x53, 0xF3, 0xCC, 0x18, 0x14, 0x66, 0xC0, 0xC9, 0x03, 0x00, 0xF4, 0x61, 0xC0, 0xB4,
    0x6D, 0xC6, 0xA0, 0x40, 0x83, 0x45, 0x1E, 0x00, 0x80, 0x02, 0x81, 0x4C, 0x18, 0x00, 0xC3, 0x0D,
    0x43, 0x30, 0x06, 0x13, 0x06, 0xC0, 0x88, 0x41, 0x61, 0x84, 0x20, 0x18, 0x7C, 0x68, 0x10, 0xCC,
    0x18, 0x14, 0xEC, 0xA5, 0xD8, 0xC3, 0x3D, 0x00, 0xB3, 0x0C, 0x42, 0x10, 0xCC, 0x18, 0x14, 0x68,
    0x70, 0xC8, 0x03, 0x00, 0x8C, 0x18, 0x10, 0x47, 0x08, 0x82, 0xC1, 0xA6, 0x06, 0x33, 0x06, 0xC5,
    0x6E, 0xC5, 0x01, 0x3E, 0xE4, 0x03, 0x30, 0x62, 0xA0, 0x20, 0x21, 0x08, 0x06, 0x19, 0x1B, 0x6C,
    0x81, 0x41, 0x81, 0x01, 0x18, 0xCC, 0x18, 0x14, 0xBB, 0xC5, 0xE0, 0x43, 0x3E, 0x00, 0xA3, 0x09,
    0x01, 0x30, 0x61, 0x00, 0x0C, 0x32, 0x04, 0x0C, 0x35, 0x63, 0x50, 0xF4, 0xC1, 0x21, 0x0F, 0x00,
    0x80, 0xC1, 0x22, 0xFE, 0x33, 0x06, 0x45, 0x1F, 0x90, 0x82, 0x3C, 0x00, 0x00, 0x06, 0x0B, 0xF8,
    0xCF, 0x18, 0x14, 0x7D, 0xC0, 0x0A, 0xF2, 0x00, 0x00, 0x23, 0x06, 0x85, 0x11, 0x82, 0x60, 0x70,
    0xC9, 0x41, 0x30, 0x63, 0x50, 0xF0, 0x81, 0x18, 0xC8, 0x03, 0x00, 0x8C, 0x21, 0x04, 0x65, 0x30,
    0x63, 0x50, 0x8C, 0xC2, 0x21, 0x0F, 0x00, 0x30, 0x62, 0x80, 0x20, 0x21, 0x08, 0x06, 0x54, 0x1D,
    0x8C, 0x01, 0x12, 0xB0, 0xC1, 0x8C, 0x41, 0x01, 0x07, 0x8C, 0x3E, 0xEC, 0x03, 0x30, 0x9A, 0x10,
    0x00, 0x13, 0x06, 0xC0, 0x18, 0x02, 0xA1, 0xCD, 0x18, 0x14, 0xA5, 0x70, 0xC8, 0x03, 0x00, 0x8C,
    0x18, 0x20, 0x48, 0x08, 0x82, 0x01, 0x85, 0x07, 0x66, 0xB0, 0x04, 0x6F, 0x30, 0x63, 0x50, 0xC0,
    0x01, 0xA3, 0x0F, 0xFC, 0x00, 0x8C, 0x26, 0x04, 0xC0, 0x84, 0x01, 0x30, 0x86, 0x70, 0x70, 0x33,
    0x06, 0xC5, 0x29, 0x1C, 0xF2, 0x00, 0x00, 0x23, 0x06, 0x08, 0x12, 0x82, 0x60, 0x40, 0xED, 0x41,
    0x1A, 0x38, 0x81, 0x1C, 0xCC, 0x18, 0x14, 0x70, 0xC0, 0xE8, 0x43, 0x3F, 0x00, 0xA3, 0x09, 0x01,
    0x30, 0x61, 0x00, 0x0C, 0x32, 0x60, 0x87, 0x37, 0x63, 0x50, 0xB8, 0x82, 0x26, 0x0F, 0x00, 0x30,
    0xC8, 0x10, 0x14, 0xDE, 0x84, 0x01, 0x30, 0xC8, 0x10, 0x0C, 0xDE, 0x84, 0x01, 0x30, 0x62, 0x90,
    0x24, 0x21, 0x08, 0x06, 0x4E, 0x28, 0xB0, 0x01, 0x16, 0xC8, 0xC1, 0x1E, 0xCC, 0x18, 0x14, 0x6E,
    0x57, 0xF8, 0xC3, 0x3F, 0x00, 0xB3, 0x04, 0xC2, 0x8C, 0x41, 0x21, 0x0B, 0x81, 0x3C, 0x00, 0x80,
    0x4E, 0x18, 0x00, 0x01, 0x31, 0x00, 0x00, 0x00, 0x06, 0x00, 0x00, 0x00, 0x5B, 0x04, 0x20, 0x1E,
    0xB6, 0x1C, 0x42, 0x30, 0x12, 0x07, 0x49, 0x20, 0x25, 0xB1, 0xA5, 0xC8, 0x8E, 0x92, 0x40, 0x48,
    0x02, 0x00, 0x00, 0x00, 0x00, 0x00, 0x00, 0x00, 0x71, 0x20, 0x00, 0x00, 0x03, 0x00, 0x00, 0x00,
    0x32, 0x0E, 0x10, 0x22, 0x84, 0x00, 0xB7, 0x08, 0x00, 0x00, 0x00, 0x00, 0x00, 0x00, 0x00, 0x00,
    0x65, 0x0C, 0x00, 0x00, 0x43, 0x00, 0x00, 0x00, 0x12, 0x03, 0x94, 0x20, 0x02, 0x00, 0x00, 0x00,
    0x03, 0x00, 0x00, 0x00, 0x98, 0x00, 0x00, 0x00, 0x0C, 0x00, 0x00, 0x00, 0x4C, 0x00, 0x00, 0x00,
    0x01, 0x00, 0x00, 0x00, 0x58, 0x00, 0x00, 0x00, 0x00, 0x00, 0x00, 0x00, 0x58, 0x00, 0x00, 0x00,
    0x07, 0x00, 0x00, 0x00, 0x00, 0x01, 0x00, 0x00, 0x00, 0x00, 0x00, 0x00, 0xA4, 0x00, 0x00, 0x00,
    0x1C, 0x00, 0x00, 0x00, 0x00, 0x00, 0x00, 0x00, 0x0A, 0x00, 0x00, 0x00, 0x0A, 0x00, 0x00, 0x00,
    0x00, 0x00, 0x00, 0x00, 0x00, 0x01, 0x00, 0x00, 0x00, 0x00, 0x00, 0x00, 0x00, 0x00, 0x00, 0x00,
    0x07, 0x00, 0x00, 0x00, 0x00, 0x00, 0x00, 0x00, 0x00, 0x00, 0x00, 0x00, 0x0A, 0x00, 0x00, 0x00,
    0x00, 0x00, 0x00, 0x00, 0x0A, 0x00, 0x00, 0x00, 0xFF, 0xFF, 0xFF, 0xFF, 0x00, 0x24, 0x00, 0x00,
    0x0A, 0x00, 0x00, 0x00, 0x1A, 0x00, 0x00, 0x00, 0x0A, 0x00, 0x00, 0x00, 0x1A, 0x00, 0x00, 0x00,
    0xFF, 0xFF, 0xFF, 0xFF, 0x08, 0x24, 0x00, 0x00, 0x24, 0x00, 0x00, 0x00, 0x20, 0x00, 0x00, 0x00,
    0x24, 0x00, 0x00, 0x00, 0x20, 0x00, 0x00, 0x00, 0xFF, 0xFF, 0xFF, 0xFF, 0x08, 0x24, 0x00, 0x00,
    0x44, 0x00, 0x00, 0x00, 0x1B, 0x00, 0x00, 0x00, 0x44, 0x00, 0x00, 0x00, 0x1B, 0x00, 0x00, 0x00,
    0xFF, 0xFF, 0xFF, 0xFF, 0x08, 0x24, 0x00, 0x00, 0x5F, 0x00, 0x00, 0x00, 0x19, 0x00, 0x00, 0x00,
    0x5F, 0x00, 0x00, 0x00, 0x19, 0x00, 0x00, 0x00, 0xFF, 0xFF, 0xFF, 0xFF, 0x08, 0x24, 0x00, 0x00,
    0x78, 0x00, 0x00, 0x00, 0x14, 0x00, 0x00, 0x00, 0x78, 0x00, 0x00, 0x00, 0x14, 0x00, 0x00, 0x00,
    0xFF, 0xFF, 0xFF, 0xFF, 0x08, 0x24, 0x00, 0x00, 0x8C, 0x00, 0x00, 0x00, 0x0C, 0x00, 0x00, 0x00,
    0x8C, 0x00, 0x00, 0x00, 0x0C, 0x00, 0x00, 0x00, 0xFF, 0xFF, 0xFF, 0xFF, 0x08, 0x24, 0x00, 0x00,
    0x00, 0x00, 0x00, 0x00, 0x5D, 0x0C, 0x00, 0x00, 0x33, 0x00, 0x00, 0x00, 0x12, 0x03, 0x94, 0xA0,
    0x01, 0x00, 0x00, 0x00, 0x78, 0x65, 0x73, 0x6C, 0x5F, 0x65, 0x6E, 0x74, 0x72, 0x79, 0x61, 0x69,
    0x72, 0x2E, 0x77, 0x72, 0x69, 0x74, 0x65, 0x5F, 0x74, 0x65, 0x78, 0x74, 0x75, 0x72, 0x65, 0x5F,
    0x32, 0x64, 0x2E, 0x76, 0x34, 0x66, 0x33, 0x32, 0x61, 0x69, 0x72, 0x2E, 0x72, 0x65, 0x61, 0x64,
    0x5F, 0x74, 0x65, 0x78, 0x74, 0x75, 0x72, 0x65, 0x5F, 0x62, 0x75, 0x66, 0x66, 0x65, 0x72, 0x5F,
    0x31, 0x64, 0x2E, 0x76, 0x34, 0x66, 0x33, 0x32, 0x61, 0x69, 0x72, 0x2E, 0x63, 0x6F, 0x6E, 0x76,
    0x65, 0x72, 0x74, 0x2E, 0x75, 0x2E, 0x76, 0x33, 0x69, 0x33, 0x32, 0x2E, 0x66, 0x2E, 0x76, 0x33,
    0x66, 0x33, 0x32, 0x61, 0x69, 0x72, 0x2E, 0x72, 0x65, 0x61, 0x64, 0x5F, 0x74, 0x65, 0x78, 0x74,
    0x75, 0x72, 0x65, 0x5F, 0x32, 0x64, 0x2E, 0x76, 0x34, 0x66, 0x33, 0x32, 0x61, 0x69, 0x72, 0x2E,
    0x67, 0x65, 0x74, 0x5F, 0x72, 0x65, 0x61, 0x64, 0x5F, 0x73, 0x61, 0x6D, 0x70, 0x6C, 0x65, 0x72,
    0x61, 0x69, 0x72, 0x2E, 0x61, 0x6E, 0x79, 0x2E, 0x76, 0x32, 0x69, 0x31, 0x33, 0x32, 0x30, 0x32,
    0x33, 0x2E, 0x38, 0x35, 0x30, 0x2E, 0x31, 0x30, 0x61, 0x69, 0x72, 0x36, 0x34, 0x5F, 0x76, 0x32,
    0x38, 0x2D, 0x61, 0x70, 0x70, 0x6C, 0x65, 0x2D, 0x6D, 0x61, 0x63, 0x6F, 0x73, 0x78, 0x32, 0x36,
    0x2E, 0x30, 0x2E, 0x30, 0x00, 0x00, 0x00, 0x00, 0x01, 0x00, 0x00, 0x00, 0x2F, 0x70, 0x72, 0x69,
    0x76, 0x61, 0x74, 0x65, 0x2F, 0x76, 0x61, 0x72, 0x2F, 0x72, 0x75, 0x6E, 0x2F, 0x63, 0x6F, 0x6D,
    0x2E, 0x61, 0x70, 0x70, 0x6C, 0x65, 0x2E, 0x73, 0x65, 0x63, 0x75, 0x72, 0x69, 0x74, 0x79, 0x2E,
    0x63, 0x72, 0x79, 0x70, 0x74, 0x65, 0x78, 0x64, 0x2F, 0x6D, 0x6E, 0x74, 0x2F, 0x63, 0x6F, 0x6D,
    0x2E, 0x61, 0x70, 0x70, 0x6C, 0x65, 0x2E, 0x4D, 0x6F, 0x62, 0x69, 0x6C, 0x65, 0x41, 0x73, 0x73,
    0x65, 0x74, 0x2E, 0x4D, 0x65, 0x74, 0x61, 0x6C, 0x54, 0x6F, 0x6F, 0x6C, 0x63, 0x68, 0x61, 0x69,
    0x6E, 0x2D, 0x76, 0x31, 0x37, 0x2E, 0x33, 0x2E, 0x34, 0x38, 0x2E, 0x30, 0x2E, 0x35, 0x33, 0x73,
    0x38, 0x75, 0x67, 0x2F, 0x4D, 0x65, 0x74, 0x61, 0x6C, 0x2E, 0x78, 0x63, 0x74, 0x6F, 0x6F, 0x6C,
    0x63, 0x68, 0x61, 0x69, 0x6E, 0x2F, 0x75, 0x73, 0x72, 0x2F, 0x6D, 0x65, 0x74, 0x61, 0x6C, 0x2F,
    0x33, 0x32, 0x30, 0x32, 0x33, 0x2F, 0x62, 0x69, 0x6E, 0x2F, 0x6D, 0x65, 0x74, 0x61, 0x6C, 0x6C,
    0x69, 0x62, 0x20, 0x73, 0x72, 0x63, 0x2F, 0x78, 0x65, 0x6E, 0x69, 0x61, 0x2F, 0x67, 0x70, 0x75,
    0x2F, 0x73, 0x68, 0x61, 0x64, 0x65, 0x72, 0x73, 0x2F, 0x62, 0x79, 0x74, 0x65, 0x63, 0x6F, 0x64,
    0x65, 0x2F, 0x6D, 0x65, 0x74, 0x61, 0x6C, 0x2F, 0x61, 0x70, 0x70, 0x6C, 0x79, 0x5F, 0x67, 0x61,
    0x6D, 0x6D, 0x61, 0x5F, 0x74, 0x61, 0x62, 0x6C, 0x65, 0x5F, 0x63, 0x73, 0x2E, 0x61, 0x69, 0x72,
    0x20, 0x2D, 0x6F, 0x20, 0x73, 0x72, 0x63, 0x2F, 0x78, 0x65, 0x6E, 0x69, 0x61, 0x2F, 0x67, 0x70,
    0x75, 0x2F, 0x73, 0x68, 0x61, 0x64, 0x65, 0x72, 0x73, 0x2F, 0x62, 0x79, 0x74, 0x65, 0x63, 0x6F,
    0x64, 0x65, 0x2F, 0x6D, 0x65, 0x74, 0x61, 0x6C, 0x2F, 0x61, 0x70, 0x70, 0x6C, 0x79, 0x5F, 0x67,
    0x61, 0x6D, 0x6D, 0x61, 0x5F, 0x74, 0x61, 0x62, 0x6C, 0x65, 0x5F, 0x63, 0x73, 0x2E, 0x6D, 0x65,
    0x74, 0x61, 0x6C, 0x6C, 0x69, 0x62, 0x00, 0x2F, 0x55, 0x73, 0x65, 0x72, 0x73, 0x2F, 0x77, 0x6D,
    0x61, 0x72, 0x74, 0x69, 0x2F, 0x44, 0x6F, 0x63, 0x75, 0x6D, 0x65, 0x6E, 0x74, 0x73, 0x2F, 0x78,
    0x65, 0x6E, 0x69, 0x61, 0x2D, 0x6D, 0x61, 0x63, 0x2F, 0x73, 0x63, 0x72, 0x61, 0x74, 0x63, 0x68,
    0x2F, 0x77, 0x6F, 0x72, 0x6B, 0x74, 0x72, 0x65, 0x65, 0x73, 0x2F, 0x78, 0x65, 0x6E, 0x69, 0x61,
    0x2D, 0x63, 0x61, 0x6E, 0x61, 0x72, 0x79, 0x2D, 0x72, 0x65, 0x62, 0x61, 0x73, 0x65, 0x00, 0x21,
    0x50, 0x00, 0x00, 0x53, 0x41, 0x52, 0x43, 0x15, 0x50, 0x00, 0x00, 0x61, 0x70, 0x70, 0x6C, 0x79,
    0x5F, 0x67, 0x61, 0x6D, 0x6D, 0x61, 0x5F, 0x74, 0x61, 0x62, 0x6C, 0x65, 0x5F, 0x63, 0x73, 0x00,
    0x42, 0x5A, 0x68, 0x39, 0x31, 0x41, 0x59, 0x26, 0x53, 0x59, 0x98, 0x02, 0x27, 0x46, 0x00, 0x4F,
    0x81, 0xFF, 0xFA, 0xFF, 0xF9, 0xEB, 0x7F, 0xFF, 0xFF, 0xFF, 0xFF, 0xBF, 0xFF, 0xDF, 0xEE, 0xFF,
    0xFF, 0xFF, 0xFE, 0x00, 0x04, 0x00, 0x02, 0x04, 0x00, 0x02, 0x00, 0x90, 0x00, 0x02, 0x08, 0x60,
    0x37, 0xDE, 0xF6, 0xD7, 0x10, 0xDB, 0x42, 0xFB, 0xD4, 0x67, 0x42, 0xDF, 0x7B, 0x9E, 0x81, 0x2A,
    0x76, 0xD0, 0xA8, 0xA7, 0x77, 0xB2, 0xBD, 0x2E, 0xDF, 0x79, 0x7B, 0xC9, 0xA6, 0xFA, 0xF7, 0x6E,
    0xFA, 0xBB, 0xD0, 0xFB, 0xBB, 0x9E, 0xA9, 0xDC, 0xDA, 0x15, 0xF7, 0x6B, 0xDA, 0xF6, 0xF7, 0xDF,
    0x17, 0xAF, 0x5D, 0xEE, 0xCE, 0xF7, 0x39, 0x8E, 0xDE, 0xF7, 0x1E, 0xBD, 0xA2, 0x9B, 0xDB, 0x45,
    0xDA, 0x5E, 0xEE, 0x53, 0xAC, 0xEB, 0x03, 0xAE, 0xF7, 0x38, 0x75, 0xDF, 0x39, 0x73, 0xAE, 0x8F,
    0xAF, 0x7B, 0x1C, 0xCC, 0xEF, 0x37, 0xBE, 0x33, 0xED, 0xAB, 0xBD, 0xCE, 0xE9, 0xB7, 0x77, 0x5D,
    0x81, 0x77, 0x1E, 0x79, 0x8E, 0xB6, 0xAD, 0xEB, 0x6E, 0xF1, 0xEC, 0x51, 0x4C, 0xB5, 0x4A, 0x1B,
    0xDE, 0xEF, 0x36, 0xD7, 0x4D, 0x03, 0xDB, 0xBB, 0xCD, 0xAF, 0x87, 0xDD, 0xF5, 0xE2, 0x0C, 0xF7,
    0x8E, 0x48, 0x74, 0x49, 0x6D, 0x91, 0x7C, 0xC9, 0xBE, 0xEC, 0xC9, 0x60, 0x7A, 0x53, 0xBE, 0xCF,
    0x84, 0x89, 0x04, 0x00, 0x89, 0x81, 0x1A, 0x26, 0x99, 0x00, 0x4C, 0x54, 0xF4, 0xF5, 0x4F, 0x4D,
    0x3C, 0x89, 0xEA, 0x27, 0xB5, 0x4D, 0xA4, 0xF1, 0x21, 0xA6, 0x80, 0x36, 0xA3, 0xF5, 0x41, 0xE5,
    0x0D, 0x00, 0xC8, 0x7A, 0x8D, 0x0D, 0x06, 0x9A, 0x08, 0xD0, 0x49, 0x90, 0x46, 0xA6, 0xD4, 0x68,
    0xD4, 0xCA, 0x3D, 0x11, 0x90, 0xD3, 0x4D, 0x1A, 0x34, 0x00, 0x00, 0x00, 0x00, 0x00, 0x00, 0xD1,
    0xA6, 0x86, 0x80, 0x04, 0x82, 0x45, 0x35, 0x32, 0x24, 0xDA, 0x99, 0x26, 0x9E, 0x9A, 0x80, 0x1E,
    0x50, 0xD0, 0x01, 0xA0, 0x00, 0x00, 0x00, 0x00, 0x00, 0x68, 0x00, 0x0D, 0x00, 0x01, 0x0A, 0x48,
    0x44, 0x02, 0x69, 0xA9, 0xA7, 0xA2, 0x21, 0xE4, 0xA7, 0x90, 0x6A, 0x69, 0xE5, 0x0F, 0x49, 0xA7,
    0xA9, 0xA6, 0xD4, 0x7A, 0x99, 0x0D, 0x1A, 0x32, 0x3D, 0x40, 0x68, 0x00, 0x34, 0x1A, 0x1A, 0x00,
    0x03, 0x41, 0x12, 0x50, 0x26, 0x42, 0x4C, 0xD0, 0xD4, 0x62, 0xA7, 0xEA, 0x78, 0x2A, 0x6D, 0x23,
    0xD4, 0xF2, 0x9E, 0xA7, 0x94, 0xF6, 0x4A, 0x1E, 0x24, 0xF4, 0xD4, 0xF5, 0x0F, 0x4C, 0x88, 0x68,
    0x3D, 0x11, 0xEA, 0x03, 0x4F, 0x50, 0x0F, 0x50, 0x0D, 0x34, 0x34, 0xD0, 0x44, 0x89, 0x02, 0x01,
    0x4F, 0x42, 0x69, 0x94, 0xC4, 0xD1, 0x89, 0x3D, 0x0A, 0x3C, 0xA7, 0xA8, 0xF4, 0x4D, 0xA8, 0x00,
    0x00, 0x34, 0x0D, 0x00, 0x00, 0x00, 0x00, 0x00, 0x3F, 0x4F, 0xEB, 0x95, 0xF2, 0xFD, 0x11, 0xF5,
    0x30, 0x7A, 0x5E, 0xA7, 0x91, 0xB9, 0xB2, 0x46, 0x32, 0xF1, 0x50, 0xED, 0xF7, 0x30, 0xE8, 0xE7,
    0xE7, 0xEC, 0xE4, 0x0F, 0xA8, 0x60, 0x0F, 0x41, 0xA9, 0x0C, 0x58, 0x62, 0x90, 0x52, 0x50, 0xE5,
    0x8C, 0x03, 0x0A, 0x81, 0x98, 0xC2, 0x6D, 0x00, 0xDA, 0x49, 0x89, 0xA4, 0x7D, 0x56, 0xFD, 0x56,
    0x79, 0xBD, 0xDE, 0xBF, 0x98, 0xB3, 0xE2, 0x87, 0xF8, 0xE2, 0x08, 0xAD, 0x0B, 0x3E, 0xBA, 0x0F,
    0xEC, 0xDF, 0xFE, 0x33, 0xF7, 0xF2, 0xA3, 0x29, 0x59, 0xF4, 0x69, 0xBB, 0x3F, 0xBB, 0xE9, 0x4F,
    0x72, 0xEC, 0x4F, 0x89, 0x05, 0x3E, 0x11, 0x5F, 0x14, 0x55, 0x0F, 0x6B, 0xDC, 0x68, 0x16, 0x44,
    0x94, 0x34, 0x7D, 0x8F, 0xE5, 0x01, 0x83, 0x60, 0x26, 0xD2, 0x4B, 0x2E, 0x9F, 0xAF, 0x09, 0x3C,
    0x7B, 0x9A, 0x2F, 0xDC, 0x53, 0x6B, 0x85, 0x92, 0xFC, 0xD6, 0x9A, 0xD9, 0x7C, 0x83, 0xC6, 0x26,
    0xA5, 0xD3, 0xC0, 0xBC, 0x93, 0xBF, 0x03, 0xCE, 0x23, 0xCD, 0xEA, 0xC1, 0x82, 0x79, 0x4B, 0xBA,
    0xB6, 0xE7, 0x3B, 0x6F, 0x22, 0xC4, 0x1F, 0xEC, 0xAB, 0x7B, 0x4F, 0x02, 0x22, 0xC0, 0xD3, 0x12,
    0xA7, 0x03, 0x4D, 0x48, 0x8A, 0x87, 0x45, 0x70, 0x51, 0xD0, 0x90, 0xD1, 0xBB, 0x0C, 0xC4, 0x37,
    0x21, 0x4B, 0x0F, 0x28, 0xE2, 0x38, 0x8C, 0x6D, 0xDF, 0xEA, 0x36, 0xE0, 0x15, 0x57, 0x83, 0x12,
    0xFB, 0xC2, 0x97, 0x0A, 0xA2, 0xAD, 0x0E, 0x74, 0xA8, 0xD0, 0x8F, 0xAF, 0xC4, 0xF5, 0x28, 0xCE,
    0xBA, 0xD1, 0x41, 0x06, 0x84, 0xF2, 0x57, 0x54, 0xBD, 0x8D, 0x92, 0xD6, 0x6B, 0xD4, 0xB7, 0xCB,
    0x72, 0x7A, 0xFF, 0xA6, 0x0A, 0xD6, 0xDC, 0x1E, 0xDB, 0xDC, 0x09, 0x8B, 0x9A, 0xE6, 0x6B, 0x72,
    0x53, 0x04, 0x34, 0xD6, 0x31, 0x6B, 0x35, 0x9A, 0xCD, 0x66, 0x16, 0x02, 0xB3, 0x1B, 0x72, 0x3C,
    0x1A, 0xF4, 0x34, 0xCC, 0x74, 0xB1, 0xDB, 0x16, 0xC8, 0x2E, 0xD1, 0xA2, 0x42, 0x25, 0x2E, 0xDE,
    0xB0, 0xB6, 0xFE, 0xCD, 0x7A, 0x49, 0x70, 0x77, 0x62, 0xFB, 0xD2, 0x6E, 0x52, 0x94, 0xA1, 0xF4,
    0xBE, 0xF3, 0x39, 0x7F, 0xAD, 0x15, 0x49, 0xB3, 0x97, 0x39, 0xC8, 0x14, 0xA0, 0x6A, 0x69, 0xA1,
    0x9B, 0xF6, 0xD9, 0xB8, 0x2D, 0x93, 0xA8, 0x2B, 0x1A, 0x30, 0x62, 0x9E, 0x8B, 0x84, 0x57, 0x0B,
    0x85, 0xC2, 0x02, 0xDF, 0x99, 0x05, 0x3D, 0x0F, 0xBA, 0xC6, 0x21, 0x1E, 0xAF, 0x5F, 0x0B, 0xF3,
    0xF1, 0xF0, 0xFB, 0xD6, 0xE5, 0xB1, 0x34, 0xEB, 0x96, 0xC9, 0xB1, 0x5A, 0x52, 0x20, 0xA9, 0x84,
    0xF4, 0x3A, 0x74, 0xAB, 0x88, 0x0A, 0xAB, 0x40, 0xB5, 0x75, 0xC6, 0x91, 0xE6, 0x76, 0xCF, 0x2D,
    0xAF, 0x76, 0x06, 0xE2, 0xFE, 0x21, 0xE4, 0xA7, 0x81, 0x85, 0x8A, 0xEB, 0xAB, 0x29, 0x75, 0xD5,
    0xB8, 0x22, 0x1B, 0x81, 0x51, 0x9B, 0xB4, 0x0E, 0xB6, 0xB7, 0x3D, 0xBA, 0x6C, 0x7B, 0x26, 0x16,
    0x69, 0x19, 0xC8, 0x21, 0x84, 0xA7, 0x23, 0xD0, 0x9D, 0xB7, 0x58, 0xAC, 0x99, 0xE1, 0xC0, 0x0A,
    0x46, 0xF7, 0xA4, 0x91, 0x51, 0x38, 0xE1, 0x52, 0x0A, 0xAA, 0x90, 0x7C, 0xCB, 0xC9, 0x55, 0x2B,
    0x96, 0x5A, 0x5C, 0x80, 0x09, 0x17, 0x04, 0x16, 0x54, 0xCB, 0x7D, 0x95, 0x04, 0x37, 0x28, 0x0B,
    0xDC, 0x07, 0xF7, 0x8C, 0xE9, 0x6D, 0xBA, 0xE6, 0x94, 0xC2, 0xB2, 0x70, 0xDF, 0x5D, 0xBD, 0x00,
    0x70, 0xAA, 0x13, 0x67, 0xCE, 0xFB, 0x0A, 0x50, 0x90, 0x09, 0xA1, 0x0A, 0x85, 0x33, 0xAC, 0xF8,
    0xAF, 0x56, 0xF5, 0x9A, 0x37, 0xF0, 0xD2, 0x95, 0x6B, 0x10, 0xA7, 0xD7, 0x36, 0x96, 0x95, 0x8A,
    0xD4, 0xF1, 0x79, 0x0F, 0xFC, 0x57, 0x76, 0x6B, 0x5F, 0x5B, 0x47, 0x1C, 0xF0, 0xD1, 0x8B, 0x53,
    0x02, 0x39, 0xB3, 0x57, 0xBD, 0x59, 0xB4, 0x7B, 0x3B, 0x45, 0xC5, 0x9A, 0x1B, 0xBB, 0x87, 0x8F,
    0x33, 0xA4, 0xCF, 0xA7, 0x9A, 0x7C, 0xD6, 0x0B, 0xA6, 0xC8, 0x4C, 0x17, 0xEB, 0x89, 0x08, 0xF5,
    0x26, 0x81, 0xA4, 0x75, 0x8C, 0x12, 0x95, 0x15, 0x03, 0x82, 0x1A, 0x87, 0x63, 0x4A, 0x29, 0xB5,
    0x72, 0xB1, 0x50, 0x29, 0x88, 0x1C, 0xDC, 0x5C, 0x1B, 0x71, 0x8C, 0xC3, 0x1C, 0x4E, 0xAC, 0x0C,
    0x1A, 0x3D, 0xF6, 0x4D, 0x8D, 0xA7, 0x08, 0x64, 0x7A, 0x3F, 0x2D, 0x05, 0xB3, 0xC5, 0xB2, 0xD2,
    0x16, 0xA1, 0x44, 0x75, 0x8C, 0x2D, 0x98, 0xB1, 0xA0, 0xE4, 0x70, 0x14, 0x3A, 0x94, 0x21, 0x83,
    0xAB, 0x1C, 0x08, 0xA5, 0x37, 0x11, 0x44, 0x94, 0x4E, 0xE4, 0x47, 0x04, 0x64, 0x08, 0xC4, 0x20,
    0x26, 0x61, 0x81, 0xA0, 0x52, 0x20, 0x44, 0x3A, 0x0D, 0xB6, 0xDB, 0x11, 0x0A, 0x57, 0xA8, 0xC1,
    0x74, 0x40, 0xAA, 0x6A, 0x54, 0x43, 0xC6, 0x17, 0x74, 0x0F, 0x5F, 0x23, 0x65, 0x6A, 0x70, 0xF4,
    0xD3, 0xD3, 0xC7, 0xCE, 0x6E, 0xAD, 0x0C, 0x0E, 0xBB, 0xA5, 0xD5, 0xF4, 0xF2, 0x96, 0x29, 0xF8,
    0xBC, 0x5D, 0xDB, 0x68, 0x1E, 0x83, 0xE9, 0x20, 0x37, 0x9D, 0x4B, 0xCB, 0xCE, 0x84, 0x71, 0xBF,
    0x60, 0xA0, 0x59, 0x70, 0xC7, 0xAA, 0x97, 0xC1, 0xCD, 0x56, 0xD9, 0xF4, 0xDA, 0x58, 0x98, 0x9B,
    0x4E, 0xBF, 0xF1, 0xBD, 0x36, 0xA6, 0x94, 0x97, 0x1B, 0xAE, 0x7A, 0xA7, 0xA1, 0xFA, 0xFC, 0x5A,
    0xF9, 0x75, 0x1E, 0x79, 0xB6, 0xC9, 0x84, 0x6F, 0x06, 0xEE, 0xEA, 0x78, 0x79, 0x4D, 0xDD, 0xD0,
    0x79, 0xE5, 0xD9, 0xD6, 0xDE, 0xC6, 0xC9, 0x1C, 0x06, 0x38, 0x86, 0xCE, 0xE1, 0x13, 0x74, 0x10,
    0x0A, 0x4F, 0xE3, 0x14, 0x1C, 0xC9, 0x7B, 0xB6, 0x7A, 0x74, 0xF7, 0x7A, 0xBE, 0x51, 0x61, 0xF0,
    0x1E, 0xBF, 0x4F, 0x7B, 0x13, 0xA6, 0xB1, 0x2F, 0x34, 0xBC, 0x9C, 0x5E, 0xEF, 0x07, 0x5F, 0x8F,
    0x75, 0xE7, 0x88, 0xF6, 0x28, 0x20, 0x3B, 0x93, 0x57, 0xFC, 0x35, 0x2A, 0xA4, 0x7D, 0xBF, 0x07,
    0x73, 0xB6, 0x29, 0x3C, 0xE5, 0xAB, 0x25, 0x76, 0x3E, 0x0C, 0xBC, 0x3C, 0xC5, 0x5D, 0xD9, 0xE7,
    0x2C, 0x55, 0x92, 0xC1, 0x81, 0x68, 0x87, 0xE5, 0xD3, 0x1B, 0x3C, 0xC1, 0xDF, 0x8B, 0x32, 0x2F,
    0x83, 0xBE, 0xD2, 0xFB, 0x9E, 0x1E, 0x21, 0xB7, 0xDD, 0xA2, 0xA2, 0x92, 0x59, 0x32, 0x64, 0x2B,
    0x49, 0x10, 0xE4, 0xC8, 0xE0, 0xB7, 0x48, 0xB0, 0xDB, 0x77, 0x81, 0x5C, 0x14, 0x0B, 0x67, 0x0C,
    0x74, 0xE8, 0x7C, 0x25, 0x6E, 0xF7, 0x13, 0x58, 0x8F, 0xAD, 0x80, 0xE8, 0x58, 0xD6, 0x8D, 0x72,
    0xF7, 0x28, 0xE9, 0x20, 0x28, 0x15, 0x8D, 0x0B, 0x87, 0x40, 0x63, 0x08, 0xC8, 0xFD, 0x9A, 0xA3,
    0x5D, 0x0A, 0x7A, 0x20, 0x2E, 0xAD, 0x67, 0x41, 0x5C, 0x7C, 0x5A, 0xDE, 0x86, 0x5E, 0x6D, 0xBF,
    0x4E, 0x8E, 0xBD, 0xB5, 0xF8, 0x93, 0x62, 0x30, 0xB4, 0xA5, 0x21, 0x71, 0x4A, 0x52, 0x2C, 0x85,
    0xE6, 0xB7, 0xD1, 0x6C, 0x9D, 0xF7, 0x3B, 0x58, 0xBB, 0xB6, 0xF9, 0x7D, 0x16, 0xF6, 0x4D, 0x14,
    0xF4, 0x42, 0x15, 0x10, 0x73, 0x85, 0x41, 0x5C, 0xCF, 0x1B, 0xBC, 0x15, 0x4E, 0x69, 0x35, 0x84,
    0x2C, 0xD3, 0x4B, 0xC7, 0x1F, 0xB0, 0xC1, 0x0F, 0x2C, 0x02, 0x3E, 0x10, 0x1E, 0xEE, 0x57, 0xC8,
    0xF7, 0x07, 0xC2, 0x08, 0xE1, 0x34, 0x1C, 0xDC, 0x4C, 0xF8, 0x17, 0x16, 0x85, 0x88, 0x5B, 0x1B,
    0x3E, 0x36, 0x6C, 0x1E, 0xC3, 0x34, 0x9A, 0x38, 0xA4, 0xE8, 0xD7, 0x33, 0x75, 0xB5, 0xA9, 0xB7,
    0x86, 0x7F, 0xAD, 0xFE, 0x03, 0xFA, 0xAC, 0x32, 0x69, 0x73, 0x8D, 0x21, 0x8A, 0xAC, 0x3B, 0xEC,
    0x10, 0xB3, 0x8E, 0x95, 0x63, 0x3A, 0x73, 0x53, 0x61, 0xE5, 0xA8, 0x6E, 0x5A, 0x78, 0x72, 0x31,
    0xF3, 0x56, 0x14, 0xB0, 0xE0, 0xE2, 0x50, 0x46, 0x7A, 0xB4, 0xE0, 0x70, 0x34, 0x2F, 0xB1, 0xDD,
    0x38, 0x65, 0xA0, 0x44, 0x62, 0x05, 0xBC, 0x9D, 0x2B, 0xC6, 0x90, 0x2E, 0x64, 0x84, 0x7D, 0x19,
    0x58, 0x39, 0x0C, 0xB6, 0x87, 0x02, 0x15, 0x43, 0x19, 0x35, 0xAF, 0x5E, 0x8C, 0xF7, 0x04, 0xC1,
    0xBE, 0xED, 0x10, 0x1A, 0x97, 0xEA, 0xD1, 0x84, 0xE5, 0x7D, 0xA5, 0x1B, 0x17, 0xD7, 0xAB, 0x96,
    0x6E, 0x65, 0x4E, 0xE9, 0xBB, 0x16, 0xDE, 0x97, 0xBD, 0x5E, 0x8A, 0x87, 0x5E, 0xE2, 0x91, 0x9C,
    0xD4, 0x60, 0x89, 0x9E, 0x8E, 0x38, 0x3B, 0x0D, 0xD1, 0xA8, 0x07, 0x20, 0x05, 0x10, 0x9A, 0x8D,
    0x61, 0x4B, 0xEE, 0x0B, 0x90, 0xD1, 0x4F, 0x62, 0xE5, 0x77, 0xCF, 0x63, 0x5A, 0xE3, 0xAC, 0x19,
    0xA2, 0x30, 0x11, 0x55, 0xFD, 0xCC, 0x95, 0xA2, 0xEE, 0xEA, 0x5D, 0x00, 0x6B, 0x00, 0x5B, 0x7D,
    0xFA, 0xD1, 0x35, 0xBA, 0x06, 0x0B, 0x01, 0x03, 0x35, 0x38, 0xF5, 0xB5, 0x21, 0x28, 0x11, 0x61,
    0x79, 0x62, 0x7D, 0x2A, 0x57, 0x74, 0xDA, 0xC1, 0xE2, 0xF8, 0x60, 0x20, 0x16, 0xD0, 0x54, 0x8D,
    0x3D, 0x9A, 0x5A, 0x34, 0x95, 0x23, 0x73, 0x09, 0x45, 0xFD, 0x3C, 0x21, 0xA0, 0x01, 0xD9, 0xD5,
    0x6D, 0x6B, 0xD5, 0xDA, 0x82, 0x9D, 0x3B, 0xA7, 0xA5, 0x87, 0x0D, 0xB7, 0x8D, 0x4F, 0x82, 0x25,
    0xE4, 0x36, 0x59, 0x4A, 0x11, 0x59, 0xD4, 0x71, 0x2E, 0x7A, 0x28, 0xD7, 0x59, 0x5C, 0x0A, 0xC5,
    0x2A, 0xB2, 0xB6, 0x42, 0x97, 0x31, 0x1B, 0xE7, 0x3E, 0xCE, 0x25, 0x34, 0xE5, 0x59, 0x61, 0xDE,
    0x34, 0xC2, 0x26, 0x8C, 0x90, 0x25, 0x9C, 0xF2, 0x96, 0x51, 0x6D, 0x47, 0xC3, 0x8E, 0x8E, 0x7A,
    0xAF, 0xBD, 0xC6, 0xA0, 0x73, 0x30, 0x5C, 0x13, 0x48, 0x20, 0x62, 0xC8, 0xDC, 0x7D, 0x78, 0xE5,
    0x36, 0x8D, 0x36, 0x37, 0xE0, 0x27, 0x04, 0xD6, 0x2C, 0xE9, 0xC2, 0xED, 0x48, 0x05, 0x7A, 0xD5,
    0x8A, 0x71, 0x2B, 0x01, 0x6B, 0xEF, 0xAE, 0xAE, 0xC1, 0x3D, 0xD4, 0xCC, 0x17, 0x19, 0xE9, 0x4B,
    0xEA, 0xF1, 0x80, 0x66, 0x25, 0x0C, 0x0D, 0x1C, 0xB2, 0xD8, 0x62, 0x17, 0x72, 0xE5, 0xCA, 0xB3,
    0x78, 0xD4, 0x33, 0x76, 0x71, 0x1E, 0xEB, 0xC5, 0xAA, 0x48, 0x3A, 0xD7, 0x72, 0xAE, 0xB2, 0xB1,
    0xD2, 0x80, 0xE7, 0xB6, 0xB2, 0x36, 0xDB, 0x67, 0xC8, 0x9A, 0xE1, 0x02, 0x33, 0x60, 0x15, 0x6D,
    0xE0, 0x5F, 0xB7, 0x3D, 0x12, 0xB3, 0xDB, 0xB5, 0x92, 0xEF, 0x54, 0x41, 0x28, 0xE0, 0x72, 0x46,
    0xEF, 0x53, 0x81, 0x17, 0xD7, 0x9D, 0xD4, 0x5B, 0x1D, 0xFA, 0x8C, 0x9B, 0x55, 0x2B, 0x7A, 0x21,
    0x13, 0xA3, 0xF0, 0x75, 0xBE, 0x5D, 0x0C, 0xDF, 0x48, 0x70, 0x1D, 0x45, 0xE5, 0x73, 0x74, 0xBE,
    0x79, 0xEB, 0xEC, 0xA7, 0x26, 0x7B, 0xE8, 0xC8, 0x12, 0xA2, 0x9C, 0xA6, 0xCB, 0xFB, 0x20, 0xC1,
    0x20, 0x1F, 0xB1, 0x95, 0x70, 0xDB, 0x6D, 0x77, 0xF3, 0x89, 0xB8, 0xAD, 0x8C, 0xE6, 0x0C, 0xE8,
    0xDE, 0x71, 0xAA, 0x85, 0xF7, 0xCA, 0xB3, 0x65, 0x48, 0x7A, 0x65, 0xD1, 0x78, 0x2F, 0x20, 0x51,
    0xB2, 0xCB, 0x43, 0xCE, 0x1A, 0x1E, 0xD3, 0xC6, 0x30, 0xD5, 0xAA, 0xCC, 0x4C, 0x45, 0x39, 0x70,
    0x6B, 0x2B, 0x89, 0xD1, 0x84, 0x5B, 0x6D, 0x1F, 0x7F, 0x05, 0xDB, 0x6F, 0x4B, 0xA7, 0x6C, 0x40,
    0xF5, 0x77, 0x25, 0x7E, 0xCC, 0x2B, 0x35, 0xA7, 0x9E, 0xA4, 0x8F, 0x7D, 0xA3, 0x4E, 0xC1, 0x90,
    0x5A, 0x93, 0xEC, 0x90, 0x84, 0x70, 0xEE, 0xC2, 0x02, 0x4C, 0x03, 0xA2, 0x9C, 0x1E, 0x51, 0xE6,
    0x51, 0x4C, 0x67, 0xAF, 0xA2, 0x2C, 0x94, 0xE1, 0xCE, 0xB4, 0x27, 0x56, 0x45, 0x2B, 0xA0, 0x1D,
    0x1B, 0x69, 0x4E, 0x60, 0x85, 0x61, 0x92, 0xA8, 0xD0, 0x3D, 0x7D, 0x9A, 0xD7, 0x96, 0xA1, 0xE9,
    0x79, 0x8B, 0x4D, 0x33, 0x9C, 0x9F, 0x7F, 0x5D, 0x41, 0x14, 0xA1, 0x4B, 0x83, 0xA1, 0x51, 0x07,
    0x31, 0x8D, 0x36, 0xDC, 0xF5, 0x6B, 0x98, 0x75, 0x05, 0xA1, 0x01, 0x27, 0x57, 0x79, 0xEB, 0xCA,
    0xF1, 0xE6, 0xD6, 0x38, 0x93, 0xE6, 0xD4, 0x9D, 0x96, 0x95, 0xEE, 0x8D, 0x02, 0x6B, 0x7E, 0xD6,
    0x0F, 0x82, 0x2B, 0xD2, 0x1B, 0xF7, 0xF7, 0x9B, 0x9B, 0x93, 0xB9, 0x4C, 0xF7, 0xCD, 0xA5, 0x35,
    0xD4, 0xC9, 0x8A, 0x7C, 0xC4, 0xA9, 0x29, 0xD8, 0xEF, 0xCF, 0x95, 0x55, 0xE3, 0xA1, 0x30, 0xC6,
    0x45, 0xCD, 0x23, 0x0A, 0x10, 0x50, 0x03, 0xD9, 0xE9, 0x10, 0x70, 0x9B, 0xA6, 0xAD, 0xA6, 0x08,
    0x32, 0x19, 0xB0, 0xCA, 0xAE, 0xBC, 0xBA, 0x51, 0x22, 0x49, 0x9E, 0xAB, 0x75, 0x4A, 0xB7, 0x08,
    0xA4, 0xF5, 0x56, 0x11, 0xEA, 0x29, 0x67, 0x00, 0xE0, 0x3A, 0xB0, 0xA5, 0x20, 0x54, 0x92, 0xDB,
    0x0C, 0x1A, 0x52, 0xDB, 0xD9, 0x26, 0xE6, 0x2F, 0xDE, 0xB2, 0xE4, 0x2B, 0xA8, 0x41, 0x4B, 0x8D,
    0x5F, 0x23, 0x35, 0xD6, 0xCA, 0xF2, 0x8C, 0xF3, 0xAC, 0x52, 0xF6, 0x36, 0xD0, 0x6B, 0xDC, 0x3E,
    0x40, 0xD2, 0x0E, 0x8B, 0x07, 0xA1, 0x5D, 0xE6, 0x1B, 0x2A, 0xA3, 0x53, 0xD7, 0x2A, 0x65, 0x90,
    0x6A, 0x44, 0x4E, 0xC3, 0x27, 0x9B, 0xC2, 0x57, 0x96, 0x2E, 0x6D, 0x57, 0x97, 0x4E, 0xDB, 0x8D,
    0xC7, 0x20, 0x08, 0x02, 0x65, 0x0F, 0x0F, 0x93, 0xC7, 0x3B, 0x68, 0x9B, 0x90, 0x53, 0xC7, 0xAE,
    0xEA, 0xE3, 0x02, 0xC4, 0x68, 0xFC, 0x68, 0xF6, 0xD3, 0x4A, 0x70, 0xBA, 0x51, 0x03, 0x71, 0xAD,
    0x6A, 0x0B, 0xCA, 0xAD, 0x31, 0x9D, 0x43, 0x3E, 0xCB, 0x7F, 0x5F, 0xA3, 0xE9, 0x18, 0xBE, 0xE2,
    0xAC, 0xEF, 0x68, 0x53, 0xCA, 0x04, 0x00, 0xE7, 0x16, 0x20, 0x53, 0x0C, 0xE0, 0x6A, 0x47, 0x66,
    0xC9, 0x6E, 0x8C, 0xFA, 0x29, 0xAE, 0x2C, 0x0E, 0xCC, 0xA8, 0x6E, 0x43, 0x0D, 0x73, 0x60, 0xF4,
    0x84, 0x84, 0xDD, 0x8C, 0xF0, 0xBD, 0x22, 0x4D, 0x69, 0x8D, 0x72, 0xF2, 0x3A, 0x8C, 0xD0, 0x68,
    0xE8, 0x59, 0xDD, 0x71, 0x9C, 0xA4, 0xAC, 0x8E, 0x35, 0x24, 0x92, 0x72, 0xB3, 0x6C, 0x8E, 0x33,
    0x26, 0x9A, 0x78, 0x33, 0x1F, 0x67, 0x31, 0xA7, 0x89, 0xA5, 0xC8, 0x77, 0xF5, 0xCE, 0xC3, 0xA4,
    0x8D, 0xF7, 0xE2, 0x32, 0xC8, 0xBC, 0x78, 0x42, 0xC7, 0x28, 0x51, 0x99, 0x9E, 0x30, 0xC8, 0xE0,
    0x8C, 0x1E, 0x4F, 0x27, 0x93, 0x4D, 0x34, 0xD8, 0xDB, 0x6D, 0xB4, 0xD3, 0x4E, 0x59, 0x0E, 0xE5,
    0xDC, 0x51, 0x49, 0xD2, 0xEA, 0xCA, 0xE4, 0x6D, 0x84, 0xBC, 0x59, 0xB1, 0xB1, 0xB1, 0xDD, 0x96,
    0x46, 0x46, 0x46, 0xE7, 0x41, 0xA8, 0xD4, 0x6B, 0xA7, 0x82, 0x8A, 0x28, 0xA2, 0x8A, 0x0A, 0x28,
    0xA0, 0xA2, 0x80, 0xE8, 0xF5, 0xD5, 0xB2, 0x64, 0x6F, 0x36, 0xDA, 0xF2, 0x7F, 0xC2, 0x32, 0x0E,
    0x51, 0x86, 0xE5, 0xE1, 0x65, 0x95, 0x45, 0x15, 0x5A, 0x9A, 0x96, 0x96, 0x91, 0x11, 0xED, 0xA2,
    0x0B, 0x5B, 0xC2, 0x04, 0xDD, 0x83, 0x51, 0xBF, 0xCD, 0x0F, 0x98, 0xF2, 0xD1, 0x6A, 0xCE, 0x0D,
    0x4D, 0x5C, 0xA7, 0xBA, 0x44, 0x36, 0xA0, 0x5F, 0x3E, 0x7C, 0xF0, 0x9C, 0x20, 0x99, 0xC7, 0x60,
    0xF3, 0xD2, 0x1B, 0x44, 0x91, 0x24, 0x49, 0x12, 0x44, 0xEE, 0x83, 0x50, 0x90, 0x30, 0x42, 0x2B,
    0xF2, 0x9D, 0x80, 0x75, 0xF0, 0xAC, 0x64, 0x53, 0xAD, 0x8B, 0x8B, 0x43, 0x05, 0x8B, 0x48, 0x46,
    0x66, 0x66, 0x66, 0x66, 0x34, 0x05, 0x8B, 0x1B, 0x56, 0x15, 0x65, 0x59, 0x59, 0xCC, 0xA4, 0x25,
    0x62, 0x09, 0x15, 0x28, 0x44, 0x44, 0x90, 0xA5, 0x29, 0x4B, 0x6D, 0xB6, 0xC9, 0x29, 0x6D, 0x91,
    0xB9, 0x4B, 0x6B, 0x80, 0x34, 0xA2, 0x55, 0x34, 0x51, 0x47, 0x8B, 0x84, 0x38, 0x02, 0x73, 0xD1,
    0xDF, 0xB5, 0x12, 0x38, 0x17, 0x1D, 0x40, 0x53, 0xF0, 0x71, 0x52, 0x68, 0x46, 0x1D, 0x7A, 0xA8,
    0x0D, 0x8C, 0x5C, 0xC8, 0x29, 0x58, 0xF0, 0x73, 0x96, 0x88, 0xBE, 0x62, 0x21, 0x87, 0xDA, 0x50,
    0xF1, 0x58, 0x92, 0x0A, 0x52, 0xA0, 0xD0, 0xA3, 0x48, 0xD4, 0x4A, 0x1D, 0x55, 0x00, 0x14, 0x14,
    0x14, 0x14, 0x94, 0x2E, 0x40, 0x24, 0x89, 0x40, 0x94, 0x02, 0x4B, 0x00, 0xC2, 0x40, 0x92, 0x00,
    0x91, 0x62, 0x13, 0xD2, 0x09, 0x17, 0x20, 0xBC, 0xF8, 0x1B, 0x00, 0xEA, 0x96, 0x5A, 0x40, 0xDD,
    0x1D, 0xCD, 0xD4, 0x24, 0x9D, 0x17, 0x3A, 0xB0, 0xF9, 0x84, 0x33, 0xB8, 0xA2, 0x1A, 0x01, 0x82,
    0xA9, 0x65, 0xBC, 0x6D, 0x37, 0xCD, 0x13, 0x9B, 0x82, 0x63, 0x96, 0xDB, 0x64, 0x9B, 0x17, 0x46,
    0x64, 0x39, 0x5B, 0xAD, 0x78, 0xF6, 0xBB, 0xCD, 0x57, 0xAD, 0x6F, 0x86, 0xBB, 0xFA, 0xD8, 0xCD,
    0x9B, 0x24, 0x96, 0xDB, 0x6D, 0xB4, 0xB6, 0xC0, 0xDD, 0xB9, 0xB5, 0xA6, 0xF9, 0xA6, 0xBB, 0x0E,
    0x8A, 0x95, 0xA5, 0xC7, 0x8A, 0x9E, 0x71, 0x07, 0xCF, 0x9D, 0xFE, 0x19, 0x4A, 0x52, 0xC0, 0xB0,
    0x5C, 0x74, 0x24, 0x60, 0x95, 0x13, 0xA2, 0x0D, 0x10, 0x19, 0x2C, 0x85, 0x60, 0x61, 0x86, 0x17,
    0x7C, 0x6D, 0xCE, 0x73, 0x9C, 0xE7, 0x39, 0xFD, 0x0A, 0xC0, 0x9C, 0xE7, 0x7E, 0x26, 0x50, 0x22,
    0x80, 0x34, 0x8A, 0x30, 0xC8, 0x2F, 0xF1, 0xDD, 0x94, 0xA2, 0xDA, 0x04, 0x30, 0xA8, 0x63, 0xB0,
    0x01, 0xB3, 0x6B, 0xCA, 0xF6, 0x18, 0x9D, 0xB5, 0x6D, 0x22, 0x7D, 0x70, 0x2E, 0x0C, 0xF4, 0x64,
    0xE2, 0x47, 0x25, 0x35, 0xC1, 0xBB, 0x59, 0xBB, 0xCF, 0x28, 0x1C, 0x73, 0x73, 0x6C, 0xF6, 0xDF,
    0x7A, 0xC7, 0xD9, 0x77, 0xB6, 0x9D, 0x0D, 0x54, 0x5D, 0x01, 0x01, 0xB8, 0xD0, 0x62, 0x3E, 0xB3,
    0x81, 0xC4, 0x60, 0xC6, 0x4F, 0xA3, 0x7A, 0x8E, 0x3B, 0x20, 0x30, 0xDA, 0x40, 0x46, 0x10, 0x10,
    0xFB, 0x90, 0x41, 0xBC, 0xD6, 0x37, 0xB2, 0x44, 0x89, 0x0D, 0xDA, 0x52, 0x8D, 0xF9, 0xBE, 0xCD,
    0x9B, 0x0D, 0x1A, 0xD3, 0x19, 0xB3, 0xCA, 0x9E, 0x56, 0x8D, 0x56, 0x33, 0x1E, 0x61, 0x95, 0x8D,
    0x66, 0x65, 0x39, 0x8A, 0x05, 0x1D, 0xE1, 0x0F, 0x15, 0x6A, 0x16, 0x2C, 0x68, 0x58, 0xB1, 0xA1,
    0x62, 0xC4, 0x1E, 0x74, 0x25, 0xD5, 0x49, 0x24, 0x92, 0x5B, 0x6D, 0xB6, 0xDB, 0xE2, 0x99, 0x99,
    0x98, 0x66, 0x66, 0x61, 0x99, 0x86, 0x65, 0xF0, 0x87, 0x01, 0xC0, 0x75, 0x07, 0x77, 0xCD, 0x6F,
    0xB4, 0x1F, 0xA0, 0x9D, 0xC4, 0x3C, 0x42, 0xF2, 0x8B, 0xD5, 0x85, 0xF1, 0xE1, 0x6D, 0x87, 0x79,
    0x3F, 0x59, 0x9A, 0xA1, 0xF1, 0xF6, 0x03, 0x6D, 0x05, 0x65, 0x1D, 0xAC, 0x21, 0xD3, 0xEE, 0x60,
    0x10, 0x36, 0xDB, 0xE9, 0xE8, 0xA1, 0x6D, 0x81, 0x54, 0xD5, 0x50, 0xBA, 0xDB, 0xBC, 0x63, 0x99,
    0xD8, 0x1A, 0x5C, 0x02, 0xD9, 0xF2, 0x85, 0xE0, 0xD1, 0x9C, 0xF6, 0x14, 0xC6, 0x2D, 0x96, 0xB0,
    0xEC, 0xB0, 0x64, 0x88, 0xCE, 0xA8, 0x86, 0xAE, 0x2C, 0x09, 0x48, 0xD1, 0xCD, 0x60, 0x10, 0x6B,
    0x58, 0x50, 0x02, 0xAC, 0x02, 0x44, 0x02, 0xE9, 0x09, 0x0F, 0xDA, 0xC8, 0x33, 0x5B, 0xB3, 0x4C,
    0x44, 0xC1, 0x0D, 0x6F, 0x01, 0x9E, 0x15, 0x53, 0xE0, 0xED, 0x25, 0x23, 0xED, 0x37, 0xBB, 0xB7,
    0x42, 0x72, 0x1F, 0x46, 0x28, 0x6C, 0xC0, 0x62, 0x34, 0x5F, 0x01, 0x83, 0x0F, 0x08, 0xB2, 0x9C,
    0xD8, 0xC2, 0xAA, 0xF1, 0x4E, 0x6B, 0xB9, 0xF8, 0x50, 0x43, 0x2E, 0x0A, 0x50, 0x5D, 0x2E, 0x3A,
    0xC3, 0x1C, 0xDF, 0x0E, 0xE8, 0x07, 0x8C, 0x35, 0x23, 0xC8, 0xA2, 0x86, 0x10, 0x61, 0x17, 0x16,
    0x99, 0xEC, 0x76, 0xEE, 0x0D, 0xB4, 0x4A, 0x33, 0x77, 0xEA, 0x72, 0x55, 0x3D, 0x52, 0xA8, 0x27,
    0xBE, 0x03, 0xC0, 0xD5, 0xAD, 0x1F, 0x7D, 0x86, 0x6C, 0xF9, 0x62, 0x04, 0xC4, 0xC2, 0x6C, 0xD0,
    0x66, 0xA0, 0xA0, 0x26, 0xA9, 0x8A, 0x26, 0xA9, 0x8A, 0x26, 0xA9, 0x8A, 0x28, 0x86, 0x63, 0xA3,
    0x80, 0x5A, 0xD3, 0x41, 0x98, 0x73, 0x30, 0x35, 0x74, 0x0F, 0xDC, 0xBF, 0xB1, 0x66, 0xBA, 0x57,
    0xBE, 0xC4, 0x61, 0x78, 0xE5, 0xF0, 0x29, 0xA0, 0xA0, 0x81, 0xAE, 0x7E, 0xEF, 0x44, 0xD0, 0x4F,
    0xAD, 0x34, 0xB6, 0xF8, 0x88, 0x13, 0x4D, 0x41, 0xD4, 0x61, 0x88, 0x69, 0x44, 0x89, 0x74, 0xF2,
    0xDF, 0x2A, 0x9C, 0xA3, 0x9D, 0x35, 0xC5, 0x73, 0x83, 0x54, 0x15, 0x78, 0x94, 0xC2, 0x7F, 0x37,
    0xCF, 0x43, 0x4B, 0xC8, 0x37, 0x32, 0xDB, 0x33, 0xFC, 0x3E, 0xF6, 0x74, 0x45, 0xAA, 0x8A, 0xAB,
    0xAD, 0x32, 0xD4, 0xCA, 0x0A, 0x71, 0x06, 0x76, 0x4A, 0x7D, 0x8C, 0x87, 0xE3, 0x5A, 0xBB, 0x6B,
    0x63, 0xD0, 0xDE, 0x6A, 0xD2, 0xE3, 0x15, 0x96, 0x2A, 0xD8, 0x5E, 0x19, 0xD3, 0x5D, 0x34, 0x68,
    0xC1, 0xB1, 0x46, 0x0E, 0x70, 0xAA, 0x50, 0xDB, 0xD6, 0xEA, 0x4C, 0x1A, 0x6D, 0x28, 0x28, 0x1B,
    0x86, 0x0F, 0x61, 0x7D, 0x32, 0x07, 0x8C, 0x84, 0xB3, 0x8D, 0xC1, 0x2C, 0x53, 0xF1, 0x20, 0x06,
    0xAC, 0x00, 0xCB, 0xB7, 0xDF, 0xC5, 0xBD, 0xB9, 0x5C, 0x51, 0x39, 0xD5, 0x54, 0x05, 0x00, 0x77,
    0x76, 0xF4, 0xBA, 0x54, 0xE1, 0x0F, 0x31, 0x87, 0x32, 0xBE, 0x1C, 0xEF, 0x29, 0x0E, 0x65, 0x75,
    0x2D, 0x70, 0x60, 0x49, 0x35, 0x4C, 0x08, 0x92, 0xA5, 0x64, 0x16, 0x7B, 0x3A, 0xE6, 0x6F, 0x37,
    0x52, 0xE6, 0xDB, 0xB8, 0x21, 0x67, 0xB3, 0xC5, 0x20, 0x44, 0x90, 0xA5, 0xD4, 0x00, 0xBF, 0x03,
    0x04, 0x65, 0x4D, 0xD6, 0xF8, 0x7E, 0xEF, 0x4A, 0x32, 0xF3, 0xFC, 0x97, 0xFC, 0x9A, 0x04, 0x23,
    0xAF, 0x6E, 0x1D, 0x7A, 0x18, 0xE7, 0xD3, 0x39, 0xF8, 0x96, 0xC5, 0x2A, 0xA9, 0x3C, 0xD0, 0x1B,
    0xB2, 0xBC, 0xF7, 0x42, 0x88, 0xA7, 0x6C, 0xB0, 0xE4, 0xB9, 0x8C, 0x62, 0x76, 0x5E, 0x5B, 0xC0,
    0x9C, 0xE2, 0xA9, 0x60, 0x54, 0xE5, 0x7E, 0xDF, 0x4C, 0xF8, 0x83, 0x2F, 0xBF, 0x1B, 0xBD, 0x9A,
    0xB2, 0xD4, 0x8E, 0x8D, 0x33, 0xB0, 0xD1, 0x72, 0x2C, 0x77, 0xC8, 0xC4, 0xEB, 0x83, 0x0C, 0xB1,
    0x52, 0x13, 0x4D, 0x24, 0x38, 0xC3, 0x6A, 0xC1, 0x02, 0xD9, 0x9D, 0xB5, 0x21, 0xE3, 0x0C, 0xAC,
    0xA2, 0xA4, 0x58, 0xC1, 0x24, 0xC5, 0x4C, 0x5A, 0x11, 0x81, 0x48, 0xAA, 0x85, 0x4B, 0x36, 0xA9,
    0x61, 0x5B, 0x29, 0x15, 0xBA, 0xB7, 0x52, 0xCB, 0x3F, 0x1F, 0x9B, 0xE7, 0x3C, 0x27, 0xDA, 0xF4,
    0x42, 0x3C, 0x09, 0xBE, 0x51, 0x07, 0x63, 0xF2, 0xD2, 0x16, 0xB4, 0x8C, 0xB1, 0x8E, 0x04, 0x8D,
    0x44, 0xFA, 0xC9, 0x14, 0x91, 0xC1, 0x92, 0x24, 0x8A, 0x0B, 0xF3, 0xC8, 0x92, 0x1B, 0xEF, 0xD0,
    0xDD, 0x5E, 0x34, 0x99, 0xCA, 0x64, 0x95, 0xA1, 0x45, 0xD1, 0x31, 0xF1, 0x78, 0x18, 0x2C, 0xF9,
    0xDE, 0xF4, 0x39, 0xC5, 0x55, 0x91, 0x49, 0x05, 0x19, 0x04, 0x60, 0x86, 0x21, 0x43, 0xFE, 0x7F,
    0xEA, 0xF4, 0x7D, 0x60, 0x13, 0x74, 0x46, 0x10, 0x86, 0x68, 0x60, 0x88, 0x8A, 0xA0, 0x99, 0xFA,
    0xE6, 0x60, 0x92, 0x51, 0x42, 0xD5, 0x13, 0x48, 0x94, 0x28, 0xB9, 0xF2, 0xD7, 0x3F, 0x3E, 0xAD,
    0xFD, 0xF0, 0x83, 0xBB, 0xB8, 0xC1, 0x7E, 0x9C, 0x29, 0x73, 0x58, 0x1C, 0xA0, 0xE3, 0xBF, 0xBE,
    0x27, 0x7F, 0x03, 0x86, 0x12, 0xF1, 0x87, 0x90, 0x5A, 0x8A, 0xBA, 0xF7, 0x6D, 0x7B, 0xDF, 0x70,
    0x41, 0xD5, 0x61, 0xEF, 0x8F, 0x41, 0xF5, 0xD0, 0x21, 0xA9, 0xF7, 0x10, 0xEC, 0xF5, 0xB9, 0x96,
    0x43, 0x74, 0xFA, 0x5B, 0x4C, 0x1A, 0x87, 0x4D, 0x84, 0x7C, 0x05, 0xBB, 0x97, 0x9B, 0x64, 0xC2,
    0xF4, 0x3B, 0xD5, 0xF5, 0x71, 0xEB, 0xBA, 0x5C, 0xE2, 0xCC, 0x04, 0x0C, 0x0F, 0xDD, 0x13, 0x00,
    0x90, 0x9F, 0xF1, 0x7E, 0x8F, 0xE4, 0xFD, 0x1E, 0xBB, 0x45, 0x62, 0xEF, 0x03, 0x5B, 0x64, 0x2D,
    0x9B, 0x65, 0x4A, 0x65, 0x20, 0x34, 0x27, 0x30, 0xD6, 0x52, 0x92, 0xEB, 0x4C, 0xA9, 0x61, 0x52,
    0x5F, 0x00, 0xE6, 0x98, 0x55, 0xE4, 0xFE, 0x4F, 0xCF, 0xEA, 0xE7, 0x47, 0x0F, 0xCB, 0x9D, 0x98,
    0xEB, 0x84, 0xF0, 0xD0, 0x8E, 0x5E, 0xAA, 0x30, 0x3D, 0xA4, 0x71, 0xEF, 0x22, 0x52, 0x0F, 0xD3,
    0xF9, 0x33, 0x02, 0x4B, 0xB3, 0xC9, 0xDF, 0xE7, 0x77, 0x44, 0x37, 0x1A, 0x74, 0x2C, 0xAB, 0xF8,
    0x5D, 0x2C, 0x43, 0x6D, 0xA8, 0x60, 0x2E, 0x21, 0x19, 0x22, 0xC3, 0xC8, 0x14, 0x85, 0x4D, 0xF4,
    0x53, 0x88, 0xEF, 0x1F, 0x1A, 0xAE, 0xCC, 0xD3, 0xB7, 0xE8, 0xC3, 0x73, 0x9F, 0x70, 0x69, 0x1C,
    0xA9, 0x2A, 0x5B, 0xF6, 0xE7, 0x35, 0xB2, 0xFD, 0xD8, 0x87, 0xBC, 0x78, 0x41, 0xB4, 0xDA, 0x7E,
    0x44, 0xD0, 0xE0, 0x06, 0x9A, 0x36, 0xBF, 0x2E, 0xE2, 0x48, 0x52, 0xDA, 0x39, 0x68, 0xE5, 0xA4,
    0xB6, 0xBB, 0x68, 0x49, 0x6A, 0xAB, 0xA1, 0xDC, 0x3A, 0x90, 0x44, 0x75, 0x3F, 0x85, 0xE6, 0xF4,
    0x6A, 0xAA, 0xF0, 0xCD, 0x13, 0xCA, 0x1F, 0x12, 0x43, 0x50, 0x03, 0x94, 0x12, 0xC7, 0x48, 0x61,
    0x92, 0x93, 0x53, 0x1C, 0x69, 0xCF, 0x72, 0x6E, 0x87, 0x11, 0x63, 0x08, 0xE3, 0xB7, 0x8C, 0xC9,
    0xA2, 0x06, 0xAF, 0x4B, 0x13, 0x29, 0x45, 0xF3, 0xCD, 0xE5, 0x11, 0x55, 0xD6, 0x3D, 0xB9, 0xB1,
    0xCB, 0x7D, 0x2E, 0xD0, 0x6D, 0x20, 0x38, 0x92, 0xC7, 0x20, 0xCC, 0x93, 0x57, 0x54, 0x75, 0xE0,
    0xB7, 0xA9, 0x54, 0xED, 0x44, 0x7C, 0x6D, 0x20, 0x08, 0x0E, 0xDA, 0x44, 0xA9, 0xDC, 0xEB, 0xBE,
    0xC5, 0xA1, 0xEA, 0x97, 0x21, 0x02, 0xC2, 0x51, 0xAA, 0x11, 0xFA, 0x48, 0x44, 0xBD, 0x51, 0x6F,
    0xF3, 0xEC, 0xD9, 0x68, 0xDE, 0x54, 0xF2, 0x79, 0xE7, 0xF7, 0xBA, 0xAF, 0x89, 0x70, 0xCA, 0xA8,
    0xF5, 0xBC, 0x12, 0x44, 0x96, 0xE9, 0x35, 0x72, 0x3A, 0x39, 0xFD, 0xBD, 0x24, 0xB7, 0xD5, 0x43,
    0x50, 0x71, 0x01, 0xCA, 0xAB, 0x97, 0xC1, 0x24, 0x10, 0x4D, 0xFB, 0x95, 0x88, 0xF4, 0xFC, 0xED,
    0x3E, 0x13, 0xA2, 0x20, 0x41, 0xC7, 0x47, 0x38, 0xC5, 0xD7, 0xAA, 0xEE, 0x6D, 0x15, 0xE5, 0xC4,
    0x92, 0x4B, 0xF7, 0xFA, 0x9F, 0x40, 0xEF, 0x1A, 0x03, 0x57, 0x76, 0x5C, 0xF4, 0x1C, 0xAA, 0x98,
    0x40, 0xFC, 0x5E, 0xC9, 0x49, 0x26, 0xE6, 0x07, 0xCE, 0x5E, 0x7D, 0x07, 0x94, 0x98, 0xB8, 0x6C,
    0xF9, 0xED, 0x46, 0x66, 0xF4, 0x7B, 0x75, 0x48, 0xDE, 0xDD, 0xCA, 0x28, 0xE4, 0xAB, 0xAF, 0x7E,
    0x9F, 0x4D, 0xB6, 0xDF, 0xA3, 0xE0, 0xD9, 0x5F, 0x74, 0xF8, 0xAA, 0x9E, 0x97, 0x92, 0x84, 0x3C,
    0x64, 0x92, 0x49, 0x79, 0x23, 0xED, 0x1E, 0x70, 0x7A, 0x6F, 0x68, 0x7A, 0x0E, 0xAF, 0x89, 0x51,
    0xE8, 0x7B, 0xA8, 0x7A, 0xCD, 0xAA, 0x8E, 0x47, 0xB6, 0x86, 0x70, 0x79, 0xCF, 0x2B, 0xB8, 0x7B,
    0x77, 0x87, 0x22, 0x1D, 0xCB, 0x78, 0x3E, 0x76, 0xFD, 0x68, 0x1E, 0x5E, 0xD0, 0xD7, 0x5B, 0x0B,
    0xC8, 0x01, 0xF1, 0x11, 0x3A, 0x50, 0xD5, 0x84, 0x44, 0xEA, 0xB3, 0x2A, 0xA2, 0xA8, 0x8C, 0x2B,
    0xD9, 0xCC, 0x6B, 0x59, 0x55, 0x5F, 0x08, 0xEE, 0xEC, 0x7C, 0x7F, 0x73, 0x46, 0x9D, 0xC1, 0x9E,
    0x17, 0x2C, 0xCB, 0x22, 0xC2, 0xC4, 0xC8, 0xA9, 0x87, 0x1C, 0x1D, 0x6F, 0xE4, 0x7C, 0xA2, 0x76,
    0x3F, 0x9A, 0xEE, 0xBE, 0xE7, 0xBC, 0x14, 0xE8, 0x45, 0x36, 0xF9, 0x95, 0xB1, 0xDC, 0xE2, 0xCE,
    0xA4, 0x18, 0x2F, 0x11, 0x02, 0x8F, 0x66, 0x81, 0xAD, 0x0C, 0x0A, 0x24, 0x82, 0x62, 0x15, 0x3C,
    0x1E, 0x43, 0x95, 0x83, 0xAF, 0x27, 0xDE, 0x6C, 0x04, 0xB3, 0x77, 0x02, 0x9D, 0x28, 0x3B, 0xC7,
    0xF3, 0xD8, 0x12, 0x62, 0x3D, 0x7C, 0x5F, 0x81, 0x8F, 0x23, 0xFE, 0x1D, 0x2F, 0x1B, 0xEF, 0xBD,
    0x96, 0xE4, 0x40, 0x8E, 0x77, 0x49, 0x62, 0x1A, 0x11, 0x64, 0x56, 0xE5, 0x98, 0x68, 0x72, 0x63,
    0x6C, 0x61, 0x08, 0xE5, 0x60, 0x1D, 0x80, 0x12, 0x5D, 0xA3, 0x62, 0x0D, 0xD0, 0x1D, 0xC0, 0x28,
    0x82, 0xB9, 0x69, 0x0C, 0x82, 0xE5, 0x46, 0x90, 0x2D, 0x93, 0xD9, 0x82, 0xF5, 0x77, 0x55, 0x1B,
    0x9C, 0xC0, 0x7B, 0x30, 0x09, 0x00, 0xA0, 0x28, 0x0E, 0x43, 0xFE, 0x7D, 0x88, 0x7E, 0xBE, 0xA4,
    0x2A, 0xF6, 0x19, 0x4E, 0x94, 0x74, 0x87, 0x78, 0x0F, 0xA7, 0xFB, 0x75, 0xAF, 0x02, 0xEF, 0xFD,
    0x07, 0xE2, 0x7E, 0xD5, 0xD9, 0x65, 0x24, 0x72, 0x34, 0xE4, 0x6E, 0x38, 0xC9, 0x20, 0x46, 0x38,
    0x39, 0xE0, 0xEF, 0x2C, 0x97, 0x42, 0xBF, 0x92, 0x92, 0xBD, 0x7B, 0xCB, 0x56, 0xD0, 0x61, 0xB3,
    0x0C, 0x5A, 0x0C, 0xA8, 0x09, 0x1A, 0xFA, 0x04, 0x72, 0x00, 0x2B, 0x97, 0xA1, 0x07, 0xB5, 0xDD,
    0xE2, 0x00, 0xFB, 0x90, 0x2F, 0xAB, 0xCA, 0xA8, 0xF2, 0x7C, 0x8E, 0xCF, 0xAE, 0x07, 0xA8, 0x7D,
    0xEA, 0x8A, 0x28, 0x88, 0x98, 0x98, 0xA6, 0x88, 0xAA, 0x88, 0x2A, 0xAE, 0x0E, 0x10, 0xDD, 0xD1,
    0x2A, 0xBE, 0x4E, 0x41, 0xC2, 0x6E, 0x30, 0x8C, 0x8C, 0x8C, 0x8D, 0x38, 0x09, 0x68, 0x9A, 0x80,
    0x78, 0xF5, 0x91, 0xEC, 0x21, 0xE4, 0x79, 0x01, 0x81, 0xD4, 0x0E, 0x88, 0x6C, 0x2E, 0xE4, 0x9F,
    0x11, 0x46, 0xEA, 0xE2, 0x68, 0xF6, 0x3B, 0x2A, 0x3E, 0xD7, 0x8C, 0x6D, 0x8F, 0xCC, 0x6D, 0xCE,
    0x78, 0xF0, 0xF1, 0x25, 0x62, 0x6A, 0xF5, 0xDB, 0xFF, 0x2B, 0xCE, 0x6A, 0x00, 0x5A, 0xC3, 0x4E,
    0x0F, 0x72, 0xE7, 0x41, 0x08, 0x20, 0x39, 0xCD, 0x03, 0x75, 0x88, 0x21, 0x2D, 0x8B, 0x95, 0x35,
    0x4F, 0x25, 0xA2, 0x92, 0xD4, 0xB7, 0x2E, 0x21, 0x30, 0xB8, 0x5E, 0x8B, 0x79, 0x20, 0x68, 0x33,
    0x03, 0x24, 0xD1, 0xDA, 0x38, 0xA2, 0x8B, 0x1F, 0x71, 0xF2, 0x7C, 0xB3, 0xC5, 0xB6, 0x78, 0xE2,
    0x42, 0xA8, 0xA2, 0xA8, 0x88, 0xA2, 0xA2, 0x29, 0xA3, 0xD8, 0x8C, 0x91, 0xA0, 0x2A, 0x2B, 0xA9,
    0x10, 0x3A, 0x26, 0x03, 0xAC, 0xF2, 0x3C, 0xDF, 0x95, 0xCC, 0x0E, 0x59, 0xFC, 0x02, 0x4D, 0xEF,
    0x31, 0xAF, 0x4A, 0x0D, 0x39, 0xA5, 0xA7, 0x7B, 0xD8, 0x19, 0xBD, 0xAF, 0xB5, 0xF1, 0x61, 0x7F,
    0x3E, 0x86, 0xDE, 0xA9, 0x18, 0xC9, 0x24, 0x21, 0x40, 0x7A, 0xFE, 0x7A, 0xC0, 0x89, 0xCB, 0x8A,
    0x16, 0xF9, 0xD5, 0x1D, 0x9E, 0xF2, 0xFE, 0xB3, 0xEF, 0x87, 0xAC, 0x18, 0x5F, 0x9C, 0x21, 0xEE,
    0xF4, 0x3B, 0xB9, 0xF5, 0x03, 0x27, 0xE1, 0x05, 0x21, 0xC0, 0x63, 0xAC, 0xF1, 0x2D, 0xD8, 0x58,
    0x9A, 0xE8, 0x72, 0x17, 0xB6, 0xBD, 0x05, 0x08, 0xB4, 0xC4, 0x79, 0x78, 0xD2, 0x9C, 0xC3, 0x95,
    0x06, 0xD2, 0x17, 0xB4, 0x03, 0xF6, 0x5F, 0x8E, 0xA3, 0x54, 0x07, 0xA6, 0x3E, 0x21, 0xDF, 0x13,
    0x37, 0x2B, 0x7D, 0x06, 0xB4, 0x86, 0x94, 0x3F, 0xD6, 0x5A, 0x7E, 0xFF, 0xDE, 0xFE, 0xDF, 0xEF,
    0xD6, 0xC8, 0x3C, 0x6F, 0xF8, 0xEB, 0xDC, 0xCD, 0x62, 0x1F, 0x27, 0x0E, 0x0D, 0xCF, 0xEE, 0x64,
    0x05, 0x8F, 0x63, 0x01, 0x8C, 0xFE, 0x9D, 0xB3, 0xD0, 0x60, 0x7C, 0x6B, 0xA1, 0x1E, 0x48, 0x6F,
    0xF1, 0x7E, 0x46, 0x4F, 0xEC, 0xFB, 0xBA, 0xE4, 0x83, 0x45, 0xFD, 0x1E, 0xE7, 0x9C, 0xFE, 0x3D,
    0xBF, 0x10, 0x4B, 0xFD, 0xD6, 0xD2, 0x03, 0x36, 0x13, 0x6C, 0x6B, 0x5B, 0xFD, 0x5A, 0x76, 0xAA,
    0x7C, 0x36, 0x01, 0xE9, 0xDF, 0xA9, 0x12, 0x11, 0xDC, 0x63, 0xF8, 0x9F, 0xBA, 0x1F, 0x62, 0x7D,
    0x38, 0x3D, 0x10, 0x0E, 0x8E, 0xC7, 0x32, 0x3E, 0x81, 0xC1, 0xB9, 0x3D, 0x77, 0xBF, 0x67, 0x6E,
    0x65, 0x95, 0xA5, 0x95, 0x65, 0xB8, 0xC6, 0x4B, 0x71, 0x91, 0xF0, 0x36, 0x2F, 0xDB, 0xF2, 0x79,
    0x6A, 0xAA, 0xC1, 0xE8, 0x31, 0xED, 0x21, 0xF4, 0x9F, 0x08, 0x77, 0xD8, 0xFD, 0x57, 0xC7, 0x69,
    0xE0, 0x63, 0x69, 0x82, 0x1F, 0x1A, 0x19, 0x84, 0x28, 0x6F, 0x69, 0x4E, 0xF3, 0xE1, 0x74, 0x5B,
    0x8A, 0xA6, 0x86, 0x62, 0x5A, 0xB0, 0x33, 0x8B, 0x29, 0xD1, 0xE8, 0xE1, 0xFB, 0xE7, 0x2C, 0xD9,
    0x69, 0x6C, 0x4C, 0x1C, 0x58, 0xED, 0xEB, 0xD9, 0x3C, 0xA9, 0xB4, 0x03, 0xAC, 0x5C, 0xDE, 0x98,
    0x01, 0xE2, 0x1B, 0x20, 0x92, 0x30, 0x83, 0x22, 0x5E, 0xC9, 0x90, 0x50, 0x44, 0x52, 0x99, 0x54,
    0x33, 0x01, 0xA0, 0xF8, 0x24, 0x5F, 0x91, 0x4E, 0x88, 0x62, 0x90, 0x13, 0x2B, 0x55, 0xCC, 0x89,
    0x87, 0x50, 0xDC, 0x03, 0x1A, 0x13, 0x31, 0x38, 0x82, 0x56, 0x09, 0x34, 0x14, 0x25, 0xB8, 0x7A,
    0x6E, 0x9F, 0xE6, 0x9C, 0xB2, 0x73, 0x2B, 0x60, 0xC1, 0x3D, 0x7E, 0x81, 0xE9, 0x36, 0x57, 0x85,
    0x7A, 0xFE, 0x20, 0xE4, 0xA6, 0xE3, 0xD8, 0x95, 0x33, 0x6E, 0xE0, 0xA6, 0x27, 0x66, 0x14, 0x51,
    0x10, 0x06, 0xC8, 0x22, 0xF3, 0x28, 0x8A, 0xAA, 0x55, 0x48, 0x60, 0x47, 0x6D, 0x90, 0x0D, 0x0E,
    0x97, 0xAC, 0xFB, 0x54, 0x02, 0xE5, 0x6D, 0xD9, 0x63, 0x1D, 0xDC, 0x0D, 0xC1, 0xA8, 0xA9, 0x60,
    0x90, 0x4C, 0x28, 0x86, 0xE1, 0xD8, 0x4C, 0x12, 0x4B, 0x6C, 0x1D, 0x27, 0x20, 0x09, 0x1A, 0x02,
    0x82, 0x24, 0x49, 0x99, 0x82, 0x14, 0x8F, 0xD6, 0xD4, 0x95, 0x44, 0x44, 0x6F, 0xCE, 0xAA, 0xAA,
    0xAA, 0xA2, 0xA6, 0x53, 0xEE, 0x25, 0x19, 0x9C, 0x50, 0x86, 0x24, 0x21, 0x01, 0x0B, 0x80, 0xCE,
    0x20, 0x60, 0x98, 0x8C, 0x08, 0x3C, 0x97, 0x9A, 0x45, 0x63, 0x7C, 0x48, 0xE4, 0x91, 0xA8, 0x46,
    0x84, 0x70, 0x8E, 0x80, 0xBA, 0x83, 0x80, 0x30, 0x10, 0x72, 0x4B, 0x10, 0x7B, 0xB4, 0x07, 0x78,
    0x24, 0x80, 0x72, 0x26, 0x78, 0x3D, 0xC6, 0xF9, 0x0A, 0xA2, 0x9B, 0x3B, 0xF3, 0x27, 0x02, 0xA9,
    0x84, 0xA3, 0x24, 0x29, 0x91, 0x86, 0x4B, 0x00, 0x30, 0x4B, 0x55, 0xC8, 0x68, 0x57, 0x30, 0xDE,
    0x14, 0xA8, 0x9B, 0x76, 0x9B, 0xBD, 0x90, 0x91, 0x34, 0x1A, 0x50, 0x8D, 0x90, 0x13, 0x9C, 0xA0,
    0xD0, 0x09, 0x4A, 0x6C, 0x57, 0x64, 0x66, 0x63, 0x86, 0x54, 0x89, 0xA1, 0x85, 0xE5, 0x51, 0x15,
    0x50, 0x6C, 0x20, 0x2C, 0x00, 0xAE, 0x72, 0x68, 0x81, 0xC4, 0x78, 0x0C, 0x0C, 0x90, 0xA5, 0xA7,
    0x04, 0xEF, 0xFB, 0x4C, 0xF9, 0xEF, 0x68, 0x60, 0xFE, 0x87, 0xBE, 0x52, 0x54, 0x56, 0x40, 0xDE,
    0xCC, 0x36, 0x01, 0x9F, 0x49, 0x4B, 0xA9, 0x32, 0x4B, 0xC0, 0xCD, 0x5C, 0x90, 0x0F, 0xD8, 0xBE,
    0x7A, 0xF2, 0xE9, 0xA0, 0x74, 0xAA, 0x77, 0xE3, 0x60, 0xFB, 0x47, 0x15, 0xEF, 0x15, 0x30, 0x7B,
    0x28, 0x13, 0x77, 0x63, 0xD9, 0x2F, 0x59, 0x7F, 0x55, 0x28, 0x8A, 0x95, 0xDE, 0x1C, 0x1C, 0xD1,
    0x9D, 0xC0, 0x52, 0x93, 0xB3, 0x8C, 0xA1, 0x24, 0xC6, 0x0F, 0x20, 0x0F, 0x35, 0x7C, 0xDB, 0x50,
    0x57, 0x25, 0x96, 0x10, 0x1F, 0x7A, 0x93, 0x08, 0x30, 0x0C, 0x02, 0x91, 0x21, 0x81, 0x96, 0x7E,
    0xFC, 0x0A, 0x71, 0xCC, 0x83, 0xC0, 0xBF, 0x29, 0x75, 0xC3, 0x50, 0xA7, 0xCB, 0xDB, 0x64, 0x97,
    0x13, 0x41, 0xFB, 0x06, 0x09, 0xB3, 0xB0, 0x1A, 0xD8, 0xA8, 0x8A, 0x2A, 0x88, 0xAA, 0x04, 0xC9,
    0xB3, 0x39, 0xAF, 0xDF, 0x41, 0xA1, 0x63, 0xFA, 0x06, 0xAD, 0x5B, 0xF3, 0x72, 0x3E, 0x53, 0x28,
    0x9D, 0xE0, 0x29, 0x59, 0xF9, 0x6D, 0xBA, 0xE2, 0xB0, 0x3B, 0x4C, 0x69, 0x51, 0x49, 0x1B, 0x4A,
    0xAA, 0xE4, 0x0B, 0x6A, 0xA1, 0xBD, 0x15, 0x40, 0x28, 0x39, 0x50, 0x09, 0xBE, 0x11, 0x37, 0xAE,
    0xF6, 0x10, 0x82, 0x24, 0x82, 0x21, 0xD4, 0xEF, 0x9B, 0xB8, 0xB2, 0x8A, 0x60, 0x59, 0x10, 0xA0,
    0xD7, 0xB5, 0xDB, 0x30, 0x13, 0xD9, 0x80, 0x6E, 0x22, 0x7B, 0x9C, 0x77, 0xE6, 0x0B, 0xE9, 0x88,
    0x87, 0x95, 0x18, 0xA9, 0x9C, 0x44, 0xA3, 0x23, 0x58, 0x78, 0x3C, 0x01, 0x49, 0xC6, 0x46, 0xD8,
    0x58, 0x27, 0x91, 0xF4, 0xC2, 0xCC, 0xC3, 0x8E, 0xB0, 0x05, 0x78, 0x84, 0x4A, 0x46, 0x06, 0x97,
    0xDC, 0xF5, 0x30, 0x35, 0xA2, 0x92, 0x14, 0x81, 0x94, 0xBD, 0x05, 0xF7, 0x40, 0xC8, 0x0D, 0x7A,
    0x66, 0x69, 0xC7, 0xD3, 0xE3, 0x8D, 0x7A, 0x85, 0x86, 0xCF, 0x06, 0x12, 0x1A, 0x46, 0xBD, 0x34,
    0x17, 0x08, 0x40, 0x7D, 0x07, 0x38, 0xC7, 0x16, 0x06, 0x50, 0x2D, 0xDB, 0x78, 0x7C, 0x9E, 0x70,
    0xF5, 0xB8, 0x4F, 0x6D, 0x39, 0xD8, 0x66, 0x45, 0x15, 0x41, 0x00, 0x50, 0x8F, 0x62, 0x42, 0x09,
    0x40, 0x18, 0x04, 0x43, 0xA2, 0x27, 0x80, 0x6D, 0x0E, 0x7C, 0x6B, 0x8F, 0x42, 0x8A, 0x81, 0x4C,
    0x64, 0xEB, 0x13, 0x18, 0x43, 0xA4, 0x76, 0x83, 0x88, 0x20, 0x09, 0x80, 0xF2, 0x4B, 0xFC, 0xE6,
    0x67, 0x52, 0x81, 0x2A, 0xDA, 0x6C, 0x88, 0x4C, 0xB3, 0xE2, 0x4C, 0x9B, 0x83, 0x62, 0x95, 0xEE,
    0xED, 0xED, 0xF1, 0x8E, 0xCA, 0x5E, 0x3C, 0xDA, 0x1B, 0xB7, 0x78, 0x09, 0x02, 0x56, 0xFF, 0x4C,
    0x74, 0xDD, 0x28, 0xAD, 0x2A, 0xD0, 0x9A, 0x75, 0xC0, 0x87, 0x98, 0x12, 0xDC, 0x72, 0x84, 0x4F,
    0x7D, 0x00, 0x92, 0x34, 0x40, 0x62, 0xF5, 0x64, 0xD7, 0xBA, 0x62, 0x02, 0xE6, 0x7B, 0xCC, 0x33,
    0x22, 0x04, 0xD0, 0x06, 0x56, 0xD8, 0x70, 0xE5, 0x67, 0x16, 0x02, 0x5C, 0x31, 0x14, 0x83, 0xFC,
    0x29, 0x4A, 0x02, 0x0A, 0x1A, 0xB5, 0xC1, 0x3C, 0x50, 0x2B, 0x5D, 0x51, 0xAC, 0xE4, 0x4C, 0xA8,
    0x2B, 0x7B, 0x54, 0x12, 0x04, 0x8B, 0x8A, 0x7E, 0xDB, 0xE1, 0x40, 0x77, 0xC0, 0x99, 0xE6, 0x25,
    0xB0, 0x4B, 0x4A, 0x19, 0x13, 0x90, 0x40, 0x35, 0x38, 0x99, 0x06, 0x1B, 0x80, 0xEE, 0xFF, 0x9D,
    0xE1, 0xDE, 0xBD, 0x51, 0xCF, 0x31, 0xC1, 0x9A, 0x81, 0xF5, 0xB5, 0x01, 0xC1, 0xB8, 0x73, 0x0B,
    0x6B, 0x20, 0x43, 0x1A, 0x3F, 0xAA, 0x71, 0x72, 0x76, 0x5F, 0x46, 0xFD, 0x2E, 0xE9, 0x90, 0x29,
    0x52, 0xA2, 0xB6, 0xD5, 0x21, 0xF1, 0xEB, 0x93, 0xCC, 0xCD, 0x86, 0x21, 0x76, 0xF8, 0x15, 0x9F,
    0x62, 0x26, 0xBE, 0x25, 0x3B, 0xB7, 0x09, 0x89, 0x9A, 0xF1, 0x74, 0x42, 0x24, 0x52, 0x39, 0x07,
    0x68, 0xF4, 0x4C, 0xD5, 0x09, 0x7A, 0x04, 0x13, 0x18, 0x3A, 0x02, 0x59, 0xDB, 0xA7, 0x69, 0x80,
    0x4C, 0x39, 0x10, 0x35, 0xFD, 0x10, 0xC0, 0xA6, 0x6B, 0x08, 0xF2, 0x84, 0xBF, 0xC0, 0xDE, 0xB1,
    0x3B, 0xCB, 0xBD, 0xA0, 0xC0, 0xC8, 0x56, 0xF9, 0x44, 0x26, 0x6C, 0xD0, 0x7A, 0x83, 0x6E, 0xEB,
    0xE9, 0x9D, 0x11, 0x32, 0x0A, 0x21, 0x65, 0x43, 0x4C, 0x10, 0xCD, 0xED, 0x44, 0x80, 0x75, 0xEA,
    0x17, 0x10, 0x01, 0x2A, 0x9B, 0xE0, 0x10, 0xA2, 0x62, 0xCC, 0x2E, 0x0D, 0x61, 0x48, 0x76, 0x6F,
    0x6F, 0xD9, 0x04, 0x36, 0xDB, 0x24, 0xDA, 0x73, 0x8D, 0xDC, 0x79, 0x24, 0x62, 0xC7, 0x51, 0xE5,
    0xA7, 0x19, 0x8C, 0x23, 0x7D, 0x1C, 0x6C, 0x15, 0x70, 0x62, 0x69, 0x9A, 0x77, 0x73, 0x41, 0x35,
    0x01, 0x04, 0x32, 0x18, 0x42, 0x6B, 0x5B, 0x1B, 0x18, 0xCF, 0x1B, 0xD8, 0x90, 0x06, 0x3A, 0xB6,
    0x9D, 0xB2, 0xC0, 0xC0, 0xEA, 0xD3, 0xE2, 0x41, 0xB7, 0x15, 0x11, 0x33, 0x58, 0x8E, 0x98, 0xBD,
    0xAE, 0xCD, 0x10, 0x30, 0x83, 0xA8, 0x50, 0x31, 0x8A, 0xC5, 0x0B, 0xA0, 0x4C, 0xAC, 0x2C, 0x8B,
    0x6B, 0x86, 0x86, 0xEC, 0xDC, 0x1B, 0xCE, 0x4A, 0xE1, 0xFB, 0xDE, 0x4E, 0x8C, 0xDE, 0x23, 0xA2,
    0x99, 0x80, 0x40, 0xEB, 0x0D, 0x61, 0xB1, 0xF0, 0x84, 0x04, 0x6B, 0xFA, 0x90, 0x11, 0x20, 0x95,
    0x18, 0x6C, 0x15, 0xBD, 0x3A, 0x4C, 0x32, 0x8C, 0x62, 0xC5, 0xAA, 0x35, 0xD8, 0x28, 0x0E, 0xE9,
    0xA0, 0x29, 0x9B, 0xCA, 0x94, 0x42, 0xCE, 0x1B, 0x5A, 0x9D, 0x73, 0x68, 0x08, 0xFB, 0xA8, 0xA4,
    0x64, 0x4E, 0x10, 0x91, 0x39, 0xC2, 0x00, 0x2F, 0x3F, 0xCA, 0x00, 0xDF, 0xB6, 0xF4, 0xAA, 0x64,
    0x2E, 0x4D, 0x0E, 0xA8, 0xFA, 0xB2, 0xC8, 0xC3, 0x4E, 0x24, 0xCD, 0x85, 0xF4, 0xDD, 0xCF, 0x32,
    0xB2, 0x38, 0xF1, 0x8F, 0xA8, 0x94, 0xD0, 0x15, 0x19, 0x93, 0x14, 0xB6, 0xC2, 0x04, 0x85, 0x4C,
    0x3C, 0x61, 0xEA, 0xEB, 0x24, 0xD6, 0x1D, 0x63, 0x5E, 0x4D, 0x0C, 0x27, 0x21, 0x1A, 0xDA, 0x2B,
    0xCE, 0x69, 0xCE, 0xC4, 0x1B, 0x48, 0x15, 0x07, 0x9B, 0x65, 0x17, 0x2A, 0xA6, 0x9E, 0x52, 0xE5,
    0x0D, 0x17, 0xC2, 0xC4, 0xBE, 0x4A, 0x94, 0xE9, 0x46, 0x93, 0x39, 0x87, 0x09, 0x64, 0x2D, 0x08,
    0x19, 0x88, 0xF4, 0x72, 0x93, 0x10, 0x71, 0x46, 0x65, 0xC1, 0x54, 0x12, 0xAA, 0x33, 0x85, 0xF3,
    0xC3, 0xE7, 0x1A, 0x5D, 0xC9, 0xA0, 0x60, 0x2A, 0x18, 0xB6, 0x5C, 0xA9, 0x06, 0x2D, 0x48, 0x3C,
    0xB7, 0xAB, 0x18, 0x13, 0x1A, 0x07, 0x4A, 0x62, 0xCC, 0xAC, 0xBA, 0xB9, 0x33, 0x05, 0x3B, 0x55,
    0xC6, 0x17, 0x33, 0x36, 0x59, 0x26, 0x0D, 0xA0, 0xC5, 0x48, 0x19, 0x09, 0x8C, 0xBA, 0xB7, 0x4A,
    0x83, 0x2B, 0x8D, 0x62, 0xFB, 0xA8, 0x0B, 0x0B, 0xE1, 0xD8, 0xE5, 0x99, 0xD9, 0x6B, 0x78, 0x61,
    0x79, 0xD0, 0xEB, 0x87, 0x0E, 0x2A, 0x8B, 0x74, 0x60, 0x6C, 0x71, 0xA9, 0xC8, 0x54, 0x01, 0x30,
    0x50, 0x00, 0x03, 0x94, 0x44, 0x39, 0x91, 0x00, 0x4E, 0x29, 0x9D, 0xD4, 0x9B, 0x11, 0x89, 0x63,
    0x17, 0x87, 0x1A, 0x0E, 0x6E, 0x4D, 0x0E, 0x41, 0x74, 0x16, 0x3C, 0x04, 0xA5, 0xA3, 0x34, 0xB2,
    0xA3, 0x17, 0x69, 0x88, 0xF3, 0x88, 0x64, 0x02, 0x99, 0x11, 0x55, 0x60, 0x05, 0x42, 0x54, 0x50,
    0x12, 0x51, 0x07, 0x51, 0x03, 0x45, 0x14, 0xCC, 0x54, 0x33, 0x8E, 0x95, 0x62, 0x88, 0x39, 0x11,
    0x1D, 0xDB, 0xA8, 0x0B, 0x47, 0x00, 0x04, 0xA1, 0x40, 0xD1, 0x80, 0x94, 0x6E, 0x99, 0x6B, 0xB3,
    0x44, 0xC1, 0x16, 0xE3, 0x8D, 0xF3, 0x2C, 0x11, 0x7E, 0x38, 0xC5, 0x84, 0xE2, 0xD9, 0x5C, 0x42,
    0x76, 0x0D, 0x04, 0x10, 0x48, 0xAA, 0xBF, 0x01, 0x6B, 0xAB, 0x24, 0x92, 0x48, 0x0E, 0x60, 0x47,
    0x51, 0x36, 0x9B, 0x91, 0x2D, 0x36, 0xA3, 0x53, 0x71, 0xBC, 0x01, 0xC8, 0x36, 0x83, 0x00, 0x08,
    0x02, 0x60, 0x28, 0x14, 0xC5, 0x91, 0x0F, 0x6D, 0x01, 0x69, 0x84, 0x38, 0xCA, 0xB3, 0xE0, 0x17,
    0x61, 0x28, 0xD0, 0xDC, 0x36, 0x25, 0xE5, 0x81, 0xA0, 0x07, 0x87, 0x20, 0x89, 0x0A, 0x41, 0xE2,
    0x31, 0xB1, 0x23, 0x06, 0x91, 0xD8, 0xB0, 0xC9, 0x89, 0x20, 0xED, 0x11, 0xC1, 0x20, 0xF5, 0xB3,
    0xE2, 0xEE, 0xDC, 0xDC, 0x2F, 0x12, 0x40, 0xE6, 0x8F, 0x68, 0x76, 0x09, 0x7D, 0x03, 0xEC, 0xC1,
    0x91, 0x47, 0x89, 0x96, 0x0F, 0x8D, 0xD8, 0x29, 0xD0, 0xD4, 0x3E, 0x80, 0x52, 0x05, 0xF2, 0x23,
    0xA1, 0xE7, 0xD8, 0xAE, 0x3B, 0x14, 0x0B, 0x64, 0x2D, 0x5D, 0xAA, 0x10, 0x39, 0xD3, 0x93, 0x24,
    0xAB, 0xDD, 0xEA, 0x96, 0x21, 0xC5, 0x04, 0x93, 0xA9, 0x58, 0x39, 0x28, 0x7D, 0xDE, 0xF5, 0xD1,
    0x9D, 0xC7, 0x62, 0xD0, 0x1B, 0xE1, 0x02, 0xE1, 0x71, 0x76, 0xB9, 0xCE, 0xF8, 0xD0, 0xBA, 0xD0,
    0x2D, 0xCA, 0x18, 0xAA, 0x89, 0x17, 0xC8, 0xF0, 0x38, 0x14, 0x88, 0x16, 0x24, 0xEE, 0xA6, 0x3E,
    0x00, 0x65, 0x39, 0x10, 0x53, 0xCF, 0xCD, 0xE0, 0x1D, 0xFE, 0xA1, 0x81, 0x5E, 0xB4, 0x4D, 0x08,
    0x21, 0x7C, 0x31, 0xBA, 0x86, 0x52, 0x3D, 0x07, 0xEB, 0xCE, 0xDE, 0x4C, 0x91, 0x4C, 0x6E, 0x4D,
    0x17, 0xF7, 0x98, 0x1A, 0xF7, 0x9C, 0x08, 0x25, 0xBE, 0xCD, 0x76, 0x2F, 0x51, 0x00, 0xDD, 0xDF,
    0xC9, 0x44, 0x26, 0x29, 0xC5, 0x87, 0x1B, 0xB6, 0xAF, 0x4D, 0xC8, 0xDD, 0xBB, 0x24, 0x2A, 0x24,
    0x0A, 0xE9, 0xD8, 0x32, 0x40, 0xAD, 0x1B, 0x8B, 0x11, 0x14, 0xB5, 0x4B, 0xE1, 0xAC, 0x28, 0xBB,
    0x71, 0x40, 0xE1, 0xCD, 0x90, 0x63, 0x8B, 0xD3, 0xC1, 0x7D, 0x6D, 0xB8, 0x0C, 0x80, 0xC8, 0x1E,
    0x93, 0x88, 0x74, 0xC8, 0x98, 0xD7, 0x66, 0x2A, 0x78, 0x70, 0x99, 0x95, 0xF8, 0x61, 0x84, 0x21,
    0x5A, 0xDC, 0x4C, 0xCA, 0x77, 0xA1, 0x17, 0x7D, 0xB7, 0xB5, 0xA0, 0x20, 0x1E, 0x00, 0x34, 0x76,
    0x95, 0x50, 0x6A, 0xB4, 0x34, 0x34, 0x66, 0xF8, 0xA2, 0x73, 0xD2, 0x53, 0x2E, 0xF2, 0x09, 0x43,
    0xA0, 0x85, 0x06, 0xD4, 0x85, 0xAB, 0x10, 0xB1, 0xA7, 0x54, 0x38, 0x53, 0x71, 0x08, 0xB1, 0x42,
    0xC0, 0x80, 0x34, 0xAC, 0x60, 0x09, 0x0A, 0x02, 0x82, 0x01, 0x5D, 0xDB, 0x6A, 0xFD, 0x06, 0xAA,
    0x98, 0xA0, 0x0F, 0x56, 0x13, 0x56, 0x18, 0xEE, 0x76, 0x02, 0xA9, 0xD0, 0x20, 0xDC, 0xBB, 0xEC,
    0xBB, 0x11, 0x57, 0x0A, 0x48, 0x7D, 0x95, 0x98, 0x4A, 0x42, 0xA2, 0xC4, 0xD1, 0x82, 0x08, 0x60,
    0x75, 0xB4, 0x36, 0x98, 0x31, 0xB8, 0x0C, 0xE0, 0x55, 0xD9, 0x87, 0xC5, 0x1A, 0xAE, 0x7B, 0x69,
    0x9B, 0x29, 0x27, 0x0E, 0xF7, 0xDB, 0x32, 0x7D, 0x37, 0xD2, 0x90, 0x14, 0xC2, 0xBA, 0x46, 0x85,
    0x30, 0x50, 0xEB, 0x7D, 0x9D, 0x61, 0xCB, 0x33, 0x9D, 0x64, 0x11, 0x98, 0x90, 0x8A, 0x1E, 0xC3,
    0x1B, 0x79, 0xCC, 0xCD, 0x38, 0x4A, 0x87, 0x8D, 0x5A, 0x17, 0x5D, 0xA6, 0xE7, 0x8C, 0xB4, 0x78,
    0xDC, 0x46, 0x49, 0x02, 0x20, 0x34, 0xC4, 0xB1, 0xC5, 0x39, 0x62, 0x49, 0xF9, 0x14, 0x22, 0x6E,
    0xDD, 0x7A, 0xA8, 0xE9, 0xB0, 0xD3, 0xA3, 0xC1, 0xC6, 0x58, 0x71, 0x72, 0xEB, 0x5E, 0x9F, 0x1C,
    0x7D, 0x72, 0xA2, 0x25, 0x8A, 0x28, 0x21, 0x0A, 0x12, 0x06, 0xE1, 0x30, 0x42, 0x4B, 0xCA, 0x21,
    0x40, 0x39, 0xED, 0x69, 0x57, 0xE9, 0xCB, 0x41, 0x48, 0x88, 0x78, 0x2F, 0x27, 0xFA, 0x4B, 0xD7,
    0x80, 0x42, 0x23, 0xC9, 0xE7, 0xC5, 0x42, 0x0E, 0xFC, 0xDB, 0x72, 0x0A, 0xC8, 0xAB, 0xE3, 0xC3,
    0x37, 0x04, 0x77, 0x34, 0x6F, 0xA1, 0x2A, 0xBE, 0xE7, 0x1C, 0x2D, 0xB6, 0xF3, 0x0C, 0x27, 0xA8,
    0x44, 0x4B, 0x61, 0x18, 0x07, 0xA4, 0x44, 0x4C, 0x10, 0x0D, 0x04, 0x29, 0x4C, 0x9C, 0xC0, 0xD2,
    0x01, 0x0D, 0x14, 0x90, 0x11, 0x13, 0xDA, 0x00, 0xD5, 0x83, 0x06, 0x0C, 0x28, 0xAA, 0x47, 0xB1,
    0x1C, 0xA8, 0x8F, 0xF8, 0x34, 0x68, 0x0F, 0x30, 0x0A, 0x72, 0x33, 0x48, 0x45, 0x53, 0x31, 0x80,
    0x31, 0x90, 0xF7, 0xE1, 0x0F, 0x81, 0x35, 0x88, 0x51, 0x48, 0x10, 0x72, 0x2C, 0xE9, 0x44, 0x74,
    0x2D, 0x5C, 0x45, 0x4D, 0x9C, 0x0F, 0x66, 0x99, 0x64, 0xD7, 0x9A, 0x8C, 0x4D, 0x46, 0x6D, 0xB1,
    0x41, 0xCC, 0x43, 0xE6, 0x11, 0xA1, 0xDC, 0x11, 0x9A, 0x5E, 0x9F, 0x11, 0x4F, 0x82, 0x00, 0x4A,
    0x41, 0x3C, 0xB9, 0x83, 0xC2, 0xB2, 0x9C, 0x20, 0x16, 0x1C, 0x8E, 0x00, 0xE4, 0x82, 0xBC, 0xAC,
    0xA3, 0x38, 0x98, 0x50, 0xFA, 0x35, 0x36, 0x84, 0x41, 0x33, 0x44, 0x08, 0x44, 0x32, 0x4C, 0xD3,
    0x30, 0x68, 0xA4, 0xCE, 0x30, 0x07, 0xF8, 0xBD, 0x96, 0x9F, 0x0E, 0x0D, 0x09, 0x18, 0x09, 0xA4,
    0xBD, 0x05, 0xB2, 0xF8, 0x44, 0xEE, 0x4D, 0x83, 0xF0, 0xC1, 0x01, 0xD6, 0xB1, 0x04, 0x06, 0x5A,
    0x80, 0xAF, 0x89, 0xEE, 0x21, 0x34, 0xCE, 0x23, 0x9A, 0xB4, 0x59, 0x2D, 0x24, 0xE3, 0x22, 0xEB,
    0x10, 0x24, 0x52, 0x2F, 0x74, 0x48, 0x53, 0x0E, 0xE3, 0xCF, 0xED, 0x1C, 0xA5, 0x7A, 0xD7, 0xBB,
    0x40, 0xE1, 0xD5, 0x82, 0xED, 0x02, 0x95, 0x4D, 0x25, 0x0A, 0x6D, 0xB1, 0x49, 0xEB, 0x8A, 0x0C,
    0xA4, 0x94, 0x54, 0x77, 0x90, 0x32, 0x86, 0x08, 0x86, 0x0A, 0xD9, 0xB4, 0x31, 0x07, 0x0E, 0xC9,
    0x00, 0x90, 0x67, 0xA2, 0x83, 0xFD, 0x30, 0x5B, 0x19, 0xE7, 0x62, 0x79, 0xFF, 0x34, 0x7D, 0xEB,
    0x06, 0xE3, 0x7D, 0xA3, 0x33, 0x8E, 0x7D, 0xA7, 0x45, 0x94, 0xCC, 0x88, 0xD9, 0x04, 0xE4, 0xBE,
    0xC0, 0xF8, 0xEC, 0x3D, 0x27, 0x7B, 0xF7, 0x44, 0x57, 0xCD, 0xBC, 0x34, 0x2B, 0xC3, 0x4B, 0xB4,
    0xA3, 0xE1, 0x20, 0x84, 0xBF, 0x8B, 0x55, 0xA7, 0xE4, 0x22, 0xE7, 0x84, 0xF4, 0x51, 0x00, 0x4E,
    0x98, 0x3C, 0x7C, 0x8D, 0xEA, 0x6C, 0x06, 0x95, 0xBD, 0x44, 0x3E, 0x97, 0x0C, 0x2F, 0x34, 0x68,
    0xA2, 0x83, 0x13, 0x03, 0x47, 0x62, 0x76, 0x06, 0xF9, 0xB2, 0x23, 0xDA, 0x37, 0x6C, 0x78, 0xC6,
    0x40, 0x64, 0x64, 0x62, 0xE4, 0xF0, 0xC4, 0xCD, 0xA4, 0x83, 0x83, 0x1E, 0x5B, 0xFA, 0xFC, 0x9B,
    0x32, 0xD0, 0xB3, 0x60, 0xE3, 0x64, 0xB5, 0x1B, 0x01, 0x78, 0xD8, 0x52, 0xF9, 0x86, 0xD3, 0x13,
    0xD2, 0x73, 0xA4, 0x13, 0x07, 0x73, 0x81, 0x0D, 0x0C, 0x20, 0x71, 0x10, 0x51, 0x00, 0x21, 0x02,
    0x92, 0x97, 0x2A, 0xDF, 0x31, 0xE1, 0xBB, 0x30, 0x48, 0x41, 0x84, 0x1E, 0x44, 0xED, 0xEE, 0x76,
    0xC2, 0x05, 0xCB, 0x82, 0x8A, 0x8F, 0x9C, 0xE3, 0xF3, 0x09, 0xD2, 0x1C, 0x67, 0x52, 0x9F, 0x50,
    0x64, 0x40, 0xA4, 0x53, 0x6D, 0x41, 0x11, 0x39, 0xDD, 0x29, 0x09, 0xB8, 0x4E, 0x9C, 0xEB, 0xCB,
    0x3C, 0x94, 0x4E, 0xE6, 0xDF, 0x2C, 0x5A, 0xA2, 0x05, 0x62, 0x35, 0x54, 0x59, 0x7D, 0x1D, 0x10,
    0x32, 0x08, 0x5B, 0x6D, 0x4E, 0x7E, 0x0C, 0xB1, 0xE1, 0xBF, 0x18, 0xAF, 0x76, 0x2A, 0xC9, 0x9C,
    0x65, 0x44, 0x0C, 0x82, 0x55, 0x3C, 0x4F, 0x3F, 0x8F, 0x90, 0xEE, 0xFA, 0x54, 0xDE, 0x1E, 0x62,
    0x6B, 0x7C, 0x40, 0x70, 0x08, 0x56, 0x43, 0xF9, 0x7D, 0xAC, 0xEE, 0xD4, 0xDB, 0x61, 0xB6, 0xA0,
    0x4D, 0x88, 0x0F, 0x45, 0x54, 0x91, 0x54, 0x53, 0x03, 0xA2, 0xD5, 0xA0, 0xCC, 0x72, 0x1C, 0x2D,
    0x0C, 0x1D, 0x81, 0x26, 0xB7, 0xE5, 0x9A, 0xE4, 0x48, 0x11, 0x35, 0x54, 0x11, 0x54, 0xC4, 0x12,
    0x90, 0x45, 0x05, 0x15, 0x91, 0x84, 0xA9, 0x13, 0x55, 0x41, 0x15, 0x4C, 0xA5, 0x34, 0x51, 0x98,
    0x60, 0xB1, 0x35, 0x54, 0x15, 0x14, 0xC8, 0xD0, 0x57, 0xE1, 0xDA, 0xB5, 0x44, 0x43, 0x02, 0x34,
    0x94, 0xD6, 0x27, 0xA9, 0x8F, 0x11, 0x79, 0xB0, 0xD0, 0x04, 0x09, 0x21, 0x12, 0x41, 0x55, 0x9C,
    0xB4, 0xED, 0xEC, 0xDF, 0x21, 0xAB, 0xB8, 0xE2, 0x06, 0xA4, 0x00, 0xC8, 0x4D, 0xE9, 0xA6, 0x98,
    0x0D, 0x50, 0xEC, 0xE7, 0xDF, 0x85, 0xDB, 0x8D, 0x0E, 0xEA, 0x0E, 0x89, 0x6B, 0xDB, 0x71, 0xD5,
    0xDC, 0xD2, 0x0A, 0xCE, 0x52, 0x18, 0x38, 0x3D, 0x37, 0x90, 0x03, 0xC1, 0x5E, 0x30, 0xE4, 0x81,
    0xA2, 0x13, 0x8A, 0x86, 0x92, 0x41, 0xE6, 0x41, 0x64, 0x11, 0x48, 0xC1, 0x09, 0x30, 0x06, 0xC4,
    0xD4, 0x44, 0xDB, 0x70, 0x6C, 0xF7, 0x01, 0xA6, 0x1B, 0xD7, 0xAF, 0x08, 0xCF, 0x84, 0x7E, 0xA8,
    0xB7, 0x73, 0x62, 0xB5, 0x17, 0xF0, 0xC2, 0x46, 0x46, 0x59, 0xC3, 0xDE, 0x77, 0xEE, 0xDF, 0xC9,
    0x9F, 0x3B, 0x14, 0xA1, 0x7A, 0x6A, 0xE0, 0xF1, 0x26, 0x0C, 0x43, 0x4F, 0x94, 0xDE, 0xA0, 0x10,
    0x38, 0xE7, 0xC7, 0x99, 0xB0, 0x93, 0x24, 0x63, 0x65, 0xC6, 0x44, 0x59, 0x12, 0xCB, 0x44, 0x57,
    0x22, 0x81, 0x24, 0x23, 0xAA, 0x11, 0xB0, 0x1D, 0x82, 0xC1, 0xAC, 0x10, 0xDA, 0x1D, 0xC0, 0x0C,
    0x51, 0x31, 0xDB, 0xC6, 0x02, 0x92, 0x82, 0x80, 0xA4, 0x62, 0x15, 0x4C, 0x09, 0x00, 0x53, 0x79,
    0x41, 0x77, 0x48, 0x51, 0x34, 0x0C, 0x03, 0x51, 0x14, 0x80, 0x3B, 0xB0, 0x50, 0x14, 0x42, 0x89,
    0x08, 0x82, 0x21, 0x87, 0x76, 0x5D, 0x0D, 0x83, 0x4E, 0xEA, 0x53, 0x7A, 0x26, 0x9E, 0x36, 0xA8,
    0x65, 0x33, 0xEC, 0xC3, 0xD8, 0x2E, 0x87, 0xB4, 0x5D, 0x4C, 0x30, 0xCF, 0x97, 0x0A, 0x29, 0xC5,
    0x75, 0x90, 0x90, 0x91, 0xC5, 0x21, 0x4C, 0x1D, 0x03, 0x97, 0x25, 0xDD, 0x9E, 0x56, 0xB2, 0x05,
    0x51, 0x22, 0x1C, 0xE0, 0x80, 0xF9, 0xE1, 0xA9, 0xB7, 0x5D, 0xD9, 0x32, 0x3D, 0x6A, 0xED, 0x60,
    0xB1, 0x06, 0x6C, 0xBE, 0x89, 0xA5, 0x81, 0x54, 0x22, 0x9F, 0x69, 0x8A, 0x9D, 0xD1, 0xEA, 0xD0,
    0x20, 0xE1, 0xBE, 0x0B, 0xEC, 0x28, 0xDB, 0x7A, 0x3D, 0x83, 0x77, 0x41, 0x1A, 0x77, 0x54, 0x61,
    0x8C, 0x34, 0x83, 0x08, 0x6B, 0x0B, 0x83, 0xAF, 0x41, 0xDB, 0xA7, 0x67, 0xD9, 0x92, 0x6A, 0x25,
    0x60, 0x08, 0x10, 0x0E, 0xC4, 0xFA, 0xF3, 0x51, 0x13, 0xDF, 0xC1, 0xC8, 0x13, 0xC9, 0x9F, 0xED,
    0x8E, 0xF4, 0x89, 0x2F, 0xC0, 0x9A, 0x24, 0xC6, 0x3F, 0x56, 0xE3, 0x9B, 0x97, 0x1E, 0xA0, 0x34,
    0xDE, 0x83, 0x69, 0x56, 0x70, 0x56, 0xA4, 0x10, 0x2E, 0xF0, 0x07, 0x82, 0x21, 0x08, 0x48, 0x04,
    0x2A, 0x60, 0x78, 0x8B, 0x78, 0x63, 0x9D, 0x61, 0x1D, 0xFE, 0x9C, 0x11, 0x12, 0x60, 0x31, 0x06,
    0xA2, 0xA7, 0x4E, 0x8F, 0x06, 0xA4, 0x44, 0x41, 0x28, 0x70, 0x32, 0x08, 0x39, 0x20, 0x0B, 0x80,
    0xCF, 0x0F, 0x82, 0x9F, 0x1D, 0x93, 0x14, 0x4A, 0x2A, 0xAA, 0x9A, 0x0B, 0x2B, 0x78, 0x2D, 0x9E,
    0x74, 0x03, 0xCE, 0x13, 0x89, 0xD7, 0xEA, 0x08, 0x21, 0x98, 0xB0, 0x75, 0x99, 0x23, 0x47, 0x28,
    0x67, 0x16, 0x80, 0xB8, 0x12, 0xD0, 0x23, 0x9C, 0x44, 0x92, 0x49, 0x11, 0x00, 0x2F, 0x1B, 0x79,
    0xEE, 0x04, 0xAC, 0xF8, 0x1E, 0x5A, 0xA9, 0xD4, 0xB9, 0x42, 0x59, 0x24, 0x92, 0x32, 0x1A, 0x1A,
    0xA7, 0x07, 0xF0, 0xDD, 0xE7, 0xFE, 0xFF, 0xD5, 0x35, 0x29, 0xF9, 0x2A, 0xB4, 0xD9, 0x18, 0xC5,
    0x07, 0x7E, 0xAF, 0x04, 0xEC, 0xA1, 0x62, 0x00, 0x75, 0x95, 0xF2, 0xA0, 0xBD, 0x15, 0x11, 0x40,
    0x88, 0x17, 0xEE, 0xD2, 0xA8, 0xD0, 0x58, 0x39, 0x24, 0x45, 0xE9, 0x67, 0xCD, 0xC9, 0x06, 0x4E,
    0x44, 0x81, 0xCF, 0xD1, 0x65, 0x88, 0x47, 0xCC, 0xF3, 0x7D, 0x97, 0x67, 0xAC, 0x21, 0x4E, 0xB3,
    0x0E, 0xB2, 0x27, 0x3B, 0x0B, 0x4D, 0x1A, 0x8C, 0x27, 0x20, 0xA3, 0x4C, 0x3B, 0x1D, 0x13, 0x68,
    0x64, 0x21, 0x17, 0x71, 0xCC, 0x95, 0x93, 0x4B, 0x0B, 0x08, 0xC8, 0x46, 0xD8, 0x58, 0x56, 0xB4,
    0x00, 0x53, 0x08, 0x14, 0xD3, 0x80, 0xF2, 0x08, 0xC2, 0xD8, 0x6A, 0xC6, 0xDD, 0x64, 0xC5, 0x91,
    0x22, 0xB0, 0x83, 0x54, 0x07, 0x22, 0xA3, 0x2B, 0x4D, 0xA1, 0x34, 0xC0, 0x58, 0xAF, 0x84, 0xC0,
    0x5A, 0xC0, 0xC2, 0xAA, 0xDC, 0x91, 0xA9, 0x23, 0xB5, 0x98, 0x02, 0xEB, 0x32, 0xAA, 0x3E, 0x1A,
    0xD6, 0x88, 0x40, 0x03, 0x38, 0xE5, 0x59, 0x59, 0x00, 0xC8, 0x92, 0xAC, 0x8E, 0x71, 0x81, 0xA7,
    0x2E, 0x83, 0xEA, 0x84, 0x1D, 0xEE, 0x61, 0x42, 0x3F, 0x49, 0x1F, 0x28, 0x3B, 0x15, 0xAC, 0x66,
    0x1C, 0x42, 0x99, 0x90, 0x91, 0x91, 0xC1, 0xD6, 0x87, 0x06, 0x65, 0x75, 0x99, 0x55, 0x58, 0x18,
    0x0C, 0xA1, 0x32, 0x93, 0x29, 0x30, 0x0D, 0x06, 0xBF, 0x60, 0x6D, 0xC0, 0x3F, 0xF4, 0xC4, 0x37,
    0x86, 0xFA, 0xE3, 0x66, 0x91, 0x98, 0x0E, 0x48, 0x81, 0x43, 0x6B, 0x02, 0x20, 0x13, 0x69, 0x03,
    0x05, 0x1D, 0x17, 0xD0, 0x44, 0x73, 0x35, 0x8F, 0x70, 0xE5, 0x10, 0x42, 0x52, 0x86, 0x94, 0x42,
    0x04, 0xA0, 0x05, 0xED, 0x5B, 0x12, 0x32, 0x42, 0x9E, 0x25, 0x40, 0x4F, 0xBA, 0x00, 0xC0, 0xF3,
    0x8A, 0x8E, 0x83, 0xC9, 0xC0, 0xF2, 0x3B, 0x44, 0x4E, 0x15, 0xE6, 0x32, 0x28, 0xC9, 0x20, 0xC8,
    0xA0, 0xC4, 0x4B, 0x10, 0xDC, 0x34, 0xDB, 0x9C, 0x12, 0xF3, 0x43, 0x57, 0x55, 0xFD, 0x25, 0x38,
    0x46, 0xBD, 0x1D, 0x1C, 0xB4, 0x21, 0xD5, 0x31, 0x13, 0xD0, 0xE8, 0x24, 0xEC, 0x58, 0x04, 0x82,
    0x12, 0x08, 0x26, 0xA6, 0x22, 0x9A, 0x22, 0xA2, 0x21, 0x20, 0x61, 0x20, 0xC4, 0x7A, 0x41, 0xE2,
    0x00, 0xEB, 0x4F, 0x4F, 0x2C, 0x00, 0xA9, 0x80, 0x06, 0x98, 0x24, 0x40, 0x6E, 0x35, 0xAC, 0x8E,
    0x6A, 0xC1, 0xD7, 0x11, 0x02, 0x63, 0x99, 0x85, 0xB2, 0x12, 0xDB, 0x63, 0x89, 0xB1, 0x36, 0x01,
    0x06, 0x98, 0xD0, 0x93, 0x4D, 0x3B, 0x54, 0x18, 0xC2, 0x16, 0x65, 0x55, 0x55, 0x03, 0xB3, 0xAC,
    0x76, 0xAC, 0xC8, 0xC3, 0xDA, 0xD2, 0x28, 0x34, 0x18, 0x29, 0x53, 0x02, 0xB6, 0x50, 0x29, 0x07,
    0x35, 0xB1, 0x83, 0x62, 0xCB, 0x28, 0xA8, 0x36, 0x85, 0xD2, 0x68, 0xD6, 0x2A, 0xA9, 0xA1, 0x69,
    0x62, 0xA6, 0x48, 0x98, 0x43, 0xAE, 0x30, 0x3B, 0xF0, 0x3A, 0xA0, 0x18, 0x6A, 0x1D, 0xDF, 0x00,
    0x7D, 0x5E, 0x16, 0x7A, 0xEB, 0x11, 0x2E, 0x32, 0xA8, 0xAA, 0x8F, 0x4B, 0x12, 0x8D, 0xFB, 0x2B,
    0xE1, 0xF2, 0x73, 0x15, 0xA0, 0x7E, 0x15, 0xF7, 0x65, 0x88, 0x22, 0x08, 0x98, 0x40, 0x1F, 0xCF,
    0xE9, 0xC7, 0x53, 0x31, 0x55, 0x51, 0x14, 0x01, 0xF4, 0x10, 0x09, 0x4E, 0xAF, 0x84, 0x3D, 0xFD,
    0xCD, 0x80, 0x20, 0x3E, 0x8A, 0x77, 0xC0, 0x49, 0xAF, 0xD2, 0x78, 0x8B, 0xB3, 0x0F, 0xA9, 0x3D,
    0x5E, 0x74, 0x2F, 0x7F, 0x14, 0xD3, 0xE6, 0x5E, 0xAF, 0x99, 0x12, 0x46, 0xA1, 0xF5, 0xFD, 0x5B,
    0x23, 0xDC, 0x10, 0x47, 0x04, 0xA9, 0xE7, 0x2B, 0xB7, 0x0F, 0xB7, 0x0A, 0xD1, 0x45, 0xE9, 0x04,
    0xEC, 0x08, 0x5D, 0xE2, 0xCC, 0x38, 0x95, 0x53, 0x52, 0x05, 0x09, 0xE8, 0xF4, 0x58, 0x8E, 0x40,
    0x03, 0xC9, 0x7B, 0x38, 0x87, 0x97, 0x87, 0xA7, 0x63, 0x4E, 0x70, 0x0B, 0xC0, 0xF4, 0x90, 0x11,
    0x05, 0x55, 0x03, 0x04, 0x50, 0x21, 0x00, 0x53, 0x15, 0x02, 0x5B, 0xA3, 0x64, 0x07, 0x47, 0x8F,
    0xC0, 0xA9, 0xEC, 0xF6, 0xEB, 0x85, 0x78, 0xEE, 0x4F, 0x2E, 0x06, 0xC7, 0x58, 0x63, 0xEC, 0xDA,
    0xE5, 0xDB, 0x8F, 0xC9, 0xA4, 0xBB, 0x43, 0xAA, 0x51, 0x15, 0x64, 0x4A, 0x30, 0x92, 0x34, 0xD0,
    0xA4, 0x46, 0xF9, 0x8D, 0xC3, 0x9D, 0xB5, 0xD3, 0x44, 0x42, 0x42, 0x0C, 0xF2, 0x03, 0xA9, 0xAC,
    0xD8, 0x5F, 0xAD, 0xC4, 0xAF, 0x39, 0xD3, 0x76, 0x81, 0x77, 0xC9, 0x4B, 0x98, 0xE6, 0x8C, 0x64,
    0x92, 0x26, 0xE6, 0x08, 0xED, 0x01, 0x03, 0x1B, 0xD7, 0x74, 0x37, 0x98, 0xDB, 0xA8, 0xA7, 0x57,
    0xD4, 0xA6, 0x8A, 0x52, 0x65, 0x05, 0x99, 0x0D, 0x3D, 0xBC, 0xFA, 0x4E, 0xE8, 0xA0, 0x66, 0x1F,
    0x2C, 0xBD, 0x5E, 0x7F, 0x73, 0xB4, 0xFA, 0x7B, 0x77, 0xBC, 0xB4, 0x3A, 0x5C, 0x4C, 0xF8, 0x01,
    0x68, 0x9E, 0xF2, 0x72, 0xCB, 0xE6, 0xDB, 0x8C, 0x68, 0x5A, 0xF4, 0x92, 0xDA, 0x11, 0x89, 0x05,
    0x62, 0x69, 0x97, 0xA8, 0x07, 0x82, 0x1C, 0x0C, 0x76, 0x65, 0xF6, 0xB9, 0x3D, 0x0E, 0x39, 0xD3,
    0xE2, 0x09, 0x68, 0x77, 0x58, 0xBD, 0xD1, 0xDA, 0x15, 0x36, 0x36, 0x76, 0x48, 0xC2, 0x96, 0x07,
    0x8E, 0xA5, 0x02, 0xD3, 0x8A, 0xB8, 0x94, 0x17, 0xE6, 0x35, 0x0A, 0x48, 0x14, 0xA5, 0x4C, 0x1F,
    0xAB, 0x3F, 0x15, 0xA5, 0x1E, 0x46, 0xE9, 0xC6, 0x87, 0xC0, 0x4E, 0x67, 0x42, 0x6D, 0x4F, 0xA6,
    0x0F, 0x9F, 0x1E, 0xA6, 0x74, 0x20, 0x00, 0x12, 0x1C, 0x21, 0x0E, 0x16, 0x80, 0x66, 0xBE, 0x4B,
    0xC8, 0x71, 0xE9, 0x89, 0x89, 0x9E, 0xE5, 0x79, 0x7E, 0x5F, 0xF5, 0x58, 0xA7, 0x58, 0x40, 0xBB,
    0x36, 0x4C, 0x0C, 0x40, 0xC0, 0x34, 0x26, 0x3E, 0xF1, 0x39, 0xE6, 0x5F, 0x1B, 0x40, 0x1C, 0x05,
    0xB2, 0x2F, 0x34, 0xAA, 0x0F, 0x13, 0xCD, 0x57, 0xE1, 0xD2, 0x94, 0xDF, 0xBE, 0xA6, 0xD9, 0x2D,
    0xA8, 0xF4, 0x0A, 0xA2, 0xD4, 0x84, 0x9E, 0x5F, 0x60, 0x3D, 0x25, 0x14, 0x41, 0x55, 0x34, 0xD5,
    0x50, 0x42, 0xB2, 0x10, 0xC1, 0x0B, 0xC2, 0x2C, 0x39, 0x25, 0x31, 0x14, 0x40, 0x45, 0x14, 0x53,
    0x45, 0x2C, 0x4A, 0xB1, 0x18, 0x42, 0x1B, 0x3F, 0x4B, 0xB1, 0x00, 0x84, 0x35, 0xA0, 0x38, 0x75,
    0x1E, 0x16, 0x0B, 0x9B, 0x51, 0xA0, 0xA3, 0x9E, 0xAD, 0x1E, 0x8B, 0x62, 0x42, 0x82, 0x2B, 0x68,
    0x3B, 0xA3, 0x4D, 0x44, 0x13, 0xAC, 0x72, 0x24, 0x8A, 0x49, 0x08, 0xA0, 0xB8, 0x83, 0x26, 0x28,
    0x02, 0x59, 0x20, 0x8A, 0xA8, 0x1A, 0x15, 0x2A, 0xDF, 0x00, 0xC4, 0xF9, 0xB8, 0x64, 0x16, 0xF8,
    0x78, 0x71, 0x82, 0x71, 0x00, 0xEE, 0x91, 0x01, 0x12, 0xAC, 0x27, 0x29, 0x55, 0xDA, 0x55, 0x18,
    0x18, 0x12, 0x10, 0x17, 0x9E, 0x7C, 0xFF, 0x9E, 0xD4, 0xC4, 0x1C, 0x22, 0xE1, 0xB0, 0x6C, 0x6E,
    0xAB, 0xAE, 0xBE, 0xF4, 0xF5, 0x67, 0xCD, 0x0F, 0x47, 0x0D, 0x30, 0x49, 0xD1, 0x07, 0x32, 0xA0,
    0x7C, 0xE7, 0x6A, 0xEE, 0x1B, 0x16, 0xCE, 0xE0, 0xD0, 0x92, 0x96, 0x16, 0x19, 0xA0, 0xD3, 0xA5,
    0x24, 0xA3, 0x67, 0x9F, 0x81, 0x46, 0xF2, 0xC3, 0x1B, 0x78, 0x44, 0x45, 0x81, 0x02, 0x09, 0xA4,
    0x36, 0x56, 0xC9, 0x20, 0xB6, 0x10, 0x05, 0x0F, 0x67, 0x38, 0x74, 0x62, 0x6F, 0x8F, 0xD9, 0x23,
    0xF0, 0xDB, 0xC4, 0xF1, 0x43, 0xCA, 0x1A, 0xE3, 0xAE, 0xE5, 0x9E, 0xB8, 0x85, 0x96, 0x91, 0x56,
    0x51, 0x8E, 0x2E, 0xFB, 0xC8, 0x37, 0x05, 0xF3, 0x1A, 0x06, 0x91, 0xFD, 0x6A, 0xF0, 0xB8, 0xB9,
    0xDC, 0xF1, 0xAA, 0xEF, 0xD5, 0x45, 0x6B, 0x41, 0xBF, 0x9C, 0xEB, 0xD7, 0x88, 0x3D, 0x4D, 0xF3,
    0xC1, 0x19, 0x80, 0xD2, 0x50, 0xCB, 0xF6, 0xF3, 0x16, 0xAA, 0x96, 0xAA, 0x96, 0x78, 0xF4, 0x6B,
    0x2C, 0xBC, 0x24, 0x0D, 0x80, 0x5C, 0xDB, 0x7B, 0x49, 0x9C, 0xB7, 0x8D, 0xC1, 0xEA, 0x19, 0x5A,
    0x4A, 0x5C, 0x2C, 0xF6, 0x10, 0x35, 0x65, 0x7E, 0xCE, 0x02, 0x14, 0x41, 0x1B, 0x55, 0x46, 0x99,
    0x3A, 0xCE, 0x8E, 0x34, 0x7A, 0x81, 0xC3, 0xA4, 0x32, 0xDC, 0x23, 0x34, 0x45, 0xA7, 0x2D, 0x61,
    0xD0, 0x24, 0xD4, 0xEB, 0x89, 0x93, 0x5A, 0xC6, 0xA3, 0x48, 0x11, 0x26, 0x81, 0xB0, 0x86, 0x9C,
    0x34, 0x41, 0x0A, 0x7A, 0x10, 0x03, 0x35, 0x3A, 0x92, 0x51, 0xC0, 0xCF, 0x20, 0x81, 0xD8, 0x7B,
    0x7B, 0x84, 0xD9, 0x30, 0x1B, 0x54, 0x06, 0x20, 0x48, 0xCE, 0x41, 0x05, 0xDA, 0xE0, 0x0A, 0x34,
    0x89, 0x91, 0xAA, 0xF1, 0xBF, 0x6D, 0x33, 0xB5, 0x50, 0xF1, 0x52, 0x44, 0xD7, 0xB6, 0x1A, 0x20,
    0x29, 0x91, 0x45, 0xB1, 0x40, 0xC8, 0xDE, 0x25, 0x0E, 0x74, 0x91, 0x42, 0x2B, 0x90, 0xD8, 0x2F,
    0x58, 0x15, 0x54, 0xF4, 0xC5, 0x30, 0xD5, 0xAC, 0x99, 0x05, 0x55, 0x9D, 0xC2, 0xB1, 0x71, 0x96,
    0x82, 0x1E, 0xC3, 0x22, 0xC1, 0xA7, 0x22, 0x2C, 0x18, 0x55, 0x8A, 0x83, 0x05, 0xD6, 0x68, 0x29,
    0xBC, 0x88, 0x10, 0x91, 0x6A, 0xAC, 0x3C, 0x07, 0x67, 0x7C, 0x09, 0x0E, 0x2A, 0xD1, 0x77, 0x41,
    0x51, 0xB8, 0xCD, 0x17, 0x07, 0x35, 0x86, 0x7E, 0xC4, 0x6C, 0xB6, 0xE5, 0x89, 0x8D, 0x68, 0xE9,
    0x50, 0x3D, 0x45, 0xA8, 0x34, 0xD1, 0x51, 0x68, 0xA0, 0x15, 0x24, 0xBA, 0x32, 0x14, 0x2A, 0xDB,
    0x5C, 0x2B, 0x2F, 0x32, 0xAE, 0x89, 0xE7, 0x69, 0x05, 0xB8, 0x45, 0xE2, 0xFD, 0xD9, 0xA0, 0x38,
    0x0D, 0x10, 0xFB, 0x6D, 0x73, 0xD3, 0xF2, 0xEE, 0x9C, 0xF3, 0x95, 0xE5, 0x20, 0x36, 0x01, 0x0E,
    0xB2, 0x22, 0xAA, 0x08, 0x18, 0x64, 0x84, 0x65, 0x62, 0xF2, 0x58, 0xAD, 0xE8, 0xA1, 0x91, 0xE5,
    0xF4, 0xC7, 0xDC, 0xE8, 0x52, 0x4F, 0x6D, 0x34, 0x04, 0x92, 0x36, 0x9E, 0x6B, 0xD6, 0x48, 0xE2,
    0x42, 0xC0, 0xC1, 0xA0, 0x83, 0x1C, 0xC6, 0x4C, 0x9C, 0xC6, 0x48, 0x3D, 0x01, 0xD6, 0x59, 0x76,
    0xC1, 0x06, 0x8A, 0x2E, 0x1F, 0x18, 0x9B, 0x37, 0xE5, 0x45, 0x31, 0x5A, 0xAD, 0xB7, 0x32, 0xD6,
    0xED, 0x87, 0x62, 0x92, 0xC1, 0x62, 0xB3, 0xD3, 0x19, 0xA0, 0xD0, 0x67, 0x7E, 0xA0, 0x88, 0x49,
    0x58, 0x68, 0x18, 0xE6, 0x19, 0x63, 0x97, 0x58, 0x5C, 0x80, 0x1A, 0x9D, 0xC1, 0xFF, 0x7F, 0xC1,
    0x34, 0x8B, 0x00, 0xC0, 0x4D, 0x89, 0x22, 0x82, 0xD8, 0xC6, 0x93, 0x14, 0x26, 0xB5, 0x63, 0x8B,
    0xBF, 0x22, 0xA5, 0x42, 0xD0, 0xDE, 0x05, 0x5E, 0xD4, 0x44, 0x39, 0x6E, 0x9D, 0xB5, 0xEF, 0x0C,
    0xF4, 0x80, 0x3E, 0x64, 0x06, 0x44, 0xF1, 0x56, 0x04, 0x50, 0x30, 0x20, 0x82, 0x45, 0x85, 0x93,
    0x06, 0x12, 0x80, 0xC4, 0x02, 0x08, 0x56, 0x14, 0xC4, 0x21, 0x46, 0x20, 0x0C, 0x00, 0x90, 0x01,
    0x7D, 0x68, 0x38, 0x62, 0x35, 0x55, 0x52, 0x75, 0x6D, 0x1B, 0x70, 0xF8, 0x66, 0x0A, 0x1B, 0xFF,
    0x38, 0x5E, 0x1C, 0xB0, 0xDC, 0xB8, 0x9C, 0xAB, 0xBA, 0xF2, 0xD7, 0xDF, 0xCC, 0xF9, 0xDB, 0x9D,
    0x5E, 0x4C, 0xAA, 0x47, 0x02, 0xFC, 0x5C, 0xCF, 0x29, 0xD5, 0x87, 0x4A, 0x06, 0xA9, 0x08, 0xA2,
    0xB8, 0xD2, 0x6D, 0xBB, 0xE0, 0x00, 0xEE, 0x5E, 0x68, 0x27, 0x52, 0xB6, 0x00, 0x5D, 0x86, 0x9C,
    0x06, 0x48, 0x15, 0xE6, 0x0E, 0x78, 0xCC, 0x38, 0x8E, 0xE5, 0x2B, 0x3A, 0xDD, 0x9E, 0xD8, 0x53,
    0x41, 0x84, 0x3C, 0x02, 0x2E, 0x96, 0x9A, 0x19, 0x53, 0xB6, 0xA3, 0xC1, 0x1B, 0x5E, 0x39, 0xD1,
    0xF3, 0xA2, 0x68, 0x61, 0x43, 0x00, 0xC3, 0xAD, 0x8A, 0xB0, 0x62, 0x15, 0x7A, 0xA1, 0xAE, 0x0D,
    0xBC, 0x49, 0x50, 0x2B, 0x3C, 0xE9, 0x51, 0x2E, 0x23, 0xCA, 0x86, 0x20, 0x93, 0x29, 0x69, 0xE4,
    0xC3, 0xB0, 0x9A, 0x5C, 0x9A, 0xF5, 0x8C, 0x1B, 0x43, 0x7B, 0x5B, 0xF1, 0x44, 0x4E, 0x5B, 0xDE,
    0x6C, 0xAE, 0x2C, 0xB1, 0x88, 0xA2, 0xA6, 0xAB, 0xC5, 0x85, 0x57, 0x47, 0x2D, 0x70, 0xD6, 0x72,
    0x3B, 0x27, 0x72, 0x21, 0x4D, 0x69, 0xF0, 0x77, 0x0A, 0xB8, 0xBC, 0xC3, 0x7D, 0x5A, 0x47, 0x28,
    0xE5, 0x78, 0x68, 0x86, 0x1C, 0x30, 0x9A, 0xD6, 0xB6, 0x5C, 0xC9, 0x05, 0xC0, 0x36, 0x26, 0x0B,
    0x70, 0x64, 0xE8, 0x8C, 0x8C, 0x65, 0x88, 0x98, 0x19, 0x87, 0x13, 0x94, 0x70, 0x1B, 0x72, 0xDD,
    0x36, 0x6A, 0x13, 0x8A, 0x78, 0xDC, 0xC0, 0xD1, 0x14, 0x11, 0x42, 0x77, 0xCD, 0x54, 0xE6, 0x30,
    0x1B, 0x32, 0xB0, 0xD9, 0x31, 0x0B, 0x30, 0x14, 0x06, 0xD8, 0x98, 0x9F, 0x3E, 0xA7, 0x58, 0xCA,
    0xE4, 0xCD, 0x61, 0xAE, 0xC9, 0xC6, 0x96, 0x5A, 0x05, 0x5D, 0x39, 0x67, 0x06, 0xDA, 0xD2, 0x42,
    0xCD, 0x89, 0xAD, 0x6B, 0x46, 0x95, 0xF2, 0x03, 0xAF, 0x63, 0xE7, 0x90, 0xC9, 0xD3, 0x89, 0x91,
    0xCB, 0x84, 0x33, 0xC8, 0x75, 0x47, 0x46, 0x8A, 0x1A, 0x40, 0xA8, 0xA6, 0x88, 0x88, 0x9A, 0x8A,
    0x43, 0x52, 0xE4, 0x09, 0x4C, 0x44, 0x13, 0x44, 0xC5, 0x20, 0xD4, 0x53, 0x31, 0x13, 0x0B, 0x40,
    0xD3, 0x11, 0xD8, 0xD9, 0x41, 0x14, 0x49, 0x00, 0x4D, 0x14, 0xCC, 0x44, 0xC2, 0x35, 0x14, 0x55,
    0x41, 0xBC, 0x5C, 0xDE, 0x4B, 0xB6, 0xD3, 0xC1, 0x18, 0x29, 0x0A, 0x41, 0x5D, 0x83, 0x60, 0x1A,
    0x80, 0x33, 0x30, 0x06, 0x02, 0x9A, 0x1B, 0x80, 0x75, 0x5B, 0x46, 0xC5, 0x31, 0x30, 0x70, 0x03,
    0x90, 0x1D, 0x6A, 0xE0, 0x9A, 0x18, 0x5D, 0x18, 0x50, 0x44, 0x51, 0x11, 0x44, 0x89, 0xA1, 0xF0,
    0xE4, 0xBF, 0x03, 0x02, 0x9C, 0x9E, 0x3B, 0x31, 0xEA, 0x84, 0xD8, 0x51, 0x74, 0x2F, 0x20, 0xCE,
    0x06, 0x1E, 0x09, 0x03, 0x77, 0x98, 0x48, 0xD3, 0x8B, 0xD0, 0x26, 0xA5, 0x2F, 0x34, 0x99, 0x04,
    0x10, 0xDA, 0xAA, 0x70, 0xAA, 0x8B, 0x88, 0x5D, 0x44, 0x6F, 0x20, 0xB3, 0x8B, 0x8E, 0x59, 0xA6,
    0x9B, 0x15, 0xA0, 0xFA, 0x05, 0x9C, 0xE6, 0x34, 0x3D, 0x3A, 0xCC, 0x21, 0x9E, 0x88, 0x58, 0x0F,
    0x93, 0x41, 0xE2, 0xF1, 0xE2, 0x10, 0xE2, 0x23, 0xDB, 0xE4, 0xEF, 0x7A, 0xA3, 0xC7, 0x6C, 0x37,
    0x06, 0x40, 0x92, 0x1A, 0x67, 0x95, 0x99, 0x11, 0x1B, 0x81, 0x00, 0x11, 0x09, 0xA2, 0xF1, 0x44,
    0x7E, 0xB2, 0x4A, 0xEC, 0x6D, 0x8C, 0x76, 0x9D, 0xFE, 0x10, 0x44, 0x0E, 0x80, 0x76, 0x84, 0x13,
    0x60, 0x06, 0x5C, 0x41, 0xC2, 0x1C, 0x53, 0x94, 0xB1, 0xF9, 0x4B, 0xA3, 0x11, 0xF1, 0x77, 0x92,
    0x8F, 0x1E, 0xBD, 0x43, 0xA7, 0x02, 0x23, 0x03, 0x6A, 0x0E, 0xEF, 0x6F, 0x0C, 0xD6, 0xFA, 0x09,
    0x41, 0x87, 0x95, 0x24, 0x4E, 0x39, 0x20, 0x08, 0x23, 0x04, 0x28, 0x48, 0xA2, 0x40, 0x49, 0x80,
    0x33, 0x2A, 0xD6, 0x3E, 0x18, 0x63, 0x51, 0x44, 0x06, 0x5D, 0x2C, 0x1C, 0xF7, 0xDF, 0x7C, 0x43,
    0x6B, 0xA9, 0xAE, 0xC9, 0x88, 0x04, 0x8B, 0xD3, 0xED, 0x9F, 0xA7, 0x96, 0x6E, 0xE0, 0x9F, 0x1C,
    0x45, 0x2D, 0xF1, 0x10, 0x22, 0xD3, 0x80, 0xD7, 0x52, 0x1C, 0x01, 0x03, 0xC0, 0xF1, 0xB0, 0xF9,
    0x02, 0xC3, 0x5E, 0x30, 0x47, 0x74, 0xF3, 0x66, 0x98, 0x55, 0x53, 0x52, 0x1A, 0x0A, 0x4D, 0xB0,
    0x31, 0xBB, 0xB0, 0xCA, 0x6B, 0xA6, 0xCF, 0x09, 0xEF, 0xF9, 0x6E, 0xDD, 0xDB, 0x1D, 0xD1, 0xA9,
    0x82, 0x82, 0x22, 0x62, 0x8E, 0x62, 0x24, 0x23, 0x81, 0x01, 0x09, 0x20, 0x93, 0x99, 0xA5, 0x7D,
    0x24, 0xDC, 0x8E, 0x34, 0x3E, 0x47, 0x19, 0x14, 0xC4, 0x80, 0x10, 0xC8, 0x8E, 0x80, 0x05, 0xEB,
    0x8B, 0xE7, 0x3B, 0x26, 0x89, 0x67, 0x9F, 0xC6, 0xA9, 0xA8, 0x53, 0x44, 0xA9, 0x39, 0x16, 0x59,
    0x08, 0xF4, 0x5A, 0x06, 0x03, 0x07, 0x04, 0x50, 0xB0, 0x80, 0x11, 0xC4, 0x0C, 0xE3, 0xEA, 0x03,
    0x58, 0x5C, 0xFE, 0x32, 0x26, 0xD6, 0x71, 0xCD, 0xD6, 0xC3, 0x7A, 0x12, 0xF0, 0x3A, 0xC8, 0x9F,
    0x20, 0x70, 0x47, 0x1D, 0xF2, 0xA4, 0x13, 0x7A, 0xC9, 0xF3, 0x20, 0x70, 0x82, 0xD2, 0xDF, 0x14,
    0x15, 0xA1, 0x82, 0x1F, 0x55, 0x53, 0xE9, 0xCB, 0x0C, 0x45, 0x43, 0x24, 0x2C, 0x24, 0xD1, 0x04,
    0x29, 0x24, 0x4C, 0x8A, 0x40, 0x50, 0x7D, 0xAF, 0x10, 0xF7, 0x4E, 0xFE, 0x83, 0xB7, 0x3C, 0x49,
    0x03, 0xE9, 0xC7, 0xDD, 0x7D, 0x84, 0x72, 0x96, 0x48, 0x1E, 0xBA, 0x55, 0x38, 0x05, 0x38, 0x08,
    0x32, 0x02, 0x32, 0x08, 0x9E, 0x62, 0xA8, 0x00, 0x35, 0x01, 0xB9, 0xD5, 0x74, 0xBA, 0x8F, 0x3B,
    0xE1, 0xEB, 0xF1, 0x68, 0x47, 0x05, 0xEA, 0x07, 0x4C, 0xC9, 0xE3, 0x22, 0x42, 0xCC, 0xBB, 0xD8,
    0x82, 0x06, 0xFE, 0x9D, 0x90, 0x35, 0xCE, 0xC8, 0x75, 0x47, 0xB4, 0x95, 0x90, 0x1D, 0x9F, 0x25,
    0x22, 0x79, 0x07, 0xCE, 0x34, 0x91, 0x6A, 0x0A, 0x03, 0xCE, 0x00, 0x25, 0xDD, 0xFD, 0x9A, 0x5B,
    0x76, 0xE8, 0x63, 0x16, 0x05, 0x51, 0xEB, 0x62, 0x48, 0xCB, 0x9C, 0xA1, 0xD3, 0xC5, 0x01, 0xFC,
    0xAD, 0x1F, 0x00, 0xB4, 0xA5, 0xB9, 0x35, 0xEA, 0x8A, 0xAC, 0xC2, 0x47, 0x06, 0x12, 0x40, 0x5C,
    0xA7, 0x5D, 0xAD, 0xBE, 0xEF, 0xD9, 0x66, 0x84, 0x5C, 0xC4, 0x46, 0x61, 0xFB, 0xCE, 0x9F, 0x2D,
    0x9A, 0x91, 0x80, 0x83, 0xCD, 0x80, 0x2B, 0x44, 0x0F, 0x84, 0xA2, 0xC4, 0xE8, 0x51, 0xD3, 0x25,
    0x51, 0x6B, 0xE4, 0x35, 0x90, 0x90, 0x89, 0x21, 0xCA, 0xEB, 0xE6, 0xBB, 0xBB, 0x2E, 0xAF, 0x28,
    0x3E, 0x90, 0xDE, 0x3C, 0x11, 0x91, 0x15, 0x83, 0xAC, 0x26, 0xC7, 0x3B, 0x05, 0x95, 0xBD, 0x32,
    0x52, 0x68, 0xE1, 0x33, 0xEF, 0x86, 0x64, 0x16, 0x25, 0x7E, 0x12, 0x9B, 0xED, 0xC5, 0x00, 0x4B,
    0x09, 0xAA, 0xF9, 0xD8, 0x01, 0xFE, 0x8F, 0x46, 0x76, 0x16, 0x54, 0x0E, 0xE2, 0x9A, 0x85, 0xA9,
    0xA2, 0xAC, 0x21, 0xA1, 0x6D, 0x53, 0xA6, 0x98, 0xE5, 0xE4, 0x4E, 0xBA, 0x05, 0xF0, 0xE1, 0x92,
    0x3C, 0x74, 0xC8, 0x1E, 0x98, 0xDE, 0xD8, 0x16, 0xC9, 0xB5, 0x25, 0x43, 0x80, 0xB1, 0x0D, 0xA5,
    0x1B, 0x53, 0x7A, 0x52, 0xB3, 0x00, 0xCF, 0x7F, 0xE4, 0x12, 0x84, 0x84, 0x02, 0x10, 0x0C, 0x4E,
    0x94, 0x21, 0x9C, 0xAE, 0x03, 0x06, 0x36, 0xD9, 0x72, 0x24, 0xC1, 0x80, 0x34, 0x64, 0x8F, 0xFE,
    0xFD, 0x50, 0x04, 0xAC, 0x20, 0xAA, 0x3F, 0x35, 0xBF, 0x0E, 0x93, 0x44, 0xC2, 0x04, 0xFF, 0x49,
    0xA6, 0x81, 0xFB, 0x12, 0x52, 0xD0, 0x37, 0xCC, 0xC0, 0xD5, 0xA8, 0x29, 0xCB, 0x20, 0xCB, 0x24,
    0xCC, 0xC2, 0xB2, 0x4C, 0x92, 0x92, 0x82, 0x82, 0x86, 0x92, 0x82, 0x8C, 0x82, 0x84, 0xC9, 0x5C,
    0xB2, 0x4A, 0xC9, 0xF5, 0xA3, 0xDF, 0x23, 0x79, 0xD4, 0x1B, 0xC0, 0x6F, 0x64, 0x14, 0x68, 0x95,
    0x1C, 0x93, 0x52, 0xF3, 0x58, 0xF4, 0x91, 0xA9, 0x34, 0x91, 0xA2, 0x32, 0x4D, 0x6F, 0x89, 0xA4,
    0xAD, 0x93, 0x11, 0x77, 0x82, 0x9A, 0xA4, 0xA2, 0x9A, 0x1A, 0x69, 0xA4, 0xA2, 0x87, 0x51, 0xED,
    0xC2, 0x76, 0x0B, 0x1A, 0x8D, 0xBE, 0xC1, 0xBE, 0xB9, 0x55, 0x4E, 0xF2, 0x07, 0x3C, 0x03, 0x16,
    0xF4, 0xCE, 0xA6, 0x19, 0x88, 0x25, 0x61, 0x68, 0x12, 0xB0, 0x44, 0x18, 0xD8, 0xDA, 0x4B, 0xFF,
    0x30, 0x31, 0xAE, 0xA6, 0x8C, 0x97, 0x20, 0xA5, 0xEA, 0x95, 0xE7, 0x0C, 0xD9, 0x29, 0xC1, 0x0C,
    0x5B, 0x49, 0xAB, 0x24, 0xCB, 0x24, 0xCB, 0x24, 0xCB, 0x24, 0xC8, 0x0C, 0x9A, 0x54, 0xDB, 0x7D,
    0xC0, 0xCD, 0x29, 0x85, 0x37, 0x28, 0x28, 0xD8, 0xC6, 0xC4, 0x9E, 0x60, 0x16, 0xB0, 0x22, 0x78,
    0xC0, 0x2E, 0x60, 0x12, 0x81, 0x13, 0xC2, 0x14, 0xDE, 0x0A, 0x1E, 0x36, 0xC5, 0x35, 0x0F, 0x47,
    0x40, 0xE3, 0x3B, 0x18, 0x08, 0x30, 0x02, 0x7E, 0xFE, 0x1F, 0x82, 0x28, 0xFB, 0xD0, 0xEC, 0x95,
    0x55, 0x24, 0x0C, 0x3C, 0xA6, 0x9E, 0xD0, 0xF3, 0x9E, 0x63, 0xCE, 0x7B, 0x70, 0x5E, 0xA6, 0x95,
    0x45, 0xC8, 0xF5, 0xFA, 0xE3, 0xE8, 0xF6, 0x15, 0x96, 0xCD, 0x3A, 0x43, 0x13, 0xD9, 0x96, 0x56,
    0x12, 0x1A, 0x9A, 0xDE, 0x09, 0x94, 0xC8, 0xA4, 0x46, 0x2B, 0x53, 0x52, 0x61, 0x60, 0x42, 0x51,
    0xB0, 0x02, 0x4E, 0x80, 0x27, 0x8D, 0x71, 0xEA, 0xE5, 0xAA, 0xBE, 0xD6, 0x26, 0xE0, 0x7B, 0x6A,
    0xD2, 0x69, 0x08, 0x88, 0x9A, 0x4E, 0x68, 0x06, 0x28, 0x01, 0xF7, 0x3F, 0x1F, 0xB3, 0xB9, 0x5E,
    0x14, 0x07, 0xE4, 0x22, 0xAA, 0x20, 0x98, 0x9B, 0x8F, 0xA2, 0xFB, 0xA7, 0xC6, 0xD7, 0xAC, 0x7D,
    0x48, 0x7A, 0x38, 0x0B, 0xBF, 0xB7, 0xB4, 0x3A, 0x52, 0xAA, 0xAF, 0x0D, 0x3E, 0x22, 0xBB, 0xC4,
    0x8A, 0xBF, 0x41, 0xBF, 0x76, 0x3D, 0xE8, 0x73, 0x5C, 0x73, 0x45, 0x44, 0x92, 0x94, 0xA4, 0x28,
    0x83, 0xE6, 0x10, 0xFF, 0xE2, 0xEE, 0x48, 0xA7, 0x0A, 0x12, 0x13, 0x00, 0x44, 0xE8, 0xC0, 0x00,
    0x00, 0x00, 0x00, 0x00, 0x00, 0x00, 0x00, 0x00, 0x00, 0x00, 0x00, 0x00, 0x00, 0x00, 0x00, 0x00,
    0x00, 0x00, 0x00, 0x00, 0x00, 0x00, 0x00, 0x00, 0x00, 0x00, 0x00, 0x00, 0x00, 0x00, 0x00, 0x00,
    0x00, 0x00, 0x00, 0x00, 0x00, 0x00, 0x00, 0x00, 0x00, 0x00, 0x00, 0x00, 0x00, 0x00, 0x00, 0x00,
    0x00, 0x00, 0x00, 0x00, 0x00, 0x00, 0x00, 0x00, 0x00, 0x00, 0x00, 0x00, 0x00, 0x00, 0x00, 0x00,
    0x00, 0x00, 0x00, 0x00, 0x00, 0x00, 0x00, 0x00, 0x00, 0x00, 0x00, 0x00, 0x00, 0x00, 0x00, 0x00,
    0x00, 0x00, 0x00, 0x00, 0x00, 0x00, 0x00, 0x00, 0x00, 0x00, 0x00, 0x00, 0x00, 0x00, 0x00, 0x00,
    0x00, 0x00, 0x00, 0x00, 0x00, 0x00, 0x00, 0x00, 0x00, 0x00, 0x00, 0x00, 0x00, 0x00, 0x00, 0x00,
    0x00, 0x00, 0x00, 0x00, 0x00, 0x00, 0x00, 0x00, 0x00, 0x00, 0x00, 0x00, 0x00, 0x00, 0x00, 0x00,
    0x00, 0x00, 0x00, 0x00, 0x00, 0x00, 0x00, 0x00, 0x00, 0x00, 0x00, 0x00, 0x00, 0x00, 0x00, 0x00,
    0x00, 0x00, 0x00, 0x00, 0x00, 0x00, 0x00, 0x00, 0x00, 0x00, 0x00, 0x00, 0x00, 0x00, 0x00, 0x00,
    0x00, 0x00, 0x00, 0x00, 0x00, 0x00, 0x00, 0x00, 0x00, 0x00, 0x00, 0x00, 0x00, 0x00, 0x00, 0x00,
    0x00, 0x00, 0x00, 0x00, 0x00, 0x00, 0x00, 0x00, 0x00, 0x00, 0x00, 0x00, 0x00, 0x00, 0x00, 0x00,
    0x00, 0x00, 0x00, 0x00, 0x00, 0x00, 0x00, 0x00, 0x00, 0x00, 0x00, 0x00, 0x00, 0x00, 0x00, 0x00,
    0x00, 0x00, 0x00, 0x00, 0x00, 0x00, 0x00, 0x00, 0x00, 0x00, 0x00, 0x00, 0x00, 0x00, 0x00, 0x00,
    0x00, 0x00, 0x00, 0x00, 0x00, 0x00, 0x00, 0x00, 0x00, 0x00, 0x00, 0x00, 0x00, 0x00, 0x00, 0x00,
    0x00, 0x00, 0x00, 0x00, 0x00, 0x00, 0x00, 0x00, 0x00, 0x00, 0x00, 0x00, 0x00, 0x00, 0x00, 0x00,
    0x00, 0x00, 0x00, 0x00, 0x00, 0x00, 0x00, 0x00, 0x00, 0x00, 0x00, 0x00, 0x00, 0x00, 0x00, 0x00,
    0x00, 0x00, 0x00, 0x00, 0x00, 0x00, 0x00, 0x00, 0x00, 0x00, 0x00, 0x00, 0x00, 0x00, 0x00, 0x00,
    0x00, 0x00, 0x00, 0x00, 0x00, 0x00, 0x00, 0x00, 0x00, 0x00, 0x00, 0x00, 0x00, 0x00, 0x00, 0x00,
    0x00, 0x00, 0x00, 0x00, 0x00, 0x00, 0x00, 0x00, 0x00, 0x00, 0x00, 0x00, 0x00, 0x00, 0x00, 0x00,
    0x00, 0x00, 0x00, 0x00, 0x00, 0x00, 0x00, 0x00, 0x00, 0x00, 0x00, 0x00, 0x00, 0x00, 0x00, 0x00,
    0x00, 0x00, 0x00, 0x00, 0x00, 0x00, 0x00, 0x00, 0x00, 0x00, 0x00, 0x00, 0x00, 0x00, 0x00, 0x00,
    0x00, 0x00, 0x00, 0x00, 0x00, 0x00, 0x00, 0x00, 0x00, 0x00, 0x00, 0x00, 0x00, 0x00, 0x00, 0x00,
    0x00, 0x00, 0x00, 0x00, 0x00, 0x00, 0x00, 0x00, 0x00, 0x00, 0x00, 0x00, 0x00, 0x00, 0x00, 0x00,
    0x00, 0x00, 0x00, 0x00, 0x00, 0x00, 0x00, 0x00, 0x00, 0x00, 0x00, 0x00, 0x00, 0x00, 0x00, 0x00,
    0x00, 0x00, 0x00, 0x00, 0x00, 0x00, 0x00, 0x00, 0x00, 0x00, 0x00, 0x00, 0x00, 0x00, 0x00, 0x00,
    0x00, 0x00, 0x00, 0x00, 0x00, 0x00, 0x00, 0x00, 0x00, 0x00, 0x00, 0x00, 0x00, 0x00, 0x00, 0x00,
    0x00, 0x00, 0x00, 0x00, 0x00, 0x00, 0x00, 0x00, 0x00, 0x00, 0x00, 0x00, 0x00, 0x00, 0x00, 0x00,
    0x00, 0x00, 0x00, 0x00, 0x00, 0x00, 0x00, 0x00, 0x00, 0x00, 0x00, 0x00, 0x00, 0x00, 0x00, 0x00,
    0x00, 0x00, 0x00, 0x00, 0x00, 0x00, 0x00, 0x00, 0x00, 0x00, 0x00, 0x00, 0x00, 0x00, 0x00, 0x00,
    0x00, 0x00, 0x00, 0x00, 0x00, 0x00, 0x00, 0x00, 0x00, 0x00, 0x00, 0x00, 0x00, 0x00, 0x00, 0x00,
    0x00, 0x00, 0x00, 0x00, 0x00, 0x00, 0x00, 0x00, 0x00, 0x00, 0x00, 0x00, 0x00, 0x00, 0x00, 0x00,
    0x00, 0x00, 0x00, 0x00, 0x00, 0x00, 0x00, 0x00, 0x00, 0x00, 0x00, 0x00, 0x00, 0x00, 0x00, 0x00,
    0x00, 0x00, 0x00, 0x00, 0x00, 0x00, 0x00, 0x00, 0x00, 0x00, 0x00, 0x00, 0x00, 0x00, 0x00, 0x00,
    0x00, 0x00, 0x00, 0x00, 0x00, 0x00, 0x00, 0x00, 0x00, 0x00, 0x00, 0x00, 0x00, 0x00, 0x00, 0x00,
    0x00, 0x00, 0x00, 0x00, 0x00, 0x00, 0x00, 0x00, 0x00, 0x00, 0x00, 0x00, 0x00, 0x00, 0x00, 0x00,
    0x00, 0x00, 0x00, 0x00, 0x00, 0x00, 0x00, 0x00, 0x00, 0x00, 0x00, 0x00, 0x00, 0x00, 0x00, 0x00,
    0x00, 0x00, 0x00, 0x00, 0x00, 0x00, 0x00, 0x00, 0x00, 0x00, 0x00, 0x00, 0x00, 0x00, 0x00, 0x00,
    0x00, 0x00, 0x00, 0x00, 0x00, 0x00, 0x00, 0x00, 0x00, 0x00, 0x00, 0x00, 0x00, 0x00, 0x00, 0x00,
    0x00, 0x00, 0x00, 0x00, 0x00, 0x00, 0x00, 0x00, 0x00, 0x00, 0x00, 0x00, 0x00, 0x00, 0x00, 0x00,
    0x00, 0x00, 0x00, 0x00, 0x00, 0x00, 0x00, 0x00, 0x00, 0x00, 0x00, 0x00, 0x00, 0x00, 0x00, 0x00,
    0x00, 0x00, 0x00, 0x00, 0x00, 0x00, 0x00, 0x00, 0x00, 0x00, 0x00, 0x00, 0x00, 0x00, 0x00, 0x00,
    0x00, 0x00, 0x00, 0x00, 0x00, 0x00, 0x00, 0x00, 0x00, 0x00, 0x00, 0x00, 0x00, 0x00, 0x00, 0x00,
    0x00, 0x00, 0x00, 0x00, 0x00, 0x00, 0x00, 0x00, 0x00, 0x00, 0x00, 0x00, 0x00, 0x00, 0x00, 0x00,
    0x00, 0x00, 0x00, 0x00, 0x00, 0x00, 0x00, 0x00, 0x00, 0x00, 0x00, 0x00, 0x00, 0x00, 0x00, 0x00,
    0x00, 0x00, 0x00, 0x00, 0x00, 0x00, 0x00, 0x00, 0x00, 0x00, 0x00, 0x00, 0x00, 0x00, 0x00, 0x00,
    0x00, 0x00, 0x00, 0x00, 0x00, 0x00, 0x00, 0x00, 0x00, 0x00, 0x00, 0x00, 0x00, 0x00, 0x00, 0x00,
    0x00, 0x00, 0x00, 0x00, 0x00, 0x00, 0x00, 0x00, 0x00, 0x00, 0x00, 0x00, 0x00, 0x00, 0x00, 0x00,
    0x00, 0x00, 0x00, 0x00, 0x00, 0x00, 0x00, 0x00, 0x00, 0x00, 0x00, 0x00, 0x00, 0x00, 0x00, 0x00,
    0x00, 0x00, 0x00, 0x00, 0x00, 0x00, 0x00, 0x00, 0x00, 0x00, 0x00, 0x00, 0x00, 0x00, 0x00, 0x00,
    0x00, 0x00, 0x00, 0x00, 0x00, 0x00, 0x00, 0x00, 0x00, 0x00, 0x00, 0x00, 0x00, 0x00, 0x00, 0x00,
    0x00, 0x00, 0x00, 0x00, 0x00, 0x00, 0x00, 0x00, 0x00, 0x00, 0x00, 0x00, 0x00, 0x00, 0x00, 0x00,
    0x00, 0x00, 0x00, 0x00, 0x00, 0x00, 0x00, 0x00, 0x00, 0x00, 0x00, 0x00, 0x00, 0x00, 0x00, 0x00,
    0x00, 0x00, 0x00, 0x00, 0x00, 0x00, 0x00, 0x00, 0x00, 0x00, 0x00, 0x00, 0x00, 0x00, 0x00, 0x00,
    0x00, 0x00, 0x00, 0x00, 0x00, 0x00, 0x00, 0x00, 0x00, 0x00, 0x00, 0x00, 0x00, 0x00, 0x00, 0x00,
    0x00, 0x00, 0x00, 0x00, 0x00, 0x00, 0x00, 0x00, 0x00, 0x00, 0x00, 0x00, 0x00, 0x00, 0x00, 0x00,
    0x00, 0x00, 0x00, 0x00, 0x00, 0x00, 0x00, 0x00, 0x00, 0x00, 0x00, 0x00, 0x00, 0x00, 0x00, 0x00,
    0x00, 0x00, 0x00, 0x00, 0x00, 0x00, 0x00, 0x00, 0x00, 0x00, 0x00, 0x00, 0x00, 0x00, 0x00, 0x00,
    0x00, 0x00, 0x00, 0x00, 0x00, 0x00, 0x00, 0x00, 0x00, 0x00, 0x00, 0x00, 0x00, 0x00, 0x00, 0x00,
    0x00, 0x00, 0x00, 0x00, 0x00, 0x00, 0x00, 0x00, 0x00, 0x00, 0x00, 0x00, 0x00, 0x00, 0x00, 0x00,
    0x00, 0x00, 0x00, 0x00, 0x00, 0x00, 0x00, 0x00, 0x00, 0x00, 0x00, 0x00, 0x00, 0x00, 0x00, 0x00,
    0x00, 0x00, 0x00, 0x00, 0x00, 0x00, 0x00, 0x00, 0x00, 0x00, 0x00, 0x00, 0x00, 0x00, 0x00, 0x00,
    0x00, 0x00, 0x00, 0x00, 0x00, 0x00, 0x00, 0x00, 0x00, 0x00, 0x00, 0x00, 0x00, 0x00, 0x00, 0x00,
    0x00, 0x00, 0x00, 0x00, 0x00, 0x00, 0x00, 0x00, 0x00, 0x00, 0x00, 0x00, 0x00, 0x00, 0x00, 0x00,
    0x00, 0x00, 0x00, 0x00, 0x00, 0x00, 0x00, 0x00, 0x00, 0x00, 0x00, 0x00, 0x00, 0x00, 0x00, 0x00,
    0x00, 0x00, 0x00, 0x00, 0x00, 0x00, 0x00, 0x00, 0x00, 0x00, 0x00, 0x00, 0x00, 0x00, 0x00, 0x00,
    0x00, 0x00, 0x00, 0x00, 0x00, 0x00, 0x00, 0x00, 0x00, 0x00, 0x00, 0x00, 0x00, 0x00, 0x00, 0x00,
    0x00, 0x00, 0x00, 0x00, 0x00, 0x00, 0x00, 0x00, 0x00, 0x00, 0x00, 0x00, 0x00, 0x00, 0x00, 0x00,
    0x00, 0x00, 0x00, 0x00, 0x00, 0x00, 0x00, 0x00, 0x00, 0x00, 0x00, 0x00, 0x00, 0x00, 0x00, 0x00,
    0x00, 0x00, 0x00, 0x00, 0x00, 0x00, 0x00, 0x00, 0x00, 0x00, 0x00, 0x00, 0x00, 0x00, 0x00, 0x00,
    0x00, 0x00, 0x00, 0x00, 0x00, 0x00, 0x00, 0x00, 0x00, 0x00, 0x00, 0x00, 0x00, 0x00, 0x00, 0x00,
    0x00, 0x00, 0x00, 0x00, 0x00, 0x00, 0x00, 0x00, 0x00, 0x00, 0x00, 0x00, 0x00, 0x00, 0x00, 0x00,
    0x00, 0x00, 0x00, 0x00, 0x00, 0x00, 0x00, 0x00, 0x00, 0x00, 0x00, 0x00, 0x00, 0x00, 0x00, 0x00,
    0x00, 0x00, 0x00, 0x00, 0x00, 0x00, 0x00, 0x00, 0x00, 0x00, 0x00, 0x00, 0x00, 0x00, 0x00, 0x00,
    0x00, 0x00, 0x00, 0x00, 0x00, 0x00, 0x00, 0x00, 0x00, 0x00, 0x00, 0x00, 0x00, 0x00, 0x00, 0x00,
    0x00, 0x00, 0x00, 0x00, 0x00, 0x00, 0x00, 0x00, 0x00, 0x00, 0x00, 0x00, 0x00, 0x00, 0x00, 0x00,
    0x00, 0x00, 0x00, 0x00, 0x00, 0x00, 0x00, 0x00, 0x00, 0x00, 0x00, 0x00, 0x00, 0x00, 0x00, 0x00,
    0x00, 0x00, 0x00, 0x00, 0x00, 0x00, 0x00, 0x00, 0x00, 0x00, 0x00, 0x00, 0x00, 0x00, 0x00, 0x00,
    0x00, 0x00, 0x00, 0x00, 0x00, 0x00, 0x00, 0x00, 0x00, 0x00, 0x00, 0x00, 0x00, 0x00, 0x00, 0x00,
    0x00, 0x00, 0x00, 0x00, 0x00, 0x00, 0x00, 0x00, 0x00, 0x00, 0x00, 0x00, 0x00, 0x00, 0x00, 0x00,
    0x00, 0x00, 0x00, 0x00, 0x00, 0x00, 0x00, 0x00, 0x00, 0x00, 0x00, 0x00, 0x00, 0x00, 0x00, 0x00,
    0x00, 0x00, 0x00, 0x00, 0x00, 0x00, 0x00, 0x00, 0x00, 0x00, 0x00, 0x00, 0x00, 0x00, 0x00, 0x00,
    0x00, 0x00, 0x00, 0x00, 0x00, 0x00, 0x00, 0x00, 0x00, 0x00, 0x00, 0x00, 0x00, 0x00, 0x00, 0x00,
    0x00, 0x00, 0x00, 0x00, 0x00, 0x00, 0x00, 0x00, 0x00, 0x00, 0x00, 0x00, 0x00, 0x00, 0x00, 0x00,
    0x00, 0x00, 0x00, 0x00, 0x00, 0x00, 0x00, 0x00, 0x00, 0x00, 0x00, 0x00, 0x00, 0x00, 0x00, 0x00,
    0x00, 0x00, 0x00, 0x00, 0x00, 0x00, 0x00, 0x00, 0x00, 0x00, 0x00, 0x00, 0x00, 0x00, 0x00, 0x00,
    0x00, 0x00, 0x00, 0x00, 0x00, 0x00, 0x00, 0x00, 0x00, 0x00, 0x00, 0x00, 0x00, 0x00, 0x00, 0x00,
    0x00, 0x00, 0x00, 0x00, 0x00, 0x00, 0x00, 0x00, 0x00, 0x00, 0x00, 0x00, 0x00, 0x00, 0x00, 0x00,
    0x00, 0x00, 0x00, 0x00, 0x00, 0x00, 0x00, 0x00, 0x00, 0x00, 0x00, 0x00, 0x00, 0x00, 0x00, 0x00,
    0x00, 0x00, 0x00, 0x00, 0x00, 0x00, 0x00, 0x00, 0x00, 0x00, 0x00, 0x00, 0x00, 0x00, 0x00, 0x00,
    0x00, 0x00, 0x00, 0x00, 0x00, 0x00, 0x00, 0x00, 0x00, 0x00, 0x00, 0x00, 0x00, 0x00, 0x00, 0x00,
    0x00, 0x00, 0x00, 0x00, 0x00, 0x00, 0x00, 0x00, 0x00, 0x00, 0x00, 0x00, 0x00, 0x00, 0x00, 0x00,
    0x00, 0x00, 0x00, 0x00, 0x00, 0x00, 0x00, 0x00, 0x00, 0x00, 0x00, 0x00, 0x00, 0x00, 0x00, 0x00,
    0x00, 0x00, 0x00, 0x00, 0x00, 0x00, 0x00, 0x00, 0x00, 0x00, 0x00, 0x00, 0x00, 0x00, 0x00, 0x00,
    0x00, 0x00, 0x00, 0x00, 0x00, 0x00, 0x00, 0x00, 0x00, 0x00, 0x00, 0x00, 0x00, 0x00, 0x00, 0x00,
    0x00, 0x00, 0x00, 0x00, 0x00, 0x00, 0x00, 0x00, 0x00, 0x00, 0x00, 0x00, 0x00, 0x00, 0x00, 0x00,
    0x00, 0x00, 0x00, 0x00, 0x00, 0x00, 0x00, 0x00, 0x00, 0x00, 0x00, 0x00, 0x00, 0x00, 0x00, 0x00,
    0x00, 0x00, 0x00, 0x00, 0x00, 0x00, 0x00, 0x00, 0x00, 0x00, 0x00, 0x00, 0x00, 0x00, 0x00, 0x00,
    0x00, 0x00, 0x00, 0x00, 0x00, 0x00, 0x00, 0x00, 0x00, 0x00, 0x00, 0x00, 0x00, 0x00, 0x00, 0x00,
    0x00, 0x00, 0x00, 0x00, 0x00, 0x00, 0x00, 0x00, 0x00, 0x00, 0x00, 0x00, 0x00, 0x00, 0x00, 0x00,
    0x00, 0x00, 0x00, 0x00, 0x00, 0x00, 0x00, 0x00, 0x00, 0x00, 0x00, 0x00, 0x00, 0x00, 0x00, 0x00,
    0x00, 0x00, 0x00, 0x00, 0x00, 0x00, 0x00, 0x00, 0x00, 0x00, 0x00, 0x00, 0x00, 0x00, 0x00, 0x00,
    0x00, 0x00, 0x00, 0x00, 0x00, 0x00, 0x00, 0x00, 0x00, 0x00, 0x00, 0x00, 0x00, 0x00, 0x00, 0x00,
    0x00, 0x00, 0x00, 0x00, 0x00, 0x00, 0x00, 0x00, 0x00, 0x00, 0x00, 0x00, 0x00, 0x00, 0x00, 0x00,
    0x00, 0x00, 0x00, 0x00, 0x00, 0x00, 0x00, 0x00, 0x00, 0x00, 0x00, 0x00, 0x00, 0x00, 0x00, 0x00,
    0x00, 0x00, 0x00, 0x00, 0x00, 0x00, 0x00, 0x00, 0x00, 0x00, 0x00, 0x00, 0x00, 0x00, 0x00, 0x00,
    0x00, 0x00, 0x00, 0x00, 0x00, 0x00, 0x00, 0x00, 0x00, 0x00, 0x00, 0x00, 0x00, 0x00, 0x00, 0x00,
    0x00, 0x00, 0x00, 0x00, 0x00, 0x00, 0x00, 0x00, 0x00, 0x00, 0x00, 0x00, 0x00, 0x00, 0x00, 0x00,
    0x00, 0x00, 0x00, 0x00, 0x00, 0x00, 0x00, 0x00, 0x00, 0x00, 0x00, 0x00, 0x00, 0x00, 0x00, 0x00,
    0x00, 0x00, 0x00, 0x00, 0x00, 0x00, 0x00, 0x00, 0x00, 0x00, 0x00, 0x00, 0x00, 0x00, 0x00, 0x00,
    0x00, 0x00, 0x00, 0x00, 0x00, 0x00, 0x00, 0x00, 0x00, 0x00, 0x00, 0x00, 0x00, 0x00, 0x00, 0x00,
    0x00, 0x00, 0x00, 0x00, 0x00, 0x00, 0x00, 0x00, 0x00, 0x00, 0x00, 0x00, 0x00, 0x00, 0x00, 0x00,
    0x00, 0x00, 0x00, 0x00, 0x00, 0x00, 0x00, 0x00, 0x00, 0x00, 0x00, 0x00, 0x00, 0x00, 0x00, 0x00,
    0x00, 0x00, 0x00, 0x00, 0x00, 0x00, 0x00, 0x00, 0x00, 0x00, 0x00, 0x00, 0x00, 0x00, 0x00, 0x00,
    0x00, 0x00, 0x00, 0x00, 0x00, 0x00, 0x00, 0x00, 0x00, 0x00, 0x00, 0x00, 0x00, 0x00, 0x00, 0x00,
    0x00, 0x00, 0x00, 0x00, 0x00, 0x00, 0x00, 0x00, 0x00, 0x00, 0x00, 0x00, 0x00, 0x00, 0x00, 0x00,
    0x00, 0x00, 0x00, 0x00, 0x00, 0x00, 0x00, 0x00, 0x00, 0x00, 0x00, 0x00, 0x00, 0x00, 0x00, 0x00,
    0x00, 0x00, 0x00, 0x00, 0x00, 0x00, 0x00, 0x00, 0x00, 0x00, 0x00, 0x00, 0x00, 0x00, 0x00, 0x00,
    0x00, 0x00, 0x00, 0x00, 0x00, 0x00, 0x00, 0x00, 0x00, 0x00, 0x00, 0x00, 0x00, 0x00, 0x00, 0x00,
    0x00, 0x00, 0x00, 0x00, 0x00, 0x00, 0x00, 0x00, 0x00, 0x00, 0x00, 0x00, 0x00, 0x00, 0x00, 0x00,
    0x00, 0x00, 0x00, 0x00, 0x00, 0x00, 0x00, 0x00, 0x00, 0x00, 0x00, 0x00, 0x00, 0x00, 0x00, 0x00,
    0x00, 0x00, 0x00, 0x00, 0x00, 0x00, 0x00, 0x00, 0x00, 0x00, 0x00, 0x00, 0x00, 0x00, 0x00, 0x00,
    0x00, 0x00, 0x00, 0x00, 0x00, 0x00, 0x00, 0x00, 0x00, 0x00, 0x00, 0x00, 0x00, 0x00, 0x00, 0x00,
    0x00, 0x00, 0x00, 0x00, 0x00, 0x00, 0x00, 0x00, 0x00, 0x00, 0x00, 0x00, 0x00, 0x00, 0x00, 0x00,
    0x00, 0x00, 0x00, 0x00, 0x00, 0x00, 0x00, 0x00, 0x00, 0x00, 0x00, 0x00, 0x00, 0x00, 0x00, 0x00,
    0x00, 0x00, 0x00, 0x00, 0x00, 0x00, 0x00, 0x00, 0x00, 0x00, 0x00, 0x00, 0x00, 0x00, 0x00, 0x00,
    0x00, 0x00, 0x00, 0x00, 0x00, 0x00, 0x00, 0x00, 0x00, 0x00, 0x00, 0x00, 0x00, 0x00, 0x00, 0x00,
    0x00, 0x00, 0x00, 0x00, 0x00, 0x00, 0x00, 0x00, 0x00, 0x00, 0x00, 0x00, 0x00, 0x00, 0x00, 0x00,
    0x00, 0x00, 0x00, 0x00, 0x00, 0x00, 0x00, 0x00, 0x00, 0x00, 0x00, 0x00, 0x00, 0x00, 0x00, 0x00,
    0x00, 0x00, 0x00, 0x00, 0x00, 0x00, 0x00, 0x00, 0x00, 0x00, 0x00, 0x00, 0x00, 0x00, 0x00, 0x00,
    0x00, 0x00, 0x00, 0x00, 0x00, 0x00, 0x00, 0x00, 0x00, 0x00, 0x00, 0x00, 0x00, 0x00, 0x00, 0x00,
    0x00, 0x00, 0x00, 0x00, 0x00, 0x00, 0x00, 0x00, 0x00, 0x00, 0x00, 0x00, 0x00, 0x00, 0x00, 0x00,
    0x00, 0x00, 0x00, 0x00, 0x00, 0x00, 0x00, 0x00, 0x00, 0x00, 0x00, 0x00, 0x00, 0x00, 0x00, 0x00,
    0x00, 0x00, 0x00, 0x00, 0x00, 0x00, 0x00, 0x00, 0x00, 0x00, 0x00, 0x00, 0x00, 0x00, 0x00, 0x00,
    0x00, 0x00, 0x00, 0x00, 0x00, 0x00, 0x00, 0x00, 0x00, 0x00, 0x00, 0x00, 0x00, 0x00, 0x00, 0x00,
    0x00, 0x00, 0x00, 0x00, 0x00, 0x00, 0x00, 0x00, 0x00, 0x00, 0x00, 0x00, 0x00, 0x00, 0x00, 0x00,
    0x00, 0x00, 0x00, 0x00, 0x00, 0x00, 0x00, 0x00, 0x00, 0x00, 0x00, 0x00, 0x00, 0x00, 0x00, 0x00,
    0x00, 0x00, 0x00, 0x00, 0x00, 0x00, 0x00, 0x00, 0x00, 0x00, 0x00, 0x00, 0x00, 0x00, 0x00, 0x00,
    0x00, 0x00, 0x00, 0x00, 0x00, 0x00, 0x00, 0x00, 0x00, 0x00, 0x00, 0x00, 0x00, 0x00, 0x00, 0x00,
    0x00, 0x00, 0x00, 0x00, 0x00, 0x00, 0x00, 0x00, 0x00, 0x00, 0x00, 0x00, 0x00, 0x00, 0x00, 0x00,
    0x00, 0x00, 0x00, 0x00, 0x00, 0x00, 0x00, 0x00, 0x00, 0x00, 0x00, 0x00, 0x00, 0x00, 0x00, 0x00,
    0x00, 0x00, 0x00, 0x00, 0x00, 0x00, 0x00, 0x00, 0x00, 0x00, 0x00, 0x00, 0x00, 0x00, 0x00, 0x00,
    0x00, 0x00, 0x00, 0x00, 0x00, 0x00, 0x00, 0x00, 0x00, 0x00, 0x00, 0x00, 0x00, 0x00, 0x00, 0x00,
    0x00, 0x00, 0x00, 0x00, 0x00, 0x00, 0x00, 0x00, 0x00, 0x00, 0x00, 0x00, 0x00, 0x00, 0x00, 0x00,
    0x00, 0x00, 0x00, 0x00, 0x00, 0x00, 0x00, 0x00, 0x00, 0x00, 0x00, 0x00, 0x00, 0x00, 0x00, 0x00,
    0x00, 0x00, 0x00, 0x00, 0x00, 0x00, 0x00, 0x00, 0x00, 0x00, 0x00, 0x00, 0x00, 0x00, 0x00, 0x00,
    0x00, 0x00, 0x00, 0x00, 0x00, 0x00, 0x00, 0x00, 0x00, 0x00, 0x00, 0x00, 0x00, 0x00, 0x00, 0x00,
    0x00, 0x00, 0x00, 0x00, 0x00, 0x00, 0x00, 0x00, 0x00, 0x00, 0x00, 0x00, 0x00, 0x00, 0x00, 0x00,
    0x00, 0x00, 0x00, 0x00, 0x00, 0x00, 0x00, 0x00, 0x00, 0x00, 0x00, 0x00, 0x00, 0x00, 0x00, 0x00,
    0x00, 0x00, 0x00, 0x00, 0x00, 0x00, 0x00, 0x00, 0x00, 0x00, 0x00, 0x00, 0x00, 0x00, 0x00, 0x00,
    0x00, 0x00, 0x00, 0x00, 0x00, 0x00, 0x00, 0x00, 0x00, 0x00, 0x00, 0x00, 0x00, 0x00, 0x00, 0x00,
    0x00, 0x00, 0x00, 0x00, 0x00, 0x00, 0x00, 0x00, 0x00, 0x00, 0x00, 0x00, 0x00, 0x00, 0x00, 0x00,
    0x00, 0x00, 0x00, 0x00, 0x00, 0x00, 0x00, 0x00, 0x00, 0x00, 0x00, 0x00, 0x00, 0x00, 0x00, 0x00,
    0x00, 0x00, 0x00, 0x00, 0x00, 0x00, 0x00, 0x00, 0x00, 0x00, 0x00, 0x00, 0x00, 0x00, 0x00, 0x00,
    0x00, 0x00, 0x00, 0x00, 0x00, 0x00, 0x00, 0x00, 0x00, 0x00, 0x00, 0x00, 0x00, 0x00, 0x00, 0x00,
    0x00, 0x00, 0x00, 0x00, 0x00, 0x00, 0x00, 0x00, 0x00, 0x00, 0x00, 0x00, 0x00, 0x00, 0x00, 0x00,
    0x00, 0x00, 0x00, 0x00, 0x00, 0x00, 0x00, 0x00, 0x00, 0x00, 0x00, 0x00, 0x00, 0x00, 0x00, 0x00,
    0x00, 0x00, 0x00, 0x00, 0x00, 0x00, 0x00, 0x00, 0x00, 0x00, 0x00, 0x00, 0x00, 0x00, 0x00, 0x00,
    0x00, 0x00, 0x00, 0x00, 0x00, 0x00, 0x00, 0x00, 0x00, 0x00, 0x00, 0x00, 0x00, 0x00, 0x00, 0x00,
    0x00, 0x00, 0x00, 0x00, 0x00, 0x00, 0x00, 0x00, 0x00, 0x00, 0x00, 0x00, 0x00, 0x00, 0x00, 0x00,
    0x00, 0x00, 0x00, 0x00, 0x00, 0x00, 0x00, 0x00, 0x00, 0x00, 0x00, 0x00, 0x00, 0x00, 0x00, 0x00,
    0x00, 0x00, 0x00, 0x00, 0x00, 0x00, 0x00, 0x00, 0x00, 0x00, 0x00, 0x00, 0x00, 0x00, 0x00, 0x00,
    0x00, 0x00, 0x00, 0x00, 0x00, 0x00, 0x00, 0x00, 0x00, 0x00, 0x00, 0x00, 0x00, 0x00, 0x00, 0x00,
    0x00, 0x00, 0x00, 0x00, 0x00, 0x00, 0x00, 0x00, 0x00, 0x00, 0x00, 0x00, 0x00, 0x00, 0x00, 0x00,
    0x00, 0x00, 0x00, 0x00, 0x00, 0x00, 0x00, 0x00, 0x00, 0x00, 0x00, 0x00, 0x00, 0x00, 0x00, 0x00,
    0x00, 0x00, 0x00, 0x00, 0x00, 0x00, 0x00, 0x00, 0x00, 0x00, 0x00, 0x00, 0x00, 0x00, 0x00, 0x00,
    0x00, 0x00, 0x00, 0x00, 0x00, 0x00, 0x00, 0x00, 0x00, 0x00, 0x00, 0x00, 0x00, 0x00, 0x00, 0x00,
    0x00, 0x00, 0x00, 0x00, 0x00, 0x00, 0x00, 0x00, 0x00, 0x00, 0x00, 0x00, 0x00, 0x00, 0x00, 0x00,
    0x00, 0x00, 0x00, 0x00, 0x00, 0x00, 0x00, 0x00, 0x00, 0x00, 0x00, 0x00, 0x00, 0x00, 0x00, 0x00,
    0x00, 0x00, 0x00, 0x00, 0x00, 0x00, 0x00, 0x00, 0x00, 0x00, 0x00, 0x00, 0x00, 0x00, 0x00, 0x00,
    0x00, 0x00, 0x00, 0x00, 0x00, 0x00, 0x00, 0x00, 0x00, 0x00, 0x00, 0x00, 0x00, 0x00, 0x00, 0x00,
    0x00, 0x00, 0x00, 0x00, 0x00, 0x00, 0x00, 0x00, 0x00, 0x00, 0x00, 0x00, 0x00, 0x00, 0x00, 0x00,
    0x00, 0x00, 0x00, 0x00, 0x00, 0x00, 0x00, 0x00, 0x00, 0x00, 0x00, 0x00, 0x00, 0x00, 0x00, 0x00,
    0x00, 0x00, 0x00, 0x00, 0x00, 0x00, 0x00, 0x00, 0x00, 0x00, 0x00, 0x00, 0x00, 0x00, 0x00, 0x00,
    0x00, 0x00, 0x00, 0x00, 0x00, 0x00, 0x00, 0x00, 0x00, 0x00, 0x00, 0x00, 0x00, 0x00, 0x00, 0x00,
    0x00, 0x00, 0x00, 0x00, 0x00, 0x00, 0x00, 0x00, 0x00, 0x00, 0x00, 0x00, 0x00, 0x00, 0x00, 0x00,
    0x00, 0x00, 0x00, 0x00, 0x00, 0x00, 0x00, 0x00, 0x00, 0x00, 0x00, 0x00, 0x00, 0x00, 0x00, 0x00,
    0x00, 0x00, 0x00, 0x00, 0x00, 0x00, 0x00, 0x00, 0x00, 0x00, 0x00, 0x00, 0x00, 0x00, 0x00, 0x00,
    0x00, 0x00, 0x00, 0x00, 0x00, 0x00, 0x00, 0x00, 0x00, 0x00, 0x00, 0x00, 0x00, 0x00, 0x00, 0x00,
    0x00, 0x00, 0x00, 0x00, 0x00, 0x00, 0x00, 0x00, 0x00, 0x00, 0x00, 0x00, 0x00, 0x00, 0x00, 0x00,
    0x00, 0x00, 0x00, 0x00, 0x00, 0x00, 0x00, 0x00, 0x00, 0x00, 0x00, 0x00, 0x00, 0x00, 0x00, 0x00,
    0x00, 0x00, 0x00, 0x00, 0x00, 0x00, 0x00, 0x00, 0x00, 0x00, 0x00, 0x00, 0x00, 0x00, 0x00, 0x00,
    0x00, 0x00, 0x00, 0x00, 0x00, 0x00, 0x00, 0x00, 0x00, 0x00, 0x00, 0x00, 0x00, 0x00, 0x00, 0x00,
    0x00, 0x00, 0x00, 0x00, 0x00, 0x00, 0x00, 0x00, 0x00, 0x00, 0x00, 0x00, 0x00, 0x00, 0x00, 0x00,
    0x00, 0x00, 0x00, 0x00, 0x00, 0x00, 0x00, 0x00, 0x00, 0x00, 0x00, 0x00, 0x00, 0x00, 0x00, 0x00,
    0x00, 0x00, 0x00, 0x00, 0x00, 0x00, 0x00, 0x00, 0x00, 0x00, 0x00, 0x00, 0x00, 0x00, 0x00, 0x00,
    0x00, 0x00, 0x00, 0x00, 0x00, 0x00, 0x00, 0x00, 0x00, 0x00, 0x00, 0x00, 0x00, 0x00, 0x00, 0x00,
    0x00, 0x00, 0x00, 0x00, 0x00, 0x00, 0x00, 0x00, 0x00, 0x00, 0x00, 0x00, 0x00, 0x00, 0x00, 0x00,
    0x00, 0x00, 0x00, 0x00, 0x00, 0x00, 0x00, 0x00, 0x00, 0x00, 0x00, 0x00, 0x00, 0x00, 0x00, 0x00,
    0x00, 0x00, 0x00, 0x00, 0x00, 0x00, 0x00, 0x00, 0x00, 0x00, 0x00, 0x00, 0x00, 0x00, 0x00, 0x00,
    0x00, 0x00, 0x00, 0x00, 0x00, 0x00, 0x00, 0x00, 0x00, 0x00, 0x00, 0x00, 0x00, 0x00, 0x00, 0x00,
    0x00, 0x00, 0x00, 0x00, 0x00, 0x00, 0x00, 0x00, 0x00, 0x00, 0x00, 0x00, 0x00, 0x00, 0x00, 0x00,
    0x00, 0x00, 0x00, 0x00, 0x00, 0x00, 0x00, 0x00, 0x00, 0x00, 0x00, 0x00, 0x00, 0x00, 0x00, 0x00,
    0x00, 0x00, 0x00, 0x00, 0x00, 0x00, 0x00, 0x00, 0x00, 0x00, 0x00, 0x00, 0x00, 0x00, 0x00, 0x00,
    0x00, 0x00, 0x00, 0x00, 0x00, 0x00, 0x00, 0x00, 0x00, 0x00, 0x00, 0x00, 0x00, 0x00, 0x00, 0x00,
    0x00, 0x00, 0x00, 0x00, 0x00, 0x00, 0x00, 0x00, 0x00, 0x00, 0x00, 0x00, 0x00, 0x00, 0x00, 0x00,
    0x00, 0x00, 0x00, 0x00, 0x00, 0x00, 0x00, 0x00, 0x00, 0x00, 0x00, 0x00, 0x00, 0x00, 0x00, 0x00,
    0x00, 0x00, 0x00, 0x00, 0x00, 0x00, 0x00, 0x00, 0x00, 0x00, 0x00, 0x00, 0x00, 0x00, 0x00, 0x00,
    0x00, 0x00, 0x00, 0x00, 0x00, 0x00, 0x00, 0x00, 0x00, 0x00, 0x00, 0x00, 0x00, 0x00, 0x00, 0x00,
    0x00, 0x00, 0x00, 0x00, 0x00, 0x00, 0x00, 0x00, 0x00, 0x00, 0x00, 0x00, 0x00, 0x00, 0x00, 0x00,
    0x00, 0x00, 0x00, 0x00, 0x00, 0x00, 0x00, 0x00, 0x00, 0x00, 0x00, 0x00, 0x00, 0x00, 0x00, 0x00,
    0x00, 0x00, 0x00, 0x00, 0x00, 0x00, 0x00, 0x00, 0x00, 0x00, 0x00, 0x00, 0x00, 0x00, 0x00, 0x00,
    0x00, 0x00, 0x00, 0x00, 0x00, 0x00, 0x00, 0x00, 0x00, 0x00, 0x00, 0x00, 0x00, 0x00, 0x00, 0x00,
    0x00, 0x00, 0x00, 0x00, 0x00, 0x00, 0x00, 0x00, 0x00, 0x00, 0x00, 0x00, 0x00, 0x00, 0x00, 0x00,
    0x00, 0x00, 0x00, 0x00, 0x00, 0x00, 0x00, 0x00, 0x00, 0x00, 0x00, 0x00, 0x00, 0x00, 0x00, 0x00,
    0x00, 0x00, 0x00, 0x00, 0x00, 0x00, 0x00, 0x00, 0x00, 0x00, 0x00, 0x00, 0x00, 0x00, 0x00, 0x00,
    0x00, 0x00, 0x00, 0x00, 0x00, 0x00, 0x00, 0x00, 0x00, 0x00, 0x00, 0x00, 0x00, 0x00, 0x00, 0x00,
    0x00, 0x00, 0x00, 0x00, 0x00, 0x00, 0x00, 0x00, 0x00, 0x00, 0x00, 0x00, 0x00, 0x00, 0x00, 0x00,
    0x00, 0x00, 0x00, 0x00, 0x00, 0x00, 0x00, 0x00, 0x00, 0x00, 0x00, 0x00, 0x00, 0x00, 0x00, 0x00,
    0x00, 0x00, 0x00, 0x00, 0x00, 0x00, 0x00, 0x00, 0x00, 0x00, 0x00, 0x00, 0x00, 0x00, 0x00, 0x00,
    0x00, 0x00, 0x00, 0x00, 0x00, 0x00, 0x00, 0x00, 0x00, 0x00, 0x00, 0x00, 0x00, 0x00, 0x00, 0x00,
    0x00, 0x00, 0x00, 0x00, 0x00, 0x00, 0x00, 0x00, 0x00, 0x00, 0x00, 0x00, 0x00, 0x00, 0x00, 0x00,
    0x00, 0x00, 0x00, 0x00, 0x00, 0x00, 0x00, 0x00, 0x00, 0x00, 0x00, 0x00, 0x00, 0x00, 0x00, 0x00,
    0x00, 0x00, 0x00, 0x00, 0x00, 0x00, 0x00, 0x00, 0x00, 0x00, 0x00, 0x00, 0x00, 0x00, 0x00, 0x00,
    0x00, 0x00, 0x00, 0x00, 0x00, 0x00, 0x00, 0x00, 0x00, 0x00, 0x00, 0x00, 0x00, 0x00, 0x00, 0x00,
    0x00, 0x00, 0x00, 0x00, 0x00, 0x00, 0x00, 0x00, 0x00, 0x00, 0x00, 0x00, 0x00, 0x00, 0x00, 0x00,
    0x00, 0x00, 0x00, 0x00, 0x00, 0x00, 0x00, 0x00, 0x00, 0x00, 0x00, 0x00, 0x00, 0x00, 0x00, 0x00,
    0x00, 0x00, 0x00, 0x00, 0x00, 0x00, 0x00, 0x00, 0x00, 0x00, 0x00, 0x00, 0x00, 0x00, 0x00, 0x00,
    0x00, 0x00, 0x00, 0x00, 0x00, 0x00, 0x00, 0x00, 0x00, 0x00, 0x00, 0x00, 0x00, 0x00, 0x00, 0x00,
    0x00, 0x00, 0x00, 0x00, 0x00, 0x00, 0x00, 0x00, 0x00, 0x00, 0x00, 0x00, 0x00, 0x00, 0x00, 0x00,
    0x00, 0x00, 0x00, 0x00, 0x00, 0x00, 0x00, 0x00, 0x00, 0x00, 0x00, 0x00, 0x00, 0x00, 0x00, 0x00,
    0x00, 0x00, 0x00, 0x00, 0x00, 0x00, 0x00, 0x00, 0x00, 0x00, 0x00, 0x00, 0x00, 0x00, 0x00, 0x00,
    0x00, 0x00, 0x00, 0x00, 0x00, 0x00, 0x00, 0x00, 0x00, 0x00, 0x00, 0x00, 0x00, 0x00, 0x00, 0x00,
    0x00, 0x00, 0x00, 0x00, 0x00, 0x00, 0x00, 0x00, 0x00, 0x00, 0x00, 0x00, 0x00, 0x00, 0x00, 0x00,
    0x00, 0x00, 0x00, 0x00, 0x00, 0x00, 0x00, 0x00, 0x00, 0x00, 0x00, 0x00, 0x00, 0x00, 0x00, 0x00,
    0x00, 0x00, 0x00, 0x00, 0x00, 0x00, 0x00, 0x00, 0x00, 0x00, 0x00, 0x00, 0x00, 0x00, 0x00, 0x00,
    0x00, 0x00, 0x00, 0x00, 0x00, 0x00, 0x00, 0x00, 0x00, 0x00, 0x00, 0x00, 0x00, 0x00, 0x00, 0x00,
    0x00, 0x00, 0x00, 0x00, 0x00, 0x00, 0x00, 0x00, 0x00, 0x00, 0x00, 0x00, 0x00, 0x00, 0x00, 0x00,
    0x00, 0x00, 0x00, 0x00, 0x00, 0x00, 0x00, 0x00, 0x00, 0x00, 0x00, 0x00, 0x00, 0x00, 0x00, 0x00,
    0x00, 0x00, 0x00, 0x00, 0x00, 0x00, 0x00, 0x00, 0x00, 0x00, 0x00, 0x00, 0x00, 0x00, 0x00, 0x00,
    0x00, 0x00, 0x00, 0x00, 0x00, 0x00, 0x00, 0x00, 0x00, 0x00, 0x00, 0x00, 0x00, 0x00, 0x00, 0x00,
    0x00, 0x00, 0x00, 0x00, 0x00, 0x00, 0x00, 0x00, 0x00, 0x00, 0x00, 0x00, 0x00, 0x00, 0x00, 0x00,
    0x00, 0x00, 0x00, 0x00, 0x00, 0x00, 0x00, 0x00, 0x00, 0x00, 0x00, 0x00, 0x00, 0x00, 0x00, 0x00,
    0x00, 0x00, 0x00, 0x00, 0x00, 0x00, 0x00, 0x00, 0x00, 0x00, 0x00, 0x00, 0x00, 0x00, 0x00, 0x00,
    0x00, 0x00, 0x00, 0x00, 0x00, 0x00, 0x00, 0x00, 0x00, 0x00, 0x00, 0x00, 0x00, 0x00, 0x00, 0x00,
    0x00, 0x00, 0x00, 0x00, 0x00, 0x00, 0x00, 0x00, 0x00, 0x00, 0x00, 0x00, 0x00, 0x00, 0x00, 0x00,
    0x00, 0x00, 0x00, 0x00, 0x00, 0x00, 0x00, 0x00, 0x00, 0x00, 0x00, 0x00, 0x00, 0x00, 0x00, 0x00,
    0x00, 0x00, 0x00, 0x00, 0x00, 0x00, 0x00, 0x00, 0x00, 0x00, 0x00, 0x00, 0x00, 0x00, 0x00, 0x00,
    0x00, 0x00, 0x00, 0x00, 0x00, 0x00, 0x00, 0x00, 0x00, 0x00, 0x00, 0x00, 0x00, 0x00, 0x00, 0x00,
    0x00, 0x00, 0x00, 0x00, 0x00, 0x00, 0x00, 0x00, 0x00, 0x00, 0x00, 0x00, 0x00, 0x00, 0x00, 0x00,
    0x00, 0x00, 0x00, 0x00, 0x00, 0x00, 0x00, 0x00, 0x00, 0x00, 0x00, 0x00, 0x00, 0x00, 0x00, 0x00,
    0x00, 0x00, 0x00, 0x00, 0x00, 0x00, 0x00, 0x00, 0x00, 0x00, 0x00, 0x00, 0x00, 0x00, 0x00, 0x00,
    0x00, 0x00, 0x00, 0x00, 0x00, 0x00, 0x00, 0x00, 0x00, 0x00, 0x00, 0x00, 0x00, 0x00, 0x00, 0x00,
    0x00, 0x00, 0x00, 0x00, 0x00, 0x00, 0x00, 0x00, 0x00, 0x00, 0x00, 0x00, 0x00, 0x00, 0x00, 0x00,
    0x00, 0x00, 0x00, 0x00, 0x00, 0x00, 0x00, 0x00, 0x00, 0x00, 0x00, 0x00, 0x00, 0x00, 0x00, 0x00,
    0x00, 0x00, 0x00, 0x00, 0x00, 0x00, 0x00, 0x00, 0x00, 0x00, 0x00, 0x00, 0x00, 0x00, 0x00, 0x00,
    0x00, 0x00, 0x00, 0x00, 0x00, 0x00, 0x00, 0x00, 0x00, 0x00, 0x00, 0x00, 0x00, 0x00, 0x00, 0x00,
    0x00, 0x00, 0x00, 0x00, 0x00, 0x00, 0x00, 0x00, 0x00, 0x00, 0x00, 0x00, 0x00, 0x00, 0x00, 0x00,
    0x00, 0x00, 0x00, 0x00, 0x00, 0x00, 0x00, 0x00, 0x00, 0x00, 0x00, 0x00, 0x00, 0x00, 0x00, 0x00,
    0x00, 0x00, 0x00, 0x00, 0x00, 0x00, 0x00, 0x00, 0x00, 0x00, 0x00, 0x00, 0x00, 0x00, 0x00, 0x00,
    0x00, 0x00, 0x00, 0x00, 0x00, 0x00, 0x00, 0x00, 0x00, 0x00, 0x00, 0x00, 0x00, 0x00, 0x00, 0x00,
    0x00, 0x00, 0x00, 0x00, 0x00, 0x00, 0x00, 0x00, 0x00, 0x00, 0x00, 0x00, 0x00, 0x00, 0x00, 0x00,
    0x00, 0x00, 0x00, 0x00, 0x00, 0x00, 0x00, 0x00, 0x00, 0x00, 0x00, 0x00, 0x00, 0x00, 0x00, 0x00,
    0x00, 0x00, 0x00, 0x00, 0x00, 0x00, 0x00, 0x00, 0x00, 0x00, 0x00, 0x00, 0x00, 0x00, 0x00, 0x00,
    0x00, 0x00, 0x00, 0x00, 0x00, 0x00, 0x00, 0x00, 0x00, 0x00, 0x00, 0x00, 0x00, 0x00, 0x00, 0x00,
    0x00, 0x00, 0x00, 0x00, 0x00, 0x00, 0x00, 0x00, 0x00, 0x00, 0x00, 0x00, 0x00, 0x00, 0x00, 0x00,
    0x00, 0x00, 0x00, 0x00, 0x00, 0x00, 0x00, 0x00, 0x00, 0x00, 0x00, 0x00, 0x00, 0x00, 0x00, 0x00,
    0x00, 0x00, 0x00, 0x00, 0x00, 0x00, 0x00, 0x00, 0x00, 0x00, 0x00, 0x00, 0x00, 0x00, 0x00, 0x00,
    0x00, 0x00, 0x00, 0x00, 0x00, 0x00, 0x00, 0x00, 0x00, 0x00, 0x00, 0x00, 0x00, 0x00, 0x00, 0x00,
    0x00, 0x00, 0x00, 0x00, 0x00, 0x00, 0x00, 0x00, 0x00, 0x00, 0x00, 0x00, 0x00, 0x00, 0x00, 0x00,
    0x00, 0x00, 0x00, 0x00, 0x00, 0x00, 0x00, 0x00, 0x00, 0x00, 0x00, 0x00, 0x00, 0x00, 0x00, 0x00,
    0x00, 0x00, 0x00, 0x00, 0x00, 0x00, 0x00, 0x00, 0x00, 0x00, 0x00, 0x00, 0x00, 0x00, 0x00, 0x00,
    0x00, 0x00, 0x00, 0x00, 0x00, 0x00, 0x00, 0x00, 0x00, 0x00, 0x00, 0x00, 0x00, 0x00, 0x00, 0x00,
    0x00, 0x00, 0x00, 0x00, 0x00, 0x00, 0x00, 0x00, 0x00, 0x00, 0x00, 0x00, 0x00, 0x00, 0x00, 0x00,
    0x00, 0x00, 0x00, 0x00, 0x00, 0x00, 0x00, 0x00, 0x00, 0x00, 0x00, 0x00, 0x00, 0x00, 0x00, 0x00,
    0x00, 0x00, 0x00, 0x00, 0x00, 0x00, 0x00, 0x00, 0x00, 0x00, 0x00, 0x00, 0x00, 0x00, 0x00, 0x00,
    0x00, 0x00, 0x00, 0x00, 0x00, 0x00, 0x00, 0x00, 0x00, 0x00, 0x00, 0x00, 0x00, 0x00, 0x00, 0x00,
    0x00, 0x00, 0x00, 0x00, 0x00, 0x00, 0x00, 0x00, 0x00, 0x00, 0x00, 0x00, 0x00, 0x00, 0x00, 0x00,
    0x00, 0x00, 0x00, 0x00, 0x00, 0x00, 0x00, 0x00, 0x00, 0x00, 0x00, 0x00, 0x00, 0x00, 0x00, 0x00,
    0x00, 0x00, 0x00, 0x00, 0x00, 0x00, 0x00, 0x00, 0x00, 0x00, 0x00, 0x00, 0x00, 0x00, 0x00, 0x00,
    0x00, 0x00, 0x00, 0x00, 0x00, 0x00, 0x00, 0x00, 0x00, 0x00, 0x00, 0x00, 0x00, 0x00, 0x00, 0x00,
    0x00, 0x00, 0x00, 0x00, 0x00, 0x00, 0x00, 0x00, 0x00, 0x00, 0x00, 0x00, 0x00, 0x00, 0x00, 0x00,
    0x00, 0x00, 0x00, 0x00, 0x00, 0x00, 0x00, 0x00, 0x00, 0x00, 0x00, 0x00, 0x00, 0x00, 0x00, 0x00,
    0x00, 0x00, 0x00, 0x00, 0x00, 0x00, 0x00, 0x00, 0x00, 0x00, 0x00, 0x00, 0x00, 0x00, 0x00, 0x00,
    0x00, 0x00, 0x00, 0x00, 0x00, 0x00, 0x00, 0x00, 0x00, 0x00, 0x00, 0x00, 0x00, 0x00, 0x00, 0x00,
    0x00, 0x00, 0x00, 0x00, 0x00, 0x00, 0x00, 0x00, 0x00, 0x00, 0x00, 0x00, 0x00, 0x00, 0x00, 0x00,
    0x00, 0x00, 0x00, 0x00, 0x00, 0x00, 0x00, 0x00, 0x00, 0x00, 0x00, 0x00, 0x00, 0x00, 0x00, 0x00,
    0x00, 0x00, 0x00, 0x00, 0x00, 0x00, 0x00, 0x00, 0x00, 0x00, 0x00, 0x00, 0x00, 0x00, 0x00, 0x00,
    0x00, 0x00, 0x00, 0x00, 0x00, 0x00, 0x00, 0x00, 0x00, 0x00, 0x00, 0x00, 0x00, 0x00, 0x00, 0x00,
    0x00, 0x00, 0x00, 0x00, 0x00, 0x00, 0x00, 0x00, 0x00, 0x00, 0x00, 0x00, 0x00, 0x00, 0x00, 0x00,
    0x00, 0x00, 0x00, 0x00, 0x00, 0x00, 0x00, 0x00, 0x00, 0x00, 0x00, 0x00, 0x00, 0x00, 0x00, 0x00,
    0x00, 0x00, 0x00, 0x00, 0x00, 0x00, 0x00, 0x00, 0x00, 0x00, 0x00, 0x00, 0x00, 0x00, 0x00, 0x00,
    0x00, 0x00, 0x00, 0x00, 0x00, 0x00, 0x00, 0x00, 0x00, 0x00, 0x00, 0x00, 0x00, 0x00, 0x00, 0x00,
    0x00, 0x00, 0x00, 0x00, 0x00, 0x00, 0x00, 0x00, 0x00, 0x00, 0x00, 0x00, 0x00, 0x00, 0x00, 0x00,
    0x00, 0x00, 0x00, 0x00, 0x00, 0x00, 0x00, 0x00, 0x00, 0x00, 0x00, 0x00, 0x00, 0x00, 0x00, 0x00,
    0x00, 0x00, 0x00, 0x00, 0x00, 0x00, 0x00, 0x00, 0x00, 0x00, 0x00, 0x00, 0x00, 0x00, 0x00, 0x00,
    0x00, 0x00, 0x00, 0x00, 0x00, 0x00, 0x00, 0x00, 0x00, 0x00, 0x00, 0x00, 0x00, 0x00, 0x00, 0x00,
    0x00, 0x00, 0x00, 0x00, 0x00, 0x00, 0x00, 0x00, 0x00, 0x00, 0x00, 0x00, 0x00, 0x00, 0x00, 0x00,
    0x00, 0x00, 0x00, 0x00, 0x00, 0x00, 0x00, 0x00, 0x00, 0x00, 0x00, 0x00, 0x00, 0x00, 0x00, 0x00,
    0x00, 0x00, 0x00, 0x00, 0x00, 0x00, 0x00, 0x00, 0x00, 0x00, 0x00, 0x00, 0x00, 0x00, 0x00, 0x00,
    0x00, 0x00, 0x00, 0x00, 0x00, 0x00, 0x00, 0x00, 0x00, 0x00, 0x00, 0x00, 0x00, 0x00, 0x00, 0x00,
    0x00, 0x00, 0x00, 0x00, 0x00, 0x00, 0x00, 0x00, 0x00, 0x00, 0x00, 0x00, 0x00, 0x00, 0x00, 0x00,
    0x00, 0x00, 0x00, 0x00, 0x00, 0x00, 0x00, 0x00, 0x00, 0x00, 0x00, 0x00, 0x00, 0x00, 0x00, 0x00,
    0x00, 0x00, 0x00, 0x00, 0x00, 0x00, 0x00, 0x00, 0x00, 0x00, 0x00, 0x00, 0x00, 0x00, 0x00, 0x00,
    0x00, 0x00, 0x00, 0x00, 0x00, 0x00, 0x00, 0x00, 0x00, 0x00, 0x00, 0x00, 0x00, 0x00, 0x00, 0x00,
    0x00, 0x00, 0x00, 0x00, 0x00, 0x00, 0x00, 0x00, 0x00, 0x00, 0x00, 0x00, 0x00, 0x00, 0x00, 0x00,
    0x00, 0x00, 0x00, 0x00, 0x00, 0x00, 0x00, 0x00, 0x00, 0x00, 0x00, 0x00, 0x00, 0x00, 0x00, 0x00,
    0x00, 0x00, 0x00, 0x00, 0x00, 0x00, 0x00, 0x00, 0x00, 0x00, 0x00, 0x00, 0x00, 0x00, 0x00, 0x00,
    0x00, 0x00, 0x00, 0x00, 0x00, 0x00, 0x00, 0x00, 0x00, 0x00, 0x00, 0x00, 0x00, 0x00, 0x00, 0x00,
    0x00, 0x00, 0x00, 0x00, 0x00, 0x00, 0x00, 0x00, 0x00, 0x00, 0x00, 0x00, 0x00, 0x00, 0x00, 0x00,
    0x00, 0x00, 0x00, 0x00, 0x00, 0x00, 0x00, 0x00, 0x00, 0x00, 0x00, 0x00, 0x00, 0x00, 0x00, 0x00,
    0x00, 0x00, 0x00, 0x00, 0x00, 0x00, 0x00, 0x00, 0x00, 0x00, 0x00, 0x00, 0x00, 0x00, 0x00, 0x00,
    0x00, 0x00, 0x00, 0x00, 0x00, 0x00, 0x00, 0x00, 0x00, 0x00, 0x00, 0x00, 0x00, 0x00, 0x00, 0x00,
    0x00, 0x00, 0x00, 0x00, 0x00, 0x00, 0x00, 0x00, 0x00, 0x00, 0x00, 0x00, 0x00, 0x00, 0x00, 0x00,
    0x00, 0x00, 0x00, 0x00, 0x00, 0x00, 0x00, 0x00, 0x00, 0x00, 0x00, 0x00, 0x00, 0x00, 0x00, 0x00,
    0x00, 0x00, 0x00, 0x00, 0x00, 0x00, 0x00, 0x00, 0x00, 0x00, 0x00, 0x00, 0x00, 0x00, 0x00, 0x00,
    0x00, 0x00, 0x00, 0x00, 0x00, 0x00, 0x00, 0x00, 0x00, 0x00, 0x00, 0x00, 0x00, 0x00, 0x00, 0x00,
    0x00, 0x00, 0x00, 0x00, 0x00, 0x00, 0x00, 0x00, 0x00, 0x00, 0x00, 0x00, 0x00, 0x00, 0x00, 0x00,
    0x00, 0x00, 0x00, 0x00, 0x00, 0x00, 0x00, 0x00, 0x00, 0x00, 0x00, 0x00, 0x00, 0x00, 0x00, 0x00,
    0x00, 0x00, 0x00, 0x00, 0x00, 0x00, 0x00, 0x00, 0x00, 0x00, 0x00, 0x00, 0x00, 0x00, 0x00, 0x00,
    0x00, 0x00, 0x00, 0x00, 0x00, 0x00, 0x00, 0x00, 0x00, 0x00, 0x00, 0x00, 0x00, 0x00, 0x00, 0x00,
    0x00, 0x00, 0x00, 0x00, 0x00, 0x00, 0x00, 0x00, 0x00, 0x00, 0x00, 0x00, 0x00, 0x00, 0x00, 0x00,
    0x00, 0x00, 0x00, 0x00, 0x00, 0x00, 0x00, 0x00, 0x00, 0x00, 0x00, 0x00, 0x00, 0x00, 0x00, 0x00,
    0x00, 0x00, 0x00, 0x00, 0x00, 0x00, 0x00, 0x00, 0x00, 0x00, 0x00, 0x00, 0x00, 0x00, 0x00, 0x00,
    0x00, 0x00, 0x00, 0x00, 0x00, 0x00, 0x00, 0x00, 0x00, 0x00, 0x00, 0x00, 0x00, 0x00, 0x00, 0x00,
    0x00, 0x00, 0x00, 0x00, 0x00, 0x00, 0x00, 0x00, 0x00, 0x00, 0x00, 0x00, 0x00, 0x00, 0x00, 0x00,
    0x00, 0x00, 0x00, 0x00, 0x00, 0x00, 0x00, 0x00, 0x00, 0x00, 0x00, 0x00, 0x00, 0x00, 0x00, 0x00,
    0x00, 0x00, 0x00, 0x00, 0x00, 0x00, 0x00, 0x00, 0x00, 0x00, 0x00, 0x00, 0x00, 0x00, 0x00, 0x00,
    0x00, 0x00, 0x00, 0x00, 0x00, 0x00, 0x00, 0x00, 0x00, 0x00, 0x00, 0x00, 0x00, 0x00, 0x00, 0x00,
    0x00, 0x00, 0x00, 0x00, 0x00, 0x00, 0x00, 0x00, 0x00, 0x00, 0x00, 0x00, 0x00, 0x00, 0x00, 0x00,
    0x00, 0x00, 0x00, 0x00, 0x00, 0x00, 0x00, 0x00, 0x00, 0x00, 0x00, 0x00, 0x00, 0x00, 0x00, 0x00,
    0x00, 0x00, 0x00, 0x00, 0x00, 0x00, 0x00, 0x00, 0x00, 0x00, 0x00, 0x00, 0x00, 0x00, 0x00, 0x00,
    0x00, 0x00, 0x00, 0x00, 0x00, 0x00, 0x00, 0x00, 0x00, 0x00, 0x00, 0x00, 0x00, 0x00, 0x00, 0x00,
    0x00, 0x00, 0x00, 0x00, 0x00, 0x00, 0x00, 0x00, 0x00, 0x00, 0x00, 0x00, 0x00, 0x00, 0x00, 0x00,
    0x00, 0x00, 0x00, 0x00, 0x00, 0x00, 0x00, 0x00, 0x00, 0x00, 0x00, 0x00, 0x00, 0x00, 0x00, 0x00,
    0x00, 0x00, 0x00, 0x00, 0x00, 0x00, 0x00, 0x00, 0x00, 0x00, 0x00, 0x00, 0x00, 0x00, 0x00, 0x00,
    0x00, 0x00, 0x00, 0x00, 0x00, 0x00, 0x00, 0x00, 0x00, 0x00, 0x00, 0x00, 0x00, 0x00, 0x00, 0x00,
    0x00, 0x00, 0x00, 0x00, 0x00, 0x00, 0x00, 0x00, 0x00, 0x00, 0x00, 0x00, 0x00, 0x00, 0x00, 0x00,
    0x00, 0x00, 0x00, 0x00, 0x00, 0x00, 0x00, 0x00, 0x00, 0x00, 0x00, 0x00, 0x00, 0x00, 0x00, 0x00,
    0x00, 0x00, 0x00, 0x00, 0x00, 0x00, 0x00, 0x00, 0x00, 0x00, 0x00, 0x00, 0x00, 0x00, 0x00, 0x00,
    0x00, 0x00, 0x00, 0x00, 0x00, 0x00, 0x00, 0x00, 0x00, 0x00, 0x00, 0x00, 0x00, 0x00, 0x00, 0x00,
    0x00, 0x00, 0x00, 0x00, 0x00, 0x00, 0x00, 0x00, 0x00, 0x00, 0x00, 0x00, 0x00, 0x00, 0x00, 0x00,
    0x00, 0x00, 0x00, 0x00, 0x00, 0x00, 0x00, 0x00, 0x00, 0x00, 0x00, 0x00, 0x00, 0x00, 0x00, 0x00,
    0x00, 0x00, 0x00, 0x00, 0x00, 0x00, 0x00, 0x00, 0x00, 0x00, 0x00, 0x00, 0x00, 0x00, 0x00, 0x00,
    0x00, 0x00, 0x00, 0x00, 0x00, 0x00, 0x00, 0x00, 0x00, 0x00, 0x00, 0x00, 0x00, 0x00, 0x00, 0x00,
    0x00, 0x00, 0x00, 0x00, 0x00, 0x00, 0x00, 0x00, 0x00, 0x00, 0x00, 0x00, 0x00, 0x00, 0x00, 0x00,
    0x00, 0x00, 0x00, 0x00, 0x00, 0x00, 0x00, 0x00, 0x00, 0x00, 0x00, 0x00, 0x00, 0x00, 0x00, 0x00,
    0x00, 0x00, 0x00, 0x00, 0x00, 0x00, 0x00, 0x00, 0x00, 0x00, 0x00, 0x00, 0x00, 0x00, 0x00, 0x00,
    0x00, 0x00, 0x00, 0x00, 0x00, 0x00, 0x00, 0x00, 0x00, 0x00, 0x00, 0x00, 0x00, 0x00, 0x00, 0x00,
    0x00, 0x00, 0x00, 0x00, 0x00, 0x00, 0x00, 0x00, 0x00, 0x00, 0x00, 0x00, 0x00, 0x00, 0x00, 0x00,
    0x00, 0x00, 0x00, 0x00, 0x00, 0x00, 0x00, 0x00, 0x00, 0x00, 0x00, 0x00, 0x00, 0x00, 0x00, 0x00,
    0x00, 0x00, 0x00, 0x00, 0x00, 0x00, 0x00, 0x00, 0x00, 0x00, 0x00, 0x00, 0x00, 0x00, 0x00, 0x00,
    0x00, 0x00, 0x00, 0x00, 0x00, 0x00, 0x00, 0x00, 0x00, 0x00, 0x00, 0x00, 0x00, 0x00, 0x00, 0x00,
    0x00, 0x00, 0x00, 0x00, 0x00, 0x00, 0x00, 0x00, 0x00, 0x00, 0x00, 0x00, 0x00, 0x00, 0x00, 0x00,
    0x00, 0x00, 0x00, 0x00, 0x00, 0x00, 0x00, 0x00, 0x00, 0x00, 0x00, 0x00, 0x00, 0x00, 0x00, 0x00,
    0x00, 0x00, 0x00, 0x00, 0x00, 0x00, 0x00, 0x00, 0x00, 0x00, 0x00, 0x00, 0x00, 0x00, 0x00, 0x00,
    0x00, 0x00, 0x00, 0x00, 0x00, 0x00, 0x00, 0x00, 0x00, 0x00, 0x00, 0x00, 0x00, 0x00, 0x00, 0x00,
    0x00, 0x00, 0x00, 0x00, 0x00, 0x00, 0x00, 0x00, 0x00, 0x00, 0x00, 0x00, 0x00, 0x00, 0x00, 0x00,
    0x00, 0x00, 0x00, 0x00, 0x00, 0x00, 0x00, 0x00, 0x00, 0x00, 0x00, 0x00, 0x00, 0x00, 0x00, 0x00,
    0x00, 0x00, 0x00, 0x00, 0x00, 0x00, 0x00, 0x00, 0x00, 0x00, 0x00, 0x00, 0x00, 0x00, 0x00, 0x00,
    0x00, 0x00, 0x00, 0x00, 0x00, 0x00, 0x00, 0x00, 0x00, 0x00, 0x00, 0x00, 0x00, 0x00, 0x00, 0x00,
    0x00, 0x00, 0x00, 0x00, 0x00, 0x00, 0x00, 0x00, 0x00, 0x00, 0x00, 0x00, 0x00, 0x00, 0x00, 0x00,
    0x00, 0x00, 0x00, 0x00, 0x00, 0x00, 0x00, 0x00, 0x00, 0x00, 0x00, 0x00, 0x00, 0x00, 0x00, 0x00,
    0x00, 0x00, 0x00, 0x00, 0x00, 0x00, 0x00, 0x00, 0x00, 0x00, 0x00, 0x00, 0x00, 0x00, 0x00, 0x00,
    0x00, 0x00, 0x00, 0x00, 0x00, 0x00, 0x00, 0x00, 0x00, 0x00, 0x00, 0x00, 0x00, 0x00, 0x00, 0x00,
    0x00, 0x00, 0x00, 0x00, 0x00, 0x00, 0x00, 0x00, 0x00, 0x00, 0x00, 0x00, 0x00, 0x00, 0x00, 0x00,
    0x00, 0x00, 0x00, 0x00, 0x00, 0x00, 0x00, 0x00, 0x00, 0x00, 0x00, 0x00, 0x00, 0x00, 0x00, 0x00,
    0x00, 0x00, 0x00, 0x00, 0x00, 0x00, 0x00, 0x00, 0x00, 0x00, 0x00, 0x00, 0x00, 0x00, 0x00, 0x00,
    0x00, 0x00, 0x00, 0x00, 0x00, 0x00, 0x00, 0x00, 0x00, 0x00, 0x00, 0x00, 0x00, 0x00, 0x00, 0x00,
    0x00, 0x00, 0x00, 0x00, 0x00, 0x00, 0x00, 0x00, 0x00, 0x00, 0x00, 0x00, 0x00, 0x00, 0x00, 0x00,
    0x00, 0x00, 0x00, 0x00, 0x00, 0x00, 0x00, 0x00, 0x00, 0x00, 0x00, 0x00, 0x00, 0x00, 0x00, 0x00,
    0x00, 0x00, 0x00, 0x00, 0x00, 0x00, 0x00, 0x00, 0x00, 0x00, 0x00, 0x00, 0x00, 0x00, 0x00, 0x00,
    0x00, 0x00, 0x00, 0x00, 0x00, 0x00, 0x00, 0x00, 0x00, 0x00, 0x00, 0x00, 0x00, 0x00, 0x00, 0x00,
    0x00, 0x00, 0x00, 0x00, 0x00, 0x00, 0x00, 0x00, 0x00, 0x00, 0x00, 0x00, 0x00, 0x00, 0x00, 0x00,
    0x00, 0x00, 0x00, 0x00, 0x00, 0x00, 0x00, 0x00, 0x00, 0x00, 0x00, 0x00, 0x00, 0x00, 0x00, 0x00,
    0x00, 0x00, 0x00, 0x00, 0x00, 0x00, 0x00, 0x00, 0x00, 0x00, 0x00, 0x00, 0x00, 0x00, 0x00, 0x00,
    0x00, 0x00, 0x00, 0x00, 0x00, 0x00, 0x00, 0x00, 0x00, 0x00, 0x00, 0x00, 0x00, 0x00, 0x00, 0x00,
    0x00, 0x00, 0x00, 0x00, 0x00, 0x00, 0x00, 0x00, 0x00, 0x00, 0x00, 0x00, 0x00, 0x00, 0x00, 0x00,
    0x00, 0x00, 0x00, 0x00, 0x00, 0x00, 0x00, 0x00, 0x00, 0x00, 0x00, 0x00, 0x00, 0x00, 0x00, 0x00,
    0x00, 0x00, 0x00, 0x00, 0x00, 0x00, 0x00, 0x00, 0x00, 0x00, 0x00, 0x00, 0x00, 0x00, 0x00, 0x00,
    0x00, 0x00, 0x00, 0x00, 0x00, 0x00, 0x00, 0x00, 0x00, 0x00, 0x00, 0x00, 0x00, 0x00, 0x00, 0x00,
    0x00, 0x00, 0x00, 0x00, 0x00, 0x00, 0x00, 0x00, 0x00, 0x00, 0x00, 0x00, 0x00, 0x00, 0x00, 0x00,
    0x00, 0x00, 0x00, 0x00, 0x00, 0x00, 0x00, 0x00, 0x00, 0x00, 0x00, 0x00, 0x00, 0x00, 0x00, 0x00,
    0x00, 0x00, 0x00, 0x00, 0x00, 0x00, 0x00, 0x00, 0x00, 0x00, 0x00, 0x00, 0x00, 0x00, 0x00, 0x00,
    0x00, 0x00, 0x00, 0x00, 0x00, 0x00, 0x00, 0x00, 0x00, 0x00, 0x00, 0x00, 0x00, 0x00, 0x00, 0x00,
    0x00, 0x00, 0x00, 0x00, 0x00, 0x00, 0x00, 0x00, 0x00, 0x00, 0x00, 0x00, 0x00, 0x00, 0x00, 0x00,
    0x00, 0x00, 0x00, 0x00, 0x00, 0x00, 0x00, 0x00, 0x00, 0x00, 0x00, 0x00, 0x00, 0x00, 0x00, 0x00,
    0x00, 0x00, 0x00, 0x00, 0x00, 0x00, 0x00, 0x00, 0x00, 0x00, 0x00, 0x00, 0x00, 0x00, 0x00, 0x00,
    0x00, 0x00, 0x00, 0x00, 0x00, 0x00, 0x00, 0x00, 0x00, 0x00, 0x00, 0x00, 0x00, 0x00, 0x00, 0x00,
    0x00, 0x00, 0x00, 0x00, 0x00, 0x00, 0x00, 0x00, 0x00, 0x00, 0x00, 0x00, 0x00, 0x00, 0x00, 0x00,
    0x00, 0x00, 0x00, 0x00, 0x00, 0x00, 0x00, 0x00, 0x00, 0x00, 0x00, 0x00, 0x00, 0x00, 0x00, 0x00,
    0x00, 0x00, 0x00, 0x00, 0x00, 0x00, 0x00, 0x00, 0x00, 0x00, 0x00, 0x00, 0x00, 0x00, 0x00, 0x00,
    0x00, 0x00, 0x00, 0x00, 0x00, 0x00, 0x00, 0x00, 0x00, 0x00, 0x00, 0x00, 0x00, 0x00, 0x00, 0x00,
    0x00, 0x00, 0x00, 0x00, 0x00, 0x00, 0x00, 0x00, 0x00, 0x00, 0x00, 0x00, 0x00, 0x00, 0x00, 0x00,
    0x00, 0x00, 0x00, 0x00, 0x00, 0x00, 0x00, 0x00, 0x00, 0x00, 0x00, 0x00, 0x00, 0x00, 0x00, 0x00,
    0x00, 0x00, 0x00, 0x00, 0x00, 0x00, 0x00, 0x00, 0x00, 0x00, 0x00, 0x00, 0x00, 0x00, 0x00, 0x00,
    0x00, 0x00, 0x00, 0x00, 0x00, 0x00, 0x00, 0x00, 0x00, 0x00, 0x00, 0x00, 0x00, 0x00, 0x00, 0x00,
    0x00, 0x00, 0x00, 0x00, 0x00, 0x00, 0x00, 0x00, 0x00, 0x00, 0x00, 0x00, 0x00, 0x00, 0x00, 0x00,
    0x00, 0x00, 0x00, 0x00, 0x00, 0x00, 0x00, 0x00, 0x00, 0x00, 0x00, 0x00, 0x00, 0x00, 0x00, 0x00,
    0x00, 0x00, 0x00, 0x00, 0x00, 0x00, 0x00, 0x00, 0x00, 0x00, 0x00, 0x00, 0x00, 0x00, 0x00, 0x00,
    0x00, 0x00, 0x00, 0x00, 0x00, 0x00, 0x00, 0x00, 0x00, 0x00, 0x00, 0x00, 0x00, 0x00, 0x00, 0x00,
    0x00, 0x00, 0x00, 0x00, 0x00, 0x00, 0x00, 0x00, 0x00, 0x00, 0x00, 0x00, 0x00, 0x00, 0x00, 0x00,
    0x00, 0x00, 0x00, 0x00, 0x00, 0x00, 0x00, 0x00, 0x00, 0x00, 0x00, 0x00, 0x00, 0x00, 0x00, 0x00,
    0x00, 0x00, 0x00, 0x00, 0x00, 0x00, 0x00, 0x00, 0x00, 0x00, 0x00, 0x00, 0x00, 0x00, 0x00, 0x00,
    0x00, 0x00, 0x00, 0x00, 0x00, 0x00, 0x00, 0x00, 0x00, 0x00, 0x00, 0x00, 0x00, 0x00, 0x00, 0x00,
    0x00, 0x00, 0x00, 0x00, 0x00, 0x00, 0x00, 0x00, 0x00, 0x00, 0x00, 0x00, 0x00, 0x00, 0x00, 0x00,
    0x00, 0x00, 0x00, 0x00, 0x00, 0x00, 0x00, 0x00, 0x00, 0x00, 0x00, 0x00, 0x00, 0x00, 0x00, 0x00,
    0x00, 0x00, 0x00, 0x00, 0x00, 0x00, 0x00, 0x00, 0x00, 0x00, 0x00, 0x00, 0x00, 0x00, 0x00, 0x00,
    0x00, 0x00, 0x00, 0x00, 0x00, 0x00, 0x00, 0x00, 0x00, 0x00, 0x00, 0x00, 0x00, 0x00, 0x00, 0x00,
    0x00, 0x00, 0x00, 0x00, 0x00, 0x00, 0x00, 0x00, 0x00, 0x00, 0x00, 0x00, 0x00, 0x00, 0x00, 0x00,
    0x00, 0x00, 0x00, 0x00, 0x00, 0x00, 0x00, 0x00, 0x00, 0x00, 0x00, 0x00, 0x00, 0x00, 0x00, 0x00,
    0x00, 0x00, 0x00, 0x00, 0x00, 0x00, 0x00, 0x00, 0x00, 0x00, 0x00, 0x00, 0x00, 0x00, 0x00, 0x00,
    0x00, 0x00, 0x00, 0x00, 0x00, 0x00, 0x00, 0x00, 0x00, 0x00, 0x00, 0x00, 0x00, 0x00, 0x00, 0x00,
    0x00, 0x00, 0x00, 0x00, 0x00, 0x00, 0x00, 0x00, 0x00, 0x00, 0x00, 0x00, 0x00, 0x00, 0x00, 0x00,
    0x00, 0x00, 0x00, 0x00, 0x00, 0x00, 0x00, 0x00, 0x00, 0x00, 0x00, 0x00, 0x00, 0x00, 0x00, 0x00,
    0x00, 0x00, 0x00, 0x00, 0x00, 0x00, 0x00, 0x00, 0x00, 0x00, 0x00, 0x00, 0x00, 0x00, 0x00, 0x00,
    0x00, 0x00, 0x00, 0x00, 0x00, 0x00, 0x00, 0x00, 0x00, 0x00, 0x00, 0x00, 0x00, 0x00, 0x00, 0x00,
    0x00, 0x00, 0x00, 0x00, 0x00, 0x00, 0x00, 0x00, 0x00, 0x00, 0x00, 0x00, 0x00, 0x00, 0x00, 0x00,
    0x00, 0x00, 0x00, 0x00, 0x00, 0x00, 0x00, 0x00, 0x00, 0x00, 0x00, 0x00, 0x00, 0x00, 0x00, 0x00,
    0x00, 0x00, 0x00, 0x00, 0x00, 0x00, 0x00, 0x00, 0x00, 0x00, 0x00, 0x00, 0x00, 0x00, 0x00, 0x00,
    0x00, 0x00, 0x00, 0x00, 0x00, 0x00, 0x00, 0x00, 0x00, 0x00, 0x00, 0x00, 0x00, 0x00, 0x00, 0x00,
    0x00, 0x00, 0x00, 0x00, 0x00, 0x00, 0x00, 0x00, 0x00, 0x00, 0x00, 0x00, 0x00, 0x00, 0x00, 0x00,
    0x00, 0x00, 0x00, 0x00, 0x00, 0x00, 0x00, 0x00, 0x00, 0x00, 0x00, 0x00, 0x00, 0x00, 0x00, 0x00,
    0x00, 0x00, 0x00, 0x00, 0x00, 0x00, 0x00, 0x00, 0x00, 0x00, 0x00, 0x00, 0x00, 0x00, 0x00, 0x00,
    0x00, 0x00, 0x00, 0x00, 0x00, 0x00, 0x00, 0x00, 0x00, 0x00, 0x00, 0x00, 0x00, 0x00, 0x00, 0x00,
    0x00, 0x00, 0x00, 0x00, 0x00, 0x00, 0x00, 0x00, 0x00, 0x00, 0x00, 0x00, 0x00, 0x00, 0x00, 0x00,
    0x00, 0x00, 0x00, 0x00, 0x00, 0x00, 0x00, 0x00, 0x00, 0x00, 0x00, 0x00, 0x00, 0x00, 0x00, 0x00,
    0x00, 0x00, 0x00, 0x00, 0x00, 0x00, 0x00, 0x00, 0x00, 0x00, 0x00, 0x00, 0x00, 0x00, 0x00, 0x00,
    0x00, 0x00, 0x00, 0x00, 0x00, 0x00, 0x00, 0x00, 0x00, 0x00, 0x00, 0x00, 0x00, 0x00, 0x00, 0x00,
    0x00, 0x00, 0x00, 0x00, 0x00, 0x00, 0x00, 0x00, 0x00, 0x00, 0x00, 0x00, 0x00, 0x00, 0x00, 0x00,
    0x00, 0x00, 0x00, 0x00, 0x00, 0x00, 0x00, 0x00, 0x00, 0x00, 0x00, 0x00, 0x00, 0x00, 0x00, 0x00,
    0x00, 0x00, 0x00, 0x00, 0x00, 0x00, 0x00, 0x00, 0x00, 0x00, 0x00, 0x00, 0x00, 0x00, 0x00, 0x00,
    0x00, 0x00, 0x00, 0x00, 0x00, 0x00, 0x00, 0x00, 0x00, 0x00, 0x00, 0x00, 0x00, 0x00, 0x00, 0x00,
    0x00, 0x00, 0x00, 0x00, 0x00, 0x00, 0x00, 0x00, 0x00, 0x00, 0x00, 0x00, 0x00, 0x00, 0x00, 0x00,
    0x00, 0x00, 0x00, 0x00, 0x00, 0x00, 0x00, 0x00, 0x00, 0x00, 0x00, 0x00, 0x00, 0x00, 0x00, 0x00,
    0x00, 0x00, 0x00, 0x00, 0x00, 0x00, 0x00, 0x00, 0x00, 0x00, 0x00, 0x00, 0x00, 0x00, 0x00, 0x00,
    0x00, 0x00, 0x00, 0x00, 0x00, 0x00, 0x00, 0x00, 0x00, 0x00, 0x00, 0x00, 0x00, 0x00, 0x00, 0x00,
    0x00, 0x00, 0x00, 0x00, 0x00, 0x00, 0x00, 0x00, 0x00, 0x00, 0x00, 0x00, 0x00, 0x00, 0x00, 0x00,
    0x00, 0x00, 0x00, 0x00, 0x00, 0x00, 0x00, 0x00, 0x00, 0x00, 0x00, 0x00, 0x00, 0x00, 0x00, 0x00,
    0x00, 0x00, 0x00, 0x00, 0x00, 0x00, 0x00, 0x00, 0x00, 0x00, 0x00, 0x00, 0x00, 0x00, 0x00, 0x00,
    0x00, 0x00, 0x00, 0x00, 0x00, 0x00, 0x00, 0x00, 0x00, 0x00, 0x00, 0x00, 0x00, 0x00, 0x00, 0x00,
    0x00, 0x00, 0x00, 0x00, 0x00, 0x00, 0x00, 0x00, 0x00, 0x00, 0x00, 0x00, 0x00, 0x00, 0x00, 0x00,
    0x00, 0x00, 0x00, 0x00, 0x00, 0x00, 0x00, 0x00, 0x00, 0x00, 0x00, 0x00, 0x00, 0x00, 0x00, 0x00,
    0x00, 0x00, 0x00, 0x00, 0x00, 0x00, 0x00, 0x00, 0x00, 0x00, 0x00, 0x00, 0x00, 0x00, 0x00, 0x00,
    0x00, 0x00, 0x00, 0x00, 0x00, 0x00, 0x00, 0x00, 0x00, 0x00, 0x00, 0x00, 0x00, 0x00, 0x00, 0x00,
    0x00, 0x00, 0x00, 0x00, 0x00, 0x00, 0x00, 0x00, 0x00, 0x00, 0x00, 0x00, 0x00, 0x00, 0x00, 0x00,
    0x00, 0x00, 0x00, 0x00, 0x00, 0x00, 0x00, 0x00, 0x00, 0x00, 0x00, 0x00, 0x00, 0x00, 0x00, 0x00,
    0x00, 0x00, 0x00, 0x00, 0x00, 0x00, 0x00, 0x00, 0x00, 0x00, 0x00, 0x00, 0x00, 0x00, 0x00, 0x00,
    0x00, 0x00, 0x00, 0x00, 0x00, 0x00, 0x00, 0x00, 0x00, 0x00, 0x00, 0x00, 0x00, 0x00, 0x00, 0x00,
    0x00, 0x00, 0x00, 0x00, 0x00, 0x00, 0x00, 0x00, 0x00, 0x00, 0x00, 0x00, 0x00, 0x00, 0x00, 0x00,
    0x00, 0x00, 0x00, 0x00, 0x00, 0x00, 0x00, 0x00, 0x00, 0x00, 0x00, 0x00, 0x00, 0x00, 0x00, 0x00,
    0x00, 0x00, 0x00, 0x00, 0x00, 0x00, 0x00, 0x00, 0x00, 0x00, 0x00, 0x00, 0x00, 0x00, 0x00, 0x00,
    0x00, 0x00, 0x00, 0x00, 0x00, 0x00, 0x00, 0x00, 0x00, 0x00, 0x00, 0x00, 0x00, 0x00, 0x00, 0x00,
    0x00, 0x00, 0x00, 0x00, 0x00, 0x00, 0x00, 0x00, 0x00, 0x00, 0x00, 0x00, 0x00, 0x00, 0x00, 0x00,
    0x00, 0x00, 0x00, 0x00, 0x00, 0x00, 0x00, 0x00, 0x00, 0x00, 0x00, 0x00, 0x00, 0x00, 0x00, 0x00,
    0x00, 0x00, 0x00, 0x00, 0x00, 0x00, 0x00, 0x00, 0x00, 0x00, 0x00, 0x00, 0x00, 0x00, 0x00, 0x00,
    0x00, 0x00, 0x00, 0x00, 0x00, 0x00, 0x00, 0x00, 0x00, 0x00, 0x00, 0x00, 0x00, 0x00, 0x00, 0x00,
    0x00, 0x00, 0x00, 0x00, 0x00, 0x00, 0x00, 0x00, 0x00, 0x00, 0x00, 0x00, 0x00, 0x00, 0x00, 0x00,
    0x00, 0x00, 0x00, 0x00, 0x00, 0x00, 0x00, 0x00, 0x00, 0x00, 0x00, 0x00, 0x00, 0x00, 0x00, 0x00,
    0x00, 0x00, 0x00, 0x00, 0x00, 0x00, 0x00, 0x00, 0x00, 0x00, 0x00, 0x00, 0x00, 0x00, 0x00, 0x00,
    0x00, 0x00, 0x00, 0x00, 0x00, 0x00, 0x00, 0x00, 0x00, 0x00, 0x00, 0x00, 0x00, 0x00, 0x00, 0x00,
    0x00, 0x00, 0x00, 0x00, 0x00, 0x00, 0x00, 0x00, 0x00, 0x00, 0x00, 0x00, 0x00, 0x00, 0x00, 0x00,
    0x00, 0x00, 0x00, 0x00, 0x00, 0x00, 0x00, 0x00, 0x00, 0x00, 0x00, 0x00, 0x00, 0x00, 0x00, 0x00,
    0x00, 0x00, 0x00, 0x00, 0x00, 0x00, 0x00, 0x00, 0x00, 0x00, 0x00, 0x00, 0x00, 0x00, 0x00, 0x00,
    0x00, 0x00, 0x00, 0x00, 0x00, 0x00, 0x00, 0x00, 0x00, 0x00, 0x00, 0x00, 0x00, 0x00, 0x00, 0x00,
    0x00, 0x00, 0x00, 0x00, 0x00, 0x00, 0x00, 0x00, 0x00, 0x00, 0x00, 0x00, 0x00, 0x00, 0x00, 0x00,
    0x00, 0x00, 0x00, 0x00, 0x00, 0x00, 0x00, 0x00, 0x00, 0x00, 0x00, 0x00, 0x00, 0x00, 0x00, 0x00,
    0x00, 0x00, 0x00, 0x00, 0x00, 0x00, 0x00, 0x00, 0x00, 0x00, 0x00, 0x00, 0x00, 0x00, 0x00, 0x00,
    0x00, 0x00, 0x00, 0x00, 0x00, 0x00, 0x00, 0x00, 0x00, 0x00, 0x00, 0x00, 0x00, 0x00, 0x00, 0x00,
    0x00, 0x00, 0x00, 0x00, 0x00, 0x00, 0x00, 0x00, 0x00, 0x00, 0x00, 0x00, 0x00, 0x00, 0x00, 0x00,
    0x00, 0x00, 0x00, 0x00, 0x00, 0x00, 0x00, 0x00, 0x00, 0x00, 0x00, 0x00, 0x00, 0x00, 0x00, 0x00,
    0x00, 0x00, 0x00, 0x00, 0x00, 0x00, 0x00, 0x00, 0x00, 0x00, 0x00, 0x00, 0x00, 0x00, 0x00, 0x00,
    0x00, 0x00, 0x00, 0x00, 0x00, 0x00, 0x00, 0x00, 0x00, 0x00, 0x00, 0x00, 0x00, 0x00, 0x00, 0x00,
    0x00, 0x00, 0x00, 0x00, 0x00, 0x00, 0x00, 0x00, 0x00, 0x00, 0x00, 0x00, 0x00, 0x00, 0x00, 0x00,
    0x00, 0x00, 0x00, 0x00, 0x00, 0x00, 0x00, 0x00, 0x00, 0x00, 0x00, 0x00, 0x00, 0x00, 0x00, 0x00,
    0x00, 0x00, 0x00, 0x00, 0x00, 0x00, 0x00, 0x00, 0x00, 0x00, 0x00, 0x00, 0x00, 0x00, 0x00, 0x00,
    0x00, 0x00, 0x00, 0x00, 0x00, 0x00, 0x00, 0x00, 0x00, 0x00, 0x00, 0x00, 0x00, 0x00, 0x00, 0x00,
    0x00, 0x00, 0x00, 0x00, 0x00, 0x00, 0x00, 0x00, 0x00, 0x00, 0x00, 0x00, 0x00, 0x00, 0x00, 0x00,
    0x00, 0x00, 0x00, 0x00, 0x00, 0x00, 0x00, 0x00, 0x00, 0x00, 0x00, 0x00, 0x00, 0x00, 0x00, 0x00,
    0x00, 0x00, 0x00, 0x00, 0x00, 0x00, 0x00, 0x00, 0x00, 0x00, 0x00, 0x00, 0x00, 0x00, 0x00, 0x00,
    0x00, 0x00, 0x00, 0x00, 0x00, 0x00, 0x00, 0x00, 0x00, 0x00, 0x00, 0x00, 0x00, 0x00, 0x00, 0x00,
    0x00, 0x00, 0x00, 0x00, 0x00, 0x00, 0x00, 0x00, 0x00, 0x00, 0x00, 0x00, 0x00, 0x00, 0x00, 0x00,
    0x00, 0x00, 0x00, 0x00, 0x00, 0x00, 0x00, 0x00, 0x00, 0x00, 0x00, 0x00, 0x00, 0x00, 0x00, 0x00,
    0x00, 0x00, 0x00, 0x00, 0x00, 0x00, 0x00, 0x00, 0x00, 0x00, 0x00, 0x00, 0x00, 0x00, 0x00, 0x00,
    0x00, 0x00, 0x00, 0x00, 0x00, 0x00, 0x00, 0x00, 0x00, 0x00, 0x00, 0x00, 0x00, 0x00, 0x00, 0x00,
    0x00, 0x00, 0x00, 0x00, 0x00, 0x00, 0x00, 0x00, 0x00, 0x00, 0x00, 0x00, 0x00, 0x00, 0x00, 0x00,
    0x00, 0x00, 0x00, 0x00, 0x00, 0x00, 0x00, 0x00, 0x00, 0x00, 0x00, 0x00, 0x00, 0x00, 0x00, 0x00,
    0x00, 0x00, 0x00, 0x00, 0x00, 0x00, 0x00, 0x00, 0x00, 0x00, 0x00, 0x00, 0x00, 0x00, 0x00, 0x00,
    0x00, 0x00, 0x00, 0x00, 0x00, 0x00, 0x00, 0x00, 0x00, 0x00, 0x00, 0x00, 0x00, 0x00, 0x00, 0x00,
    0x00, 0x00, 0x00, 0x00, 0x00, 0x00, 0x00, 0x00, 0x00, 0x00, 0x00, 0x00, 0x00, 0x00, 0x00, 0x00,
    0x00, 0x00, 0x00, 0x00, 0x00, 0x00, 0x00, 0x00, 0x00, 0x00, 0x00, 0x00, 0x00, 0x00, 0x00, 0x00,
    0x00, 0x00, 0x00, 0x00, 0x00, 0x00, 0x00, 0x00, 0x00, 0x00, 0x00, 0x00, 0x00, 0x00, 0x00, 0x00,
    0x00, 0x00, 0x00, 0x00, 0x00, 0x00, 0x00, 0x00, 0x00, 0x00, 0x00, 0x00, 0x00, 0x00, 0x00, 0x00,
    0x00, 0x00, 0x00, 0x00, 0x00, 0x00, 0x00, 0x00, 0x00, 0x00, 0x00, 0x00, 0x00, 0x00, 0x00, 0x00,
    0x00, 0x00, 0x00, 0x00, 0x00, 0x00, 0x00, 0x00, 0x00, 0x00, 0x00, 0x00, 0x00, 0x00, 0x00, 0x00,
    0x00, 0x00, 0x00, 0x00, 0x00, 0x00, 0x00, 0x00, 0x00, 0x00, 0x00, 0x00, 0x00, 0x00, 0x00, 0x00,
    0x00, 0x00, 0x00, 0x00, 0x00, 0x00, 0x00, 0x00, 0x00, 0x00, 0x00, 0x00, 0x00, 0x00, 0x00, 0x00,
    0x00, 0x00, 0x00, 0x00, 0x00, 0x00, 0x00, 0x00, 0x00, 0x00, 0x00, 0x00, 0x00, 0x00, 0x00, 0x00,
    0x00, 0x00, 0x00, 0x00, 0x00, 0x00, 0x00, 0x00, 0x00, 0x00, 0x00, 0x00, 0x00, 0x00, 0x00, 0x00,
    0x00, 0x00, 0x00, 0x00, 0x00, 0x00, 0x00, 0x00, 0x00, 0x00, 0x00, 0x00, 0x00, 0x00, 0x00, 0x00,
    0x00, 0x00, 0x00, 0x00, 0x00, 0x00, 0x00, 0x00, 0x00, 0x00, 0x00, 0x00, 0x00, 0x00, 0x00, 0x00,
    0x00, 0x00, 0x00, 0x00, 0x00, 0x00, 0x00, 0x00, 0x00, 0x00, 0x00, 0x00, 0x00, 0x00, 0x00, 0x00,
    0x00, 0x00, 0x00, 0x00, 0x00, 0x00, 0x00, 0x00, 0x00, 0x00, 0x00, 0x00, 0x00, 0x00, 0x00, 0x00,
    0x00, 0x00, 0x00, 0x00, 0x00, 0x00, 0x00, 0x00, 0x00, 0x00, 0x00, 0x00, 0x00, 0x00, 0x00, 0x00,
    0x00, 0x00, 0x00, 0x00, 0x00, 0x00, 0x00, 0x00, 0x00, 0x00, 0x00, 0x00, 0x00, 0x00, 0x00, 0x00,
    0x00, 0x00, 0x00, 0x00, 0x00, 0x00, 0x00, 0x00, 0x00, 0x00, 0x00, 0x00, 0x00, 0x00, 0x00, 0x00,
    0x00, 0x00, 0x00, 0x00, 0x00, 0x00, 0x00, 0x00, 0x00, 0x00, 0x00, 0x00, 0x00, 0x00, 0x00, 0x00,
    0x00, 0x00, 0x00, 0x00, 0x00, 0x00, 0x00, 0x00, 0x00, 0x00, 0x00, 0x00, 0x00, 0x00, 0x00, 0x00,
    0x00, 0x00, 0x00, 0x00, 0x00, 0x00, 0x00, 0x00, 0x00, 0x00, 0x00, 0x00, 0x00, 0x00, 0x00, 0x00,
    0x00, 0x00, 0x00, 0x00, 0x00, 0x00, 0x00, 0x00, 0x00, 0x00, 0x00, 0x00, 0x00, 0x00, 0x00, 0x00,
    0x00, 0x00, 0x00, 0x00, 0x00, 0x00, 0x00, 0x00, 0x00, 0x00, 0x00, 0x00, 0x00, 0x00, 0x00, 0x00,
    0x00, 0x00, 0x00, 0x00, 0x00, 0x00, 0x00, 0x00, 0x00, 0x00, 0x00, 0x00, 0x00, 0x00, 0x00, 0x00,
    0x00, 0x00, 0x00, 0x00, 0x00, 0x00, 0x00, 0x00, 0x00, 0x00, 0x00, 0x00, 0x00, 0x00, 0x00, 0x00,
    0x00, 0x00, 0x00, 0x00, 0x00, 0x00, 0x00, 0x00, 0x00, 0x00, 0x00, 0x00, 0x00, 0x00, 0x00, 0x00,
    0x00, 0x00, 0x00, 0x00, 0x00, 0x00, 0x00, 0x00, 0x00, 0x00, 0x00, 0x00, 0x00, 0x00, 0x00, 0x00,
    0x00, 0x00, 0x00, 0x00, 0x00, 0x00, 0x00, 0x00, 0x00, 0x00, 0x00, 0x00, 0x00, 0x00, 0x00, 0x00,
    0x00, 0x00, 0x00, 0x00, 0x00, 0x00, 0x00, 0x00, 0x00, 0x00, 0x00, 0x00, 0x00, 0x00, 0x00, 0x00,
    0x00, 0x00, 0x00, 0x00, 0x00, 0x00, 0x00, 0x00, 0x00, 0x00, 0x00, 0x00, 0x00, 0x00, 0x00, 0x00,
    0x00, 0x00, 0x00, 0x00, 0x00, 0x00, 0x00, 0x00, 0x00, 0x00, 0x00, 0x00, 0x00, 0x00, 0x00, 0x00,
    0x00, 0x00, 0x00, 0x00, 0x00, 0x00, 0x00, 0x00, 0x00, 0x00, 0x00, 0x00, 0x00, 0x00, 0x00, 0x00,
    0x00, 0x00, 0x00, 0x00, 0x00, 0x00, 0x00, 0x00, 0x00, 0x00, 0x00, 0x00, 0x00, 0x00, 0x00, 0x00,
    0x00, 0x00, 0x00, 0x00, 0x00, 0x00, 0x00, 0x00, 0x00, 0x00, 0x00, 0x00, 0x00, 0x00, 0x00, 0x00,
    0x00, 0x00, 0x00, 0x00, 0x00, 0x00, 0x00, 0x00, 0x00, 0x00, 0x00, 0x00, 0x00, 0x00, 0x00, 0x00,
    0x00, 0x00, 0x00, 0x00, 0x00, 0x00, 0x00, 0x00, 0x00, 0x00, 0x00, 0x00, 0x00, 0x00, 0x00, 0x00,
    0x00, 0x00, 0x00, 0x00, 0x00, 0x00, 0x00, 0x00, 0x00, 0x00, 0x00, 0x00, 0x00, 0x00, 0x00, 0x00,
    0x00, 0x00, 0x00, 0x00, 0x00, 0x00, 0x00, 0x00, 0x00, 0x00, 0x00, 0x00, 0x00, 0x00, 0x00, 0x00,
    0x00, 0x00, 0x00, 0x00, 0x00, 0x00, 0x00, 0x00, 0x00, 0x00, 0x00, 0x00, 0x00, 0x00, 0x00, 0x00,
    0x00, 0x00, 0x00, 0x00, 0x00, 0x00, 0x00, 0x00, 0x00, 0x00, 0x00, 0x00, 0x00, 0x00, 0x00, 0x00,
    0x00, 0x00, 0x00, 0x00, 0x00, 0x00, 0x00, 0x00, 0x00, 0x00, 0x00, 0x00, 0x00, 0x00, 0x00, 0x00,
    0x00, 0x00, 0x00, 0x00, 0x00, 0x00, 0x00, 0x00, 0x00, 0x00, 0x00, 0x00, 0x00, 0x00, 0x00, 0x00,
    0x00, 0x00, 0x00, 0x00, 0x00, 0x00, 0x00, 0x00, 0x00, 0x00, 0x00, 0x00, 0x00, 0x00, 0x00, 0x00,
    0x00, 0x00, 0x00, 0x00, 0x00, 0x00, 0x00, 0x00, 0x00, 0x00, 0x00, 0x00, 0x00, 0x00, 0x00, 0x00,
    0x00, 0x00, 0x00, 0x00, 0x00, 0x00, 0x00, 0x00, 0x00, 0x00, 0x00, 0x00, 0x00, 0x00, 0x00, 0x00,
    0x00, 0x00, 0x00, 0x00, 0x00, 0x00, 0x00, 0x00, 0x00, 0x00, 0x00, 0x00, 0x00, 0x00, 0x00, 0x00,
    0x00, 0x00, 0x00, 0x00, 0x00, 0x00, 0x00, 0x00, 0x00, 0x00, 0x00, 0x00, 0x00, 0x00, 0x00, 0x00,
    0x00, 0x00, 0x00, 0x00, 0x00, 0x00, 0x00, 0x00, 0x00, 0x00, 0x00, 0x00, 0x00, 0x00, 0x00, 0x00,
    0x00, 0x00, 0x00, 0x00, 0x00, 0x00, 0x00, 0x00, 0x00, 0x00, 0x00, 0x00, 0x00, 0x00, 0x00, 0x00,
    0x00, 0x00, 0x00, 0x00, 0x00, 0x00, 0x00, 0x00, 0x00, 0x00, 0x00, 0x00, 0x00, 0x00, 0x00, 0x00,
    0x00, 0x00, 0x00, 0x00, 0x00, 0x00, 0x00, 0x00, 0x00, 0x00, 0x00, 0x00, 0x00, 0x00, 0x00, 0x00,
    0x00, 0x00, 0x00, 0x00, 0x00, 0x00, 0x00, 0x00, 0x00, 0x00, 0x00, 0x00, 0x00, 0x00, 0x00, 0x00,
    0x00, 0x00, 0x00, 0x00, 0x00, 0x00, 0x00, 0x00, 0x00, 0x00, 0x00, 0x00, 0x00, 0x00, 0x00, 0x00,
    0x00, 0x00, 0x00, 0x00, 0x00, 0x00, 0x00, 0x00, 0x00, 0x00, 0x00, 0x00, 0x00, 0x00, 0x00, 0x00,
    0x00, 0x00, 0x00, 0x00, 0x00, 0x00, 0x00, 0x00, 0x00, 0x00, 0x00, 0x00, 0x00, 0x00, 0x00, 0x00,
    0x00, 0x00, 0x00, 0x00, 0x00, 0x00, 0x00, 0x00, 0x00, 0x00, 0x00, 0x00, 0x00, 0x00, 0x00, 0x00,
    0x00, 0x00, 0x00, 0x00, 0x00, 0x00, 0x00, 0x00, 0x00, 0x00, 0x00, 0x00, 0x00, 0x00, 0x00, 0x00,
    0x00, 0x00, 0x00, 0x00, 0x00, 0x00, 0x00, 0x00, 0x00, 0x00, 0x00, 0x00, 0x00, 0x00, 0x00, 0x00,
    0x00, 0x00, 0x00, 0x00, 0x00, 0x00, 0x00, 0x00, 0x00, 0x00, 0x00, 0x00, 0x00, 0x00, 0x00, 0x00,
    0x00, 0x00, 0x00, 0x00, 0x00, 0x00, 0x00, 0x00, 0x00, 0x00, 0x00, 0x00, 0x00, 0x00, 0x00, 0x00,
    0x00, 0x00, 0x00, 0x00, 0x00, 0x00, 0x00, 0x00, 0x00, 0x00, 0x00, 0x00, 0x00, 0x00, 0x00, 0x00,
    0x00, 0x00, 0x00, 0x00, 0x00, 0x00, 0x00, 0x00, 0x00, 0x00, 0x00, 0x00, 0x00, 0x00, 0x00, 0x00,
    0x00, 0x00, 0x00, 0x00, 0x00, 0x00, 0x00, 0x00, 0x00, 0x00, 0x00, 0x00, 0x00, 0x00, 0x00, 0x00,
    0x00, 0x00, 0x00, 0x00, 0x00, 0x00, 0x00, 0x00, 0x00, 0x00, 0x00, 0x00, 0x00, 0x00, 0x00, 0x00,
    0x00, 0x00, 0x00, 0x00, 0x00, 0x00, 0x00, 0x00, 0x00, 0x00, 0x00, 0x00, 0x00, 0x00, 0x00, 0x00,
    0x00, 0x00, 0x00, 0x00, 0x00, 0x00, 0x00, 0x00, 0x00, 0x00, 0x00, 0x00, 0x00, 0x00, 0x00, 0x00,
    0x00, 0x00, 0x00, 0x00, 0x00, 0x00, 0x00, 0x00, 0x00, 0x00, 0x00, 0x00, 0x00, 0x00, 0x00, 0x00,
    0x00, 0x00, 0x00, 0x00, 0x00, 0x00, 0x00, 0x00, 0x00, 0x00, 0x00, 0x00, 0x00, 0x00, 0x00, 0x00,
    0x00, 0x00, 0x00, 0x00, 0x00, 0x00, 0x00, 0x00, 0x00, 0x00, 0x00, 0x00, 0x00, 0x00, 0x00, 0x00,
    0x00, 0x00, 0x00, 0x00, 0x00, 0x00, 0x00, 0x00, 0x00, 0x00, 0x00, 0x00, 0x00, 0x00, 0x00, 0x00,
    0x00, 0x00, 0x00, 0x00, 0x00, 0x00, 0x00, 0x00, 0x00, 0x00, 0x00, 0x00, 0x00, 0x00, 0x00, 0x00,
    0x00, 0x00, 0x00, 0x00, 0x00, 0x00, 0x00, 0x00, 0x00, 0x00, 0x00, 0x00, 0x00, 0x00, 0x00, 0x00,
    0x00, 0x00, 0x00, 0x00, 0x00, 0x00, 0x00, 0x00, 0x00, 0x00, 0x00, 0x00, 0x00, 0x00, 0x00, 0x00,
    0x00, 0x00, 0x00, 0x00, 0x00, 0x00, 0x00, 0x00, 0x00, 0x00, 0x00, 0x00, 0x00, 0x00, 0x00, 0x00,
    0x00, 0x00, 0x00, 0x00, 0x00, 0x00, 0x00, 0x00, 0x00, 0x00, 0x00, 0x00, 0x00, 0x00, 0x00, 0x00,
    0x00, 0x00, 0x00, 0x00, 0x00, 0x00, 0x00, 0x00, 0x00, 0x00, 0x00, 0x00, 0x00, 0x00, 0x00, 0x00,
    0x00, 0x00, 0x00, 0x00, 0x00, 0x00, 0x00, 0x00, 0x00, 0x00, 0x00, 0x00, 0x00, 0x00, 0x00, 0x00,
    0x00, 0x00, 0x00, 0x00, 0x00, 0x00, 0x00, 0x00, 0x00, 0x00, 0x00, 0x00, 0x00, 0x00, 0x00, 0x00,
    0x00, 0x00, 0x00, 0x00, 0x00, 0x00, 0x00, 0x00, 0x00, 0x00, 0x00, 0x00, 0x00, 0x00, 0x00, 0x00,
    0x00, 0x00, 0x00, 0x00, 0x00, 0x00, 0x00, 0x00, 0x00, 0x00, 0x00, 0x00, 0x00, 0x00, 0x00, 0x00,
    0x00, 0x00, 0x00, 0x00, 0x00, 0x00, 0x00, 0x00, 0x00, 0x00, 0x00, 0x00, 0x00, 0x00, 0x00, 0x00,
    0x00, 0x00, 0x00, 0x00, 0x00, 0x00, 0x00, 0x00, 0x00, 0x00, 0x00, 0x00, 0x00, 0x00, 0x00, 0x00,
    0x00, 0x00, 0x00, 0x00, 0x00, 0x00, 0x00, 0x00, 0x00, 0x00, 0x00, 0x00, 0x00, 0x00, 0x00, 0x00,
    0x00, 0x00, 0x00, 0x00, 0x00, 0x00, 0x00, 0x00, 0x00, 0x00, 0x00, 0x00, 0x00, 0x00, 0x00, 0x00,
    0x00, 0x00, 0x00, 0x00, 0x00, 0x00, 0x00, 0x00, 0x00, 0x00, 0x00, 0x00, 0x00, 0x00, 0x00, 0x00,
    0x00, 0x00, 0x00, 0x00, 0x00, 0x00, 0x00, 0x00, 0x00, 0x00, 0x00, 0x00, 0x00, 0x00, 0x00, 0x00,
    0x00, 0x00, 0x00, 0x00, 0x00, 0x00, 0x00, 0x00, 0x00, 0x00, 0x00, 0x00, 0x00, 0x00, 0x00, 0x00,
    0x00, 0x00, 0x00, 0x00, 0x00, 0x00, 0x00, 0x00, 0x00, 0x00, 0x00, 0x00, 0x00, 0x00, 0x00, 0x00,
    0x00, 0x00, 0x00, 0x00, 0x00, 0x00, 0x00, 0x00, 0x00, 0x00, 0x00, 0x00, 0x00, 0x00, 0x00, 0x00,
    0x00, 0x00, 0x00, 0x00, 0x00, 0x00, 0x00, 0x00, 0x00, 0x00, 0x00, 0x00, 0x00, 0x00, 0x00, 0x00,
    0x00, 0x00, 0x00, 0x00, 0x00, 0x00, 0x00, 0x00, 0x00, 0x00, 0x00, 0x00, 0x00, 0x00, 0x00, 0x00,
    0x00, 0x00, 0x00, 0x00, 0x00, 0x00, 0x00, 0x00, 0x00, 0x00, 0x00, 0x00, 0x00, 0x00, 0x00, 0x00,
    0x00, 0x00, 0x00, 0x00, 0x00, 0x00, 0x00, 0x00, 0x00, 0x00, 0x00, 0x00, 0x00, 0x00, 0x00, 0x00,
    0x00, 0x00, 0x00, 0x00, 0x00, 0x00, 0x00, 0x00, 0x00, 0x00, 0x00, 0x00, 0x00, 0x00, 0x00, 0x00,
    0x00, 0x00, 0x00, 0x00, 0x00, 0x00, 0x00, 0x00, 0x00, 0x00, 0x00, 0x00, 0x00, 0x00, 0x00, 0x00,
    0x00, 0x00, 0x00, 0x00, 0x00, 0x00, 0x00, 0x00, 0x00, 0x00, 0x00, 0x00, 0x00, 0x00, 0x00, 0x00,
    0x00, 0x00, 0x00, 0x00, 0x00, 0x00, 0x00, 0x00, 0x00, 0x00, 0x00, 0x00, 0x00, 0x00, 0x00, 0x00,
    0x00, 0x00, 0x00, 0x00, 0x00, 0x00, 0x00, 0x00, 0x00, 0x00, 0x00, 0x00, 0x00, 0x00, 0x00, 0x00,
    0x00, 0x00, 0x00, 0x00, 0x00, 0x00, 0x00, 0x00, 0x00, 0x00, 0x00, 0x00, 0x00, 0x00, 0x00, 0x00,
    0x00, 0x00, 0x00, 0x00, 0x00, 0x00, 0x00, 0x00, 0x00, 0x00, 0x00, 0x00, 0x00, 0x00, 0x00, 0x00,
    0x00, 0x00, 0x00, 0x00, 0x00, 0x00, 0x00, 0x00, 0x00, 0x00, 0x00, 0x00, 0x00, 0x00, 0x00, 0x00,
    0x00, 0x00, 0x00, 0x00, 0x00, 0x00, 0x00, 0x00, 0x00, 0x00, 0x00, 0x00, 0x00, 0x00, 0x00, 0x00,
    0x00, 0x00, 0x00, 0x00, 0x00, 0x00, 0x00, 0x00, 0x00, 0x00, 0x00, 0x00, 0x00, 0x00, 0x00, 0x00,
    0x00, 0x00, 0x00, 0x00, 0x00, 0x00, 0x00, 0x00, 0x00, 0x00, 0x00, 0x00, 0x00, 0x00, 0x00, 0x00,
    0x00, 0x00, 0x00, 0x00, 0x00, 0x00, 0x00, 0x00, 0x00, 0x00, 0x00, 0x00, 0x00, 0x00, 0x00, 0x00,
    0x00, 0x00, 0x00, 0x00, 0x00, 0x00, 0x00, 0x00, 0x00, 0x00, 0x00, 0x00, 0x00, 0x00, 0x00, 0x00,
    0x00, 0x00, 0x00, 0x00, 0x00, 0x00, 0x00, 0x00, 0x00, 0x00, 0x00, 0x00, 0x00, 0x00, 0x00, 0x00,
    0x00, 0x00, 0x00, 0x00, 0x00, 0x00, 0x00, 0x00, 0x00, 0x00, 0x00, 0x00, 0x00, 0x00, 0x00, 0x00,
    0x00, 0x00, 0x00, 0x00, 0x00, 0x00, 0x00, 0x00, 0x00, 0x00, 0x00, 0x00, 0x00, 0x00, 0x00, 0x00,
    0x00, 0x00, 0x00, 0x00, 0x00, 0x00, 0x00, 0x00, 0x00, 0x00, 0x00, 0x00, 0x00, 0x00, 0x00, 0x00,
    0x00, 0x00, 0x00, 0x00, 0x00, 0x00, 0x00, 0x00, 0x00, 0x00, 0x00, 0x00, 0x00, 0x00, 0x00, 0x00,
    0x00, 0x00, 0x00, 0x00, 0x00, 0x00, 0x00, 0x00, 0x00, 0x00, 0x00, 0x00, 0x00, 0x00, 0x00, 0x00,
    0x00, 0x00, 0x00, 0x00, 0x00, 0x00, 0x00, 0x00, 0x00, 0x00, 0x00, 0x00, 0x00, 0x00, 0x00, 0x00,
    0x00, 0x00, 0x00, 0x00, 0x00, 0x00, 0x00, 0x00, 0x00, 0x00, 0x00, 0x00, 0x00, 0x00, 0x00, 0x00,
    0x00, 0x00, 0x00, 0x00, 0x00, 0x00, 0x00, 0x00, 0x00, 0x00, 0x00, 0x00, 0x00, 0x00, 0x00, 0x00,
    0x00, 0x00, 0x00, 0x00, 0x00, 0x00, 0x00, 0x00, 0x00, 0x00, 0x00, 0x00, 0x00, 0x00, 0x00, 0x00,
    0x00, 0x00, 0x00, 0x00, 0x00, 0x00, 0x00, 0x00, 0x00, 0x00, 0x00, 0x00, 0x00, 0x00, 0x00, 0x00,
    0x00, 0x00, 0x00, 0x00, 0x00, 0x00, 0x00, 0x00, 0x00, 0x00, 0x00, 0x00, 0x00, 0x00, 0x00, 0x00,
    0x00, 0x00, 0x00, 0x00, 0x00, 0x00, 0x00, 0x00, 0x00, 0x00, 0x00, 0x00, 0x00, 0x00, 0x00, 0x00,
    0x00, 0x00, 0x00, 0x00, 0x00, 0x00, 0x00, 0x00, 0x00, 0x00, 0x00, 0x00, 0x00, 0x00, 0x00, 0x00,
    0x00, 0x00, 0x00, 0x00, 0x00, 0x00, 0x00, 0x00, 0x00, 0x00, 0x00, 0x00, 0x00, 0x00, 0x00, 0x00,
    0x00, 0x00, 0x00, 0x00, 0x00, 0x00, 0x00, 0x00, 0x00, 0x00, 0x00, 0x00, 0x00, 0x00, 0x00, 0x00,
    0x00, 0x00, 0x00, 0x00, 0x00, 0x00, 0x00, 0x00, 0x00, 0x00, 0x00, 0x00, 0x00, 0x00, 0x00, 0x00,
    0x00, 0x00, 0x00, 0x00, 0x00, 0x00, 0x00, 0x00, 0x00, 0x00, 0x00, 0x00, 0x00, 0x00, 0x00, 0x00,
    0x00, 0x00, 0x00, 0x00, 0x00, 0x00, 0x00, 0x00, 0x00, 0x00, 0x00, 0x00, 0x00, 0x00, 0x00, 0x00,
    0x00, 0x00, 0x00, 0x00, 0x00, 0x00, 0x00, 0x00, 0x00, 0x00, 0x00, 0x00, 0x00, 0x00, 0x00, 0x00,
    0x00, 0x00, 0x00, 0x00, 0x00, 0x00, 0x00, 0x00, 0x00, 0x00, 0x00, 0x00, 0x00, 0x00, 0x00, 0x00,
    0x00, 0x00, 0x00, 0x00, 0x00, 0x00, 0x00, 0x00, 0x00, 0x00, 0x00, 0x00, 0x00, 0x00, 0x00, 0x00,
    0x00, 0x00, 0x00, 0x00, 0x00, 0x00, 0x00, 0x00, 0x00, 0x00, 0x00, 0x00, 0x00, 0x00, 0x00, 0x00,
    0x00, 0x00, 0x00, 0x00, 0x00, 0x00, 0x00, 0x00, 0x00, 0x00, 0x00, 0x00, 0x00, 0x00, 0x00, 0x00,
    0x00, 0x00, 0x00, 0x00, 0x00, 0x00, 0x00, 0x00, 0x00, 0x00, 0x00, 0x00, 0x00, 0x00, 0x00, 0x00,
    0x00, 0x00, 0x00, 0x00, 0x00, 0x00, 0x00, 0x00, 0x00, 0x00, 0x00, 0x00, 0x00, 0x00, 0x00, 0x00,
    0x00, 0x00, 0x00, 0x00, 0x00, 0x00, 0x00, 0x00, 0x00, 0x00, 0x00, 0x00, 0x00, 0x00, 0x00, 0x00,
    0x00, 0x00, 0x00, 0x00, 0x00, 0x00, 0x00, 0x00, 0x00, 0x00, 0x00, 0x00, 0x00, 0x00, 0x00, 0x00,
    0x00, 0x00, 0x00, 0x00, 0x00, 0x00, 0x00, 0x00, 0x00, 0x00, 0x00, 0x00, 0x00, 0x00, 0x00, 0x00,
    0x00, 0x00, 0x00, 0x00, 0x00, 0x00, 0x00, 0x00, 0x00, 0x00, 0x00, 0x00, 0x00, 0x00, 0x00, 0x00,
    0x00, 0x00, 0x00, 0x00, 0x00, 0x00, 0x00, 0x00, 0x00, 0x00, 0x00, 0x00, 0x00, 0x00, 0x00, 0x00,
    0x00, 0x00, 0x00, 0x00, 0x00, 0x00, 0x00, 0x00, 0x00, 0x00, 0x00, 0x00, 0x00, 0x00, 0x00, 0x00,
    0x00, 0x00, 0x00, 0x00, 0x00, 0x00, 0x00, 0x00, 0x00, 0x00, 0x00, 0x00, 0x00, 0x00, 0x00, 0x00,
    0x00, 0x00, 0x00, 0x00, 0x00, 0x00, 0x00, 0x00, 0x00, 0x00, 0x00, 0x00, 0x00, 0x00, 0x00, 0x00,
    0x00, 0x00, 0x00, 0x00, 0x00, 0x00, 0x00, 0x00, 0x00, 0x00, 0x00, 0x00, 0x00, 0x00, 0x00, 0x00,
    0x00, 0x00, 0x00, 0x00, 0x00, 0x00, 0x00, 0x00, 0x00, 0x00, 0x00, 0x00, 0x00, 0x00, 0x00, 0x00,
    0x00, 0x00, 0x00, 0x00, 0x00, 0x00, 0x00, 0x00, 0x00, 0x00, 0x00, 0x00, 0x00, 0x00, 0x00, 0x00,
    0x00, 0x00, 0x00, 0x00, 0x00, 0x00, 0x00, 0x00, 0x00, 0x00, 0x00, 0x00, 0x00, 0x00, 0x00, 0x00,
    0x00, 0x00, 0x00, 0x00, 0x00, 0x00, 0x00, 0x00, 0x00, 0x00, 0x00, 0x00, 0x00, 0x00, 0x00, 0x00,
    0x00, 0x00, 0x00, 0x00, 0x00, 0x00, 0x00, 0x00, 0x00, 0x00, 0x00, 0x00, 0x00, 0x00, 0x00, 0x00,
    0x00, 0x00, 0x00, 0x00, 0x00, 0x00, 0x00, 0x00, 0x00, 0x00, 0x00, 0x00, 0x00, 0x00, 0x00, 0x00,
    0x00, 0x00, 0x00, 0x00, 0x00, 0x00, 0x00, 0x00, 0x00, 0x00, 0x00, 0x00, 0x00, 0x00, 0x00, 0x00,
    0x00, 0x00, 0x00, 0x00, 0x00, 0x00, 0x00, 0x00, 0x00, 0x00, 0x00, 0x00, 0x00, 0x00, 0x00, 0x00,
    0x00, 0x00, 0x00, 0x00, 0x00, 0x00, 0x00, 0x00, 0x00, 0x00, 0x00, 0x00, 0x00, 0x00, 0x00, 0x00,
    0x00, 0x00, 0x00, 0x00, 0x00, 0x00, 0x00, 0x00, 0x00, 0x00, 0x00, 0x00, 0x00, 0x00, 0x00, 0x00,
    0x00, 0x00, 0x00, 0x00, 0x00, 0x00, 0x00, 0x00, 0x00, 0x00, 0x00, 0x00, 0x00, 0x00, 0x00, 0x00,
    0x00, 0x00, 0x00, 0x00, 0x00, 0x00, 0x00, 0x00, 0x00, 0x00, 0x00, 0x00, 0x00, 0x00, 0x00, 0x00,
    0x45, 0x4E, 0x44, 0x54,
};
