// Generated with `xb buildshaders`.
const uint8_t host_depth_store_1xmsaa_cs_metallib[] = {
    0x4D, 0x54, 0x4C, 0x42, 0x01, 0x80, 0x02, 0x00, 0x09, 0x00, 0x00, 0x81, 0x1A, 0x00, 0x00, 0x00,
    0xA4, 0x6D, 0x00, 0x00, 0x00, 0x00, 0x00, 0x00, 0x58, 0x00, 0x00, 0x00, 0x00, 0x00, 0x00, 0x00,
    0x8E, 0x00, 0x00, 0x00, 0x00, 0x00, 0x00, 0x00, 0x04, 0x01, 0x00, 0x00, 0x00, 0x00, 0x00, 0x00,
    0x08, 0x00, 0x00, 0x00, 0x00, 0x00, 0x00, 0x00, 0x0C, 0x01, 0x00, 0x00, 0x00, 0x00, 0x00, 0x00,
    0xDA, 0x00, 0x00, 0x00, 0x00, 0x00, 0x00, 0x00, 0xE6, 0x01, 0x00, 0x00, 0x00, 0x00, 0x00, 0x00,
    0x20, 0x1A, 0x00, 0x00, 0x00, 0x00, 0x00, 0x00, 0x01, 0x00, 0x00, 0x00, 0x8E, 0x00, 0x00, 0x00,
    0x4E, 0x41, 0x4D, 0x45, 0x0B, 0x00, 0x78, 0x65, 0x73, 0x6C, 0x5F, 0x65, 0x6E, 0x74, 0x72, 0x79,
    0x00, 0x54, 0x59, 0x50, 0x45, 0x01, 0x00, 0x02, 0x48, 0x41, 0x53, 0x48, 0x20, 0x00, 0xA1, 0xB1,
    0x47, 0x43, 0x34, 0x1B, 0x55, 0xA4, 0xB4, 0xA2, 0x02, 0x5A, 0x7C, 0xA4, 0x5A, 0x04, 0xC7, 0x60,
    0x5F, 0x88, 0x75, 0xEC, 0x5D, 0x86, 0x33, 0xBE, 0x05, 0xE1, 0x69, 0xD0, 0x65, 0x59, 0x4D, 0x44,
    0x53, 0x5A, 0x08, 0x00, 0x20, 0x1A, 0x00, 0x00, 0x00, 0x00, 0x00, 0x00, 0x4F, 0x46, 0x46, 0x54,
    0x18, 0x00, 0x00, 0x00, 0x00, 0x00, 0x00, 0x00, 0x00, 0x00, 0x00, 0x00, 0x00, 0x00, 0x00, 0x00,
    0x00, 0x00, 0x00, 0x00, 0x00, 0x00, 0x00, 0x00, 0x00, 0x00, 0x56, 0x45, 0x52, 0x53, 0x08, 0x00,
    0x02, 0x00, 0x08, 0x00, 0x03, 0x00, 0x00, 0x00, 0x53, 0x4F, 0x46, 0x46, 0x08, 0x00, 0x77, 0x01,
    0x00, 0x00, 0x00, 0x00, 0x00, 0x00, 0x45, 0x4E, 0x44, 0x54, 0x48, 0x53, 0x52, 0x44, 0x10, 0x00,
    0x06, 0x1C, 0x00, 0x00, 0x00, 0x00, 0x00, 0x00, 0x9E, 0x51, 0x00, 0x00, 0x00, 0x00, 0x00, 0x00,
    0x45, 0x4E, 0x44, 0x54, 0x04, 0x00, 0x00, 0x00, 0x45, 0x4E, 0x44, 0x54, 0xD6, 0x00, 0x00, 0x00,
    0x44, 0x45, 0x42, 0x49, 0x82, 0x00, 0x12, 0x00, 0x00, 0x00, 0x2F, 0x55, 0x73, 0x65, 0x72, 0x73,
    0x2F, 0x77, 0x6D, 0x61, 0x72, 0x74, 0x69, 0x2F, 0x44, 0x6F, 0x63, 0x75, 0x6D, 0x65, 0x6E, 0x74,
    0x73, 0x2F, 0x78, 0x65, 0x6E, 0x69, 0x61, 0x2D, 0x6D, 0x61, 0x63, 0x2F, 0x73, 0x63, 0x72, 0x61,
    0x74, 0x63, 0x68, 0x2F, 0x77, 0x6F, 0x72, 0x6B, 0x74, 0x72, 0x65, 0x65, 0x73, 0x2F, 0x78, 0x65,
    0x6E, 0x69, 0x61, 0x2D, 0x63, 0x61, 0x6E, 0x61, 0x72, 0x79, 0x2D, 0x72, 0x65, 0x62, 0x61, 0x73,
    0x65, 0x2F, 0x73, 0x72, 0x63, 0x2F, 0x78, 0x65, 0x6E, 0x69, 0x61, 0x2F, 0x67, 0x70, 0x75, 0x2F,
    0x73, 0x68, 0x61, 0x64, 0x65, 0x72, 0x73, 0x2F, 0x68, 0x6F, 0x73, 0x74, 0x5F, 0x64, 0x65, 0x70,
    0x74, 0x68, 0x5F, 0x73, 0x74, 0x6F, 0x72, 0x65, 0x5F, 0x31, 0x78, 0x6D, 0x73, 0x61, 0x61, 0x2E,
    0x63, 0x73, 0x2E, 0x78, 0x65, 0x73, 0x6C, 0x00, 0x44, 0x45, 0x50, 0x46, 0x44, 0x00, 0x73, 0x72,
    0x63, 0x2F, 0x78, 0x65, 0x6E, 0x69, 0x61, 0x2F, 0x67, 0x70, 0x75, 0x2F, 0x73, 0x68, 0x61, 0x64,
    0x65, 0x72, 0x73, 0x2F, 0x62, 0x79, 0x74, 0x65, 0x63, 0x6F, 0x64, 0x65, 0x2F, 0x6D, 0x65, 0x74,
    0x61, 0x6C, 0x2F, 0x68, 0x6F, 0x73, 0x74, 0x5F, 0x64, 0x65, 0x70, 0x74, 0x68, 0x5F, 0x73, 0x74,
    0x6F, 0x72, 0x65, 0x5F, 0x31, 0x78, 0x6D, 0x73, 0x61, 0x61, 0x5F, 0x63, 0x73, 0x2E, 0x61, 0x69,
    0x72, 0x00, 0x45, 0x4E, 0x44, 0x54, 0xDE, 0xC0, 0x17, 0x0B, 0x00, 0x00, 0x00, 0x00, 0x14, 0x00,
    0x00, 0x00, 0x08, 0x1A, 0x00, 0x00, 0xFF, 0xFF, 0xFF, 0xFF, 0x42, 0x43, 0xC0, 0xDE, 0x35, 0x14,
    0x00, 0x00, 0x03, 0x00, 0x00, 0x00, 0x62, 0x0C, 0x30, 0x24, 0x80, 0x10, 0x05, 0xC8, 0x14, 0x00,
    0x00, 0x00, 0x21, 0x0C, 0x00, 0x00, 0x30, 0x06, 0x00, 0x00, 0x0B, 0x02, 0x21, 0x00, 0x02, 0x00,
    0x00, 0x00, 0x16, 0x00, 0x00, 0x00, 0x07, 0x81, 0x23, 0x91, 0x41, 0xC8, 0x04, 0x49, 0x06, 0x10,
    0x32, 0x39, 0x92, 0x01, 0x84, 0x0C, 0x25, 0x05, 0x08, 0x19, 0x1E, 0x04, 0x8B, 0x62, 0x80, 0x14,
    0x45, 0x02, 0x42, 0x92, 0x0B, 0x42, 0xA4, 0x10, 0x32, 0x14, 0x38, 0x08, 0x18, 0x4B, 0x0A, 0x32,
    0x52, 0x88, 0x48, 0x70, 0xC4, 0x21, 0x23, 0x44, 0x12, 0x87, 0x8C, 0x10, 0x41, 0x92, 0x02, 0x64,
    0xC8, 0x08, 0xB1, 0x14, 0x20, 0x43, 0x46, 0x88, 0x20, 0xC9, 0x01, 0x32, 0x52, 0x84, 0x18, 0x2A,
    0x28, 0x2A, 0x90, 0x31, 0x7C, 0xB0, 0x5C, 0x91, 0x20, 0xC5, 0xC8, 0x00, 0x00, 0x00, 0x89, 0x20,
    0x00, 0x00, 0x2C, 0x00, 0x00, 0x00, 0x32, 0x22, 0x48, 0x09, 0x20, 0x62, 0x46, 0x00, 0x21, 0x2B,
    0x24, 0x98, 0x14, 0x21, 0x25, 0x24, 0x98, 0x14, 0x19, 0x27, 0x0C, 0x85, 0xA4, 0x90, 0x60, 0x52,
    0x64, 0x5C, 0x20, 0x24, 0x65, 0x82, 0xA0, 0x1B, 0x01, 0x98, 0x23, 0x00, 0x03, 0x04, 0x03, 0x69,
    0x8A, 0x28, 0x61, 0xF2, 0x2F, 0x42, 0x5A, 0xFE, 0x87, 0x92, 0x0E, 0xCE, 0x69, 0xA4, 0x09, 0x68,
    0x26, 0xE9, 0x97, 0xA6, 0x88, 0x12, 0xA6, 0x24, 0x84, 0x30, 0x88, 0x20, 0x08, 0xC3, 0x08, 0x44,
    0x30, 0x88, 0x40, 0x04, 0x48, 0x49, 0x53, 0x44, 0x09, 0x93, 0xFF, 0x4F, 0xC4, 0x35, 0x51, 0x11,
    0xF1, 0xDB, 0xC3, 0x3F, 0x8D, 0x11, 0x00, 0x83, 0x08, 0x46, 0x30, 0x8C, 0x30, 0x04, 0xA6, 0x00,
    0xA3, 0x1C, 0x44, 0x69, 0x06, 0x60, 0x18, 0x81, 0x58, 0xE6, 0x08, 0x90, 0x23, 0xB0, 0x86, 0x91,
    0x34, 0x45, 0x94, 0x30, 0xF9, 0xBF, 0x04, 0x30, 0xCF, 0x42, 0x44, 0xFF, 0x34, 0x46, 0x00, 0x0C,
    0x22, 0x3C, 0xC2, 0x30, 0x82, 0x10, 0x98, 0xC3, 0x1D, 0x18, 0x63, 0x08, 0x24, 0x4D, 0x00, 0x89,
    0x0E, 0x04, 0xA8, 0x40, 0x98, 0x23, 0x00, 0x85, 0x41, 0x84, 0x40, 0x98, 0x23, 0x08, 0xA6, 0x00,
    0x06, 0x11, 0x98, 0x00, 0x00, 0x00, 0x51, 0x18, 0x00, 0x00, 0x7F, 0x00, 0x00, 0x00, 0x1B, 0xEA,
    0x23, 0xF8, 0xFF, 0xFF, 0xFF, 0xFF, 0x01, 0x30, 0x05, 0xC0, 0x0F, 0x00, 0x09, 0xE8, 0x03, 0x22,
    0x1C, 0xE0, 0x01, 0x1E, 0xE4, 0xE1, 0x1D, 0xF0, 0xA1, 0x0D, 0xCC, 0xA1, 0x1E, 0xDC, 0x61, 0x1C,
    0xDA, 0xC0, 0x1C, 0xE0, 0xA1, 0x0D, 0xDA, 0x21, 0x1C, 0xE8, 0x01, 0x1D, 0x00, 0x7A, 0x90, 0x87,
    0x7A, 0x28, 0x07, 0x80, 0x30, 0x07, 0x79, 0x08, 0x87, 0x76, 0x28, 0x87, 0x36, 0x80, 0x87, 0x77,
    0x48, 0x07, 0x77, 0xA0, 0x87, 0x72, 0x90, 0x07, 0x20, 0x1C, 0xD8, 0x81, 0x1D, 0x00, 0xA2, 0x1D,
    0xD2, 0xC1, 0x1D, 0xDA, 0x80, 0x1D, 0xCA, 0xE1, 0x1C, 0xC2, 0x81, 0x1D, 0xDA, 0xC0, 0x1E, 0xCA,
    0x61, 0x1C, 0xE8, 0xE1, 0x1D, 0xE4, 0xA1, 0x0D, 0xEE, 0x21, 0x1D, 0xC8, 0x81, 0x1E, 0xD0, 0x01,
    0x88, 0x03, 0x39, 0xC0, 0x03, 0x60, 0x70, 0x87, 0x77, 0x68, 0x03, 0x71, 0xA8, 0x87, 0x74, 0x60,
    0x07, 0x7A, 0x48, 0x07, 0x77, 0x98, 0x07, 0x80, 0x70, 0x87, 0x77, 0x68, 0x83, 0x74, 0x70, 0x07,
    0x73, 0x98, 0x87, 0x36, 0x30, 0x07, 0x78, 0x68, 0x83, 0x76, 0x08, 0x07, 0x7A, 0x40, 0x07, 0x80,
    0x1E, 0xE4, 0xA1, 0x1E, 0xCA, 0x01, 0x20, 0xDC, 0xE1, 0x1D, 0xDA, 0xC0, 0x1D, 0xC2, 0xC1, 0x1D,
    0xE6, 0xA1, 0x0D, 0xCC, 0x01, 0x1E, 0xDA, 0xA0, 0x1D, 0xC2, 0x81, 0x1E, 0xD0, 0x01, 0xA0, 0x07,
    0x79, 0xA8, 0x87, 0x72, 0x00, 0x08, 0x77, 0x78, 0x87, 0x36, 0x98, 0x87, 0x74, 0x38, 0x07, 0x77,
    0x28, 0x07, 0x72, 0x68, 0x03, 0x7D, 0x28, 0x07, 0x79, 0x78, 0x87, 0x79, 0x68, 0x03, 0x73, 0x80,
    0x87, 0x36, 0x68, 0x87, 0x70, 0xA0, 0x07, 0x74, 0x00, 0xE8, 0x41, 0x1E, 0xEA, 0xA1, 0x1C, 0x00,
    0xC2, 0x1D, 0xDE, 0xA1, 0x0D, 0xE8, 0x41, 0x1E, 0xC2, 0x01, 0x1E, 0xE0, 0x21, 0x1D, 0xDC, 0xE1,
    0x1C, 0xDA, 0xA0, 0x1D, 0xC2, 0x81, 0x1E, 0xD0, 0x01, 0xA0, 0x07, 0x79, 0xA8, 0x87, 0x72, 0x00,
    0x88, 0x79, 0xA0, 0x87, 0x70, 0x18, 0x87, 0x75, 0x68, 0x03, 0x78, 0x90, 0x87, 0x77, 0xA0, 0x87,
    0x72, 0x18, 0x07, 0x7A, 0x78, 0x07, 0x79, 0x68, 0x03, 0x71, 0xA8, 0x07, 0x73, 0x30, 0x87, 0x72,
    0x90, 0x87, 0x36, 0x98, 0x87, 0x74, 0xD0, 0x87, 0x72, 0x00, 0xF0, 0x00, 0x20, 0xEA, 0xC1, 0x1D,
    0xE6, 0x21, 0x1C, 0xCC, 0xA1, 0x1C, 0xDA, 0xC0, 0x1C, 0xE0, 0xA1, 0x0D, 0xDA, 0x21, 0x1C, 0xE8,
    0x01, 0x1D, 0x00, 0x7A, 0x90, 0x87, 0x7A, 0x28, 0x07, 0x60, 0x43, 0x18, 0x08, 0x01, 0xB0, 0x00,
    0x55, 0x10, 0x10, 0x41, 0x1A, 0x20, 0x43, 0x38, 0xA4, 0x83, 0x3C, 0xB4, 0x81, 0x38, 0xD4, 0x83,
    0x39, 0x98, 0x43, 0x39, 0xC8, 0x43, 0x1B, 0xB8, 0xC3, 0x3B, 0xB4, 0x41, 0x38, 0xB0, 0x43, 0x3A,
    0x84, 0xC3, 0x3C, 0x00, 0x1B, 0xB6, 0x41, 0x00, 0x16, 0x80, 0x0E, 0x86, 0x70, 0x48, 0x07, 0x79,
    0x68, 0x03, 0x71, 0xA8, 0x07, 0x73, 0x30, 0x87, 0x72, 0x90, 0x87, 0x36, 0x70, 0x87, 0x77, 0x68,
    0x83, 0x70, 0x60, 0x87, 0x74, 0x08, 0x87, 0x79, 0x00, 0x36, 0x38, 0xC4, 0xFF, 0xFF, 0xFF, 0xFF,
    0x0F, 0x40, 0x1B, 0x00, 0xA6, 0x00, 0xF8, 0x01, 0x20, 0x01, 0x15, 0xD0, 0x07, 0x1B, 0x8C, 0x22,
    0x00, 0x16, 0xA0, 0xDA, 0xE0, 0x18, 0xFF, 0xFF, 0xFF, 0xFF, 0x3F, 0x00, 0x71, 0x00, 0x98, 0x02,
    0xE0, 0x07, 0x80, 0x04, 0x54, 0x40, 0x1F, 0x6C, 0x50, 0x8E, 0xFF, 0xFF, 0xFF, 0xFF, 0x1F, 0x80,
    0x38, 0x00, 0x24, 0xA0, 0x02, 0xFA, 0x60, 0x83, 0x82, 0xFC, 0xFF, 0xFF, 0xFF, 0xFF, 0x00, 0xB4,
    0x01, 0x20, 0x01, 0x15, 0xD0, 0x07, 0x00, 0x00, 0x00, 0x00, 0x49, 0x18, 0x00, 0x00, 0x05, 0x00,
    0x00, 0x00, 0x13, 0x86, 0x40, 0x18, 0x26, 0x08, 0x44, 0x31, 0x21, 0x30, 0x26, 0x04, 0xC7, 0x04,
    0x01, 0x29, 0x00, 0x00, 0x00, 0x00, 0x13, 0xB8, 0x70, 0x48, 0x07, 0x79, 0xB0, 0x03, 0x3A, 0xF8,
    0x05, 0x7B, 0x90, 0x03, 0x3C, 0x68, 0x83, 0x70, 0x80, 0x07, 0x78, 0x60, 0x87, 0x72, 0x68, 0x83,
    0x76, 0x08, 0x87, 0x71, 0x78, 0x87, 0x79, 0xC0, 0x07, 0x39, 0xB0, 0x03, 0x37, 0x80, 0x03, 0x37,
    0x80, 0x83, 0x0D, 0xB7, 0x51, 0x0E, 0x6D, 0x00, 0x0F, 0x7A, 0x60, 0x07, 0x74, 0xA0, 0x07, 0x76,
    0x40, 0x07, 0x7A, 0x60, 0x07, 0x74, 0xD0, 0x06, 0xE9, 0x10, 0x07, 0x7A, 0x80, 0x07, 0x7A, 0x80,
    0x07, 0x6D, 0x90, 0x0E, 0x78, 0xA0, 0x07, 0x78, 0xA0, 0x07, 0x78, 0xD0, 0x06, 0xE9, 0x10, 0x07,
    0x76, 0xA0, 0x07, 0x71, 0x60, 0x07, 0x7A, 0x10, 0x07, 0x76, 0xD0, 0x06, 0xE9, 0x30, 0x07, 0x72,
    0xA0, 0x07, 0x73, 0x20, 0x07, 0x7A, 0x30, 0x07, 0x72, 0xD0, 0x06, 0xE9, 0x60, 0x07, 0x74, 0xA0,
    0x07, 0x76, 0x40, 0x07, 0x7A, 0x60, 0x07, 0x74, 0xD0, 0x06, 0xE6, 0x30, 0x07, 0x72, 0xA0, 0x07,
    0x73, 0x20, 0x07, 0x7A, 0x30, 0x07, 0x72, 0xD0, 0x06, 0xE6, 0x60, 0x07, 0x74, 0xA0, 0x07, 0x76,
    0x40, 0x07, 0x7A, 0x60, 0x07, 0x74, 0xD0, 0x06, 0xF6, 0x10, 0x07, 0x76, 0xA0, 0x07, 0x71, 0x60,
    0x07, 0x7A, 0x10, 0x07, 0x76, 0xD0, 0x06, 0xF6, 0x20, 0x07, 0x74, 0xA0, 0x07, 0x73, 0x20, 0x07,
    0x7A, 0x30, 0x07, 0x72, 0xD0, 0x06, 0xF6, 0x30, 0x07, 0x72, 0xA0, 0x07, 0x73, 0x20, 0x07, 0x7A,
    0x30, 0x07, 0x72, 0xD0, 0x06, 0xF6, 0x40, 0x07, 0x78, 0xA0, 0x07, 0x76, 0x40, 0x07, 0x7A, 0x60,
    0x07, 0x74, 0xD0, 0x06, 0xF6, 0x60, 0x07, 0x74, 0xA0, 0x07, 0x76, 0x40, 0x07, 0x7A, 0x60, 0x07,
    0x74, 0xD0, 0x06, 0xF6, 0x90, 0x07, 0x76, 0xA0, 0x07, 0x71, 0x20, 0x07, 0x78, 0xA0, 0x07, 0x71,
    0x20, 0x07, 0x78, 0xD0, 0x06, 0xF6, 0x10, 0x07, 0x72, 0x80, 0x07, 0x7A, 0x10, 0x07, 0x72, 0x80,
    0x07, 0x7A, 0x10, 0x07, 0x72, 0x80, 0x07, 0x6D, 0x60, 0x0F, 0x71, 0x90, 0x07, 0x72, 0xA0, 0x07,
    0x72, 0x50, 0x07, 0x76, 0xA0, 0x07, 0x72, 0x50, 0x07, 0x76, 0xD0, 0x06, 0xF6, 0x20, 0x07, 0x75,
    0x60, 0x07, 0x7A, 0x20, 0x07, 0x75, 0x60, 0x07, 0x7A, 0x20, 0x07, 0x75, 0x60, 0x07, 0x6D, 0x60,
    0x0F, 0x75, 0x10, 0x07, 0x72, 0xA0, 0x07, 0x75, 0x10, 0x07, 0x72, 0xA0, 0x07, 0x75, 0x10, 0x07,
    0x72, 0xD0, 0x06, 0xF6, 0x10, 0x07, 0x70, 0x20, 0x07, 0x74, 0xA0, 0x07, 0x71, 0x00, 0x07, 0x72,
    0x40, 0x07, 0x7A, 0x10, 0x07, 0x70, 0x20, 0x07, 0x74, 0xD0, 0x06, 0xEE, 0x80, 0x07, 0x7A, 0x10,
    0x07, 0x76, 0xA0, 0x07, 0x73, 0x20, 0x07, 0x1A, 0x21, 0x0C, 0xA9, 0x5C, 0x84, 0xB4, 0xFC, 0x44,
    0x33, 0x45, 0xD8, 0x90, 0x0A, 0x50, 0x12, 0x00, 0x00, 0x02, 0x00, 0x00, 0x00, 0x01, 0x00, 0x00,
    0x00, 0x00, 0x00, 0x05, 0x18, 0x52, 0x29, 0x99, 0x04, 0x04, 0x80, 0x00, 0x00, 0x00, 0x20, 0x00,
    0x00, 0x00, 0x00, 0x00, 0xA0, 0x00, 0x43, 0xAA, 0x31, 0xA0, 0x28, 0x20, 0x00, 0x06, 0x00, 0x00,
    0x00, 0x01, 0x00, 0x00, 0x00, 0x00, 0x00, 0x05, 0x90, 0xD8, 0x20, 0x50, 0x54, 0xC6, 0x00, 0x00,
    0x20, 0x0B, 0x04, 0x00, 0x00, 0x00, 0x0B, 0x00, 0x00, 0x00, 0x32, 0x1E, 0x98, 0x14, 0x19, 0x11,
    0x4C, 0x90, 0x8C, 0x09, 0x26, 0x47, 0xC6, 0x04, 0x43, 0x0A, 0x45, 0x50, 0x0E, 0x85, 0x50, 0x06,
    0x25, 0x50, 0x3E, 0x05, 0x28, 0x50, 0x10, 0x05, 0x32, 0x02, 0x40, 0x78, 0x04, 0xA0, 0x10, 0xE8,
    0x8E, 0x25, 0x68, 0x02, 0x00, 0x00, 0xB1, 0x18, 0x00, 0x00, 0xA5, 0x00, 0x00, 0x00, 0x33, 0x08,
    0x80, 0x1C, 0xC4, 0xE1, 0x1C, 0x66, 0x14, 0x01, 0x3D, 0x88, 0x43, 0x38, 0x84, 0xC3, 0x8C, 0x42,
    0x80, 0x07, 0x79, 0x78, 0x07, 0x73, 0x98, 0x71, 0x0C, 0xE6, 0x00, 0x0F, 0xED, 0x10, 0x0E, 0xF4,
    0x80, 0x0E, 0x33, 0x0C, 0x42, 0x1E, 0xC2, 0xC1, 0x1D, 0xCE, 0xA1, 0x1C, 0x66, 0x30, 0x05, 0x3D,
    0x88, 0x43, 0x38, 0x84, 0x83, 0x1B, 0xCC, 0x03, 0x3D, 0xC8, 0x43, 0x3D, 0x8C, 0x03, 0x3D, 0xCC,
    0x78, 0x8C, 0x74, 0x70, 0x07, 0x7B, 0x08, 0x07, 0x79, 0x48, 0x87, 0x70, 0x70, 0x07, 0x7A, 0x70,
    0x03, 0x76, 0x78, 0x87, 0x70, 0x20, 0x87, 0x19, 0xCC, 0x11, 0x0E, 0xEC, 0x90, 0x0E, 0xE1, 0x30,
    0x0F, 0x6E, 0x30, 0x0F, 0xE3, 0xF0, 0x0E, 0xF0, 0x50, 0x0E, 0x33, 0x10, 0xC4, 0x1D, 0xDE, 0x21,
    0x1C, 0xD8, 0x21, 0x1D, 0xC2, 0x61, 0x1E, 0x66, 0x30, 0x89, 0x3B, 0xBC, 0x83, 0x3B, 0xD0, 0x43,
    0x39, 0xB4, 0x03, 0x3C, 0xBC, 0x83, 0x3C, 0x84, 0x03, 0x3B, 0xCC, 0xF0, 0x14, 0x76, 0x60, 0x07,
    0x7B, 0x68, 0x07, 0x37, 0x68, 0x87, 0x72, 0x68, 0x07, 0x37, 0x80, 0x87, 0x70, 0x90, 0x87, 0x70,
    0x60, 0x07, 0x76, 0x28, 0x07, 0x76, 0xF8, 0x05, 0x76, 0x78, 0x87, 0x77, 0x80, 0x87, 0x5F, 0x08,
    0x87, 0x71, 0x18, 0x87, 0x72, 0x98, 0x87, 0x79, 0x98, 0x81, 0x2C, 0xEE, 0xF0, 0x0E, 0xEE, 0xE0,
    0x0E, 0xF5, 0xC0, 0x0E, 0xEC, 0x30, 0x03, 0x62, 0xC8, 0xA1, 0x1C, 0xE4, 0xA1, 0x1C, 0xCC, 0xA1,
    0x1C, 0xE4, 0xA1, 0x1C, 0xDC, 0x61, 0x1C, 0xCA, 0x21, 0x1C, 0xC4, 0x81, 0x1D, 0xCA, 0x61, 0x06,
    0xD6, 0x90, 0x43, 0x39, 0xC8, 0x43, 0x39, 0x98, 0x43, 0x39, 0xC8, 0x43, 0x39, 0xB8, 0xC3, 0x38,
    0x94, 0x43, 0x38, 0x88, 0x03, 0x3B, 0x94, 0xC3, 0x2F, 0xBC, 0x83, 0x3C, 0xFC, 0x82, 0x3B, 0xD4,
    0x03, 0x3B, 0xB0, 0xC3, 0x0C, 0xC7, 0x69, 0x87, 0x70, 0x58, 0x87, 0x72, 0x70, 0x83, 0x74, 0x68,
    0x07, 0x78, 0x60, 0x87, 0x74, 0x18, 0x87, 0x74, 0xA0, 0x87, 0x19, 0xCE, 0x53, 0x0F, 0xEE, 0x00,
    0x0F, 0xF2, 0x50, 0x0E, 0xE4, 0x90, 0x0E, 0xE3, 0x40, 0x0F, 0xE1, 0x20, 0x0E, 0xEC, 0x50, 0x0E,
    0x33, 0x20, 0x28, 0x1D, 0xDC, 0xC1, 0x1E, 0xC2, 0x41, 0x1E, 0xD2, 0x21, 0x1C, 0xDC, 0x81, 0x1E,
    0xDC, 0xE0, 0x1C, 0xE4, 0xE1, 0x1D, 0xEA, 0x01, 0x1E, 0x66, 0x18, 0x51, 0x38, 0xB0, 0x43, 0x3A,
    0x9C, 0x83, 0x3B, 0xCC, 0x50, 0x24, 0x76, 0x60, 0x07, 0x7B, 0x68, 0x07, 0x37, 0x60, 0x87, 0x77,
    0x78, 0x07, 0x78, 0x98, 0x51, 0x4C, 0xF4, 0x90, 0x0F, 0xF0, 0x50, 0x0E, 0x33, 0x1E, 0x6A, 0x1E,
    0xCA, 0x61, 0x1C, 0xE8, 0x21, 0x1D, 0xDE, 0xC1, 0x1D, 0x7E, 0x01, 0x1E, 0xE4, 0xA1, 0x1C, 0xCC,
    0x21, 0x1D, 0xF0, 0x61, 0x06, 0x54, 0x85, 0x83, 0x38, 0xCC, 0xC3, 0x3B, 0xB0, 0x43, 0x3D, 0xD0,
    0x43, 0x39, 0xFC, 0xC2, 0x3C, 0xE4, 0x43, 0x3B, 0x88, 0xC3, 0x3B, 0xB0, 0xC3, 0x8C, 0xC5, 0x0A,
    0x87, 0x79, 0x98, 0x87, 0x77, 0x18, 0x87, 0x74, 0x08, 0x07, 0x7A, 0x28, 0x07, 0x72, 0x98, 0x81,
    0x5C, 0xE3, 0x10, 0x0E, 0xEC, 0xC0, 0x0E, 0xE5, 0x50, 0x0E, 0xF3, 0x30, 0x23, 0xC1, 0xD2, 0x41,
    0x1E, 0xE4, 0xE1, 0x17, 0xD8, 0xE1, 0x1D, 0xDE, 0x01, 0x1E, 0x66, 0x48, 0x19, 0x3B, 0xB0, 0x83,
    0x3D, 0xB4, 0x83, 0x1B, 0x84, 0xC3, 0x38, 0x8C, 0x43, 0x39, 0xCC, 0xC3, 0x3C, 0xB8, 0xC1, 0x39,
    0xC8, 0xC3, 0x3B, 0xD4, 0x03, 0x3C, 0xCC, 0x48, 0xB4, 0x71, 0x08, 0x07, 0x76, 0x60, 0x07, 0x71,
    0x08, 0x87, 0x71, 0x58, 0x87, 0x19, 0xDB, 0xC6, 0x0E, 0xEC, 0x60, 0x0F, 0xED, 0xE0, 0x06, 0xF0,
    0x20, 0x0F, 0xE5, 0x30, 0x0F, 0xE5, 0x20, 0x0F, 0xF6, 0x50, 0x0E, 0x6E, 0x10, 0x0E, 0xE3, 0x30,
    0x0E, 0xE5, 0x30, 0x0F, 0xF3, 0xE0, 0x06, 0xE9, 0xE0, 0x0E, 0xE4, 0x50, 0x0E, 0xF8, 0x30, 0x23,
    0xE2, 0xEC, 0x61, 0x1C, 0xC2, 0x81, 0x1D, 0xD8, 0xE1, 0x17, 0xEC, 0x21, 0x1D, 0xE6, 0x21, 0x1D,
    0xC4, 0x21, 0x1D, 0xD8, 0x21, 0x1D, 0xE8, 0x21, 0x1F, 0x66, 0x20, 0x9D, 0x3B, 0xBC, 0x43, 0x3D,
    0xB8, 0x03, 0x39, 0x94, 0x83, 0x39, 0xCC, 0x58, 0xBC, 0x70, 0x70, 0x07, 0x77, 0x78, 0x07, 0x7A,
    0x08, 0x07, 0x7A, 0x48, 0x87, 0x77, 0x70, 0x87, 0x19, 0xCE, 0x87, 0x0E, 0xE5, 0x10, 0x0E, 0xF0,
    0x10, 0x0E, 0xEC, 0xC0, 0x0E, 0xEF, 0x30, 0x0E, 0xF3, 0x90, 0x0E, 0xF4, 0x50, 0x0E, 0x33, 0x28,
    0x30, 0x08, 0x87, 0x74, 0x90, 0x07, 0x37, 0x30, 0x87, 0x7A, 0x70, 0x87, 0x71, 0xA0, 0x87, 0x74,
    0x78, 0x07, 0x77, 0xF8, 0x85, 0x73, 0x90, 0x87, 0x77, 0xA8, 0x07, 0x78, 0x98, 0x07, 0x00, 0x00,
    0x00, 0x00, 0x79, 0x20, 0x00, 0x00, 0xE2, 0x01, 0x00, 0x00, 0x72, 0x1E, 0x48, 0x20, 0x43, 0x88,
    0x0C, 0x19, 0x09, 0x72, 0x32, 0x48, 0x20, 0x23, 0x81, 0x8C, 0x91, 0x91, 0xD1, 0x44, 0xA0, 0x10,
    0x28, 0x64, 0x3C, 0x31, 0x32, 0x42, 0x8E, 0x90, 0x21, 0xA3, 0x38, 0x07, 0x70, 0xC0, 0xA7, 0x01,
    0x00, 0x00, 0x75, 0x70, 0x0A, 0x74, 0xB0, 0x5C, 0x6B, 0xA1, 0x30, 0x71, 0x20, 0x0E, 0xCE, 0xD2,
    0x48, 0x4A, 0x63, 0x61, 0x1B, 0xB4, 0x41, 0xC5, 0xC6, 0x91, 0x81, 0xF2, 0x48, 0x48, 0x44, 0x11,
    0x5D, 0x18, 0x44, 0x57, 0x94, 0x31, 0x92, 0x53, 0x60, 0x8B, 0x82, 0x69, 0x5B, 0x71, 0x01, 0x00,
    0x00, 0x00, 0x73, 0x72, 0x63, 0x2F, 0x78, 0x65, 0x6E, 0x69, 0x61, 0x2F, 0x67, 0x70, 0x75, 0x2F,
    0x73, 0x68, 0x61, 0x64, 0x65, 0x72, 0x73, 0x2F, 0x68, 0x6F, 0x73, 0x74, 0x5F, 0x64, 0x65, 0x70,
    0x74, 0x68, 0x5F, 0x73, 0x74, 0x6F, 0x72, 0x65, 0x5F, 0x31, 0x78, 0x6D, 0x73, 0x61, 0x61, 0x2E,
    0x63, 0x73, 0x2E, 0x78, 0x65, 0x73, 0x6C, 0x2F, 0x55, 0x73, 0x65, 0x72, 0x73, 0x2F, 0x77, 0x6D,
    0x61, 0x72, 0x74, 0x69, 0x2F, 0x44, 0x6F, 0x63, 0x75, 0x6D, 0x65, 0x6E, 0x74, 0x73, 0x2F, 0x78,
    0x65, 0x6E, 0x69, 0x61, 0x2D, 0x6D, 0x61, 0x63, 0x2F, 0x73, 0x63, 0x72, 0x61, 0x74, 0x63, 0x68,
    0x2F, 0x77, 0x6F, 0x72, 0x6B, 0x74, 0x72, 0x65, 0x65, 0x73, 0x2F, 0x78, 0x65, 0x6E, 0x69, 0x61,
    0x2D, 0x63, 0x61, 0x6E, 0x61, 0x72, 0x79, 0x2D, 0x72, 0x65, 0x62, 0x61, 0x73, 0x65, 0x41, 0x70,
    0x70, 0x6C, 0x65, 0x20, 0x6D, 0x65, 0x74, 0x61, 0x6C, 0x20, 0x76, 0x65, 0x72, 0x73, 0x69, 0x6F,
    0x6E, 0x20, 0x33, 0x32, 0x30, 0x32, 0x33, 0x2E, 0x38, 0x35, 0x30, 0x20, 0x28, 0x6D, 0x65, 0x74,
    0x61, 0x6C, 0x66, 0x65, 0x2D, 0x33, 0x32, 0x30, 0x32, 0x33, 0x2E, 0x38, 0x35, 0x30, 0x2E, 0x31,
    0x30, 0x29, 0x6D, 0x65, 0x74, 0x61, 0x6C, 0x5F, 0x74, 0x79, 0x70, 0x65, 0x73, 0x22, 0x2D, 0x44,
    0x58, 0x45, 0x53, 0x4C, 0x5F, 0x4C, 0x41, 0x4E, 0x47, 0x55, 0x41, 0x47, 0x45, 0x5F, 0x4D, 0x53,
    0x4C, 0x3D, 0x31, 0x22, 0x2F, 0x70, 0x72, 0x69, 0x76, 0x61, 0x74, 0x65, 0x2F, 0x76, 0x61, 0x72,
    0x2F, 0x72, 0x75, 0x6E, 0x2F, 0x63, 0x6F, 0x6D, 0x2E, 0x61, 0x70, 0x70, 0x6C, 0x65, 0x2E, 0x73,
    0x65, 0x63, 0x75, 0x72, 0x69, 0x74, 0x79, 0x2E, 0x63, 0x72, 0x79, 0x70, 0x74, 0x65, 0x78, 0x64,
    0x2F, 0x6D, 0x6E, 0x74, 0x2F, 0x63, 0x6F, 0x6D, 0x2E, 0x61, 0x70, 0x70, 0x6C, 0x65, 0x2E, 0x4D,
    0x6F, 0x62, 0x69, 0x6C, 0x65, 0x41, 0x73, 0x73, 0x65, 0x74, 0x2E, 0x4D, 0x65, 0x74, 0x61, 0x6C,
    0x54, 0x6F, 0x6F, 0x6C, 0x63, 0x68, 0x61, 0x69, 0x6E, 0x2D, 0x76, 0x31, 0x37, 0x2E, 0x33, 0x2E,
    0x34, 0x38, 0x2E, 0x30, 0x2E, 0x35, 0x33, 0x73, 0x38, 0x75, 0x67, 0x2F, 0x4D, 0x65, 0x74, 0x61,
    0x6C, 0x2E, 0x78, 0x63, 0x74, 0x6F, 0x6F, 0x6C, 0x63, 0x68, 0x61, 0x69, 0x6E, 0x2F, 0x75, 0x73,
    0x72, 0x2F, 0x6D, 0x65, 0x74, 0x61, 0x6C, 0x2F, 0x33, 0x32, 0x30, 0x32, 0x33, 0x2F, 0x6C, 0x69,
    0x62, 0x2F, 0x63, 0x6C, 0x61, 0x6E, 0x67, 0x2F, 0x33, 0x32, 0x30, 0x32, 0x33, 0x2E, 0x38, 0x35,
    0x30, 0x2F, 0x69, 0x6E, 0x63, 0x6C, 0x75, 0x64, 0x65, 0x2F, 0x6D, 0x65, 0x74, 0x61, 0x6C, 0x3C,
    0x62, 0x75, 0x69, 0x6C, 0x74, 0x2D, 0x69, 0x6E, 0x3E, 0x6D, 0x65, 0x74, 0x61, 0x6C, 0x5F, 0x73,
    0x74, 0x64, 0x6C, 0x69, 0x62, 0x73, 0x72, 0x63, 0x2F, 0x78, 0x65, 0x6E, 0x69, 0x61, 0x2F, 0x67,
    0x70, 0x75, 0x2F, 0x73, 0x68, 0x61, 0x64, 0x65, 0x72, 0x73, 0x2F, 0x2E, 0x2E, 0x2F, 0x2E, 0x2E,
    0x2F, 0x75, 0x69, 0x2F, 0x73, 0x68, 0x61, 0x64, 0x65, 0x72, 0x73, 0x2F, 0x78, 0x65, 0x73, 0x6C,
    0x2E, 0x78, 0x65, 0x73, 0x6C, 0x69, 0x2F, 0x41, 0x70, 0x70, 0x6C, 0x69, 0x63, 0x61, 0x74, 0x69,
    0x6F, 0x6E, 0x73, 0x2F, 0x58, 0x63, 0x6F, 0x64, 0x65, 0x2E, 0x61, 0x70, 0x70, 0x2F, 0x43, 0x6F,
    0x6E, 0x74, 0x65, 0x6E, 0x74, 0x73, 0x2F, 0x44, 0x65, 0x76, 0x65, 0x6C, 0x6F, 0x70, 0x65, 0x72,
    0x2F, 0x50, 0x6C, 0x61, 0x74, 0x66, 0x6F, 0x72, 0x6D, 0x73, 0x2F, 0x4D, 0x61, 0x63, 0x4F, 0x53,
    0x58, 0x2E, 0x70, 0x6C, 0x61, 0x74, 0x66, 0x6F, 0x72, 0x6D, 0x2F, 0x44, 0x65, 0x76, 0x65, 0x6C,
    0x6F, 0x70, 0x65, 0x72, 0x2F, 0x53, 0x44, 0x4B, 0x73, 0x2F, 0x4D, 0x61, 0x63, 0x4F, 0x53, 0x58,
    0x32, 0x36, 0x2E, 0x32, 0x2E, 0x73, 0x64, 0x6B, 0x4D, 0x61, 0x63, 0x4F, 0x53, 0x58, 0x32, 0x36,
    0x2E, 0x32, 0x2E, 0x73, 0x64, 0x6B, 0x53, 0x44, 0x4B, 0x20, 0x56, 0x65, 0x72, 0x73, 0x69, 0x6F,
    0x6E, 0x44, 0x77, 0x61, 0x72, 0x66, 0x20, 0x56, 0x65, 0x72, 0x73, 0x69, 0x6F, 0x6E, 0x44, 0x65,
    0x62, 0x75, 0x67, 0x20, 0x49, 0x6E, 0x66, 0x6F, 0x20, 0x56, 0x65, 0x72, 0x73, 0x69, 0x6F, 0x6E,
    0x77, 0x63, 0x68, 0x61, 0x72, 0x5F, 0x73, 0x69, 0x7A, 0x65, 0x66, 0x72, 0x61, 0x6D, 0x65, 0x2D,
    0x70, 0x6F, 0x69, 0x6E, 0x74, 0x65, 0x72, 0x61, 0x69, 0x72, 0x2E, 0x6D, 0x61, 0x78, 0x5F, 0x64,
    0x65, 0x76, 0x69, 0x63, 0x65, 0x5F, 0x62, 0x75, 0x66, 0x66, 0x65, 0x72, 0x73, 0x61, 0x69, 0x72,
    0x2E, 0x6D, 0x61, 0x78, 0x5F, 0x63, 0x6F, 0x6E, 0x73, 0x74, 0x61, 0x6E, 0x74, 0x5F, 0x62, 0x75,
    0x66, 0x66, 0x65, 0x72, 0x73, 0x61, 0x69, 0x72, 0x2E, 0x6D, 0x61, 0x78, 0x5F, 0x74, 0x68, 0x72,
    0x65, 0x61, 0x64, 0x67, 0x72, 0x6F, 0x75, 0x70, 0x5F, 0x62, 0x75, 0x66, 0x66, 0x65, 0x72, 0x73,
    0x61, 0x69, 0x72, 0x2E, 0x6D, 0x61, 0x78, 0x5F, 0x74, 0x65, 0x78, 0x74, 0x75, 0x72, 0x65, 0x73,
    0x61, 0x69, 0x72, 0x2E, 0x6D, 0x61, 0x78, 0x5F, 0x72, 0x65, 0x61, 0x64, 0x5F, 0x77, 0x72, 0x69,
    0x74, 0x65, 0x5F, 0x74, 0x65, 0x78, 0x74, 0x75, 0x72, 0x65, 0x73, 0x61, 0x69, 0x72, 0x2E, 0x6D,
    0x61, 0x78, 0x5F, 0x73, 0x61, 0x6D, 0x70, 0x6C, 0x65, 0x72, 0x73, 0x4D, 0x65, 0x74, 0x61, 0x6C,
    0x61, 0x69, 0x72, 0x2E, 0x63, 0x6F, 0x6D, 0x70, 0x69, 0x6C, 0x65, 0x2E, 0x64, 0x65, 0x6E, 0x6F,
    0x72, 0x6D, 0x73, 0x5F, 0x64, 0x69, 0x73, 0x61, 0x62, 0x6C, 0x65, 0x61, 0x69, 0x72, 0x2E, 0x63,
    0x6F, 0x6D, 0x70, 0x69, 0x6C, 0x65, 0x2E, 0x66, 0x61, 0x73, 0x74, 0x5F, 0x6D, 0x61, 0x74, 0x68,
    0x5F, 0x65, 0x6E, 0x61, 0x62, 0x6C, 0x65, 0x61, 0x69, 0x72, 0x2E, 0x63, 0x6F, 0x6D, 0x70, 0x69,
    0x6C, 0x65, 0x2E, 0x66, 0x72, 0x61, 0x6D, 0x65, 0x62, 0x75, 0x66, 0x66, 0x65, 0x72, 0x5F, 0x66,
    0x65, 0x74, 0x63, 0x68, 0x5F, 0x65, 0x6E, 0x61, 0x62, 0x6C, 0x65, 0x61, 0x69, 0x72, 0x2E, 0x62,
    0x75, 0x66, 0x66, 0x65, 0x72, 0x61, 0x69, 0x72, 0x2E, 0x62, 0x75, 0x66, 0x66, 0x65, 0x72, 0x5F,
    0x73, 0x69, 0x7A, 0x65, 0x61, 0x69, 0x72, 0x2E, 0x6C, 0x6F, 0x63, 0x61, 0x74, 0x69, 0x6F, 0x6E,
    0x5F, 0x69, 0x6E, 0x64, 0x65, 0x78, 0x61, 0x69, 0x72, 0x2E, 0x72, 0x65, 0x61, 0x64, 0x61, 0x69,
    0x72, 0x2E, 0x61, 0x64, 0x64, 0x72, 0x65, 0x73, 0x73, 0x5F, 0x73, 0x70, 0x61, 0x63, 0x65, 0x61,
    0x69, 0x72, 0x2E, 0x73, 0x74, 0x72, 0x75, 0x63, 0x74, 0x5F, 0x74, 0x79, 0x70, 0x65, 0x5F, 0x69,
    0x6E, 0x66, 0x6F, 0x75, 0x69, 0x6E, 0x74, 0x78, 0x65, 0x5F, 0x68, 0x6F, 0x73, 0x74, 0x5F, 0x64,
    0x65, 0x70, 0x74, 0x68, 0x5F, 0x73, 0x74, 0x6F, 0x72, 0x65, 0x5F, 0x72, 0x65, 0x63, 0x74, 0x61,
    0x6E, 0x67, 0x6C, 0x65, 0x78, 0x65, 0x5F, 0x68, 0x6F, 0x73, 0x74, 0x5F, 0x64, 0x65, 0x70, 0x74,
    0x68, 0x5F, 0x73, 0x74, 0x6F, 0x72, 0x65, 0x5F, 0x72, 0x65, 0x6E, 0x64, 0x65, 0x72, 0x5F, 0x74,
    0x61, 0x72, 0x67, 0x65, 0x74, 0x61, 0x69, 0x72, 0x2E, 0x61, 0x72, 0x67, 0x5F, 0x74, 0x79, 0x70,
    0x65, 0x5F, 0x73, 0x69, 0x7A, 0x65, 0x61, 0x69, 0x72, 0x2E, 0x61, 0x72, 0x67, 0x5F, 0x74, 0x79,
    0x70, 0x65, 0x5F, 0x61, 0x6C, 0x69, 0x67, 0x6E, 0x5F, 0x73, 0x69, 0x7A, 0x65, 0x61, 0x69, 0x72,
    0x2E, 0x61, 0x72, 0x67, 0x5F, 0x74, 0x79, 0x70, 0x65, 0x5F, 0x6E, 0x61, 0x6D, 0x65, 0x78, 0x65,
    0x73, 0x6C, 0x5F, 0x70, 0x75, 0x73, 0x68, 0x43, 0x6F, 0x6E, 0x73, 0x74, 0x61, 0x6E, 0x74, 0x73,
    0x5F, 0x73, 0x74, 0x72, 0x75, 0x63, 0x74, 0x61, 0x69, 0x72, 0x2E, 0x61, 0x72, 0x67, 0x5F, 0x6E,
    0x61, 0x6D, 0x65, 0x78, 0x65, 0x73, 0x6C, 0x5F, 0x70, 0x75, 0x73, 0x68, 0x43, 0x6F, 0x6E, 0x73,
    0x74, 0x61, 0x6E, 0x74, 0x73, 0x61, 0x69, 0x72, 0x2E, 0x72, 0x65, 0x61, 0x64, 0x5F, 0x77, 0x72,
    0x69, 0x74, 0x65, 0x75, 0x69, 0x6E, 0x74, 0x34, 0x78, 0x65, 0x5F, 0x68, 0x6F, 0x73, 0x74, 0x5F,
    0x64, 0x65, 0x70, 0x74, 0x68, 0x5F, 0x73, 0x74, 0x6F, 0x72, 0x65, 0x5F, 0x64, 0x65, 0x73, 0x74,
    0x61, 0x69, 0x72, 0x2E, 0x74, 0x65, 0x78, 0x74, 0x75, 0x72, 0x65, 0x61, 0x69, 0x72, 0x2E, 0x73,
    0x61, 0x6D, 0x70, 0x6C, 0x65, 0x74, 0x65, 0x78, 0x74, 0x75, 0x72, 0x65, 0x32, 0x64, 0x3C, 0x66,
    0x6C, 0x6F, 0x61, 0x74, 0x2C, 0x20, 0x73, 0x61, 0x6D, 0x70, 0x6C, 0x65, 0x3E, 0x78, 0x65, 0x5F,
    0x68, 0x6F, 0x73, 0x74, 0x5F, 0x64, 0x65, 0x70, 0x74, 0x68, 0x5F, 0x73, 0x74, 0x6F, 0x72, 0x65,
    0x5F, 0x73, 0x6F, 0x75, 0x72, 0x63, 0x65, 0x61, 0x69, 0x72, 0x2E, 0x74, 0x68, 0x72, 0x65, 0x61,
    0x64, 0x5F, 0x70, 0x6F, 0x73, 0x69, 0x74, 0x69, 0x6F, 0x6E, 0x5F, 0x69, 0x6E, 0x5F, 0x67, 0x72,
    0x69, 0x64, 0x75, 0x69, 0x6E, 0x74, 0x33, 0x78, 0x65, 0x73, 0x6C, 0x5F, 0x47, 0x6C, 0x6F, 0x62,
    0x61, 0x6C, 0x49, 0x6E, 0x76, 0x6F, 0x63, 0x61, 0x74, 0x69, 0x6F, 0x6E, 0x49, 0x44, 0x06, 0xA3,
    0x00, 0x00, 0x00, 0x00, 0x00, 0x00, 0x30, 0x82, 0x10, 0x0C, 0x23, 0x08, 0xD7, 0x33, 0x82, 0x10,
    0x10, 0x23, 0x08, 0x41, 0x31, 0x82, 0x10, 0x18, 0x23, 0x08, 0xC1, 0x31, 0x82, 0x10, 0x20, 0x23,
    0x08, 0x41, 0x32, 0x82, 0x10, 0x28, 0x23, 0x08, 0xC1, 0x32, 0x82, 0x10, 0x30, 0x23, 0x08, 0x0A,
    0x30, 0x94, 0x15, 0xF4, 0x41, 0x28, 0x0C, 0x01, 0x00, 0x00, 0x02, 0x00, 0x00, 0x00, 0x2A, 0x00,
    0x00, 0x00, 0x08, 0x80, 0xB2, 0x0C, 0x54, 0x00, 0x81, 0x00, 0x00, 0x03, 0x06, 0x09, 0x00, 0x00,
    0x44, 0x61, 0x00, 0x00, 0x30, 0x50, 0x01, 0x1C, 0x02, 0x00, 0xCC, 0x87, 0x00, 0x08, 0x28, 0x88,
    0x42, 0x00, 0x8C, 0x02, 0x30, 0x60, 0x90, 0x00, 0x00, 0x80, 0x14, 0x06, 0x00, 0x00, 0x03, 0x15,
    0x40, 0x22, 0x00, 0xC0, 0x7C, 0x08, 0x80, 0x80, 0x42, 0x29, 0x8C, 0x01, 0x60, 0x0A, 0xC0, 0x0C,
    0x02, 0x29, 0x9C, 0xC2, 0x0C, 0x03, 0x1D, 0x30, 0x75, 0x30, 0xC3, 0x60, 0x07, 0xCD, 0x1D, 0xCC,
    0x30, 0xD0, 0x81, 0x83, 0x07, 0x33, 0x0C, 0x79, 0xF0, 0xDC, 0xC1, 0x0C, 0x83, 0x1D, 0x40, 0x74,
    0x30, 0xC3, 0x60, 0x07, 0x91, 0x1E, 0xCC, 0x30, 0xD8, 0x81, 0xA4, 0x07, 0x33, 0x0C, 0x76, 0x30,
    0xE9, 0xC1, 0x0C, 0x83, 0x1D, 0x50, 0x7B, 0x30, 0xC3, 0x60, 0x07, 0x15, 0x1F, 0xCC, 0x30, 0xD8,
    0x81, 0xD5, 0x07, 0x33, 0x04, 0xC3, 0x0C, 0x03, 0x1D, 0xF0, 0x81, 0x1F, 0xCC, 0x40, 0x5C, 0x78,
    0xE0, 0x07, 0x7E, 0x30, 0x43, 0x80, 0xCD, 0x10, 0x64, 0x33, 0x04, 0xDA, 0x0C, 0xC0, 0x0C, 0x8A,
    0x1F, 0xDC, 0x81, 0x1F, 0x84, 0x81, 0x18, 0xDC, 0xC1, 0x1D, 0xF8, 0x41, 0x18, 0x8C, 0xC1, 0x0C,
    0x94, 0x1F, 0x6C, 0x1C, 0x1F, 0x74, 0x7E, 0x90, 0x07, 0xDE, 0x47, 0x07, 0x60, 0xB0, 0x0B, 0x64,
    0xC0, 0x07, 0x65, 0x70, 0x07, 0x66, 0x70, 0x06, 0x68, 0x90, 0x06, 0x33, 0x40, 0x79, 0xB0, 0x75,
    0x79, 0x90, 0x07, 0x6A, 0xF0, 0xE5, 0x01, 0x19, 0xF4, 0x41, 0x19, 0xF4, 0x81, 0x19, 0xAC, 0x01,
    0x1A, 0xB0, 0xC1, 0x0C, 0x0A, 0x1D, 0xB4, 0x41, 0xE7, 0x07, 0x79, 0xE0, 0x06, 0x66, 0xF0, 0x06,
    0x68, 0x00, 0x07, 0x33, 0x18, 0x78, 0x10, 0x07, 0x66, 0x20, 0x07, 0x68, 0x30, 0x07, 0x33, 0x10,
    0xBC, 0xD0, 0x0B, 0xBE, 0xF0, 0x0B, 0x33, 0x0C, 0x7F, 0xA0, 0x0B, 0xE0, 0x70, 0x6E, 0x00, 0x70,
    0x1C, 0xC7, 0x71, 0x1C, 0xC7, 0x71, 0x1C, 0xC7, 0x99, 0x85, 0x1B, 0xB0, 0x82, 0x1B, 0xC8, 0x02,
    0x2B, 0xB8, 0x01, 0x2E, 0xA0, 0x81, 0x1B, 0xB8, 0x81, 0x1B, 0xB8, 0x81, 0x1B, 0xB8, 0x81, 0x1B,
    0xB8, 0x81, 0x1B, 0xB8, 0x81, 0x1B, 0x58, 0x74, 0xA0, 0x07, 0x96, 0x65, 0x41, 0x28, 0x21, 0x1E,
    0x7E, 0x21, 0x12, 0xB8, 0x00, 0x0A, 0x32, 0x12, 0x98, 0xA0, 0x5C, 0xD8, 0xD8, 0xEC, 0xDA, 0x5C,
    0xC8, 0xC4, 0xCE, 0x5C, 0xC6, 0xEA, 0x46, 0x09, 0xFE, 0x20, 0x23, 0x36, 0x36, 0xBB, 0x36, 0x97,
    0xB6, 0x37, 0xB2, 0x3A, 0xB6, 0x32, 0x17, 0x33, 0xB6, 0xB0, 0xB3, 0xB9, 0x51, 0x16, 0x54, 0x48,
    0x05, 0x55, 0x58, 0x05, 0x56, 0x68, 0x05, 0x57, 0x78, 0x05, 0x58, 0x88, 0x05, 0x59, 0x48, 0x85,
    0x8D, 0xCD, 0xAE, 0xCD, 0x25, 0x8D, 0xAC, 0xCC, 0x8D, 0x6E, 0x94, 0x60, 0x16, 0x72, 0x09, 0x4B,
    0x93, 0x73, 0xB1, 0x2B, 0x93, 0x9B, 0x4B, 0x7B, 0x73, 0x1B, 0x25, 0xA0, 0x85, 0xA4, 0xC2, 0xD2,
    0xE4, 0x5C, 0xD8, 0xC2, 0xDC, 0xCE, 0xEA, 0xC2, 0xCE, 0xCA, 0xBE, 0xEC, 0xCA, 0xE4, 0xE6, 0xD2,
    0xDE, 0xDC, 0x46, 0x09, 0x6A, 0x21, 0xA7, 0xB0, 0x34, 0x39, 0x97, 0xB1, 0xB7, 0x36, 0xB8, 0x34,
    0xB6, 0xB2, 0xAF, 0x37, 0x38, 0xBA, 0xB4, 0x37, 0xB7, 0xB9, 0x51, 0x06, 0x5B, 0xB8, 0x05, 0x5C,
    0x48, 0x25, 0x2C, 0x4D, 0xCE, 0x65, 0xAD, 0x4C, 0xCE, 0xAD, 0x8C, 0x6D, 0x94, 0x00, 0x1C, 0x00,
    0x00, 0x00, 0xA9, 0x18, 0x00, 0x00, 0x25, 0x00, 0x00, 0x00, 0x0B, 0x0A, 0x72, 0x28, 0x87, 0x77,
    0x80, 0x07, 0x7A, 0x58, 0x70, 0x98, 0x43, 0x3D, 0xB8, 0xC3, 0x38, 0xB0, 0x43, 0x39, 0xD0, 0xC3,
    0x82, 0xE6, 0x1C, 0xC6, 0xA1, 0x0D, 0xE8, 0x41, 0x1E, 0xC2, 0xC1, 0x1D, 0xE6, 0x21, 0x1D, 0xE8,
    0x21, 0x1D, 0xDE, 0xC1, 0x1D, 0x16, 0x34, 0xE3, 0x60, 0x0E, 0xE7, 0x50, 0x0F, 0xE1, 0x20, 0x0F,
    0xE4, 0x40, 0x0F, 0xE1, 0x20, 0x0F, 0xE7, 0x50, 0x0E, 0xF4, 0xB0, 0x80, 0x81, 0x07, 0x79, 0x28,
    0x87, 0x70, 0x60, 0x07, 0x76, 0x78, 0x87, 0x71, 0x08, 0x07, 0x7A, 0x28, 0x07, 0x72, 0x58, 0x70,
    0x9C, 0xC3, 0x38, 0xB4, 0x01, 0x3B, 0xA4, 0x83, 0x3D, 0x94, 0xC3, 0x02, 0x6B, 0x1C, 0xD8, 0x21,
    0x1C, 0xDC, 0xE1, 0x1C, 0xDC, 0x20, 0x1C, 0xE4, 0x61, 0x1C, 0xDC, 0x20, 0x1C, 0xE8, 0x81, 0x1E,
    0xC2, 0x61, 0x1C, 0xD0, 0xA1, 0x1C, 0xC8, 0x61, 0x1C, 0xC2, 0x81, 0x1D, 0xD8, 0x61, 0xC1, 0x01,
    0x0F, 0xF4, 0x20, 0x0F, 0xE1, 0x50, 0x0F, 0xF4, 0x80, 0x0E, 0x00, 0x00, 0x00, 0x00, 0xD1, 0x10,
    0x00, 0x00, 0x06, 0x00, 0x00, 0x00, 0x07, 0xCC, 0x3C, 0xA4, 0x83, 0x3B, 0x9C, 0x03, 0x3B, 0x94,
    0x03, 0x3D, 0xA0, 0x83, 0x3C, 0x94, 0x43, 0x38, 0x90, 0xC3, 0x01, 0x00, 0x00, 0x00, 0x61, 0x20,
    0x00, 0x00, 0x23, 0x02, 0x00, 0x00, 0x13, 0x04, 0x43, 0x2C, 0x10, 0x00, 0x00, 0x00, 0x17, 0x00,
    0x00, 0x00, 0x14, 0x66, 0x00, 0xCA, 0xFF, 0xA1, 0x50, 0x88, 0xCC, 0x41, 0x30, 0x05, 0x45, 0xCD,
    0x41, 0x30, 0x47, 0x41, 0x8D, 0x45, 0x00, 0x81, 0x40, 0x10, 0x1A, 0x0D, 0xA0, 0x38, 0x02, 0x30,
    0x03, 0x30, 0x1A, 0x30, 0x96, 0x30, 0x00, 0x63, 0x09, 0x4A, 0x33, 0x96, 0x70, 0x1C, 0x63, 0x09,
    0x80, 0x32, 0x96, 0x30, 0x0C, 0x63, 0x09, 0xF8, 0x7F, 0xE0, 0xFF, 0x31, 0x96, 0x00, 0x04, 0x63,
    0x09, 0xB0, 0x00, 0x8D, 0x25, 0x04, 0xC0, 0x58, 0x82, 0x00, 0x8C, 0x25, 0x10, 0xC0, 0x58, 0x42,
    0x01, 0x8C, 0x25, 0x18, 0xC0, 0x58, 0xC2, 0x01, 0x10, 0x2E, 0x01, 0x00, 0x00, 0x00, 0xF1, 0x30,
    0x00, 0x00, 0x08, 0x01, 0x00, 0x00, 0x22, 0x47, 0xC8, 0x90, 0x51, 0x4E, 0x94, 0x3C, 0x01, 0x00,
    0x00, 0x00, 0xCA, 0x37, 0x3C, 0x0F, 0x67, 0x61, 0x16, 0xC3, 0x06, 0x61, 0x50, 0x06, 0x62, 0xC0,
    0x85, 0x41, 0x24, 0x1A, 0x04, 0x00, 0x78, 0x65, 0x73, 0x6C, 0x5F, 0x65, 0x6E, 0x74, 0x72, 0x79,
    0x5F, 0x5A, 0x54, 0x53, 0x32, 0x35, 0x78, 0x65, 0x73, 0x6C, 0x5F, 0x70, 0x75, 0x73, 0x68, 0x43,
    0x6F, 0x6E, 0x73, 0x74, 0x61, 0x6E, 0x74, 0x73, 0x5F, 0x73, 0x74, 0x72, 0x75, 0x63, 0x74, 0x69,
    0x6E, 0x74, 0x6F, 0x6D, 0x6E, 0x69, 0x70, 0x6F, 0x74, 0x65, 0x6E, 0x74, 0x20, 0x63, 0x68, 0x61,
    0x72, 0x53, 0x69, 0x6D, 0x70, 0x6C, 0x65, 0x20, 0x43, 0x2B, 0x2B, 0x20, 0x54, 0x42, 0x41, 0x41,
    0x61, 0x69, 0x72, 0x2D, 0x61, 0x6C, 0x69, 0x61, 0x73, 0x2D, 0x73, 0x63, 0x6F, 0x70, 0x65, 0x73,
    0x28, 0x78, 0x65, 0x73, 0x6C, 0x5F, 0x65, 0x6E, 0x74, 0x72, 0x79, 0x29, 0x61, 0x69, 0x72, 0x2D,
    0x61, 0x6C, 0x69, 0x61, 0x73, 0x2D, 0x73, 0x63, 0x6F, 0x70, 0x65, 0x2D, 0x61, 0x72, 0x67, 0x28,
    0x30, 0x29, 0x61, 0x69, 0x72, 0x2D, 0x61, 0x6C, 0x69, 0x61, 0x73, 0x2D, 0x73, 0x63, 0x6F, 0x70,
    0x65, 0x2D, 0x74, 0x65, 0x78, 0x74, 0x75, 0x72, 0x65, 0x73, 0x61, 0x69, 0x72, 0x2D, 0x61, 0x6C,
    0x69, 0x61, 0x73, 0x2D, 0x73, 0x63, 0x6F, 0x70, 0x65, 0x2D, 0x61, 0x72, 0x67, 0x28, 0x31, 0x29,
    0x78, 0x65, 0x73, 0x6C, 0x5F, 0x75, 0x69, 0x6E, 0x74, 0x5F, 0x78, 0x32, 0x73, 0x72, 0x63, 0x2F,
    0x78, 0x65, 0x6E, 0x69, 0x61, 0x2F, 0x67, 0x70, 0x75, 0x2F, 0x73, 0x68, 0x61, 0x64, 0x65, 0x72,
    0x73, 0x2F, 0x68, 0x6F, 0x73, 0x74, 0x5F, 0x64, 0x65, 0x70, 0x74, 0x68, 0x5F, 0x73, 0x74, 0x6F,
    0x72, 0x65, 0x2E, 0x78, 0x65, 0x73, 0x6C, 0x69, 0x58, 0x65, 0x48, 0x6F, 0x73, 0x74, 0x44, 0x65,
    0x70, 0x74, 0x68, 0x53, 0x74, 0x6F, 0x72, 0x65, 0x52, 0x54, 0x52, 0x65, 0x73, 0x6F, 0x6C, 0x75,
    0x74, 0x69, 0x6F, 0x6E, 0x53, 0x63, 0x61, 0x6C, 0x65, 0x58, 0x65, 0x48, 0x6F, 0x73, 0x74, 0x44,
    0x65, 0x70, 0x74, 0x68, 0x53, 0x74, 0x6F, 0x72, 0x65, 0x52, 0x65, 0x63, 0x74, 0x55, 0x6E, 0x73,
    0x63, 0x61, 0x6C, 0x65, 0x64, 0x57, 0x69, 0x64, 0x74, 0x68, 0x44, 0x69, 0x76, 0x38, 0x58, 0x65,
    0x48, 0x6F, 0x73, 0x74, 0x44, 0x65, 0x70, 0x74, 0x68, 0x53, 0x74, 0x6F, 0x72, 0x65, 0x52, 0x65,
    0x63, 0x74, 0x55, 0x6E, 0x73, 0x63, 0x61, 0x6C, 0x65, 0x64, 0x4F, 0x72, 0x69, 0x67, 0x69, 0x6E,
    0x58, 0x65, 0x48, 0x6F, 0x73, 0x74, 0x44, 0x65, 0x70, 0x74, 0x68, 0x53, 0x74, 0x6F, 0x72, 0x65,
    0x52, 0x54, 0x50, 0x69, 0x74, 0x63, 0x68, 0x54, 0x69, 0x6C, 0x65, 0x73, 0x73, 0x72, 0x63, 0x2F,
    0x78, 0x65, 0x6E, 0x69, 0x61, 0x2F, 0x67, 0x70, 0x75, 0x2F, 0x73, 0x68, 0x61, 0x64, 0x65, 0x72,
    0x73, 0x2F, 0x65, 0x64, 0x72, 0x61, 0x6D, 0x2E, 0x78, 0x65, 0x73, 0x6C, 0x69, 0x58, 0x65, 0x45,
    0x64, 0x72, 0x61, 0x6D, 0x4F, 0x66, 0x66, 0x73, 0x65, 0x74, 0x49, 0x6E, 0x74, 0x73, 0x2F, 0x70,
    0x72, 0x69, 0x76, 0x61, 0x74, 0x65, 0x2F, 0x76, 0x61, 0x72, 0x2F, 0x72, 0x75, 0x6E, 0x2F, 0x63,
    0x6F, 0x6D, 0x2E, 0x61, 0x70, 0x70, 0x6C, 0x65, 0x2E, 0x73, 0x65, 0x63, 0x75, 0x72, 0x69, 0x74,
    0x79, 0x2E, 0x63, 0x72, 0x79, 0x70, 0x74, 0x65, 0x78, 0x64, 0x2F, 0x6D, 0x6E, 0x74, 0x2F, 0x63,
    0x6F, 0x6D, 0x2E, 0x61, 0x70, 0x70, 0x6C, 0x65, 0x2E, 0x4D, 0x6F, 0x62, 0x69, 0x6C, 0x65, 0x41,
    0x73, 0x73, 0x65, 0x74, 0x2E, 0x4D, 0x65, 0x74, 0x61, 0x6C, 0x54, 0x6F, 0x6F, 0x6C, 0x63, 0x68,
    0x61, 0x69, 0x6E, 0x2D, 0x76, 0x31, 0x37, 0x2E, 0x33, 0x2E, 0x34, 0x38, 0x2E, 0x30, 0x2E, 0x35,
    0x33, 0x73, 0x38, 0x75, 0x67, 0x2F, 0x4D, 0x65, 0x74, 0x61, 0x6C, 0x2E, 0x78, 0x63, 0x74, 0x6F,
    0x6F, 0x6C, 0x63, 0x68, 0x61, 0x69, 0x6E, 0x2F, 0x75, 0x73, 0x72, 0x2F, 0x6D, 0x65, 0x74, 0x61,
    0x6C, 0x2F, 0x33, 0x32, 0x30, 0x32, 0x33, 0x2F, 0x6C, 0x69, 0x62, 0x2F, 0x63, 0x6C, 0x61, 0x6E,
    0x67, 0x2F, 0x33, 0x32, 0x30, 0x32, 0x33, 0x2E, 0x38, 0x35, 0x30, 0x2F, 0x69, 0x6E, 0x63, 0x6C,
    0x75, 0x64, 0x65, 0x2F, 0x6D, 0x65, 0x74, 0x61, 0x6C, 0x2F, 0x5F, 0x5F, 0x62, 0x69, 0x74, 0x73,
    0x2F, 0x6D, 0x65, 0x74, 0x61, 0x6C, 0x5F, 0x74, 0x65, 0x78, 0x74, 0x75, 0x72, 0x65, 0x32, 0x64,
    0x72, 0x65, 0x61, 0x64, 0x00, 0x00, 0x13, 0x04, 0xAC, 0x99, 0x20, 0x60, 0xCE, 0x2A, 0xEA, 0x08,
    0x05, 0x71, 0x00, 0x42, 0x41, 0x92, 0x09, 0x0E, 0xC0, 0x00, 0x10, 0x05, 0x41, 0x10, 0x02, 0x05,
    0x00, 0xD0, 0x05, 0x00, 0x00, 0x80, 0x15, 0x02, 0x3E, 0x9C, 0xC3, 0x8A, 0x21, 0x1F, 0xF0, 0x01,
    0x1D, 0x56, 0x0C, 0xFA, 0x80, 0x0F, 0xE9, 0xB0, 0x62, 0xD8, 0x07, 0x7C, 0x50, 0x87, 0x55, 0xD4,
    0x61, 0x0A, 0xEB, 0x00, 0x98, 0x82, 0x2F, 0xC8, 0x84, 0x2F, 0x00, 0x18, 0x00, 0xA2, 0x20, 0x08,
    0x42, 0xA0, 0x00, 0x00, 0xBA, 0x00, 0x00, 0x00, 0xB0, 0x8A, 0x3A, 0x76, 0xA2, 0x1D, 0x80, 0x9D,
    0x00, 0x03, 0x99, 0x00, 0x03, 0x00, 0x03, 0x40, 0x14, 0x04, 0x41, 0x08, 0x14, 0x00, 0x40, 0x17,
    0x00, 0x00, 0x00, 0x74, 0x1E, 0x48, 0x20, 0x43, 0x88, 0x0C, 0x19, 0x09, 0x0D, 0x06, 0x21, 0xF6,
    0x00, 0xE8, 0x30, 0x58, 0xE0, 0x07, 0x7F, 0xB0, 0x8A, 0x3A, 0x76, 0xC2, 0x1D, 0x80, 0x9D, 0xD8,
    0x64, 0x62, 0x03, 0x30, 0x00, 0x44, 0x41, 0x10, 0x84, 0x40, 0x01, 0x00, 0x74, 0x01, 0x00, 0x00,
    0xA0, 0xC9, 0x00, 0xC1, 0x1E, 0x00, 0xAB, 0xA8, 0x63, 0x27, 0xDE, 0x01, 0xD8, 0x89, 0x4B, 0x26,
    0x2E, 0x00, 0x03, 0x40, 0x14, 0x04, 0x41, 0x08, 0x14, 0x00, 0x40, 0x17, 0x00, 0x00, 0x00, 0x3A,
    0x0D, 0x0E, 0xEC, 0x01, 0xD0, 0x18, 0x43, 0x48, 0x8C, 0x84, 0x55, 0xD4, 0xB1, 0x13, 0xF0, 0x00,
    0xEC, 0x04, 0x1A, 0xC8, 0x04, 0x1A, 0x00, 0x18, 0x00, 0xA2, 0x20, 0x08, 0x42, 0xA0, 0x00, 0x00,
    0xBA, 0x00, 0x00, 0x00, 0xD0, 0x6D, 0x90, 0x61, 0x0F, 0x80, 0x55, 0xD4, 0xC1, 0x13, 0xF2, 0x00,
    0xF0, 0xC4, 0x25, 0x13, 0x1A, 0x80, 0x01, 0x20, 0x0A, 0x82, 0x20, 0x04, 0x0A, 0x00, 0xA0, 0x0B,
    0x00, 0x00, 0x00, 0xCD, 0x06, 0x07, 0xF6, 0x00, 0x58, 0x45, 0x1D, 0x3D, 0x41, 0x0F, 0x40, 0x4F,
    0xE0, 0x96, 0x4C, 0xE4, 0x16, 0x80, 0x01, 0x20, 0x0A, 0x82, 0x20, 0x04, 0x0A, 0x00, 0xA0, 0x0B,
    0x00, 0x00, 0x00, 0x1D, 0x07, 0x03, 0xF6, 0x00, 0xE8, 0x38, 0x18, 0xB0, 0x07, 0x40, 0xC7, 0xC1,
    0x80, 0x3D, 0x00, 0x3A, 0x0E, 0x06, 0xEC, 0x01, 0xD0, 0x7B, 0x30, 0x60, 0x0F, 0x80, 0xDE, 0x83,
    0x01, 0x7B, 0x00, 0xF4, 0x1E, 0x0C, 0xD8, 0x03, 0xA0, 0xF7, 0x60, 0xC0, 0x1E, 0x00, 0x9B, 0x08,
    0x01, 0xD0, 0x05, 0x60, 0x43, 0x60, 0x0E, 0x1B, 0x86, 0x72, 0x98, 0x89, 0x7A, 0xD8, 0x30, 0x90,
    0x03, 0x4D, 0xD4, 0xC3, 0x86, 0x62, 0x1C, 0x6A, 0xA2, 0x1E, 0x6A, 0xC2, 0x1E, 0x36, 0x0C, 0x36,
    0x51, 0x13, 0xF5, 0xB0, 0x21, 0xC8, 0x87, 0x0D, 0xC2, 0x3E, 0xE8, 0xC3, 0x86, 0xC1, 0x26, 0x6A,
    0xC2, 0x1E, 0x06, 0x15, 0x00, 0x3B, 0x08, 0x00, 0x30, 0xA8, 0x00, 0xE2, 0x41, 0x00, 0x80, 0x41,
    0x05, 0x30, 0x0F, 0x00, 0x00, 0x6C, 0x18, 0x68, 0x82, 0x26, 0xEA, 0x61, 0x43, 0xB0, 0x0F, 0x1B,
    0x84, 0x7C, 0xD0, 0x07, 0x00, 0x00, 0x5D, 0x0C, 0x1D, 0x18, 0x84, 0xC1, 0x8C, 0x41, 0xE1, 0x61,
    0xF7, 0x00, 0x00, 0x14, 0x84, 0x31, 0x61, 0x00, 0x74, 0x31, 0x7C, 0x62, 0x80, 0x06, 0x33, 0x06,
    0xC5, 0x67, 0xDD, 0x03, 0x00, 0x50, 0x10, 0xC6, 0x84, 0x01, 0x30, 0xC7, 0x50, 0x05, 0x64, 0x30,
    0x63, 0x50, 0xFC, 0x82, 0xC2, 0x0F, 0xFF, 0x00, 0x0C, 0x32, 0x04, 0xD5, 0x35, 0x61, 0x00, 0x5C,
    0x40, 0xE1, 0x8C, 0x41, 0x11, 0x06, 0x65, 0xD0, 0x0F, 0xFE, 0x00, 0x5C, 0x40, 0xE9, 0x8C, 0x41,
    0x11, 0x06, 0x7E, 0xD0, 0x0F, 0xFE, 0x00, 0x8C, 0x21, 0x88, 0x01, 0x1A, 0xCC, 0x18, 0x14, 0x63,
    0x70, 0xDC, 0x03, 0x00, 0x1C, 0x02, 0x06, 0x38, 0x63, 0x50, 0x74, 0x1A, 0x48, 0x84, 0x04, 0x70,
    0x81, 0x18, 0xE8, 0x8C, 0x41, 0xD1, 0x89, 0x01, 0x48, 0x84, 0x04, 0x80, 0x41, 0x1C, 0xC0, 0xC0,
    0x8C, 0x41, 0xD1, 0xB1, 0x01, 0x48, 0x84, 0x04, 0x30, 0x86, 0x50, 0xB0, 0xC1, 0x8C, 0x41, 0x51,
    0x06, 0xC8, 0x3D, 0x00, 0x00, 0x06, 0x82, 0x0C, 0xCC, 0x18, 0x14, 0x64, 0xD0, 0x07, 0xF7, 0x00,
    0x00, 0xC3, 0x0D, 0x46, 0x40, 0x06, 0x33, 0x06, 0xC5, 0x18, 0x84, 0xC1, 0x3D, 0x00, 0xC0, 0x2C,
    0x43, 0x20, 0x04, 0x33, 0x06, 0xC5, 0x18, 0x1C, 0xF7, 0x00, 0x00, 0x73, 0x0C, 0x60, 0xE0, 0xBC,
    0xC1, 0x8C, 0x41, 0xF1, 0x0B, 0x0A, 0x3F, 0x90, 0x04, 0x30, 0xC8, 0x10, 0x80, 0x81, 0x18, 0x4C,
    0x18, 0x00, 0x17, 0x74, 0x38, 0x63, 0x50, 0x60, 0x68, 0x20, 0x12, 0x23, 0x01, 0x5C, 0xD0, 0xDD,
    0x8C, 0x41, 0x81, 0xA9, 0x82, 0x48, 0x8C, 0x04, 0x70, 0x41, 0xA7, 0x13, 0x06, 0x00, 0x06, 0x8D,
    0x0C, 0xCC, 0x18, 0x14, 0x69, 0x90, 0x07, 0xF7, 0x00, 0x00, 0x83, 0x0C, 0x6F, 0x80, 0x06, 0xDE,
    0x8C, 0x41, 0xA1, 0x06, 0xC8, 0x3D, 0x00, 0xC0, 0x05, 0x65, 0x70, 0x33, 0x06, 0x85, 0x1A, 0x8C,
    0xC1, 0x3D, 0x00, 0xC0, 0x0D, 0x01, 0xCC, 0x18, 0x14, 0x69, 0xC0, 0x0A, 0xF7, 0x00, 0x00, 0x57,
    0xC1, 0x81, 0xCE, 0x18, 0x14, 0x69, 0x60, 0x95, 0x84, 0x49, 0x00, 0x28, 0x85, 0x81, 0x0C, 0xCC,
    0x18, 0x14, 0x65, 0x80, 0x07, 0x27, 0x81, 0x12, 0xC0, 0x0D, 0xC1, 0xCC, 0x18, 0x14, 0x68, 0xF0,
    0x06, 0x27, 0x81, 0x12, 0xC0, 0x18, 0x42, 0xC0, 0xCD, 0x18, 0x14, 0x69, 0x10, 0x9D, 0x04, 0x4A,
    0x00, 0x17, 0x10, 0x32, 0x63, 0x50, 0xA4, 0x81, 0x18, 0x9C, 0x04, 0x4A, 0x00, 0x63, 0x08, 0x43,
    0x1F, 0xCC, 0x18, 0x14, 0x69, 0x20, 0x07, 0x27, 0x81, 0x12, 0xC0, 0x09, 0x01, 0xCC, 0x18, 0x14,
    0x69, 0xE0, 0x9C, 0x04, 0x4A, 0x00, 0x57, 0x18, 0x32, 0x63, 0x50, 0xA8, 0x41, 0x19, 0x9C, 0x04,
    0x4A, 0x00, 0x97, 0x04, 0x31, 0x63, 0x50, 0xA8, 0xC1, 0x74, 0x12, 0x28, 0x01, 0x8C, 0x21, 0x20,
    0xA1, 0x30, 0x63, 0x50, 0x00, 0xC0, 0x49, 0xA0, 0x04, 0x30, 0x86, 0x90, 0x8C, 0xC1, 0x8C, 0x41,
    0x31, 0x07, 0x6C, 0x70, 0x12, 0x28, 0x01, 0x5C, 0x11, 0xC8, 0x8C, 0x41, 0x31, 0x07, 0xD2, 0x49,
    0xA0, 0x04, 0x30, 0x86, 0x40, 0x94, 0xC1, 0x8C, 0x41, 0x41, 0x07, 0xC9, 0x49, 0xA0, 0x04, 0x30,
    0x86, 0x50, 0x94, 0xC2, 0x8C, 0x41, 0x41, 0x07, 0x73, 0x70, 0x12, 0x28, 0x01, 0xDC, 0x20, 0xC0,
    0x05, 0x86, 0x5C, 0x30, 0xC0, 0x8C, 0x41, 0x31, 0x07, 0xA2, 0x70, 0x12, 0x28, 0x01, 0x60, 0x30,
    0x0B, 0x18, 0x30, 0x63, 0x50, 0xC0, 0xC1, 0x71, 0x0F, 0x00, 0x30, 0x62, 0x40, 0x10, 0x21, 0x08,
    0x06, 0x54, 0x2D, 0xCC, 0x18, 0x14, 0xBB, 0x15, 0x07, 0x29, 0xA1, 0x12, 0xC0, 0x88, 0x81, 0x52,
    0x84, 0x20, 0x18, 0x48, 0xB7, 0x60, 0x0A, 0x01, 0xD5, 0x07, 0xAC, 0xC0, 0x0A, 0x33, 0x06, 0xC5,
    0x6E, 0x31, 0x29, 0xA1, 0x12, 0xC0, 0x68, 0x42, 0x00, 0x4C, 0x18, 0x00, 0x67, 0xD1, 0x01, 0xCC,
    0x18, 0x14, 0x71, 0x30, 0xDC, 0x03, 0x00, 0x8C, 0x18, 0x28, 0x45, 0x08, 0x82, 0x81, 0xA4, 0x0B,
    0xA9, 0x40, 0x04, 0xA0, 0xF0, 0x0A, 0xAF, 0x30, 0x63, 0x50, 0xEC, 0x16, 0x93, 0x12, 0x2B, 0x01,
    0x8C, 0x26, 0x04, 0xC0, 0x84, 0x01, 0x30, 0xC8, 0x40, 0x04, 0xA6, 0x30, 0x63, 0x50, 0xC4, 0xC1,
    0x70, 0x0F, 0x00, 0x70, 0xDA, 0x1D, 0xC0, 0x84, 0x01, 0x30, 0x62, 0xA0, 0x14, 0x21, 0x08, 0x06,
    0x92, 0x2F, 0xB4, 0x02, 0x12, 0x90, 0xC2, 0x2C, 0xCC, 0xC2, 0x8C, 0x41, 0xB1, 0x5B, 0x4C, 0x4A,
    0xB0, 0x04, 0x30, 0x9A, 0x10, 0x00, 0x13, 0x06, 0xC0, 0x20, 0x03, 0x11, 0xA4, 0xC2, 0x8C, 0x41,
    0x11, 0x07, 0xC3, 0x3D, 0x00, 0xC0, 0x79, 0xA4, 0x00, 0x13, 0x06, 0xC0, 0x88, 0x81, 0x52, 0x84,
    0x20, 0x18, 0x48, 0xE2, 0x10, 0x0B, 0x4C, 0x80, 0x0A, 0xB7, 0x70, 0x0B, 0x33, 0x06, 0xC5, 0x6E,
    0x31, 0x29, 0xD1, 0x12, 0xC0, 0x68, 0x42, 0x00, 0x4C, 0x18, 0x00, 0x83, 0x0C, 0x44, 0xC0, 0x0A,
    0x33, 0x06, 0x45, 0x1C, 0x0C, 0xF7, 0x00, 0x00, 0x09, 0xE1, 0x98, 0x30, 0x00, 0x3A, 0x11, 0x6C,
    0x21, 0x98, 0x30, 0x00, 0x32, 0xE0, 0x3B, 0x61, 0x00, 0x0C, 0x1B, 0x10, 0x01, 0x51, 0x00, 0x13,
    0x06, 0xC0, 0x95, 0x41, 0x28, 0xC0, 0x8C, 0x41, 0xB1, 0x07, 0xC3, 0x3D, 0x00, 0xC0, 0x88, 0x81,
    0x52, 0x84, 0x20, 0x18, 0x48, 0xE9, 0x80, 0x0B, 0x53, 0xF0, 0x0A, 0xBE, 0xE0, 0x0B, 0x33, 0x06,
    0xC5, 0x6E, 0x31, 0x29, 0xE1, 0x12, 0xC0, 0x68, 0x42, 0x00, 0x4C, 0x18, 0x00, 0x87, 0x06, 0xA3,
    0x00, 0x33, 0x06, 0xC5, 0x1E, 0x0C, 0xF7, 0x00, 0x00, 0x23, 0x06, 0x4A, 0x11, 0x82, 0x60, 0x20,
    0xB1, 0xC3, 0x2E, 0x58, 0x81, 0x2C, 0x84, 0x43, 0x38, 0xCC, 0x18, 0x14, 0xBB, 0xC5, 0xA4, 0xC4,
    0x4B, 0x00, 0xA3, 0x09, 0x01, 0x30, 0x61, 0x00, 0x0C, 0x32, 0x10, 0x01, 0x2E, 0xCC, 0x18, 0x14,
    0x7B, 0x30, 0xDC, 0x03, 0x00, 0x1C, 0x1B, 0x98, 0x02, 0x4C, 0x18, 0x00, 0x23, 0x06, 0x4A, 0x11,
    0x82, 0x60, 0x20, 0xC1, 0xC3, 0x2F, 0x68, 0x81, 0x2D, 0x94, 0x43, 0x39, 0xCC, 0x18, 0x14, 0xBB,
    0xC5, 0xA4, 0x04, 0x4C, 0x00, 0xA3, 0x09, 0x01, 0x30, 0x61, 0x00, 0x0C, 0x32, 0x10, 0xC1, 0x2E,
    0xCC, 0x18, 0x14, 0x7B, 0x30, 0xDC, 0x03, 0x00, 0x1C, 0x1C, 0xA4, 0x02, 0x4C, 0x18, 0x00, 0x23,
    0x06, 0x4A, 0x11, 0x82, 0x60, 0x20, 0xD1, 0xC3, 0x38, 0x78, 0x81, 0x2E, 0xA4, 0x43, 0x3A, 0xCC,
    0x18, 0x14, 0xBB, 0xC5, 0xA4, 0x44, 0x4C, 0x00, 0xA3, 0x09, 0x01, 0x30, 0x61, 0x00, 0x0C, 0x32,
    0x10, 0x81, 0x2F, 0xCC, 0x18, 0x14, 0x7B, 0x30, 0xDC, 0x03, 0x00, 0xA0, 0x18, 0xC4, 0x03, 0x0C,
    0x4C, 0x18, 0x00, 0x19, 0xE0, 0x98, 0x30, 0x00, 0x3A, 0x11, 0xD2, 0x21, 0x98, 0x30, 0x00, 0x32,
    0xE0, 0x3B, 0x61, 0x00, 0x0C, 0x1B, 0x10, 0x41, 0x51, 0x00, 0x13, 0x06, 0xC0, 0x2C, 0x81, 0x30,
    0x63, 0x50, 0x98, 0x42, 0x70, 0x0F, 0x00, 0xA0, 0x13, 0x06, 0x40, 0x40, 0x0C, 0x00, 0x0B, 0x00,
    0x00, 0x00, 0x5B, 0x04, 0xC0, 0x1E, 0xB6, 0x1C, 0x41, 0x60, 0x13, 0xC7, 0x4D, 0x20, 0x38, 0xB1,
    0xE5, 0x18, 0x82, 0x9C, 0x38, 0x6E, 0x02, 0xC1, 0x89, 0x2D, 0x47, 0x1F, 0x04, 0x3D, 0x71, 0xF8,
    0x04, 0xF2, 0x13, 0x5B, 0x8E, 0x58, 0x08, 0x7A, 0xE2, 0xF0, 0x09, 0xE4, 0x27, 0x00, 0x00, 0x00,
    0x00, 0x00, 0x71, 0x20, 0x00, 0x00, 0x03, 0x00, 0x00, 0x00, 0x32, 0x0E, 0x10, 0x22, 0x84, 0x00,
    0x8D, 0x08, 0x00, 0x00, 0x00, 0x00, 0x00, 0x00, 0x00, 0x00, 0x65, 0x0C, 0x00, 0x00, 0x2B, 0x00,
    0x00, 0x00, 0x12, 0x03, 0x94, 0x60, 0x01, 0x00, 0x00, 0x00, 0x03, 0x00, 0x00, 0x00, 0x37, 0x00,
    0x00, 0x00, 0x0C, 0x00, 0x00, 0x00, 0x4C, 0x00, 0x00, 0x00, 0x01, 0x00, 0x00, 0x00, 0x58, 0x00,
    0x00, 0x00, 0x00, 0x00, 0x00, 0x00, 0x58, 0x00, 0x00, 0x00, 0x03, 0x00, 0x00, 0x00, 0xA0, 0x00,
    0x00, 0x00, 0x00, 0x00, 0x00, 0x00, 0x43, 0x00, 0x00, 0x00, 0x1C, 0x00, 0x00, 0x00, 0x00, 0x00,
    0x00, 0x00, 0x0A, 0x00, 0x00, 0x00, 0x0A, 0x00, 0x00, 0x00, 0x00, 0x00, 0x00, 0x00, 0xA0, 0x00,
    0x00, 0x00, 0x00, 0x00, 0x00, 0x00, 0x00, 0x00, 0x00, 0x00, 0x03, 0x00, 0x00, 0x00, 0x00, 0x00,
    0x00, 0x00, 0x00, 0x00, 0x00, 0x00, 0x0A, 0x00, 0x00, 0x00, 0x00, 0x00, 0x00, 0x00, 0x0A, 0x00,
    0x00, 0x00, 0xFF, 0xFF, 0xFF, 0xFF, 0x00, 0x24, 0x00, 0x00, 0x0A, 0x00, 0x00, 0x00, 0x19, 0x00,
    0x00, 0x00, 0x0A, 0x00, 0x00, 0x00, 0x19, 0x00, 0x00, 0x00, 0xFF, 0xFF, 0xFF, 0xFF, 0x08, 0x24,
    0x00, 0x00, 0x23, 0x00, 0x00, 0x00, 0x14, 0x00, 0x00, 0x00, 0x23, 0x00, 0x00, 0x00, 0x14, 0x00,
    0x00, 0x00, 0xFF, 0xFF, 0xFF, 0xFF, 0x08, 0x24, 0x00, 0x00, 0x00, 0x00, 0x00, 0x00, 0x5D, 0x0C,
    0x00, 0x00, 0x1B, 0x00, 0x00, 0x00, 0x12, 0x03, 0x94, 0xBF, 0x00, 0x00, 0x00, 0x00, 0x78, 0x65,
    0x73, 0x6C, 0x5F, 0x65, 0x6E, 0x74, 0x72, 0x79, 0x61, 0x69, 0x72, 0x2E, 0x72, 0x65, 0x61, 0x64,
    0x5F, 0x74, 0x65, 0x78, 0x74, 0x75, 0x72, 0x65, 0x5F, 0x32, 0x64, 0x2E, 0x76, 0x34, 0x66, 0x33,
    0x32, 0x61, 0x69, 0x72, 0x2E, 0x67, 0x65, 0x74, 0x5F, 0x72, 0x65, 0x61, 0x64, 0x5F, 0x73, 0x61,
    0x6D, 0x70, 0x6C, 0x65, 0x72, 0x33, 0x32, 0x30, 0x32, 0x33, 0x2E, 0x38, 0x35, 0x30, 0x2E, 0x31,
    0x30, 0x61, 0x69, 0x72, 0x36, 0x34, 0x5F, 0x76, 0x32, 0x38, 0x2D, 0x61, 0x70, 0x70, 0x6C, 0x65,
    0x2D, 0x6D, 0x61, 0x63, 0x6F, 0x73, 0x78, 0x32, 0x36, 0x2E, 0x30, 0x2E, 0x30, 0x00, 0x00, 0x00,
    0x00, 0x00, 0x00, 0x00, 0x00, 0x00, 0x01, 0x00, 0x00, 0x00, 0x2F, 0x70, 0x72, 0x69, 0x76, 0x61,
    0x74, 0x65, 0x2F, 0x76, 0x61, 0x72, 0x2F, 0x72, 0x75, 0x6E, 0x2F, 0x63, 0x6F, 0x6D, 0x2E, 0x61,
    0x70, 0x70, 0x6C, 0x65, 0x2E, 0x73, 0x65, 0x63, 0x75, 0x72, 0x69, 0x74, 0x79, 0x2E, 0x63, 0x72,
    0x79, 0x70, 0x74, 0x65, 0x78, 0x64, 0x2F, 0x6D, 0x6E, 0x74, 0x2F, 0x63, 0x6F, 0x6D, 0x2E, 0x61,
    0x70, 0x70, 0x6C, 0x65, 0x2E, 0x4D, 0x6F, 0x62, 0x69, 0x6C, 0x65, 0x41, 0x73, 0x73, 0x65, 0x74,
    0x2E, 0x4D, 0x65, 0x74, 0x61, 0x6C, 0x54, 0x6F, 0x6F, 0x6C, 0x63, 0x68, 0x61, 0x69, 0x6E, 0x2D,
    0x76, 0x31, 0x37, 0x2E, 0x33, 0x2E, 0x34, 0x38, 0x2E, 0x30, 0x2E, 0x35, 0x33, 0x73, 0x38, 0x75,
    0x67, 0x2F, 0x4D, 0x65, 0x74, 0x61, 0x6C, 0x2E, 0x78, 0x63, 0x74, 0x6F, 0x6F, 0x6C, 0x63, 0x68,
    0x61, 0x69, 0x6E, 0x2F, 0x75, 0x73, 0x72, 0x2F, 0x6D, 0x65, 0x74, 0x61, 0x6C, 0x2F, 0x33, 0x32,
    0x30, 0x32, 0x33, 0x2F, 0x62, 0x69, 0x6E, 0x2F, 0x6D, 0x65, 0x74, 0x61, 0x6C, 0x6C, 0x69, 0x62,
    0x20, 0x73, 0x72, 0x63, 0x2F, 0x78, 0x65, 0x6E, 0x69, 0x61, 0x2F, 0x67, 0x70, 0x75, 0x2F, 0x73,
    0x68, 0x61, 0x64, 0x65, 0x72, 0x73, 0x2F, 0x62, 0x79, 0x74, 0x65, 0x63, 0x6F, 0x64, 0x65, 0x2F,
    0x6D, 0x65, 0x74, 0x61, 0x6C, 0x2F, 0x68, 0x6F, 0x73, 0x74, 0x5F, 0x64, 0x65, 0x70, 0x74, 0x68,
    0x5F, 0x73, 0x74, 0x6F, 0x72, 0x65, 0x5F, 0x31, 0x78, 0x6D, 0x73, 0x61, 0x61, 0x5F, 0x63, 0x73,
    0x2E, 0x61, 0x69, 0x72, 0x20, 0x2D, 0x6F, 0x20, 0x73, 0x72, 0x63, 0x2F, 0x78, 0x65, 0x6E, 0x69,
    0x61, 0x2F, 0x67, 0x70, 0x75, 0x2F, 0x73, 0x68, 0x61, 0x64, 0x65, 0x72, 0x73, 0x2F, 0x62, 0x79,
    0x74, 0x65, 0x63, 0x6F, 0x64, 0x65, 0x2F, 0x6D, 0x65, 0x74, 0x61, 0x6C, 0x2F, 0x68, 0x6F, 0x73,
    0x74, 0x5F, 0x64, 0x65, 0x70, 0x74, 0x68, 0x5F, 0x73, 0x74, 0x6F, 0x72, 0x65, 0x5F, 0x31, 0x78,
    0x6D, 0x73, 0x61, 0x61, 0x5F, 0x63, 0x73, 0x2E, 0x6D, 0x65, 0x74, 0x61, 0x6C, 0x6C, 0x69, 0x62,
    0x00, 0x2F, 0x55, 0x73, 0x65, 0x72, 0x73, 0x2F, 0x77, 0x6D, 0x61, 0x72, 0x74, 0x69, 0x2F, 0x44,
    0x6F, 0x63, 0x75, 0x6D, 0x65, 0x6E, 0x74, 0x73, 0x2F, 0x78, 0x65, 0x6E, 0x69, 0x61, 0x2D, 0x6D,
    0x61, 0x63, 0x2F, 0x73, 0x63, 0x72, 0x61, 0x74, 0x63, 0x68, 0x2F, 0x77, 0x6F, 0x72, 0x6B, 0x74,
    0x72, 0x65, 0x65, 0x73, 0x2F, 0x78, 0x65, 0x6E, 0x69, 0x61, 0x2D, 0x63, 0x61, 0x6E, 0x61, 0x72,
    0x79, 0x2D, 0x72, 0x65, 0x62, 0x61, 0x73, 0x65, 0x00, 0x27, 0x50, 0x00, 0x00, 0x53, 0x41, 0x52,
    0x43, 0x1B, 0x50, 0x00, 0x00, 0x68, 0x6F, 0x73, 0x74, 0x5F, 0x64, 0x65, 0x70, 0x74, 0x68, 0x5F,
    0x73, 0x74, 0x6F, 0x72, 0x65, 0x5F, 0x31, 0x78, 0x6D, 0x73, 0x61, 0x61, 0x5F, 0x63, 0x73, 0x00,
    0x42, 0x5A, 0x68, 0x39, 0x31, 0x41, 0x59, 0x26, 0x53, 0x59, 0x10, 0x04, 0x4C, 0x6D, 0x00, 0x93,
    0x9E, 0x7F, 0xFD, 0xFF, 0xFE, 0xFF, 0x7B, 0xFF, 0xFF, 0xFF, 0xFF, 0xBF, 0xFF, 0xDF, 0xFF, 0xFF,
    0xFF, 0xFF, 0xFF, 0x50, 0x04, 0x01, 0x42, 0x04, 0x00, 0x02, 0x20, 0x00, 0x40, 0x00, 0x20, 0x00,
    0x08, 0x60, 0x6C, 0x9E, 0x3D, 0xE5, 0x20, 0xF1, 0xEA, 0xEB, 0xB1, 0x77, 0x4B, 0x5A, 0xDF, 0x5F,
    0x66, 0x37, 0xB7, 0xDB, 0xE3, 0x5E, 0xEC, 0x77, 0x61, 0x4E, 0x83, 0xAD, 0xAC, 0xBB, 0x7C, 0xF7,
    0xCF, 0x9B, 0xDF, 0x73, 0x52, 0x45, 0x28, 0xA5, 0x24, 0x2A, 0xBB, 0x31, 0xF5, 0xBD, 0xB4, 0x40,
    0x97, 0x66, 0x9E, 0x7D, 0xED, 0xEE, 0xB6, 0xE6, 0x7C, 0x71, 0xF7, 0x3A, 0x3E, 0xAF, 0x96, 0xDB,
    0xBD, 0xF7, 0x02, 0xEC, 0xDB, 0xB8, 0x9F, 0x5E, 0xD9, 0xCE, 0x5E, 0x73, 0xEE, 0x6D, 0x7B, 0x9E,
    0xE1, 0x8B, 0xEB, 0x23, 0xC0, 0x7B, 0x1B, 0xEE, 0x3E, 0xCF, 0xB7, 0xBB, 0x74, 0xF5, 0xD5, 0xE5,
    0xEF, 0x73, 0x73, 0x9E, 0xBC, 0xE6, 0xFB, 0xDF, 0x7D, 0xF7, 0xA2, 0x8C, 0xEF, 0x7B, 0xD7, 0xDD,
    0x7D, 0x8D, 0x6D, 0x6C, 0xBB, 0xDE, 0x7B, 0x6D, 0xE9, 0xB2, 0x33, 0xB9, 0xE7, 0xBD, 0xEB, 0x73,
    0xAF, 0x71, 0xEB, 0xCE, 0xEF, 0xAE, 0xFB, 0x7C, 0xBE, 0xD9, 0x0C, 0xF3, 0xBD, 0xEE, 0xA9, 0x25,
    0x55, 0xD8, 0x6F, 0x77, 0x26, 0xDC, 0x9D, 0x6A, 0x2B, 0x5E, 0xEB, 0xDD, 0xCF, 0x7B, 0x8E, 0xB9,
    0xBE, 0x80, 0xE5, 0xD9, 0x7B, 0x3C, 0xA7, 0xAD, 0x20, 0x90, 0x7A, 0xC5, 0xAE, 0xC6, 0xA7, 0xBD,
    0x9E, 0xCF, 0x4E, 0xFB, 0xDA, 0xF4, 0x6D, 0xBA, 0xE5, 0x4E, 0xD9, 0x49, 0x8F, 0x7D, 0xE7, 0xB6,
    0x79, 0xBD, 0xDD, 0x00, 0x1D, 0xB7, 0xAD, 0xBD, 0xF7, 0x8E, 0xEE, 0xDD, 0x6C, 0xF7, 0x67, 0x1C,
    0xDE, 0xF7, 0x73, 0xC4, 0xE8, 0x51, 0x4E, 0x9A, 0x74, 0xB6, 0x64, 0xEF, 0xAC, 0x1E, 0xF6, 0xD7,
    0x56, 0xD7, 0x5B, 0xBD, 0x9D, 0x34, 0x06, 0x94, 0xF5, 0xCE, 0xCF, 0x75, 0xDE, 0xF2, 0x7C, 0x2B,
    0xAD, 0x76, 0x9D, 0x2E, 0x9F, 0x7D, 0xE3, 0x8D, 0x78, 0xBE, 0xC5, 0xE2, 0xEE, 0xE0, 0x6A, 0xA5,
    0x24, 0xF9, 0x9B, 0xE6, 0xFA, 0x39, 0x7C, 0x74, 0x28, 0xBE, 0xE7, 0xDD, 0xB7, 0x4C, 0xAE, 0xFB,
    0x9D, 0xBD, 0x60, 0x1E, 0x94, 0x01, 0xE7, 0x7D, 0x6E, 0x57, 0xC2, 0x48, 0x82, 0x00, 0x02, 0x02,
    0x64, 0x1A, 0x08, 0x13, 0x26, 0x84, 0xD3, 0xD4, 0xC8, 0x4D, 0x1A, 0x62, 0x19, 0x1B, 0x51, 0x90,
    0x00, 0xD0, 0x68, 0x00, 0x34, 0x7A, 0x80, 0x00, 0x01, 0x29, 0xA0, 0x81, 0x08, 0x12, 0x69, 0xA6,
    0x86, 0x8D, 0x46, 0x8A, 0x9F, 0xE8, 0x54, 0xF5, 0x3F, 0x2A, 0x78, 0xD1, 0xA1, 0x4D, 0x3D, 0x4D,
    0xA4, 0x68, 0xD0, 0xD0, 0x00, 0x3D, 0x40, 0x0D, 0xA8, 0x03, 0x40, 0x00, 0x00, 0x02, 0x41, 0x44,
    0x42, 0x64, 0x64, 0x8C, 0xA6, 0xD1, 0x4F, 0x2A, 0x79, 0xA9, 0x1F, 0x93, 0x46, 0x4A, 0x69, 0xFA,
    0x53, 0xD4, 0xF5, 0x3F, 0x24, 0x9A, 0x3D, 0x43, 0x6A, 0x6F, 0x54, 0x1A, 0x36, 0xA3, 0xD4, 0x68,
    0x06, 0x46, 0xD4, 0x69, 0xA7, 0xA8, 0x03, 0xD4, 0x34, 0x64, 0x00, 0x10, 0xA4, 0x84, 0x20, 0x4C,
    0x11, 0x0D, 0x0D, 0x00, 0x51, 0xB5, 0x27, 0xA9, 0x99, 0x4C, 0x26, 0x9E, 0xD0, 0xD2, 0x8D, 0x3D,
    0x26, 0x32, 0x26, 0x23, 0x23, 0x41, 0xA0, 0xD3, 0x43, 0x4D, 0xEA, 0x9A, 0x00, 0x0D, 0x19, 0x00,
    0x22, 0x48, 0x82, 0x1A, 0x99, 0x01, 0x4F, 0x11, 0x90, 0x99, 0xA2, 0x28, 0xFC, 0x46, 0x83, 0x10,
    0xD2, 0x64, 0x18, 0x8D, 0x35, 0x3D, 0x26, 0x9A, 0x62, 0x68, 0x34, 0x7A, 0x27, 0xA9, 0xE4, 0x9A,
    0x3D, 0x4D, 0xA8, 0xC4, 0x0D, 0x34, 0x00, 0x11, 0x22, 0x21, 0x32, 0x04, 0x13, 0x25, 0x3D, 0x05,
    0x4F, 0x79, 0x15, 0x3D, 0x85, 0x4F, 0x53, 0xF1, 0x29, 0xA6, 0x87, 0xA7, 0xAA, 0x34, 0x1A, 0x3D,
    0x20, 0x01, 0xB5, 0x00, 0x00, 0x03, 0xD4, 0x00, 0xD0, 0x00, 0x01, 0xF2, 0x9F, 0x3F, 0xFF, 0x5A,
    0x78, 0x80, 0xFA, 0x58, 0x06, 0xEF, 0xCB, 0xF4, 0xE7, 0x8D, 0x1D, 0x4D, 0x38, 0x32, 0x30, 0x99,
    0xA8, 0x38, 0x44, 0x53, 0xC6, 0x67, 0xE5, 0xF6, 0x4F, 0x63, 0xD8, 0xFD, 0x7F, 0xAC, 0x9A, 0x2E,
    0xA8, 0xBF, 0xE0, 0x07, 0xC4, 0x50, 0x01, 0xA5, 0xDF, 0x24, 0x43, 0x46, 0x1A, 0x8C, 0x16, 0x80,
    0x9E, 0x42, 0x20, 0x2E, 0x49, 0x83, 0x08, 0x14, 0x5D, 0x53, 0xF0, 0xFC, 0x64, 0xBA, 0x5C, 0xC2,
    0x88, 0x15, 0x40, 0x07, 0xDB, 0x31, 0x55, 0x35, 0x3A, 0x60, 0x04, 0x20, 0xCC, 0x51, 0x70, 0x24,
    0xC8, 0x38, 0xD1, 0x8B, 0xF5, 0x1F, 0xAA, 0x0E, 0x24, 0x06, 0x1A, 0x49, 0x18, 0x01, 0xA0, 0x3E,
    0xEF, 0x4F, 0xDC, 0x27, 0x18, 0x7D, 0xDF, 0xF0, 0x3D, 0x27, 0xDF, 0xFA, 0xAF, 0xE3, 0x3F, 0xA6,
    0xC7, 0xF6, 0x64, 0x27, 0xA8, 0x36, 0x8D, 0xE8, 0x2D, 0xCF, 0xE6, 0xDD, 0xA9, 0x55, 0x67, 0x87,
    0xFB, 0xA2, 0x30, 0xFD, 0x6E, 0x6B, 0x5F, 0x33, 0x89, 0xBB, 0xC3, 0x85, 0x5B, 0xFA, 0x26, 0xF9,
    0xE4, 0x43, 0x41, 0xCE, 0x5C, 0x8B, 0x96, 0x1E, 0xEC, 0xBA, 0x96, 0x9D, 0x77, 0x7E, 0xE7, 0xD6,
    0x9F, 0xF4, 0xFD, 0xAE, 0x5F, 0xB7, 0x95, 0x1A, 0x86, 0xE3, 0x09, 0x6D, 0x54, 0x42, 0x43, 0x7F,
    0x7B, 0xEF, 0x89, 0x7E, 0xE0, 0xC0, 0x61, 0x3E, 0x35, 0xF4, 0x6B, 0xEB, 0xA5, 0xC9, 0x94, 0x86,
    0x7C, 0x70, 0x01, 0xD6, 0xDB, 0x34, 0x73, 0x72, 0x8B, 0x03, 0xC9, 0xB9, 0x71, 0xC0, 0x63, 0x59,
    0x39, 0x90, 0x10, 0x14, 0xB0, 0x5C, 0x2D, 0xF6, 0x58, 0x4E, 0x55, 0x80, 0x95, 0x84, 0x26, 0xDB,
    0x2A, 0x50, 0x06, 0xE4, 0x11, 0x74, 0x27, 0x51, 0xFB, 0xB2, 0xE0, 0x44, 0xC8, 0x1F, 0xB2, 0x6B,
    0xF6, 0xF3, 0x2B, 0xB0, 0xD9, 0x8B, 0x79, 0x4D, 0x8E, 0x5D, 0x9B, 0x93, 0x4A, 0x72, 0xC1, 0x32,
    0x33, 0xEB, 0x35, 0x9C, 0x27, 0x43, 0x62, 0x78, 0x9A, 0xB7, 0xE3, 0xB4, 0xE3, 0x77, 0x61, 0xDA,
    0x32, 0xE4, 0x40, 0xE7, 0x33, 0x1C, 0x07, 0x76, 0x2B, 0x58, 0x98, 0xE8, 0x84, 0xC3, 0x86, 0x13,
    0x09, 0x96, 0x08, 0x58, 0x4A, 0x98, 0x0A, 0x06, 0xCE, 0xBE, 0xDA, 0x2F, 0x4E, 0xBE, 0xBF, 0x6F,
    0x5F, 0x47, 0xA5, 0xE1, 0xDA, 0x7D, 0x9C, 0x6B, 0xE2, 0xE4, 0x74, 0xD3, 0xFE, 0xFC, 0xFB, 0x0C,
    0x5D, 0x4B, 0x7C, 0xAF, 0xE2, 0xDE, 0x34, 0x7E, 0x24, 0x7E, 0x2F, 0x0D, 0x95, 0x25, 0xDB, 0x13,
    0x2F, 0x1C, 0xA5, 0x74, 0xEA, 0x8C, 0xA1, 0x7D, 0xF7, 0x7D, 0x67, 0x1D, 0x91, 0x59, 0x15, 0xB6,
    0xC3, 0xAD, 0x8E, 0x39, 0xA2, 0xAE, 0x4B, 0x3C, 0x89, 0xA5, 0x92, 0x22, 0xB9, 0x6D, 0x10, 0x88,
    0xEE, 0x2D, 0x93, 0xF0, 0x1D, 0xC7, 0x71, 0xB7, 0x4F, 0x7F, 0x7A, 0xCF, 0x61, 0xDD, 0xFB, 0x42,
    0x53, 0xD4, 0x75, 0x23, 0xB9, 0x78, 0xA9, 0x5C, 0x5C, 0xE1, 0x1F, 0xA7, 0xB9, 0x77, 0xB9, 0xBF,
    0x3E, 0x76, 0x67, 0x1C, 0xC0, 0x8D, 0xCA, 0xA9, 0x95, 0xB0, 0xCC, 0x43, 0x23, 0x2C, 0x56, 0xD8,
    0x6C, 0x4D, 0x97, 0xF0, 0x39, 0x39, 0xD3, 0x63, 0x6B, 0x5B, 0x38, 0x98, 0x59, 0xD4, 0xC7, 0x55,
    0x0D, 0x20, 0xC2, 0x64, 0xDB, 0xBE, 0x11, 0xD4, 0xEA, 0x75, 0x36, 0xB8, 0x35, 0xF7, 0xC7, 0x07,
    0xD5, 0xD7, 0x99, 0xCF, 0x90, 0xAA, 0xEB, 0x0F, 0x88, 0x2A, 0xC1, 0x91, 0x01, 0x0F, 0xE8, 0xEF,
    0x0A, 0x6B, 0xE4, 0xBC, 0xE6, 0xCA, 0xD6, 0xBE, 0x0C, 0xAC, 0x60, 0xF9, 0xFE, 0x72, 0x42, 0x81,
    0x46, 0xED, 0x96, 0x2E, 0xA9, 0x8A, 0xCD, 0x7F, 0xD0, 0x74, 0xCC, 0x09, 0xDA, 0x67, 0x93, 0x11,
    0x29, 0x30, 0x68, 0x18, 0x1E, 0x66, 0x69, 0x04, 0xD6, 0x59, 0x0C, 0xF6, 0xC8, 0x58, 0xF7, 0x32,
    0x91, 0x10, 0xEB, 0xBA, 0xDD, 0x0F, 0x75, 0x33, 0x09, 0x99, 0x86, 0x85, 0x56, 0x10, 0x3B, 0x4D,
    0x7A, 0x8B, 0x69, 0x91, 0xDA, 0x50, 0x7E, 0xC5, 0x04, 0x6C, 0x3A, 0x9D, 0xF0, 0xA4, 0xCF, 0x13,
    0xC2, 0x34, 0xF3, 0xD8, 0xC5, 0xDC, 0x65, 0xC0, 0x82, 0xC2, 0xBC, 0x73, 0x1B, 0x7C, 0x4C, 0x1A,
    0x23, 0x83, 0x58, 0x11, 0x46, 0x8A, 0x32, 0x81, 0x19, 0x18, 0x49, 0x08, 0x42, 0x48, 0x93, 0x14,
    0x85, 0xAA, 0x03, 0x4A, 0xC8, 0x36, 0x99, 0x09, 0x8B, 0x8A, 0x35, 0xA2, 0x68, 0x67, 0x7F, 0x08,
    0xC6, 0x7D, 0xFD, 0xBA, 0x82, 0xC9, 0xB0, 0x80, 0xB8, 0x53, 0xCE, 0xF0, 0x0F, 0x64, 0x52, 0x39,
    0x91, 0x28, 0xA0, 0x7F, 0x96, 0x30, 0x25, 0x84, 0x56, 0xB0, 0xC6, 0x3B, 0x19, 0x16, 0xC2, 0xF1,
    0x8A, 0xA9, 0xFC, 0x09, 0xF4, 0x24, 0x92, 0xB2, 0x7D, 0xA0, 0xFB, 0x9F, 0x6C, 0x4A, 0x28, 0x58,
    0x49, 0x81, 0x84, 0x8C, 0x5F, 0xBF, 0x9F, 0xF6, 0xC8, 0xD7, 0x35, 0x3E, 0x4A, 0x52, 0xE3, 0xE3,
    0x6B, 0x55, 0x27, 0x54, 0xDD, 0x7E, 0x4B, 0x41, 0x23, 0xBB, 0xD0, 0xF3, 0xB2, 0x1E, 0x12, 0xDD,
    0x74, 0xE9, 0x80, 0xD4, 0x9C, 0x7C, 0x8F, 0x54, 0xF9, 0xC0, 0xA1, 0x55, 0x54, 0xE1, 0x0E, 0xE9,
    0xB3, 0x38, 0xEE, 0xCC, 0xE2, 0x93, 0x1A, 0x87, 0x20, 0xF9, 0x93, 0x77, 0x2E, 0xDC, 0xFB, 0x28,
    0x0B, 0x72, 0x7E, 0x20, 0x1D, 0x09, 0x33, 0x7D, 0xBC, 0xB7, 0xBA, 0x7B, 0xAB, 0xF4, 0xE8, 0x16,
    0xAE, 0x73, 0x6C, 0x22, 0xE6, 0x35, 0xD2, 0xE8, 0x4E, 0xEE, 0x85, 0xF4, 0xEB, 0x09, 0xDD, 0x3E,
    0xED, 0xF6, 0xAF, 0xC6, 0xCD, 0x18, 0xDD, 0x00, 0x91, 0xB8, 0x85, 0x0E, 0xDC, 0xA3, 0xC1, 0xC6,
    0x21, 0xAC, 0x87, 0xEF, 0x0F, 0x2C, 0xE3, 0x8F, 0x94, 0x0F, 0x35, 0x57, 0xD4, 0x67, 0x45, 0x57,
    0x53, 0xBE, 0x74, 0xD1, 0x7B, 0xC1, 0x56, 0x7C, 0xED, 0xB2, 0x9B, 0x7C, 0x26, 0xE2, 0xFD, 0x02,
    0xEE, 0xB2, 0x5E, 0xF8, 0x0F, 0x2E, 0x5E, 0x8F, 0x6B, 0x99, 0xCB, 0x8A, 0x4C, 0xB2, 0xE2, 0x5C,
    0x2A, 0x0D, 0x47, 0xB4, 0x47, 0x7F, 0x99, 0x53, 0xF8, 0x5B, 0x50, 0x6D, 0x1A, 0x59, 0x45, 0xEA,
    0xA0, 0x81, 0x4E, 0xCA, 0x30, 0xC1, 0xA9, 0xD9, 0x1A, 0x63, 0xA3, 0xBA, 0xBF, 0x57, 0x25, 0xE9,
    0x1F, 0xD5, 0xF3, 0xB9, 0x8D, 0xF1, 0x7E, 0x51, 0x73, 0x8B, 0x0F, 0xB4, 0x71, 0x54, 0x44, 0xFF,
    0xB6, 0x1F, 0xBF, 0xAD, 0xEC, 0xB7, 0xEB, 0x7A, 0x3B, 0x6D, 0x36, 0xDA, 0xDD, 0xAF, 0xB1, 0x6E,
    0xEB, 0x4C, 0xE2, 0xE3, 0xF9, 0x4A, 0xAA, 0xE3, 0x97, 0xF9, 0x6E, 0x16, 0xC6, 0x32, 0x36, 0xB8,
    0xBA, 0x33, 0xA1, 0x38, 0xCC, 0x0C, 0xC7, 0x3C, 0x7C, 0x3A, 0xE4, 0x48, 0x64, 0x0C, 0x0D, 0x0E,
    0x03, 0x5A, 0x4C, 0x30, 0xCC, 0x08, 0x99, 0x4A, 0x72, 0xD2, 0x39, 0x28, 0x87, 0xC0, 0x80, 0x27,
    0xE9, 0x31, 0x08, 0x81, 0xF0, 0x02, 0x03, 0x40, 0x82, 0x80, 0x65, 0x0D, 0x83, 0xBB, 0x40, 0x8B,
    0xE9, 0x5C, 0xED, 0x14, 0x43, 0x18, 0x01, 0xE6, 0xE3, 0x82, 0x10, 0x40, 0x96, 0xE3, 0x18, 0x01,
    0x86, 0x38, 0x01, 0xC7, 0x41, 0x42, 0x92, 0x07, 0x8D, 0x82, 0x17, 0x2F, 0x1A, 0x58, 0x30, 0x53,
    0x44, 0xF0, 0x50, 0x58, 0x82, 0x4F, 0x89, 0x2C, 0xA4, 0x85, 0x82, 0xD1, 0x1D, 0xA3, 0x0B, 0x66,
    0x2C, 0x69, 0x84, 0xEA, 0x73, 0x51, 0x38, 0x50, 0x86, 0x18, 0x34, 0x1C, 0x59, 0x6D, 0x84, 0x2A,
    0xA8, 0x02, 0x91, 0x11, 0x22, 0x89, 0xEE, 0x44, 0x68, 0x47, 0x21, 0x29, 0x16, 0x84, 0x1C, 0x50,
    0x80, 0x4C, 0x12, 0xA8, 0x94, 0x26, 0x42, 0x08, 0x35, 0x03, 0x84, 0x20, 0x50, 0x80, 0x66, 0x63,
    0x84, 0xAA, 0x44, 0x2B, 0x84, 0x03, 0x40, 0xA2, 0x74, 0x3F, 0x37, 0x6D, 0xF7, 0x71, 0x06, 0x81,
    0xA5, 0x7B, 0x0A, 0x31, 0xA1, 0x34, 0x40, 0x55, 0x2D, 0x01, 0x10, 0xE6, 0x89, 0xCB, 0x32, 0x43,
    0xBF, 0x68, 0x44, 0x29, 0x88, 0x1D, 0x25, 0x63, 0xFB, 0x88, 0xED, 0xF3, 0xF4, 0x99, 0x62, 0x0B,
    0x06, 0xF6, 0x10, 0xAE, 0x45, 0xAC, 0xC5, 0x88, 0x61, 0x8F, 0x81, 0xEC, 0x2E, 0x60, 0x52, 0x1E,
    0xE0, 0xB2, 0xD7, 0xC1, 0x6D, 0x02, 0x44, 0x95, 0xB4, 0x21, 0xC8, 0x24, 0xF9, 0x08, 0x62, 0x34,
    0x47, 0x48, 0xC3, 0xB8, 0x08, 0x76, 0x1E, 0x93, 0xB4, 0x1C, 0xFE, 0xEB, 0x63, 0x6A, 0xFA, 0x63,
    0x84, 0x3D, 0x1A, 0x4F, 0x97, 0xE0, 0x7B, 0x56, 0x86, 0x33, 0x18, 0xC9, 0xA2, 0xF6, 0x80, 0x51,
    0x40, 0xD5, 0xF7, 0x5A, 0x80, 0xEA, 0x67, 0xF5, 0x8F, 0xA7, 0xEE, 0x70, 0x5B, 0xEE, 0xCD, 0x0D,
    0x0B, 0xC9, 0x90, 0xEA, 0x1B, 0x0B, 0x2B, 0xEF, 0x92, 0x6B, 0xA0, 0xD9, 0xB1, 0x7C, 0x38, 0x4C,
    0xDF, 0x02, 0xFF, 0x66, 0x81, 0x43, 0xC6, 0x1B, 0x1A, 0xA9, 0x22, 0xEF, 0x54, 0x75, 0x7F, 0x93,
    0xE4, 0x27, 0xDA, 0x72, 0x57, 0x59, 0xF8, 0x4A, 0xD5, 0x8B, 0x73, 0x2A, 0x2E, 0x4E, 0xBC, 0x7E,
    0xCB, 0x89, 0x1D, 0x5C, 0x8D, 0x4D, 0x75, 0xC5, 0x16, 0xDB, 0xC4, 0x1E, 0xA6, 0x8B, 0x3B, 0x3D,
    0xAC, 0x6E, 0xFA, 0x90, 0xF8, 0x78, 0x1F, 0x00, 0x4E, 0xAE, 0xC9, 0x7C, 0x14, 0x7D, 0xAB, 0x13,
    0xFD, 0x2A, 0x00, 0xAF, 0xCD, 0x81, 0x8D, 0xBB, 0x4A, 0x83, 0xBC, 0xE8, 0x38, 0x75, 0x1B, 0x85,
    0xED, 0x46, 0xE0, 0x56, 0x02, 0x82, 0x0E, 0xB5, 0xE8, 0xE5, 0x90, 0xC8, 0x64, 0xF2, 0x98, 0x26,
    0x1A, 0xF7, 0x12, 0x4C, 0x08, 0xCF, 0x4A, 0xD0, 0xA5, 0x16, 0x01, 0x1E, 0x39, 0x85, 0x63, 0x82,
    0x3D, 0x75, 0x77, 0x7C, 0x75, 0x48, 0xDA, 0x3B, 0x8E, 0x5F, 0x25, 0x74, 0x75, 0x15, 0x87, 0xB0,
    0x80, 0x3C, 0x58, 0x09, 0xBD, 0xC2, 0x6D, 0xDB, 0xAA, 0xD5, 0xBA, 0x8E, 0x8C, 0x64, 0x85, 0xA6,
    0xED, 0x84, 0x5E, 0xC7, 0xE9, 0x2B, 0x75, 0xA9, 0xFD, 0x45, 0xCB, 0xD9, 0xFD, 0x24, 0x4D, 0xA6,
    0xF3, 0x06, 0x46, 0x69, 0xF3, 0x6F, 0x5B, 0x32, 0x4D, 0x8D, 0xBA, 0x39, 0x46, 0x46, 0xB5, 0x9B,
    0x91, 0x17, 0x29, 0x8F, 0xAB, 0x55, 0xE3, 0x59, 0xCE, 0x4C, 0xA7, 0x46, 0xED, 0xFA, 0xDD, 0xDF,
    0xBB, 0xE7, 0xF7, 0x8C, 0xA6, 0xF2, 0xF8, 0xE3, 0x18, 0xEF, 0x6B, 0x6E, 0xDE, 0x41, 0xB1, 0xDE,
    0xB3, 0x50, 0xE3, 0xB2, 0xC9, 0xFA, 0xEF, 0xA6, 0xB8, 0xC5, 0x1F, 0x4D, 0xA3, 0x0F, 0x44, 0xA1,
    0x5F, 0xF8, 0x6A, 0xA7, 0xB8, 0xB7, 0x14, 0x2D, 0xA9, 0x03, 0x0C, 0x07, 0x02, 0x58, 0x64, 0x3C,
    0xDB, 0x4A, 0x44, 0x81, 0x28, 0xB1, 0xF6, 0x40, 0xB4, 0x84, 0x98, 0xA3, 0x69, 0x7D, 0xEF, 0x29,
    0x1F, 0x4B, 0x53, 0x55, 0xBC, 0x11, 0xE4, 0x12, 0x7F, 0x7C, 0x47, 0x13, 0x81, 0xE6, 0x34, 0x1E,
    0x0E, 0x5F, 0xEC, 0xDD, 0xE3, 0xC4, 0xFB, 0x50, 0x86, 0x75, 0x14, 0x9B, 0xF7, 0x43, 0x05, 0x17,
    0x49, 0x8E, 0x25, 0x94, 0xFD, 0x80, 0x39, 0x20, 0xEB, 0xAB, 0xDA, 0x3E, 0x1F, 0x9F, 0x3B, 0x11,
    0xEF, 0xB9, 0x3D, 0x02, 0x5D, 0xBE, 0x11, 0x1E, 0xA1, 0x03, 0xD9, 0x8C, 0xF6, 0x8B, 0x1E, 0xAE,
    0xAC, 0x10, 0x3C, 0xA4, 0xD7, 0x16, 0xA2, 0xC8, 0x3B, 0xBA, 0xF4, 0x01, 0x72, 0x29, 0x90, 0xCB,
    0x4C, 0x0F, 0x96, 0xFF, 0x8B, 0xB2, 0x9C, 0x75, 0x3A, 0x1D, 0xA7, 0x48, 0x11, 0xE0, 0xD1, 0x3D,
    0x26, 0x86, 0x01, 0xCA, 0x25, 0x4D, 0x33, 0xDE, 0x79, 0xD4, 0xC5, 0xF2, 0x84, 0x05, 0xF4, 0xE9,
    0xDC, 0x1D, 0x77, 0x0D, 0xD2, 0xBA, 0x22, 0x5C, 0x27, 0xEE, 0xEC, 0xFA, 0x2A, 0xA8, 0xB7, 0x5B,
    0x8F, 0x07, 0x19, 0x85, 0x95, 0xB1, 0x1F, 0xE4, 0xAF, 0x0E, 0x39, 0xCA, 0x2C, 0x9F, 0x0C, 0x39,
    0x73, 0xFE, 0xCB, 0xED, 0x58, 0x18, 0x10, 0xC1, 0x60, 0x4A, 0x92, 0xDF, 0x37, 0xB7, 0x77, 0xC3,
    0x6D, 0x0A, 0xD1, 0x9A, 0xD2, 0xDF, 0xC4, 0xEB, 0xFB, 0x7F, 0x35, 0xCA, 0x8A, 0x3C, 0x25, 0xE9,
    0x91, 0x94, 0x89, 0xE7, 0xB2, 0x2B, 0xE5, 0x8D, 0xA8, 0x9A, 0xEF, 0xE3, 0xC0, 0xDE, 0x35, 0x2D,
    0xB7, 0x85, 0x25, 0x37, 0x33, 0x83, 0x00, 0xCE, 0xE6, 0x8C, 0x3B, 0x22, 0xD1, 0x48, 0x4A, 0xE8,
    0xAC, 0x3C, 0x3E, 0x2E, 0xEA, 0x19, 0xEE, 0xA0, 0x3B, 0x3C, 0xB9, 0x78, 0x34, 0x3C, 0xF0, 0x48,
    0x4D, 0x92, 0x05, 0x21, 0x54, 0xFD, 0x8D, 0x02, 0x04, 0x03, 0x6E, 0x7A, 0xF5, 0x8D, 0xAE, 0x85,
    0x01, 0x36, 0xD8, 0x88, 0x2A, 0x93, 0x75, 0x37, 0xB3, 0x2B, 0x95, 0x04, 0x59, 0x9C, 0x7D, 0xDC,
    0xE1, 0x18, 0xE9, 0x08, 0x6C, 0x36, 0x73, 0x98, 0x42, 0x4E, 0xDC, 0x53, 0xF6, 0x31, 0x0A, 0x1D,
    0x33, 0x5D, 0x91, 0x81, 0x32, 0x57, 0x77, 0x3B, 0x50, 0x36, 0x0A, 0xCD, 0x9A, 0xEE, 0xE5, 0x9F,
    0x30, 0xC9, 0xA6, 0x43, 0xFA, 0x8E, 0xE9, 0x6E, 0x3E, 0x11, 0xD6, 0x55, 0xFD, 0x18, 0x96, 0x7F,
    0x78, 0xFF, 0x65, 0xC2, 0xF8, 0xF8, 0xBC, 0x09, 0x8E, 0x62, 0xC5, 0xEF, 0xB4, 0x65, 0xEE, 0x5F,
    0x0A, 0x28, 0x58, 0x6A, 0xB5, 0xB2, 0x3D, 0x51, 0xCB, 0x21, 0x1B, 0xC5, 0x68, 0x8A, 0x62, 0x98,
    0x6C, 0x25, 0x17, 0x81, 0xA7, 0x37, 0x8D, 0xB9, 0xFD, 0xB3, 0x81, 0x58, 0x30, 0x7A, 0x5E, 0xB3,
    0xAB, 0x0A, 0xD1, 0x12, 0x2B, 0x75, 0x84, 0x56, 0x74, 0x25, 0x9F, 0x43, 0x85, 0xF1, 0xB3, 0x3A,
    0x80, 0xAA, 0xDB, 0x62, 0x35, 0x87, 0x43, 0xB6, 0x03, 0x37, 0x6D, 0x7D, 0xA5, 0x65, 0x47, 0xA3,
    0x28, 0x65, 0xB2, 0xE1, 0x17, 0x94, 0x58, 0x1D, 0xC6, 0xE3, 0x1A, 0x7B, 0x78, 0x80, 0x58, 0x03,
    0x00, 0x51, 0x59, 0xCA, 0xA0, 0xF2, 0x4D, 0xCE, 0xE3, 0x99, 0x6F, 0x7F, 0x72, 0x7C, 0xF9, 0x4D,
    0x23, 0x32, 0xE2, 0xE2, 0x0F, 0x2F, 0xBB, 0x10, 0x22, 0x48, 0x91, 0x0A, 0x7E, 0x8F, 0x4E, 0xE3,
    0x26, 0x8F, 0x6D, 0x90, 0xF0, 0x45, 0x06, 0x11, 0xF0, 0x60, 0x20, 0x55, 0x53, 0x87, 0x73, 0x24,
    0xCC, 0x8F, 0xAF, 0xDE, 0x33, 0xFC, 0xA4, 0x21, 0x02, 0x15, 0xBA, 0x92, 0x16, 0x62, 0x88, 0x98,
    0x91, 0xA0, 0x23, 0xDC, 0xB8, 0x4E, 0xE0, 0xC3, 0x56, 0x66, 0x10, 0x26, 0x90, 0x0C, 0x99, 0x20,
    0x45, 0x35, 0x32, 0xA5, 0x90, 0xCB, 0xC3, 0x94, 0xEA, 0x8C, 0x81, 0x40, 0xA0, 0x1F, 0x88, 0xE0,
    0xE5, 0xD4, 0x2B, 0x83, 0xB3, 0x0B, 0x8C, 0x0C, 0x6E, 0x87, 0x4F, 0x95, 0x63, 0x7D, 0xB1, 0xB6,
    0x49, 0xF3, 0xE9, 0x79, 0xB7, 0xA0, 0x65, 0x1B, 0x13, 0x05, 0xE3, 0xA6, 0xFB, 0x96, 0xFE, 0x17,
    0x17, 0xE0, 0xEE, 0x25, 0x9C, 0x71, 0x09, 0x3F, 0x44, 0x89, 0xB6, 0xCE, 0x64, 0x32, 0x06, 0xC9,
    0xE5, 0x6F, 0xA7, 0x9F, 0x87, 0x9F, 0xA2, 0xDB, 0x6D, 0xB6, 0x36, 0xF5, 0xC5, 0xC6, 0x2D, 0x6D,
    0xA4, 0x92, 0x88, 0x88, 0xBD, 0xD2, 0x49, 0x2F, 0xDD, 0xE5, 0xF6, 0x6F, 0xAE, 0x6E, 0x84, 0x7E,
    0x05, 0x44, 0x3E, 0x7A, 0x9F, 0x55, 0x49, 0x07, 0xD8, 0x61, 0xBC, 0x3C, 0x39, 0xD5, 0x96, 0x59,
    0x65, 0x2C, 0xC9, 0xBA, 0x93, 0xCD, 0x9A, 0x0F, 0x02, 0x16, 0x98, 0x5E, 0xC3, 0x9A, 0x57, 0x3C,
    0x32, 0xDD, 0x7C, 0x62, 0x65, 0x08, 0xAA, 0x48, 0xC9, 0x71, 0x14, 0x1C, 0xF6, 0xC0, 0xAD, 0x60,
    0x38, 0xDC, 0xDD, 0x87, 0xD6, 0x98, 0xDC, 0xEE, 0x64, 0xC7, 0x12, 0xC8, 0xD8, 0x66, 0x48, 0x08,
    0xA6, 0x4A, 0xA7, 0x6A, 0xBB, 0x17, 0x3C, 0x1D, 0xEC, 0x1D, 0xA0, 0xC8, 0x76, 0x0E, 0x67, 0x2B,
    0x3D, 0xE8, 0x28, 0x2C, 0x51, 0x01, 0x01, 0x50, 0x37, 0xE6, 0x04, 0xCE, 0xE0, 0x84, 0x00, 0xD5,
    0x4E, 0xC2, 0x2F, 0x9F, 0xAB, 0xCD, 0xDF, 0x3D, 0x75, 0x88, 0xDC, 0x0F, 0xAC, 0x70, 0xF5, 0xBA,
    0x22, 0x61, 0x9A, 0x45, 0x83, 0x07, 0x90, 0xEB, 0x8D, 0xA7, 0xA7, 0xA8, 0x9A, 0x09, 0x6A, 0xF4,
    0x31, 0x06, 0x0F, 0x6A, 0x1A, 0xBC, 0xE2, 0xBA, 0xCB, 0xA2, 0xE4, 0x88, 0xBF, 0x5B, 0x2E, 0xD6,
    0x38, 0x32, 0x75, 0x2B, 0xC6, 0x35, 0x77, 0xEA, 0x90, 0x7A, 0x86, 0x57, 0xF3, 0x04, 0x6C, 0xDE,
    0x51, 0x09, 0xDF, 0xCB, 0x97, 0xE0, 0x9E, 0x59, 0xE3, 0xDD, 0x2B, 0x0F, 0x91, 0x3F, 0x79, 0x62,
    0xF8, 0x90, 0x3D, 0x66, 0x26, 0xDA, 0xDF, 0x49, 0x8E, 0x91, 0x4F, 0xDE, 0xB3, 0x29, 0x83, 0x70,
    0xB7, 0x62, 0xC9, 0x27, 0x53, 0xC1, 0x85, 0xF1, 0x06, 0x9D, 0x77, 0x6B, 0x01, 0xB5, 0x9C, 0x74,
    0x22, 0xAD, 0xFC, 0xB1, 0xCC, 0x0D, 0x79, 0x7E, 0xB6, 0x9E, 0x66, 0x1D, 0xD4, 0x3E, 0x49, 0x3E,
    0x00, 0x43, 0xDB, 0xAC, 0x0E, 0xD2, 0xBA, 0x18, 0x9C, 0xBF, 0x1F, 0x1A, 0x82, 0x96, 0x13, 0xC1,
    0x20, 0xE3, 0x8D, 0x1D, 0x8E, 0xDB, 0xB0, 0xD8, 0x46, 0xFF, 0x19, 0xB7, 0x1E, 0xF6, 0x66, 0x66,
    0x66, 0x66, 0x4D, 0x88, 0xC2, 0xD2, 0x94, 0x8F, 0x48, 0x23, 0xD6, 0xEF, 0x9D, 0xD8, 0xFC, 0x27,
    0xCD, 0xDC, 0x9B, 0xBD, 0x06, 0xBF, 0x47, 0x8A, 0xF9, 0x23, 0x12, 0xA3, 0x55, 0x2F, 0x2F, 0x75,
    0x65, 0xDD, 0x79, 0x12, 0xDA, 0x63, 0x31, 0x2F, 0x30, 0xA6, 0x1D, 0x6C, 0x2D, 0xBE, 0x59, 0x9A,
    0x1D, 0x55, 0x48, 0x4A, 0x04, 0x81, 0x20, 0x94, 0xC3, 0xA1, 0x21, 0x21, 0xB1, 0xB0, 0x6C, 0x31,
    0x88, 0x49, 0x09, 0x21, 0x23, 0x4B, 0x4C, 0x8D, 0xC1, 0x77, 0x9C, 0x67, 0x5A, 0x38, 0x74, 0x75,
    0x06, 0xAC, 0xA9, 0xD9, 0xCF, 0x09, 0x91, 0xC1, 0x9E, 0x2C, 0x2B, 0xA1, 0x0F, 0x2D, 0xAA, 0x73,
    0x1E, 0x44, 0x0F, 0x97, 0xC4, 0x42, 0x80, 0xC2, 0xA1, 0x87, 0x61, 0x27, 0x23, 0xD2, 0xB5, 0xAE,
    0x55, 0x39, 0x24, 0xD5, 0x08, 0x58, 0xCF, 0x2B, 0x5F, 0x4F, 0x85, 0x82, 0x1D, 0x68, 0x0F, 0x77,
    0xA2, 0x4D, 0x86, 0x26, 0x5B, 0x4E, 0xC9, 0x9F, 0xCC, 0xF5, 0xFB, 0x04, 0x80, 0xE7, 0x83, 0xF2,
    0xAF, 0x40, 0xBD, 0xBF, 0x2B, 0x9A, 0x36, 0x59, 0x26, 0x50, 0x8C, 0x69, 0x5D, 0xF5, 0xCF, 0x58,
    0xBC, 0x41, 0xB9, 0xB6, 0x0D, 0x8D, 0x3D, 0xA4, 0x52, 0xAB, 0xBA, 0x0C, 0xD9, 0xEF, 0x7F, 0xCD,
    0x5E, 0x55, 0xD6, 0xF7, 0xBE, 0x28, 0xBE, 0x97, 0x4E, 0x7C, 0xBD, 0xB6, 0xFA, 0xDB, 0xEC, 0x4D,
    0xDB, 0x31, 0xD6, 0x97, 0x87, 0x6F, 0x8B, 0x35, 0x39, 0x0A, 0xB7, 0xB1, 0xA0, 0xD9, 0xEC, 0x7A,
    0x63, 0x86, 0x94, 0x6E, 0xDC, 0x7C, 0x10, 0x3E, 0xC7, 0xB2, 0xEF, 0x0D, 0xF4, 0xAC, 0x19, 0x45,
    0xB4, 0x94, 0x7E, 0xD3, 0x64, 0xD7, 0xF2, 0x33, 0x81, 0x73, 0xEC, 0x3D, 0x81, 0x2E, 0xAB, 0xB4,
    0x1E, 0xBB, 0x4A, 0x13, 0x76, 0x87, 0xFC, 0xA5, 0xAD, 0x63, 0xBA, 0x33, 0x1E, 0xA1, 0x95, 0x2A,
    0x39, 0x37, 0x1B, 0x62, 0xAD, 0x8C, 0xF9, 0x4F, 0x99, 0xC8, 0x8D, 0x16, 0xD0, 0x29, 0x0E, 0xFC,
    0x5B, 0x9F, 0x07, 0x1A, 0x6E, 0x8A, 0x26, 0xCF, 0xD4, 0x53, 0x08, 0xC4, 0x1C, 0x7B, 0xB4, 0xBF,
    0x03, 0x2A, 0x0A, 0x0B, 0xCB, 0x23, 0x53, 0xDA, 0xF3, 0x9C, 0xB5, 0x9D, 0x50, 0x64, 0xC5, 0x80,
    0x94, 0xD8, 0x1A, 0x76, 0xF0, 0xBA, 0x3D, 0x7D, 0xD6, 0xFA, 0x27, 0x7F, 0x3D, 0x75, 0x46, 0xE2,
    0x77, 0x1F, 0x85, 0x74, 0xC2, 0xE2, 0x5E, 0x25, 0xDC, 0xA5, 0x2C, 0xDC, 0x87, 0xAA, 0xAA, 0xB5,
    0x33, 0x12, 0xEE, 0x10, 0x32, 0x4A, 0x4C, 0x1B, 0x46, 0xB1, 0xEB, 0xD1, 0xEA, 0xB0, 0x93, 0xF0,
    0x75, 0xB8, 0x39, 0xEA, 0xCB, 0xE9, 0x9F, 0xB7, 0x41, 0x1F, 0x10, 0xE7, 0xE4, 0xDD, 0xAA, 0x74,
    0x52, 0xED, 0x8B, 0x65, 0xB2, 0x43, 0x60, 0xD1, 0xBB, 0x58, 0x14, 0xFD, 0x07, 0x37, 0x0E, 0xFB,
    0xFA, 0x60, 0x98, 0x98, 0x54, 0x13, 0xB9, 0xE7, 0xDC, 0x7B, 0x8D, 0x1B, 0x35, 0x44, 0x18, 0xBA,
    0x52, 0x24, 0xA3, 0x77, 0x43, 0x73, 0xF7, 0xF2, 0xEE, 0x33, 0xBF, 0xE1, 0x0C, 0x1C, 0xA2, 0x1F,
    0x55, 0xF5, 0xD9, 0xA1, 0xBF, 0xAB, 0x80, 0x4B, 0x6F, 0x4D, 0x6D, 0x38, 0xD5, 0x3C, 0x38, 0x34,
    0xA4, 0xDF, 0x34, 0x5E, 0x7D, 0x79, 0x41, 0xA1, 0xAA, 0xC2, 0xBA, 0x23, 0x37, 0x4D, 0x79, 0xEF,
    0x30, 0xB0, 0xC3, 0x09, 0x85, 0xF5, 0x78, 0xB5, 0x64, 0x53, 0x07, 0x24, 0x52, 0xD9, 0x9A, 0x64,
    0xB7, 0x17, 0x50, 0x17, 0x56, 0x50, 0xDF, 0x2F, 0xC5, 0x41, 0xF3, 0x79, 0xEB, 0x0A, 0x87, 0xC9,
    0x92, 0x7F, 0x13, 0xCC, 0x48, 0x5A, 0x1C, 0x65, 0x98, 0x18, 0x39, 0x23, 0x70, 0xC3, 0xA2, 0x06,
    0x74, 0xEC, 0x5D, 0x28, 0x82, 0x3A, 0x1E, 0x54, 0x9E, 0x13, 0x91, 0x97, 0x9F, 0xEA, 0x4E, 0x35,
    0x99, 0x6E, 0xC2, 0x51, 0x6E, 0xBC, 0xFA, 0xCE, 0x7B, 0x02, 0x34, 0x73, 0x28, 0xD8, 0x42, 0xBE,
    0x25, 0xDF, 0x6F, 0x8B, 0x3E, 0xE0, 0xBB, 0x85, 0xC3, 0x5B, 0xD2, 0x77, 0x2C, 0x8C, 0x87, 0x1C,
    0xB2, 0xCD, 0xF9, 0xCB, 0x6C, 0xBD, 0x9F, 0xB2, 0xF8, 0xCA, 0x47, 0x7A, 0x73, 0xE1, 0x3C, 0xFF,
    0x60, 0x24, 0xAE, 0xCE, 0x51, 0x75, 0xE8, 0x83, 0x94, 0x4F, 0xAE, 0x60, 0xA0, 0xE9, 0x5D, 0x25,
    0x90, 0x40, 0x9D, 0x56, 0xEF, 0x4B, 0x75, 0x08, 0x81, 0xF5, 0xD4, 0x26, 0x22, 0x31, 0xA3, 0xE3,
    0x8C, 0x43, 0x7C, 0xA1, 0xD9, 0xCA, 0x14, 0xD2, 0xF4, 0x22, 0x62, 0x8D, 0xF8, 0x55, 0x2E, 0x3A,
    0x54, 0x15, 0x55, 0xDE, 0xF4, 0xC7, 0xEC, 0x59, 0x91, 0x59, 0xAE, 0xC7, 0xBA, 0xC5, 0x85, 0x6B,
    0x95, 0xAC, 0x6C, 0x93, 0x31, 0x45, 0x94, 0x6C, 0xE2, 0x97, 0x20, 0xEE, 0x5D, 0x9E, 0xC0, 0xCA,
    0xB3, 0x41, 0x8C, 0x42, 0x0E, 0xFB, 0x1D, 0xD7, 0x8B, 0xBB, 0x19, 0xE0, 0x49, 0x83, 0x31, 0xB0,
    0xC8, 0xA1, 0x88, 0x54, 0x55, 0x3A, 0x8D, 0x5F, 0x51, 0x78, 0x5E, 0x7C, 0x4A, 0x7F, 0x8A, 0x39,
    0xCD, 0xF7, 0xCF, 0xE3, 0xCF, 0x8F, 0x76, 0x83, 0x66, 0x34, 0x96, 0x51, 0xA4, 0x54, 0xC4, 0xF9,
    0x6F, 0x1B, 0xB1, 0x7A, 0xBC, 0x74, 0xB4, 0x0E, 0x4C, 0xCC, 0x60, 0x4A, 0xC0, 0x34, 0x2F, 0xE1,
    0x6F, 0x0A, 0xC7, 0x0E, 0x78, 0x22, 0x79, 0xF6, 0xD3, 0xA5, 0x05, 0x7B, 0x36, 0x98, 0xB3, 0x9B,
    0xFD, 0xB3, 0x9B, 0x4C, 0xDA, 0xA1, 0xEB, 0x21, 0x0A, 0x23, 0x09, 0xC1, 0xE6, 0xA3, 0x0A, 0x67,
    0x21, 0x9E, 0x3A, 0xCC, 0x5C, 0x6E, 0x8D, 0x7E, 0x1A, 0xD7, 0x65, 0x2F, 0x34, 0xAA, 0x87, 0x6C,
    0x33, 0xD0, 0xC6, 0x05, 0xF2, 0x0A, 0xE6, 0xB7, 0xB3, 0x70, 0xCA, 0x74, 0xBA, 0x89, 0x3D, 0xCD,
    0x16, 0x6E, 0x08, 0x8C, 0x5C, 0xEB, 0x93, 0xCF, 0x12, 0xD5, 0x6F, 0x1F, 0x4D, 0x6A, 0x97, 0xAE,
    0x92, 0x77, 0xE7, 0x38, 0x5A, 0x16, 0x01, 0xE4, 0x5A, 0x4E, 0x43, 0x5D, 0x87, 0xC4, 0x6E, 0x9B,
    0xCD, 0x14, 0xA0, 0x4A, 0x6E, 0x47, 0x1C, 0x1A, 0x98, 0xE4, 0xB8, 0xE0, 0x70, 0x20, 0x56, 0x53,
    0x3A, 0x30, 0xB3, 0xAB, 0x91, 0x99, 0x3A, 0xA5, 0x7E, 0xAF, 0x0D, 0x41, 0xAC, 0x9A, 0xB5, 0x72,
    0x4C, 0x90, 0x89, 0xD8, 0xF4, 0x3C, 0x35, 0x99, 0xAC, 0xD6, 0x0F, 0x5F, 0xED, 0x5B, 0xE7, 0xEB,
    0x8A, 0xF2, 0x83, 0x8E, 0x73, 0xA9, 0x47, 0x83, 0xDF, 0xA9, 0xAA, 0x4B, 0x02, 0xAC, 0x46, 0xB5,
    0x66, 0xF5, 0x78, 0x17, 0x2D, 0x5B, 0xE7, 0xD9, 0x4E, 0xB7, 0xF7, 0x25, 0x1D, 0x4B, 0xD7, 0xA0,
    0xDD, 0x79, 0x5A, 0x41, 0x48, 0x8B, 0x28, 0xD8, 0xF7, 0xC2, 0xA3, 0x8E, 0x3E, 0xD2, 0x31, 0x90,
    0xA9, 0x1F, 0x2D, 0xD8, 0x05, 0xAC, 0xD6, 0x62, 0x09, 0xB4, 0x39, 0x52, 0xF4, 0x55, 0x26, 0xC5,
    0xC1, 0x8A, 0x49, 0x18, 0x0F, 0x63, 0xBE, 0x3B, 0x8B, 0x43, 0xC2, 0xB3, 0x9F, 0x6F, 0x5D, 0x11,
    0x6B, 0xA8, 0x2A, 0x1C, 0x23, 0x16, 0xE7, 0x0D, 0xE5, 0xBD, 0x9E, 0x7D, 0x99, 0x29, 0x95, 0x7B,
    0xCD, 0xC6, 0xA2, 0xF9, 0xEC, 0xD6, 0xEC, 0x29, 0xBB, 0xAB, 0x0B, 0x39, 0x4E, 0x96, 0x28, 0x97,
    0x81, 0x74, 0x2D, 0xA9, 0xC3, 0x72, 0xFB, 0x2A, 0xDD, 0xB8, 0x9E, 0x50, 0x99, 0xE2, 0x70, 0x1C,
    0x7A, 0xAE, 0x36, 0x1C, 0x31, 0xE6, 0xD2, 0x89, 0x08, 0xF8, 0x4F, 0x42, 0xBB, 0xEF, 0x89, 0x4A,
    0x40, 0x2A, 0x1A, 0x86, 0xCC, 0x8D, 0xD0, 0xB2, 0x50, 0x42, 0x84, 0x33, 0x19, 0xE7, 0xAB, 0xCB,
    0x40, 0x72, 0xEE, 0xBB, 0x7C, 0x18, 0xD1, 0xAD, 0xC7, 0xF9, 0xF7, 0xD8, 0x95, 0xA2, 0xB0, 0xE8,
    0x63, 0x2F, 0xA6, 0x45, 0x07, 0x93, 0x72, 0x6B, 0x32, 0xE3, 0x9D, 0x2E, 0x90, 0xD4, 0xBA, 0xE3,
    0x29, 0x3F, 0xD9, 0x0E, 0x81, 0xB2, 0xCE, 0xA2, 0x8B, 0x96, 0xE8, 0xAD, 0x73, 0xE7, 0xA3, 0xD0,
    0xCD, 0xAF, 0x8F, 0x79, 0x4F, 0x2F, 0x53, 0xEF, 0xF8, 0xDE, 0x91, 0xAB, 0xBB, 0x92, 0x1A, 0x21,
    0x8D, 0xEA, 0x17, 0x83, 0x0C, 0x47, 0x65, 0xE3, 0x5D, 0xB9, 0x4F, 0x67, 0xD6, 0x49, 0xCF, 0xAF,
    0xB4, 0x19, 0x09, 0x92, 0xCA, 0x56, 0xFF, 0x42, 0xBE, 0x71, 0x6C, 0xF0, 0x0E, 0x07, 0x5B, 0x2B,
    0xC4, 0x33, 0xD0, 0x51, 0xDA, 0x7A, 0xA0, 0xF0, 0x2C, 0x63, 0x6B, 0xB0, 0xE1, 0x09, 0x28, 0xC2,
    0x2C, 0x61, 0xC5, 0xCC, 0x92, 0x01, 0xFE, 0xA3, 0x34, 0x71, 0xB6, 0xDA, 0xF6, 0xFB, 0x73, 0x0E,
    0x69, 0xAD, 0xE2, 0xB9, 0x33, 0xAE, 0x91, 0xDC, 0x9D, 0x87, 0xD0, 0x0B, 0x86, 0xF3, 0x34, 0xEA,
    0x82, 0x3F, 0x1B, 0xBE, 0xB6, 0x76, 0xA9, 0x7B, 0xF2, 0x7E, 0x13, 0x42, 0x5B, 0x78, 0x9F, 0x7B,
    0x30, 0x4B, 0x1C, 0xC5, 0xAB, 0x87, 0xE0, 0xF6, 0x12, 0x7C, 0x13, 0xCF, 0xAB, 0x5E, 0x55, 0x2D,
    0xEC, 0x6F, 0x5F, 0xD4, 0x43, 0x37, 0x64, 0x70, 0xB3, 0x72, 0xA0, 0x67, 0x97, 0x35, 0xDC, 0x3E,
    0xD8, 0xB6, 0x5A, 0x4E, 0x04, 0x4C, 0x7D, 0xDF, 0x7E, 0x4B, 0x35, 0xDE, 0x7B, 0xA1, 0x45, 0x37,
    0x51, 0x76, 0x9B, 0x67, 0x3C, 0x3D, 0x20, 0xFE, 0x47, 0x12, 0xC2, 0x14, 0x3A, 0xB2, 0xC3, 0xD5,
    0x19, 0x0B, 0x67, 0xD1, 0xA3, 0x28, 0xD1, 0xC6, 0x35, 0x5D, 0x55, 0x5B, 0x4F, 0x0E, 0x67, 0xAB,
    0x84, 0x17, 0x2A, 0x0A, 0x6A, 0x60, 0x7B, 0xAE, 0x89, 0x27, 0x15, 0xA7, 0x96, 0xC5, 0xAF, 0x31,
    0x54, 0x26, 0x13, 0x0B, 0x75, 0x59, 0xB5, 0x5E, 0xFB, 0xB8, 0xDC, 0x3C, 0xD0, 0xEB, 0xA1, 0xCE,
    0xD1, 0xF1, 0xF4, 0x34, 0xDB, 0xB9, 0xDC, 0x63, 0x71, 0xA5, 0x9A, 0x29, 0x4E, 0x7C, 0x4C, 0x48,
    0x04, 0x10, 0x30, 0xC2, 0xB5, 0xF6, 0xE9, 0xF8, 0xE1, 0x64, 0x39, 0x53, 0x4F, 0x2E, 0x56, 0x57,
    0xD3, 0x8B, 0xEA, 0x71, 0xBB, 0x18, 0xC5, 0x8C, 0x63, 0x17, 0x89, 0x33, 0xA8, 0x4C, 0xA4, 0xC8,
    0xB9, 0x28, 0x6B, 0x48, 0x84, 0x65, 0xEA, 0x74, 0x04, 0x18, 0x02, 0x5E, 0x69, 0xD7, 0x5B, 0xE0,
    0xFF, 0x1A, 0x7A, 0x21, 0x29, 0x1D, 0x90, 0xB7, 0xA3, 0xCC, 0x57, 0x43, 0x4D, 0xF6, 0xE2, 0x7A,
    0x9D, 0x4D, 0x2D, 0xF6, 0x36, 0xB3, 0x6C, 0xCE, 0x44, 0x47, 0x70, 0x16, 0xED, 0x05, 0xBE, 0x55,
    0x8B, 0xFD, 0x39, 0xF5, 0x8A, 0x39, 0x42, 0x87, 0x97, 0x69, 0x28, 0xCC, 0xC3, 0x84, 0xD0, 0xB3,
    0xA7, 0x5F, 0x95, 0xEF, 0xF5, 0xE9, 0xCB, 0x81, 0xC8, 0xB2, 0x0B, 0x08, 0xD1, 0x05, 0x1A, 0xA5,
    0x6C, 0xFB, 0x99, 0xBC, 0x6C, 0xCD, 0x85, 0x52, 0xB9, 0x19, 0xEE, 0x82, 0x21, 0x91, 0x69, 0x58,
    0x5E, 0x5D, 0x76, 0xF2, 0x74, 0x86, 0x00, 0xC4, 0x29, 0x2F, 0x3E, 0x04, 0x60, 0x20, 0xCE, 0x7E,
    0xDC, 0xCB, 0x4C, 0xBB, 0x3B, 0xC1, 0xEB, 0x1B, 0xA7, 0x4F, 0x09, 0x85, 0xF4, 0xEF, 0x60, 0x62,
    0xA8, 0xFA, 0xFD, 0x7C, 0xB1, 0x3C, 0x8D, 0xF7, 0xBE, 0x81, 0x22, 0x4C, 0x1D, 0x19, 0x30, 0xAC,
    0x41, 0xC8, 0xDF, 0x1D, 0x98, 0x35, 0x7D, 0x55, 0x92, 0x0C, 0xFC, 0x42, 0xE9, 0x59, 0x21, 0x3B,
    0x14, 0xD4, 0xF4, 0xB7, 0x75, 0xEF, 0x8D, 0x43, 0xA5, 0xDD, 0x1B, 0x20, 0x5B, 0xB4, 0xD6, 0x36,
    0x4E, 0xD7, 0x6D, 0x69, 0x66, 0xD9, 0xF0, 0x42, 0x8B, 0x39, 0xCF, 0x3F, 0xAD, 0x80, 0xFA, 0x32,
    0xE8, 0x37, 0xB0, 0x1B, 0x76, 0x32, 0xE3, 0x91, 0x5C, 0x66, 0x3C, 0x1B, 0x73, 0x5D, 0xE1, 0x44,
    0x3F, 0x13, 0xF4, 0xDF, 0x16, 0x6D, 0x8E, 0xD5, 0x62, 0x5C, 0x4B, 0x6C, 0xCB, 0x61, 0x1B, 0xAF,
    0x90, 0xD1, 0xE2, 0x45, 0x44, 0xE5, 0x6C, 0x8B, 0x94, 0x6E, 0x3C, 0x7C, 0xF2, 0xDB, 0x89, 0x2F,
    0x6B, 0x7D, 0xD4, 0x5A, 0xF5, 0x95, 0xB2, 0x66, 0x1C, 0xE4, 0xE7, 0xB1, 0xEE, 0x47, 0x8F, 0x29,
    0xB4, 0x99, 0x05, 0xE7, 0xF9, 0xD0, 0xA5, 0xBB, 0xB6, 0xD1, 0x19, 0xE6, 0x99, 0x60, 0x77, 0x87,
    0xE2, 0x78, 0x68, 0xED, 0x82, 0xF0, 0xDE, 0x06, 0x85, 0x85, 0x33, 0xCF, 0x5F, 0x26, 0xEC, 0xEC,
    0x5A, 0x6F, 0x94, 0x63, 0x0D, 0xA9, 0xC7, 0xB7, 0x80, 0xCE, 0x5F, 0x33, 0x76, 0xB5, 0xF4, 0x14,
    0xB4, 0x78, 0xE8, 0xCA, 0x69, 0xDA, 0xB6, 0x44, 0x37, 0xBF, 0xE6, 0xA8, 0x0B, 0x1B, 0xB6, 0xD9,
    0x81, 0xE5, 0x9C, 0x8D, 0xF7, 0xB0, 0x25, 0x72, 0x6E, 0x4C, 0x9A, 0xD9, 0xDB, 0x3B, 0xD5, 0xB0,
    0x3C, 0x66, 0x1D, 0x5F, 0xB9, 0xC5, 0xB4, 0x0F, 0x9C, 0xAC, 0xE2, 0xD1, 0xE9, 0xEF, 0xDA, 0x37,
    0xCD, 0x8D, 0xA5, 0x83, 0x7E, 0x2D, 0x46, 0xED, 0x8A, 0xDE, 0xD8, 0x9F, 0x1A, 0x2F, 0x17, 0x3D,
    0xF1, 0x88, 0x06, 0xC6, 0xC7, 0x37, 0x63, 0x69, 0x11, 0xB4, 0x99, 0x2D, 0x37, 0xCE, 0x6C, 0x60,
    0xE7, 0x1D, 0xCE, 0x66, 0x12, 0xB3, 0x36, 0x8D, 0x4C, 0x9D, 0xA8, 0xB3, 0x4A, 0x29, 0x99, 0x73,
    0x59, 0x53, 0x6B, 0x6C, 0xA7, 0x91, 0x84, 0x3A, 0xFD, 0x26, 0xE2, 0xFA, 0xEE, 0xF0, 0xCF, 0xC5,
    0xDD, 0xBC, 0x87, 0x67, 0xC5, 0xED, 0x86, 0x45, 0xF8, 0x83, 0xEB, 0x86, 0x25, 0x1E, 0xB5, 0x74,
    0xDD, 0x71, 0xA7, 0x6C, 0x4A, 0x29, 0x86, 0xEA, 0x30, 0x20, 0xE4, 0xBD, 0x7F, 0x59, 0xEA, 0x66,
    0xB7, 0xCF, 0x08, 0x30, 0xBD, 0x8F, 0xD3, 0xBD, 0xE4, 0x92, 0x39, 0x47, 0x47, 0x98, 0x6C, 0x47,
    0xD9, 0x07, 0x94, 0x63, 0xD3, 0x90, 0x8F, 0x27, 0xF1, 0x62, 0x67, 0xDA, 0xB4, 0x7B, 0x57, 0x25,
    0xC4, 0x6E, 0x6C, 0xFC, 0xBB, 0x6E, 0x72, 0xC6, 0xDE, 0xDA, 0x22, 0xC8, 0x84, 0x23, 0x12, 0x31,
    0x8B, 0xB9, 0xEF, 0x28, 0x02, 0x80, 0xBF, 0x49, 0x33, 0x77, 0xAB, 0xBB, 0x99, 0x91, 0x66, 0x98,
    0xA3, 0x24, 0x53, 0x51, 0xEB, 0x69, 0xEB, 0xA4, 0xA9, 0xCE, 0xFE, 0xBA, 0x48, 0x53, 0x18, 0x05,
    0xA3, 0x0C, 0xCA, 0x6C, 0x88, 0x44, 0xB4, 0x0C, 0xDF, 0x7D, 0x33, 0xAF, 0x2C, 0xB4, 0x28, 0xB6,
    0x75, 0xB1, 0x62, 0x61, 0x44, 0x60, 0xB5, 0x36, 0xDC, 0xE3, 0xBA, 0xDB, 0x6D, 0x1A, 0x37, 0x3B,
    0xD3, 0x96, 0x96, 0xE4, 0x4F, 0x27, 0xD2, 0x3F, 0xDD, 0xF0, 0x9E, 0x73, 0xB6, 0xBA, 0x28, 0x3D,
    0x3A, 0x72, 0xCC, 0x4B, 0xB2, 0x2A, 0x48, 0x0E, 0xB4, 0x43, 0x22, 0xC3, 0x3A, 0x37, 0x0C, 0xB2,
    0x61, 0x98, 0xC8, 0xF6, 0x09, 0x99, 0x99, 0x3D, 0x7F, 0x0D, 0x76, 0xF4, 0x1E, 0xCE, 0x51, 0x3E,
    0xBC, 0x25, 0xF1, 0x86, 0x3D, 0x08, 0xD3, 0x5D, 0x8D, 0x28, 0x19, 0x94, 0x93, 0x99, 0x35, 0xB6,
    0xDE, 0xA2, 0x92, 0x44, 0xC2, 0x75, 0x3D, 0x1B, 0x18, 0x23, 0xF5, 0x49, 0x47, 0x78, 0xD3, 0x28,
    0x1B, 0xAF, 0x55, 0x5F, 0x52, 0x66, 0x9E, 0x53, 0x0A, 0xC5, 0x1B, 0x2A, 0x9D, 0xA4, 0xC5, 0xC0,
    0xE3, 0x09, 0x21, 0x09, 0xD7, 0x9D, 0x72, 0x97, 0x16, 0x87, 0xA4, 0x51, 0xAD, 0x78, 0xED, 0x31,
    0x93, 0x26, 0xE2, 0xCE, 0x77, 0x19, 0xAC, 0x95, 0x91, 0xC6, 0xA4, 0x92, 0x4D, 0x6C, 0x4D, 0xE8,
    0xC8, 0xD5, 0x34, 0xF0, 0x66, 0x3E, 0xD6, 0x63, 0x4F, 0x13, 0x4B, 0x90, 0xFB, 0xC7, 0x69, 0xD4,
    0x46, 0xDB, 0x6F, 0x19, 0x64, 0x6B, 0x6F, 0x8E, 0x16, 0x39, 0x85, 0x1A, 0x1A, 0x63, 0x0C, 0x8E,
    0x09, 0xEE, 0x61, 0x4E, 0xC1, 0x1E, 0xCF, 0x67, 0xB3, 0x4D, 0x34, 0xD8, 0xDB, 0x55, 0x51, 0x45,
    0x16, 0xBA, 0x0B, 0x82, 0x5E, 0x23, 0x81, 0x4A, 0x8A, 0x16, 0xD3, 0x90, 0x99, 0x2F, 0x13, 0x76,
    0x11, 0x51, 0xBC, 0x45, 0x49, 0xB1, 0xB1, 0xB1, 0xEE, 0xAA, 0x2E, 0x16, 0x2C, 0x58, 0x83, 0x44,
    0xA2, 0x51, 0x3B, 0xDC, 0x48, 0x48, 0x48, 0x48, 0xA2, 0x82, 0x8A, 0x28, 0x28, 0xA0, 0x3C, 0x5F,
    0x2E, 0x8E, 0x8B, 0x73, 0xB0, 0xE9, 0xD3, 0x5B, 0xAB, 0xB3, 0xD5, 0xD4, 0x1F, 0x1F, 0xC8, 0x21,
    0x9D, 0xB9, 0x58, 0xB0, 0xEE, 0x38, 0xEF, 0xA3, 0x46, 0x8D, 0x0E, 0xEF, 0xFB, 0x14, 0xC1, 0x84,
    0xB8, 0x70, 0xDC, 0x43, 0xAD, 0x85, 0x12, 0x89, 0x97, 0xB3, 0xD1, 0x1F, 0x59, 0xDF, 0xD1, 0x74,
    0xB3, 0xA5, 0xAD, 0xAA, 0xF5, 0xD2, 0x35, 0x18, 0x5E, 0x8E, 0x8E, 0x8E, 0x06, 0x53, 0x0E, 0xF8,
    0xC3, 0xB6, 0x13, 0x9C, 0xF8, 0x7C, 0xF8, 0x87, 0x5C, 0x94, 0x94, 0x94, 0x94, 0x9E, 0xDC, 0xEC,
    0x4E, 0xA2, 0x81, 0x42, 0xC2, 0x00, 0x6B, 0xB4, 0xF7, 0xA3, 0xE9, 0x01, 0xAB, 0x5A, 0x9E, 0x77,
    0x59, 0x43, 0x42, 0x9E, 0x56, 0x2E, 0x96, 0x85, 0x00, 0xE0, 0xEC, 0x14, 0x2E, 0x99, 0x8C, 0x99,
    0x12, 0x42, 0x33, 0x39, 0x2B, 0xB1, 0xD8, 0xEC, 0x74, 0xD0, 0x1E, 0x90, 0x6D, 0x6F, 0x12, 0xD4,
    0xD6, 0x28, 0x6D, 0xD9, 0x52, 0xA5, 0xD9, 0xA6, 0x86, 0xB1, 0x2D, 0xA8, 0x29, 0xB0, 0xC9, 0x24,
    0x92, 0x14, 0xA5, 0x29, 0x6D, 0xB6, 0xD9, 0x25, 0x2D, 0xB2, 0x37, 0x29, 0x6D, 0x70, 0x06, 0x94,
    0x4A, 0xA5, 0x08, 0x43, 0xA1, 0xBA, 0x1A, 0x81, 0x37, 0xF2, 0x73, 0x86, 0xF5, 0x53, 0x71, 0x74,
    0x30, 0x4E, 0x25, 0x54, 0xBC, 0x93, 0x22, 0x30, 0xF5, 0x6A, 0xA2, 0x0A, 0x59, 0x89, 0xDE, 0x08,
    0x02, 0x9F, 0x6A, 0x07, 0x41, 0x00, 0x32, 0x43, 0xED, 0x52, 0x5E, 0x77, 0x8B, 0x15, 0xF6, 0x4F,
    0x09, 0xAD, 0xF4, 0x47, 0x7C, 0x55, 0x34, 0x9D, 0x90, 0xE1, 0xEE, 0x76, 0x4E, 0x68, 0x91, 0xFA,
    0xE6, 0x22, 0xAF, 0xDE, 0x3E, 0x08, 0xD2, 0x3B, 0x3E, 0xEA, 0x87, 0xDB, 0xD7, 0xEC, 0x04, 0x94,
    0x48, 0x09, 0x08, 0x52, 0xA0, 0xD0, 0xA3, 0x48, 0xD4, 0x4A, 0x1F, 0xAB, 0x50, 0x01, 0x41, 0x41,
    0x41, 0x49, 0x42, 0xE4, 0x02, 0x40, 0xA1, 0x2C, 0x23, 0x09, 0x02, 0xB2, 0xC0, 0xDF, 0x58, 0x24,
    0x00, 0x8F, 0xA0, 0x39, 0x18, 0xBF, 0xE2, 0x60, 0x36, 0x90, 0x08, 0x8C, 0x8E, 0x89, 0x2B, 0x8E,
    0x81, 0x08, 0x8C, 0x3F, 0x71, 0xA5, 0x05, 0x09, 0xA6, 0xBB, 0xD5, 0x45, 0x41, 0xFA, 0xA3, 0x9E,
    0xE0, 0x17, 0xF1, 0x8C, 0xE8, 0x16, 0x30, 0x03, 0x68, 0x6C, 0xCC, 0x6E, 0x0B, 0x1F, 0xEA, 0x45,
    0xA1, 0x09, 0x4F, 0xB6, 0xA7, 0xF0, 0x5D, 0x41, 0x8C, 0x4C, 0x2F, 0x28, 0x47, 0xC3, 0x11, 0xB6,
    0x0B, 0xE5, 0x31, 0x50, 0x33, 0xBA, 0xA4, 0x6C, 0xFB, 0x5B, 0xF4, 0x1F, 0x4E, 0x20, 0xC6, 0x48,
    0x9E, 0xD9, 0x73, 0x12, 0xED, 0x0F, 0x17, 0xC9, 0x74, 0x0B, 0x80, 0x4E, 0x0A, 0x06, 0xA0, 0xB9,
    0x94, 0x63, 0x0D, 0x0E, 0x4F, 0x0E, 0x54, 0x67, 0x8F, 0xAE, 0x86, 0xC7, 0x9C, 0xC0, 0x90, 0x84,
    0x89, 0xB9, 0x24, 0x06, 0x98, 0xDA, 0x2B, 0x59, 0x71, 0xBE, 0x0C, 0x53, 0x39, 0x70, 0x2A, 0xD5,
    0x90, 0x68, 0x58, 0xC3, 0xAD, 0xA9, 0x48, 0xEB, 0x48, 0x81, 0x48, 0x7F, 0x13, 0xB7, 0x12, 0x49,
    0xFC, 0x98, 0x6E, 0x01, 0xCC, 0x30, 0xD1, 0x8A, 0x9A, 0x69, 0x4A, 0x36, 0x8C, 0x85, 0x09, 0xF3,
    0xAD, 0xFB, 0x00, 0xC7, 0xF3, 0x0A, 0x9A, 0xCC, 0xC2, 0x02, 0xFE, 0xD3, 0x68, 0x21, 0x91, 0x20,
    0xFA, 0xB7, 0xE8, 0xBB, 0x50, 0x57, 0xE4, 0xB9, 0x00, 0xC9, 0x0E, 0x38, 0xF2, 0x9A, 0x8C, 0xE6,
    0x73, 0x5C, 0x69, 0xB3, 0x1C, 0x5F, 0xE8, 0x75, 0x0F, 0x60, 0x05, 0x4C, 0x3A, 0x96, 0x44, 0x3A,
    0x59, 0xAD, 0xAC, 0x6C, 0xF1, 0xE7, 0x42, 0x28, 0xD0, 0xEE, 0xF1, 0x11, 0x11, 0x53, 0x33, 0x24,
    0x44, 0x38, 0x62, 0x22, 0x68, 0x0A, 0x97, 0x7F, 0x43, 0x26, 0xF7, 0x99, 0x00, 0xC7, 0x77, 0x26,
    0x60, 0xD9, 0x39, 0x7E, 0xFB, 0x07, 0xD6, 0x51, 0x39, 0x71, 0xC5, 0x7D, 0xD2, 0xEE, 0xF4, 0xE4,
    0x31, 0x24, 0x08, 0xE6, 0x34, 0x3D, 0x69, 0xFE, 0xFC, 0xE8, 0xCD, 0xC2, 0x69, 0xE6, 0x50, 0xA7,
    0x29, 0x70, 0xE8, 0xBB, 0xB3, 0x74, 0x36, 0x40, 0xEA, 0xF5, 0x1E, 0x41, 0xB7, 0x1A, 0xCF, 0xEB,
    0xA5, 0x33, 0x33, 0x33, 0x33, 0xFC, 0x56, 0xB8, 0x4C, 0xCE, 0xB7, 0x07, 0x1D, 0x42, 0x1E, 0x76,
    0x3D, 0xC9, 0xA5, 0x30, 0x7F, 0x8A, 0xE3, 0xB3, 0x6D, 0xC7, 0x1D, 0xEB, 0x21, 0x21, 0x61, 0x43,
    0x69, 0x84, 0x31, 0xAF, 0xCC, 0x46, 0xCD, 0xAD, 0x69, 0x58, 0xD0, 0x4A, 0xCA, 0x12, 0x54, 0x6A,
    0xC8, 0x85, 0x5C, 0x29, 0x21, 0x42, 0x40, 0x22, 0x9B, 0xCA, 0x03, 0x5F, 0x5E, 0xF7, 0x8F, 0x39,
    0xC3, 0x16, 0x60, 0x9F, 0x1D, 0xE2, 0x95, 0x05, 0x90, 0x25, 0x0D, 0xDC, 0x1D, 0xBF, 0x5E, 0xFA,
    0x87, 0xBD, 0x03, 0xA0, 0xBB, 0x40, 0xAE, 0x0B, 0x00, 0x1C, 0x98, 0x3E, 0xDB, 0xF6, 0x58, 0x9E,
    0x92, 0xB7, 0x22, 0x79, 0x40, 0xC0, 0x36, 0x51, 0xB1, 0xD4, 0x86, 0xB2, 0x14, 0xD2, 0x9D, 0x2C,
    0x33, 0x7C, 0x78, 0xAC, 0xB6, 0x47, 0x62, 0xD7, 0x4A, 0xAD, 0xA7, 0x0A, 0x0E, 0x7B, 0xA0, 0xE3,
    0x3D, 0x9B, 0xAD, 0xFD, 0xBC, 0x6C, 0x56, 0x7D, 0xEA, 0xBE, 0x94, 0x8E, 0xE6, 0x53, 0x17, 0x68,
    0x39, 0xF1, 0xFB, 0xA7, 0x59, 0x16, 0x83, 0x01, 0xC8, 0xC0, 0x85, 0xCC, 0x70, 0xEF, 0x21, 0x3F,
    0x90, 0xF7, 0xCF, 0x32, 0x08, 0x89, 0x3D, 0xA0, 0x5B, 0x10, 0xDE, 0x08, 0x36, 0xF4, 0x00, 0xD0,
    0x10, 0x10, 0xEC, 0x57, 0xA4, 0xEF, 0xA0, 0xA4, 0x50, 0x92, 0xF1, 0x62, 0x66, 0x0F, 0x03, 0xB8,
    0x4B, 0xA7, 0x7C, 0x92, 0x48, 0x94, 0x41, 0x04, 0x09, 0x4B, 0x5B, 0xF2, 0x69, 0x10, 0x10, 0x9B,
    0xD4, 0x17, 0xCF, 0x89, 0x71, 0x72, 0x49, 0x2B, 0xDC, 0x5C, 0x40, 0x58, 0xB3, 0x97, 0x36, 0xD9,
    0x08, 0xE6, 0xD5, 0xC1, 0xEA, 0x9F, 0x55, 0xCB, 0xC2, 0x11, 0x2A, 0x78, 0xB8, 0xB7, 0x38, 0x0D,
    0xD4, 0x7F, 0x1B, 0xE6, 0x88, 0xD8, 0xE4, 0x16, 0x1C, 0xDF, 0x64, 0x26, 0xDF, 0x79, 0x19, 0xAB,
    0xC7, 0x3C, 0x73, 0xF1, 0xEF, 0xE8, 0xA1, 0x40, 0xCE, 0xA0, 0xA3, 0x03, 0x9D, 0xC6, 0xD3, 0xB7,
    0x11, 0x65, 0x0A, 0x15, 0x94, 0x28, 0x56, 0x50, 0xA1, 0x0B, 0xD7, 0x64, 0xA5, 0xDD, 0x24, 0x92,
    0x49, 0x24, 0x92, 0x49, 0x2E, 0x50, 0x4C, 0xCC, 0xC9, 0x33, 0x33, 0x24, 0xCC, 0x93, 0x31, 0xEF,
    0x0C, 0x06, 0x03, 0x21, 0xD3, 0xF4, 0x25, 0xC8, 0x1B, 0x5F, 0x49, 0xE3, 0xF7, 0x4F, 0x13, 0xE2,
    0xE5, 0xBB, 0xB9, 0x0F, 0x48, 0x5E, 0xA8, 0xBD, 0x58, 0x5F, 0x16, 0x16, 0xD8, 0x7B, 0x84, 0xFE,
    0xF3, 0x35, 0x43, 0xDC, 0xF3, 0xC2, 0xFF, 0x50, 0xBE, 0x52, 0x5E, 0xBB, 0xD0, 0x2A, 0x63, 0xF1,
    0xE8, 0x14, 0x49, 0x24, 0xEA, 0xD0, 0xF6, 0xB1, 0xC8, 0x31, 0x63, 0x8A, 0x3D, 0x98, 0xB7, 0x10,
    0xA4, 0xF9, 0x8B, 0x17, 0x0F, 0x40, 0xE2, 0x04, 0x7B, 0x44, 0x87, 0x6F, 0x23, 0xCA, 0x80, 0x20,
    0xA9, 0x71, 0xFC, 0x06, 0x70, 0x19, 0xD1, 0x45, 0xCD, 0xDA, 0xE0, 0xDB, 0x99, 0xB4, 0x2F, 0x58,
    0xB0, 0x87, 0x10, 0x91, 0xE0, 0x08, 0x0A, 0x4E, 0x35, 0x39, 0xB9, 0x6D, 0x29, 0x87, 0x3F, 0x20,
    0xD2, 0x6C, 0x48, 0x3B, 0x00, 0x61, 0x9B, 0x3B, 0x99, 0xB1, 0x54, 0x55, 0x4B, 0xB3, 0xAF, 0x58,
    0xC1, 0x79, 0x4E, 0x73, 0x88, 0x85, 0xB3, 0xCE, 0x9D, 0xA1, 0x0A, 0x82, 0x19, 0x41, 0x2B, 0x58,
    0x7D, 0xBD, 0x24, 0xA0, 0x84, 0x54, 0x2D, 0x71, 0x0B, 0x11, 0xF7, 0x37, 0x1A, 0xB3, 0x1A, 0xAC,
    0x55, 0xB9, 0x5E, 0xAC, 0x27, 0x10, 0xAE, 0x97, 0x18, 0x77, 0x45, 0x3B, 0x1D, 0x0C, 0xF2, 0x77,
    0x89, 0x35, 0x7A, 0xA5, 0x5E, 0x84, 0x2B, 0xDE, 0x9C, 0x07, 0x7A, 0x12, 0x28, 0x52, 0xD4, 0xD5,
    0xD0, 0xA3, 0xB8, 0x39, 0xD3, 0x1E, 0x11, 0x19, 0xB5, 0x5C, 0xB3, 0xD2, 0x6E, 0xAE, 0xDD, 0x88,
    0x2E, 0x23, 0x69, 0xB0, 0x6B, 0xB5, 0x0D, 0xDA, 0x1B, 0x88, 0x01, 0x98, 0xDF, 0x67, 0xF3, 0xF2,
    0x13, 0xEB, 0xE0, 0x8F, 0x03, 0x1A, 0x3D, 0xD2, 0x1B, 0x40, 0xE6, 0x96, 0xC3, 0x22, 0x51, 0x74,
    0xC3, 0xA3, 0x7B, 0xC5, 0xD9, 0x69, 0x87, 0x06, 0x4A, 0x8A, 0xEA, 0x29, 0x37, 0x50, 0xE4, 0xF2,
    0xD2, 0x73, 0x0B, 0x19, 0x14, 0x74, 0x2F, 0x5B, 0x80, 0x5B, 0xCB, 0x87, 0x40, 0x33, 0x09, 0x86,
    0xAE, 0x96, 0x6C, 0x42, 0x08, 0x88, 0xC3, 0x0C, 0xC9, 0x84, 0x6C, 0x64, 0xBB, 0xE7, 0xC9, 0xB2,
    0x50, 0x73, 0x0D, 0x26, 0x8B, 0xDA, 0xA9, 0x55, 0x68, 0xB9, 0xF3, 0xC1, 0x53, 0x25, 0x67, 0x64,
    0xF0, 0xBC, 0xBC, 0xE3, 0x2A, 0x76, 0xD7, 0x2A, 0xF3, 0x24, 0xDD, 0xC2, 0x6F, 0xC7, 0x7B, 0x43,
    0x86, 0xA9, 0x10, 0x1A, 0x48, 0x63, 0x73, 0xAB, 0xAC, 0xEB, 0x4A, 0x04, 0x99, 0x03, 0x56, 0x5C,
    0xA4, 0x77, 0x10, 0x69, 0x06, 0x1A, 0x4A, 0x07, 0xE9, 0x37, 0x67, 0x0D, 0x00, 0x7D, 0x62, 0xD7,
    0x71, 0xC8, 0xE8, 0x69, 0x3D, 0xDF, 0x67, 0x95, 0xCC, 0x82, 0x9C, 0x8A, 0xB6, 0x0E, 0xF9, 0x3C,
    0xB0, 0xAC, 0x7A, 0xF2, 0x89, 0xD1, 0x08, 0x26, 0x31, 0x31, 0xA5, 0x6D, 0x24, 0x51, 0xC8, 0x30,
    0x86, 0xAD, 0x40, 0xA2, 0x7D, 0xBE, 0xAE, 0xB6, 0x31, 0x49, 0x22, 0xD9, 0x5B, 0xA9, 0x54, 0x0D,
    0x45, 0x29, 0x10, 0x28, 0xB1, 0x18, 0x93, 0x39, 0x15, 0xA9, 0x85, 0xC8, 0xB3, 0x1B, 0x9A, 0xAF,
    0xCE, 0xE2, 0x43, 0x0B, 0x6E, 0x2F, 0x45, 0xEA, 0x34, 0xE2, 0xF9, 0xCF, 0xC8, 0xFB, 0xB5, 0xD0,
    0x80, 0xC8, 0x06, 0x46, 0x2C, 0x9C, 0xC9, 0xBA, 0xB5, 0x4F, 0x01, 0x0A, 0xA1, 0x81, 0x7E, 0xDF,
    0xCE, 0xDE, 0x5E, 0x74, 0x9F, 0x92, 0xDA, 0x59, 0x36, 0xE8, 0xE9, 0x62, 0xCF, 0x33, 0xAA, 0x2A,
    0xC1, 0x13, 0x48, 0xD5, 0x8B, 0x3C, 0xC8, 0x52, 0x68, 0x45, 0xD1, 0x7E, 0x01, 0xC6, 0x70, 0xF1,
    0x68, 0x78, 0x47, 0x71, 0xE1, 0x30, 0xD8, 0xC2, 0x7B, 0x82, 0xC2, 0x6B, 0x35, 0xC6, 0x7F, 0x21,
    0x8B, 0xA1, 0xCB, 0x1C, 0xAB, 0xA6, 0x9D, 0x57, 0x1B, 0x64, 0x91, 0x5B, 0x26, 0x66, 0x43, 0x06,
    0xD1, 0xA2, 0x35, 0x05, 0x01, 0x35, 0x4C, 0x51, 0x35, 0x4C, 0x51, 0x35, 0x4C, 0x51, 0x44, 0x46,
    0xD9, 0xA3, 0xD2, 0xEF, 0xDF, 0x51, 0xCA, 0x46, 0x98, 0x3D, 0xFB, 0x1C, 0x69, 0x6C, 0xE5, 0x08,
    0x49, 0x79, 0x9B, 0x64, 0x4C, 0x9A, 0x1F, 0x60, 0x21, 0x37, 0x9B, 0x44, 0x39, 0xC3, 0xB1, 0x00,
    0xE5, 0xEA, 0x27, 0x50, 0xFE, 0x74, 0xFA, 0x13, 0xAE, 0x96, 0x4F, 0x7A, 0x00, 0x27, 0x9D, 0xAC,
    0x94, 0x01, 0x6F, 0x85, 0x29, 0x5C, 0x05, 0x62, 0x71, 0xF4, 0x79, 0xD7, 0x56, 0xFE, 0x8B, 0x15,
    0x03, 0x93, 0xC2, 0x50, 0xC6, 0x3C, 0x89, 0xC7, 0xCF, 0x47, 0x48, 0x98, 0x27, 0x83, 0x88, 0x61,
    0x86, 0xF2, 0xEE, 0xD6, 0x11, 0xA7, 0x96, 0x90, 0xF2, 0x18, 0x89, 0x24, 0xB2, 0x9D, 0xA1, 0x20,
    0x61, 0x8E, 0x54, 0xCA, 0x4F, 0x75, 0xE9, 0x0F, 0x4D, 0x24, 0x7B, 0x23, 0x13, 0xB9, 0xEC, 0x4C,
    0xB9, 0xAB, 0x41, 0x94, 0x85, 0x72, 0xA3, 0x91, 0x7E, 0x78, 0x7C, 0xD8, 0xEF, 0xDF, 0xDB, 0x45,
    0xC6, 0xAC, 0x8A, 0xE9, 0xDB, 0x81, 0x9D, 0xCE, 0x53, 0x1A, 0x57, 0x43, 0x47, 0x89, 0x1E, 0x95,
    0x81, 0xBD, 0x63, 0x8B, 0x57, 0x26, 0x5A, 0xF2, 0x89, 0xAC, 0x4D, 0x68, 0xA8, 0x42, 0xCA, 0x3B,
    0x84, 0xC4, 0x09, 0x98, 0xF4, 0xE8, 0x81, 0x08, 0xDA, 0xC6, 0xA0, 0x39, 0x1F, 0xA7, 0xE4, 0x2E,
    0x72, 0x3B, 0x91, 0xCF, 0x2C, 0x6E, 0xDA, 0x6D, 0x9B, 0xE5, 0x64, 0x73, 0x64, 0x50, 0xD2, 0xEE,
    0x78, 0x67, 0x13, 0x55, 0xE9, 0xD8, 0x81, 0x0A, 0x54, 0xFC, 0xF6, 0xBA, 0xAF, 0xB0, 0xDE, 0x0A,
    0xAA, 0xCA, 0xBD, 0x46, 0xF6, 0xFD, 0x17, 0xF4, 0xB5, 0xF3, 0x18, 0xC6, 0xE5, 0x63, 0xA8, 0x1E,
    0x86, 0x9E, 0xF7, 0xBF, 0xD6, 0xEA, 0x28, 0xCE, 0xA5, 0x05, 0x86, 0xD3, 0xA8, 0xD4, 0xFA, 0x8C,
    0xA8, 0xE8, 0x3D, 0x82, 0xA9, 0x13, 0xD1, 0xF5, 0x4E, 0x1A, 0x6C, 0xA0, 0xA0, 0x70, 0x30, 0x7A,
    0x1E, 0x06, 0x3D, 0x37, 0xE3, 0xD7, 0x50, 0x29, 0xB3, 0x0D, 0x35, 0x96, 0xB1, 0x61, 0x0C, 0x46,
    0xA7, 0x1D, 0x08, 0xFB, 0xDD, 0x4E, 0x01, 0x72, 0x60, 0x0A, 0x6D, 0xF3, 0x46, 0x8D, 0x9F, 0x84,
    0x5F, 0x2F, 0x0F, 0x68, 0xA0, 0xF1, 0x33, 0x0A, 0x0C, 0x3A, 0x81, 0x4E, 0x55, 0x55, 0x01, 0x40,
    0x1E, 0xD7, 0xA1, 0x9D, 0x99, 0x8B, 0xB0, 0x2C, 0x8B, 0x77, 0xFD, 0xB8, 0xEF, 0x2D, 0x82, 0x20,
    0xD3, 0x66, 0xF6, 0x84, 0xF0, 0x79, 0xF2, 0x25, 0x93, 0x5B, 0x6D, 0xBA, 0x63, 0xDD, 0x52, 0x09,
    0x1B, 0x97, 0x2B, 0x0C, 0xA4, 0x94, 0x90, 0x3E, 0xDE, 0x36, 0x63, 0x8E, 0xA7, 0xBB, 0x4D, 0xB3,
    0x4E, 0x92, 0x4B, 0x60, 0x76, 0xE3, 0xC7, 0xEF, 0x60, 0x1B, 0xC6, 0x75, 0x8F, 0x45, 0x53, 0xAB,
    0x4B, 0x51, 0x45, 0x1B, 0xAE, 0x09, 0xAD, 0x1D, 0x79, 0x9F, 0x0F, 0x75, 0x44, 0x73, 0x08, 0x1E,
    0x8A, 0x30, 0x8F, 0x98, 0x18, 0xA6, 0xA7, 0x30, 0xFD, 0x17, 0x04, 0x51, 0x29, 0x4B, 0xDF, 0xF6,
    0xFA, 0x3F, 0x05, 0xD9, 0x0B, 0x84, 0x53, 0x9E, 0x66, 0xF8, 0x97, 0x6C, 0x63, 0x7F, 0xCD, 0xC0,
    0x4E, 0x8F, 0x47, 0x2C, 0x3A, 0x68, 0x63, 0x9E, 0x51, 0xA7, 0x91, 0xB6, 0xBB, 0x68, 0xA5, 0xD5,
    0x5D, 0x88, 0x6B, 0x20, 0xF1, 0xAB, 0xC6, 0x4E, 0x4A, 0x7D, 0xF4, 0xC0, 0xDE, 0xF7, 0x4A, 0xCA,
    0x2C, 0x6C, 0x9F, 0x7E, 0x62, 0xA6, 0xDB, 0x28, 0x55, 0x0C, 0xE6, 0x35, 0xEB, 0xD2, 0x3C, 0xC4,
    0xC7, 0x1B, 0x3E, 0x81, 0xF3, 0x97, 0x61, 0x6F, 0xCD, 0xA6, 0x3A, 0x23, 0xBB, 0x3C, 0xA8, 0xD0,
    0x6E, 0x9A, 0xA6, 0x29, 0x6B, 0x20, 0x9A, 0x88, 0xF5, 0x57, 0x8F, 0xAE, 0x96, 0xF5, 0x2C, 0xE0,
    0xD8, 0x65, 0x57, 0x9E, 0xE2, 0x31, 0xAD, 0x40, 0x4C, 0x99, 0x6B, 0x79, 0xE5, 0xD3, 0xBF, 0x19,
    0x5E, 0x55, 0xAE, 0x1C, 0x8C, 0x2D, 0xA6, 0x2F, 0x6A, 0xE0, 0xF9, 0x57, 0x52, 0x79, 0x56, 0x28,
    0x9E, 0x28, 0xF5, 0xEF, 0x71, 0x79, 0xF1, 0xF4, 0x3B, 0xBE, 0xA4, 0xEF, 0x45, 0x98, 0xA2, 0x48,
    0x73, 0x09, 0xC4, 0x51, 0x87, 0x18, 0x8A, 0x89, 0x8F, 0x6A, 0x26, 0xAF, 0x0F, 0x0E, 0x6E, 0x8C,
    0x2A, 0x49, 0x24, 0x55, 0xD5, 0x47, 0x72, 0xA1, 0x12, 0x26, 0x78, 0x1E, 0x3D, 0xF0, 0xF4, 0xCA,
    0x48, 0x64, 0xB0, 0xAD, 0x86, 0x24, 0x6E, 0x57, 0xB7, 0x9B, 0x15, 0x6B, 0x60, 0xBA, 0x45, 0x72,
    0x36, 0xB4, 0xA9, 0xCF, 0x7C, 0x6C, 0xD8, 0xD8, 0x5B, 0x85, 0x38, 0x59, 0x66, 0x95, 0x61, 0x39,
    0xD3, 0x89, 0x6D, 0x32, 0x3F, 0x09, 0xF1, 0x9F, 0x28, 0x52, 0x7B, 0xE1, 0x6B, 0x88, 0xDE, 0x99,
    0x46, 0x77, 0x70, 0x48, 0x34, 0xE3, 0x22, 0x3B, 0xAA, 0xC7, 0x82, 0x76, 0xED, 0x1D, 0xC6, 0x55,
    0x55, 0x1D, 0x58, 0x9C, 0x25, 0x28, 0xA4, 0x5C, 0x91, 0x6D, 0xCF, 0xCC, 0xD8, 0x13, 0x9D, 0x36,
    0xE4, 0x53, 0xC4, 0xF0, 0xA4, 0x0A, 0x28, 0xA2, 0x99, 0x05, 0x05, 0x8B, 0x7F, 0x55, 0x47, 0x23,
    0xE2, 0xEC, 0x18, 0xCE, 0xDB, 0x0A, 0x22, 0x79, 0x87, 0x20, 0x3F, 0x79, 0xC7, 0x07, 0xB3, 0xEC,
    0xBB, 0x05, 0xCC, 0x9B, 0x2D, 0x6D, 0x12, 0x32, 0x71, 0x08, 0x82, 0x44, 0x55, 0x34, 0x14, 0x29,
    0xA8, 0x43, 0x90, 0x41, 0x10, 0x94, 0x08, 0x72, 0x09, 0xDA, 0x7E, 0x26, 0xDE, 0xD5, 0xEE, 0xA7,
    0xF2, 0x15, 0x35, 0xB9, 0x71, 0x33, 0x7D, 0x91, 0x00, 0xFA, 0x04, 0x2E, 0x2B, 0x51, 0x58, 0xF9,
    0x38, 0x2B, 0x1A, 0xC8, 0xFB, 0x25, 0x36, 0x2E, 0x57, 0x17, 0x1B, 0x6F, 0xF3, 0x50, 0x3A, 0x9A,
    0x07, 0x20, 0xFC, 0x61, 0x06, 0x68, 0x43, 0x2C, 0xE6, 0x89, 0x82, 0x37, 0x96, 0xDD, 0x8E, 0x12,
    0x14, 0xD7, 0x8E, 0xC8, 0x41, 0x21, 0x6A, 0x14, 0x0E, 0x26, 0x34, 0x00, 0xD9, 0x96, 0xB0, 0x48,
    0xB1, 0xAC, 0x6D, 0xB5, 0x8D, 0x46, 0x71, 0x4D, 0xB0, 0x7D, 0x83, 0x6D, 0x2F, 0x45, 0xC6, 0x9A,
    0xC2, 0x43, 0xDB, 0x76, 0xF4, 0x3A, 0x1C, 0xF7, 0xDB, 0xB4, 0x7F, 0x3D, 0x3E, 0x34, 0x3D, 0x90,
    0xAA, 0xC4, 0x11, 0x41, 0x12, 0x44, 0xA4, 0xC2, 0x50, 0x10, 0x82, 0x50, 0x25, 0x22, 0x2D, 0x02,
    0x05, 0x13, 0x21, 0x10, 0x2D, 0x02, 0xFF, 0x3F, 0xFE, 0x7F, 0x9B, 0x3F, 0x9B, 0xE7, 0x3F, 0x58,
    0x54, 0xE4, 0x88, 0xC9, 0x0C, 0x2C, 0x8C, 0x94, 0x45, 0x14, 0x53, 0x44, 0x10, 0xD7, 0xDE, 0xC3,
    0x28, 0xA0, 0x9A, 0x66, 0x2F, 0xCE, 0xC3, 0x04, 0xAA, 0x20, 0x82, 0xD6, 0x06, 0x15, 0x41, 0x00,
    0x52, 0x44, 0x54, 0xC6, 0x62, 0x99, 0x45, 0xAC, 0x0C, 0xB4, 0xCE, 0x11, 0x24, 0xA9, 0x55, 0x25,
    0x15, 0x4B, 0x12, 0x91, 0x2C, 0x14, 0x53, 0x2D, 0x45, 0x30, 0x91, 0x13, 0x2B, 0x12, 0xD1, 0x42,
    0x42, 0x24, 0x22, 0x10, 0x89, 0x20, 0x04, 0x3F, 0x18, 0x1D, 0x1B, 0x8F, 0x43, 0xB9, 0xD9, 0xC7,
    0x8F, 0xFC, 0xFA, 0x72, 0x39, 0x1C, 0xF9, 0x3A, 0xB2, 0x79, 0x5E, 0xD5, 0xF0, 0xA2, 0x32, 0x38,
    0xDE, 0x41, 0x40, 0xA0, 0xD1, 0x1F, 0xF5, 0x6C, 0x7C, 0xC6, 0x3D, 0x78, 0x53, 0x72, 0x99, 0x7F,
    0x7B, 0xF7, 0x8D, 0xD6, 0x2F, 0x30, 0x0E, 0xB1, 0x3C, 0x9F, 0x50, 0xA2, 0xBA, 0x4E, 0x92, 0xBD,
    0xB2, 0x97, 0xC4, 0x8F, 0x40, 0x1B, 0x95, 0x28, 0xC0, 0xBF, 0xB0, 0xA8, 0xB6, 0x58, 0xEF, 0x88,
    0x79, 0x0A, 0x0E, 0x91, 0x62, 0x06, 0x59, 0xF9, 0x80, 0xC4, 0x0D, 0x1C, 0x48, 0x06, 0xB0, 0xDE,
    0x44, 0x89, 0x18, 0x83, 0xC4, 0x63, 0x9C, 0x00, 0x21, 0xEC, 0x64, 0x7A, 0x0F, 0x2C, 0x78, 0x26,
    0x99, 0xB4, 0x6B, 0x03, 0xDC, 0x49, 0xE8, 0x4B, 0xC8, 0xB1, 0x32, 0xA3, 0x26, 0x38, 0x28, 0x69,
    0x87, 0x73, 0x01, 0xF6, 0x16, 0x67, 0x3F, 0x94, 0x9C, 0x43, 0xF2, 0x9A, 0x8B, 0x03, 0x45, 0xA6,
    0x01, 0x19, 0x97, 0x15, 0x71, 0x87, 0x45, 0xA8, 0x3D, 0xBE, 0x5C, 0xBA, 0x86, 0xEC, 0x88, 0x7C,
    0xC7, 0xA8, 0x42, 0x1F, 0x56, 0xC7, 0x1E, 0xB7, 0xB5, 0xD8, 0xC3, 0x86, 0x6F, 0x1B, 0x99, 0xFE,
    0xC4, 0xCF, 0x4D, 0xF9, 0xB5, 0xAD, 0x90, 0x4D, 0x33, 0x00, 0xC8, 0x3A, 0x80, 0xE2, 0x01, 0x0A,
    0x86, 0x03, 0x10, 0x42, 0x2F, 0x71, 0xF9, 0xD3, 0x03, 0xD1, 0xC4, 0xA3, 0x94, 0x82, 0x7E, 0x30,
    0x20, 0xB8, 0xB8, 0x97, 0x96, 0x1C, 0x90, 0x87, 0xDD, 0xFD, 0x15, 0xFC, 0x3E, 0xFF, 0xEC, 0xD5,
    0x9A, 0xE6, 0x23, 0x85, 0x55, 0x40, 0x38, 0x69, 0x17, 0x36, 0x43, 0x25, 0x9D, 0xD7, 0xE3, 0xC1,
    0x81, 0x8D, 0xEB, 0xA5, 0xA7, 0x83, 0xAE, 0x50, 0xE4, 0xC3, 0x98, 0x7C, 0x56, 0xEC, 0xA5, 0x96,
    0x59, 0x63, 0x42, 0x69, 0x81, 0x9A, 0x64, 0xA4, 0x83, 0x20, 0x38, 0x49, 0x48, 0xE0, 0x09, 0x37,
    0x9B, 0x73, 0xF3, 0x3E, 0x4D, 0x4D, 0x91, 0x8A, 0xEB, 0xAB, 0xC3, 0x07, 0x5B, 0xBB, 0xC4, 0x80,
    0x90, 0x80, 0x0E, 0xC2, 0x63, 0xF5, 0x26, 0x48, 0x07, 0x36, 0x1A, 0x48, 0xC3, 0x46, 0xB7, 0x9F,
    0x87, 0xC9, 0x6B, 0x09, 0x4B, 0x59, 0xCD, 0x60, 0x12, 0x04, 0x9B, 0x7B, 0xA9, 0xC3, 0x38, 0xCC,
    0xCE, 0x90, 0xEC, 0x09, 0xA9, 0x16, 0x18, 0x18, 0x58, 0x6F, 0x0C, 0xAA, 0xF4, 0x42, 0x0D, 0x19,
    0x6B, 0x6D, 0x01, 0xA3, 0x32, 0x01, 0xEB, 0xB6, 0x20, 0x0A, 0x62, 0x28, 0x5A, 0x04, 0x3F, 0x7A,
    0x53, 0x08, 0x1E, 0x79, 0x28, 0x3F, 0x87, 0x39, 0x25, 0x90, 0xDF, 0xE5, 0x3E, 0x3C, 0x71, 0x92,
    0xBF, 0x5B, 0xC3, 0xEE, 0x96, 0x18, 0x24, 0x92, 0x31, 0x08, 0xD8, 0xD6, 0xDB, 0x20, 0x33, 0x38,
    0xA2, 0xBE, 0x33, 0x0C, 0xB2, 0xB9, 0x91, 0x9E, 0xBB, 0x30, 0xCF, 0xA4, 0xBC, 0x50, 0x36, 0x9E,
    0xCC, 0x1B, 0xC9, 0xD7, 0x0C, 0xCF, 0x61, 0xD1, 0xF4, 0x5D, 0xA7, 0x84, 0xED, 0x6D, 0x01, 0xEE,
    0x0C, 0x19, 0x2C, 0xFD, 0x22, 0x29, 0xE6, 0x21, 0x43, 0x76, 0xB8, 0xE8, 0x1B, 0x09, 0x3A, 0x6A,
    0xA8, 0xA5, 0x08, 0x63, 0x68, 0x06, 0xA2, 0xC9, 0xD0, 0x3F, 0x70, 0xB9, 0x32, 0x1E, 0xDE, 0x19,
    0x91, 0x32, 0x0D, 0x66, 0xE5, 0x6E, 0xA5, 0xA6, 0x9A, 0x2D, 0x30, 0x9B, 0x84, 0x90, 0x1F, 0x7C,
    0x60, 0xCD, 0xB1, 0x73, 0x0D, 0x26, 0x43, 0x6F, 0x56, 0x66, 0x5B, 0xEB, 0xBE, 0xBF, 0x02, 0x25,
    0x07, 0xAA, 0xC4, 0x2B, 0x05, 0x1C, 0x02, 0x01, 0xE0, 0x0A, 0x0D, 0x88, 0xEC, 0x87, 0xC4, 0x03,
    0xE8, 0x38, 0xBE, 0xD6, 0xCE, 0x4B, 0x22, 0x68, 0xC7, 0x7A, 0x91, 0x59, 0x24, 0x91, 0xC5, 0xD0,
    0xC3, 0x6D, 0x22, 0x8C, 0x30, 0x55, 0x4D, 0x2B, 0xB0, 0x8F, 0x44, 0x7A, 0x87, 0x64, 0x88, 0x64,
    0x5C, 0x8B, 0xB9, 0x24, 0xE6, 0x7B, 0x28, 0xA8, 0x3C, 0x8E, 0x08, 0x23, 0xF5, 0x71, 0x2B, 0x5D,
    0x87, 0x46, 0x28, 0x75, 0xB1, 0xA6, 0x76, 0xCF, 0xCF, 0x81, 0xEB, 0x0F, 0x82, 0x14, 0xEA, 0x2A,
    0x08, 0x37, 0xF1, 0x16, 0x40, 0xF7, 0x01, 0x62, 0x36, 0xD0, 0x59, 0x03, 0xD4, 0xC8, 0x18, 0xEC,
    0x50, 0xF2, 0xB0, 0x7C, 0x3B, 0xE1, 0xDD, 0x67, 0x8A, 0xFA, 0x40, 0xEA, 0xF4, 0x98, 0x48, 0xD9,
    0x55, 0x51, 0x16, 0xE0, 0x09, 0xD5, 0x2F, 0xE1, 0xF7, 0xC3, 0xB7, 0xA6, 0xE9, 0x0A, 0x9E, 0x1F,
    0xCD, 0x9A, 0xBC, 0xA3, 0xD5, 0x2D, 0x3E, 0x10, 0x98, 0x23, 0xA1, 0x85, 0x3B, 0x3D, 0xF7, 0xE0,
    0xCD, 0x55, 0x51, 0x20, 0x74, 0x60, 0x30, 0x31, 0x47, 0xD0, 0x5E, 0xA7, 0xB7, 0xE6, 0xDE, 0xFE,
    0x8F, 0x4D, 0xAF, 0x0E, 0x87, 0x48, 0xC2, 0x46, 0xCC, 0x46, 0xC6, 0x19, 0xC0, 0x20, 0x43, 0x12,
    0xE7, 0x02, 0x74, 0x54, 0xB0, 0x48, 0xBC, 0x54, 0xA2, 0xC5, 0x21, 0xD8, 0x34, 0x18, 0xC7, 0xE1,
    0xF5, 0xFF, 0x76, 0x72, 0x55, 0x49, 0xA8, 0x73, 0x35, 0xB4, 0x78, 0xE0, 0x1E, 0xFC, 0x3D, 0x28,
    0x05, 0xF5, 0xA6, 0x62, 0xD6, 0x5B, 0x6C, 0xD1, 0xB0, 0xA5, 0x3A, 0xE0, 0xC2, 0x75, 0xD5, 0x82,
    0xED, 0x0F, 0x04, 0xF3, 0x2D, 0x6F, 0x81, 0xC4, 0x02, 0xF2, 0x82, 0x59, 0x60, 0x22, 0x95, 0x88,
    0x46, 0x2D, 0xE1, 0xCA, 0x3E, 0x2C, 0xCD, 0x69, 0xD2, 0x06, 0xA0, 0x08, 0xD5, 0x80, 0xEC, 0x38,
    0xED, 0x29, 0xA8, 0xD6, 0x2C, 0x72, 0x24, 0x1F, 0xFB, 0xB0, 0xD5, 0xBD, 0xAF, 0xD2, 0x7C, 0x73,
    0x92, 0x30, 0xCE, 0x0D, 0x2C, 0x98, 0x70, 0x0F, 0xAE, 0xBB, 0x63, 0x4E, 0x97, 0x29, 0x31, 0x1D,
    0x98, 0x12, 0x71, 0x75, 0xF0, 0xE0, 0x2B, 0x30, 0x91, 0x0C, 0x4F, 0x67, 0xCC, 0xD1, 0x86, 0x1E,
    0xCF, 0x44, 0xAD, 0x23, 0xEB, 0xD9, 0x71, 0x17, 0xC0, 0xC1, 0x69, 0x63, 0x2E, 0xCD, 0x6D, 0x2A,
    0x45, 0x8F, 0xCD, 0xEB, 0x2A, 0xDC, 0x3A, 0x7D, 0x17, 0xC0, 0xC2, 0x7F, 0x1E, 0x4F, 0x00, 0x90,
    0x58, 0x45, 0xFB, 0x47, 0xA2, 0xE8, 0x23, 0x96, 0xC3, 0x43, 0x15, 0xB0, 0x48, 0x9D, 0xB1, 0x77,
    0x5F, 0x4B, 0x8F, 0xA3, 0xCB, 0xDB, 0xF4, 0xF2, 0xC0, 0xBD, 0x25, 0x1A, 0xE6, 0x6C, 0xA8, 0x35,
    0x35, 0x70, 0x87, 0xA4, 0x7B, 0x21, 0x23, 0x23, 0x3C, 0xCC, 0x43, 0x02, 0x09, 0xA6, 0x1E, 0x17,
    0xD5, 0xE1, 0x24, 0x85, 0x2D, 0xA3, 0x96, 0x8E, 0x5A, 0x4B, 0x6B, 0xB6, 0x84, 0xAB, 0x5B, 0xBD,
    0xA4, 0x1E, 0x23, 0x65, 0xCA, 0x2A, 0x2F, 0x7B, 0x00, 0x64, 0x04, 0xCD, 0x85, 0xCD, 0xE2, 0x76,
    0x7B, 0x17, 0xE8, 0xE9, 0xE6, 0x72, 0x64, 0x82, 0x78, 0x8E, 0x44, 0x64, 0x63, 0x5E, 0x44, 0xF2,
    0x12, 0x4F, 0x25, 0x5C, 0x4E, 0xFF, 0x27, 0x3E, 0x5F, 0x9B, 0x55, 0x57, 0x1D, 0x3B, 0xE5, 0xEF,
    0xB8, 0x38, 0x1F, 0x92, 0xC9, 0x78, 0x80, 0xF6, 0x12, 0x1A, 0x95, 0x4C, 0x0A, 0xA9, 0x82, 0x58,
    0x79, 0x05, 0x54, 0x91, 0x6E, 0x38, 0x36, 0x35, 0x58, 0xDC, 0x3A, 0x7B, 0x4C, 0x06, 0x71, 0x2C,
    0x9A, 0x63, 0xCA, 0xDA, 0x0A, 0xDF, 0x40, 0x0B, 0x1E, 0x19, 0x9F, 0x26, 0xBC, 0x8B, 0x79, 0x4D,
    0xC9, 0x33, 0xDA, 0xDB, 0x12, 0x4F, 0xBC, 0x0E, 0x4C, 0x57, 0xF2, 0x1F, 0x3A, 0xF1, 0xD8, 0x0C,
    0x54, 0xC5, 0xAE, 0xEF, 0x9D, 0xA7, 0xF4, 0x57, 0x9F, 0x92, 0x71, 0xE8, 0xA5, 0x41, 0x24, 0x64,
    0x0E, 0xFE, 0xC2, 0xD0, 0x48, 0x98, 0x4D, 0xFE, 0xE3, 0xBD, 0x60, 0xFE, 0x50, 0xF3, 0xB0, 0xA0,
    0xDC, 0x18, 0x5B, 0x1A, 0xD0, 0xDA, 0x86, 0x0E, 0xF2, 0x49, 0x43, 0xA8, 0xC1, 0xBD, 0x0A, 0xDE,
    0xAA, 0xAB, 0x87, 0x67, 0x1C, 0x76, 0x9B, 0xCF, 0xAD, 0xAE, 0x12, 0x2B, 0x13, 0x18, 0x0C, 0x63,
    0x13, 0xC4, 0x88, 0x6D, 0xB8, 0x4B, 0x4C, 0x2B, 0x54, 0x06, 0x83, 0x57, 0xE5, 0xE4, 0xBC, 0x9D,
    0xD2, 0x4A, 0x00, 0xBF, 0x5E, 0xD8, 0x82, 0x86, 0x03, 0xCD, 0x3F, 0x97, 0x74, 0x34, 0x0D, 0xA2,
    0xA0, 0xEC, 0xEB, 0xC5, 0x37, 0x83, 0x6B, 0x37, 0x30, 0x11, 0xC9, 0xE2, 0x03, 0x50, 0xA3, 0x8A,
    0x49, 0x34, 0x10, 0xC8, 0xB0, 0xE7, 0x51, 0x81, 0x44, 0x13, 0x34, 0x34, 0xA7, 0xDB, 0xF0, 0xFC,
    0x41, 0x55, 0x63, 0xAC, 0xCE, 0xC6, 0xF2, 0xFC, 0x20, 0x07, 0x3A, 0xAE, 0x96, 0xCC, 0xF6, 0x6C,
    0x2B, 0xB0, 0x65, 0x36, 0xC5, 0x6C, 0xA6, 0x13, 0x80, 0x14, 0xBC, 0x12, 0xD8, 0x15, 0x3B, 0xA5,
    0xDC, 0xEF, 0x50, 0x56, 0x98, 0x01, 0x08, 0x97, 0x14, 0xF6, 0x57, 0x60, 0x3E, 0xDF, 0x35, 0xFB,
    0x40, 0xC1, 0xA6, 0x00, 0xC7, 0xF0, 0x1C, 0xFA, 0x67, 0xD6, 0x42, 0x49, 0x4B, 0xC8, 0xF1, 0x20,
    0xFC, 0x46, 0x04, 0x7C, 0x5E, 0x6F, 0x3F, 0x0F, 0x2C, 0xF8, 0xF9, 0x63, 0x38, 0x46, 0x04, 0x90,
    0x85, 0x14, 0x9E, 0xAD, 0xB4, 0x2F, 0xDF, 0xAB, 0xCB, 0x80, 0x83, 0xC2, 0x1B, 0x3A, 0xD1, 0x4C,
    0xF4, 0xB3, 0xCB, 0x3A, 0x5B, 0x3D, 0x04, 0xD7, 0x8E, 0x66, 0x7A, 0x63, 0x8A, 0xA1, 0x87, 0x50,
    0x87, 0x8A, 0xF7, 0xF7, 0xC7, 0x11, 0xBD, 0x87, 0x75, 0x21, 0x6C, 0x65, 0x5B, 0xC5, 0x41, 0x42,
    0xF0, 0x82, 0xE2, 0xA5, 0x22, 0x38, 0x25, 0x79, 0x9A, 0x33, 0x89, 0x49, 0x0C, 0x30, 0xAF, 0x0F,
    0x70, 0xFB, 0xCF, 0x70, 0x36, 0x0D, 0xC1, 0x86, 0x00, 0xB8, 0x14, 0x37, 0xA2, 0x1E, 0x5A, 0xCE,
    0x7C, 0x71, 0xD3, 0x3E, 0x64, 0xC9, 0x04, 0xD0, 0x8D, 0xB2, 0xF1, 0xA6, 0x59, 0x04, 0x70, 0x41,
    0x40, 0xCC, 0x5F, 0x64, 0xC4, 0x47, 0x29, 0x92, 0xE0, 0x66, 0x4C, 0x79, 0x01, 0x67, 0xCF, 0x5B,
    0x2D, 0x86, 0x9E, 0x56, 0x59, 0xEF, 0x4D, 0x44, 0xA9, 0xBC, 0x17, 0xBC, 0x65, 0x08, 0xBF, 0x29,
    0xE1, 0x3B, 0xF4, 0x51, 0x45, 0x15, 0x48, 0x21, 0xE8, 0x09, 0x43, 0x91, 0x06, 0x09, 0x65, 0xD5,
    0xE8, 0xD7, 0x1E, 0x8D, 0xD3, 0x54, 0x84, 0x81, 0x30, 0x3B, 0xE6, 0x21, 0x51, 0x27, 0xA0, 0x91,
    0xDC, 0x6E, 0xD2, 0x10, 0xA6, 0xA6, 0x8C, 0x26, 0x13, 0x4D, 0xF8, 0x68, 0xCD, 0xD8, 0x86, 0xB3,
    0x3F, 0xA3, 0xA3, 0x26, 0x0F, 0x9F, 0x69, 0xC6, 0x63, 0x5B, 0x9E, 0x72, 0x6F, 0x32, 0x00, 0xC6,
    0xA0, 0xD0, 0xD8, 0x06, 0x31, 0x6B, 0xC1, 0x0D, 0x8D, 0x1C, 0x3E, 0x46, 0xDA, 0x3C, 0x15, 0x48,
    0x63, 0x0D, 0x91, 0x55, 0x0C, 0x7C, 0x23, 0x66, 0xC1, 0xAB, 0xB5, 0x01, 0x06, 0x24, 0xF0, 0xB6,
    0xD5, 0xBF, 0xE5, 0xF9, 0x0C, 0x6F, 0xD6, 0x6C, 0xB4, 0xC8, 0xB9, 0x65, 0x3B, 0x01, 0xD0, 0x0F,
    0x04, 0x7B, 0x27, 0xAB, 0xE6, 0x97, 0x88, 0x42, 0x49, 0x30, 0x05, 0x64, 0x0D, 0x91, 0xD6, 0x02,
    0x06, 0x75, 0xC3, 0x3C, 0x2B, 0x96, 0x04, 0x84, 0xEC, 0x21, 0xBE, 0xC3, 0xA9, 0xFB, 0x99, 0xFD,
    0xBB, 0xE0, 0x1A, 0x24, 0xC9, 0x26, 0x18, 0x4B, 0xD3, 0xAD, 0x57, 0x53, 0x86, 0x9B, 0xD6, 0x02,
    0xC8, 0x41, 0x84, 0xE5, 0xB6, 0x47, 0x0F, 0x53, 0xD7, 0x4C, 0xB3, 0x6B, 0x2E, 0xC9, 0x5F, 0x17,
    0xAA, 0x70, 0xA7, 0xBD, 0xE4, 0xAD, 0xAF, 0xF2, 0xDD, 0xA4, 0x2F, 0x9D, 0x3E, 0x2C, 0x17, 0x98,
    0xD0, 0x1B, 0xBD, 0x3D, 0x23, 0x24, 0x7B, 0xDF, 0x6A, 0xB9, 0x09, 0xCA, 0xF2, 0x7C, 0x96, 0x26,
    0xAC, 0xD5, 0xCC, 0x8B, 0xCE, 0xA9, 0x7C, 0x26, 0x56, 0x71, 0xC8, 0xE2, 0xD7, 0x1E, 0xD2, 0x77,
    0x85, 0xF5, 0xF8, 0x04, 0x5F, 0x4B, 0xAD, 0xF7, 0xB9, 0x64, 0xB7, 0xCA, 0xCD, 0x64, 0xE8, 0xC0,
    0xBD, 0x99, 0xB5, 0xB7, 0x2A, 0x88, 0xA3, 0x50, 0x1F, 0xD3, 0x9C, 0x2D, 0x74, 0xC5, 0xEC, 0x22,
    0xC0, 0xC0, 0x8F, 0x76, 0xF1, 0x0D, 0x31, 0xE2, 0x7A, 0x30, 0xAD, 0x11, 0xA0, 0x7F, 0xAF, 0x8D,
    0x70, 0x91, 0x47, 0xA8, 0x3C, 0x30, 0x83, 0x39, 0xFC, 0xE4, 0x2B, 0x6F, 0x53, 0x75, 0x28, 0x9D,
    0x85, 0xA4, 0x06, 0x31, 0xB3, 0x63, 0x02, 0x71, 0x22, 0x42, 0xE2, 0xD2, 0x42, 0xF3, 0xDD, 0x71,
    0xBF, 0x36, 0x7B, 0xD6, 0xD7, 0xC2, 0x9B, 0x1E, 0x1E, 0xD6, 0x8B, 0xBE, 0x06, 0x1F, 0x5E, 0x20,
    0x34, 0xC0, 0xE0, 0xCD, 0x06, 0x2A, 0xD6, 0xAE, 0x4B, 0xE3, 0x40, 0x61, 0xE4, 0x31, 0xD5, 0x25,
    0xD5, 0xE3, 0xE2, 0x24, 0x93, 0x7F, 0xD7, 0x0D, 0x7C, 0x41, 0xF0, 0x28, 0x76, 0x98, 0x28, 0x07,
    0x18, 0x10, 0x00, 0x44, 0x06, 0x06, 0xE5, 0xCF, 0xA7, 0xC1, 0xB4, 0x59, 0x91, 0x31, 0x87, 0x9F,
    0xDE, 0xB5, 0x26, 0xF0, 0x91, 0xFB, 0x6F, 0xE5, 0x60, 0x3F, 0xC4, 0x41, 0x12, 0x4C, 0x06, 0x8E,
    0xB3, 0xFB, 0xA7, 0xD4, 0x3B, 0x21, 0x99, 0xAD, 0xCD, 0x85, 0xC0, 0x97, 0x89, 0x01, 0xA2, 0x04,
    0x08, 0xA4, 0x85, 0x82, 0x3B, 0xF7, 0xFD, 0x96, 0xCF, 0x22, 0x80, 0x03, 0xAD, 0xCD, 0xF8, 0xB4,
    0x4E, 0x1E, 0x73, 0xEA, 0xF1, 0xEB, 0xD8, 0x74, 0x13, 0x37, 0xB4, 0xF1, 0xE9, 0xE3, 0xE8, 0xDE,
    0xAA, 0xBF, 0x4F, 0xB8, 0x3A, 0x12, 0x8A, 0x79, 0x61, 0x8D, 0xE3, 0x9D, 0x0E, 0x2D, 0xB4, 0x92,
    0x0F, 0x91, 0x60, 0xF2, 0xED, 0x50, 0x87, 0x90, 0x92, 0x49, 0x2E, 0x80, 0x92, 0xF7, 0x9A, 0x01,
    0x1B, 0x4F, 0xA5, 0x10, 0x7B, 0xA1, 0xEF, 0xFE, 0x7C, 0xFD, 0x3B, 0x7B, 0x3E, 0x68, 0x1E, 0x6B,
    0x61, 0x64, 0xC2, 0x02, 0x7A, 0xCB, 0x43, 0xE0, 0x5C, 0x76, 0xFB, 0xF1, 0x6A, 0x93, 0x18, 0x12,
    0x0F, 0xAE, 0x06, 0xAD, 0x00, 0xEC, 0x86, 0xC3, 0xA4, 0x7F, 0x10, 0x33, 0xF6, 0xAA, 0x3A, 0xC1,
    0xDC, 0x7E, 0xE3, 0x4F, 0xD2, 0xF1, 0x62, 0xA8, 0xFB, 0x65, 0x1B, 0x78, 0x08, 0x36, 0x7D, 0x81,
    0x07, 0x52, 0x67, 0x09, 0xFB, 0xE0, 0xB5, 0x3C, 0x06, 0xC8, 0x07, 0x95, 0x8C, 0x0F, 0x7F, 0xE9,
    0x89, 0xDF, 0x53, 0x0E, 0xA3, 0x57, 0x0F, 0x37, 0xD2, 0x7E, 0x06, 0x3B, 0x0C, 0x9B, 0x90, 0xC2,
    0x43, 0x9C, 0x92, 0xF8, 0x84, 0x2E, 0xB4, 0xA1, 0xD6, 0x06, 0x74, 0x09, 0x94, 0x44, 0xE2, 0xC1,
    0xF2, 0x81, 0x05, 0xE0, 0x08, 0x21, 0xC0, 0x51, 0x48, 0x7C, 0x45, 0x6A, 0xDA, 0x55, 0x4E, 0xC9,
    0xD0, 0xF4, 0x6D, 0x35, 0x02, 0x17, 0x60, 0x47, 0xE4, 0x04, 0x7D, 0x5C, 0x9D, 0x8C, 0x42, 0xB4,
    0x44, 0x4E, 0xD5, 0x99, 0x55, 0x15, 0x44, 0x61, 0x5F, 0x93, 0x98, 0xD6, 0xB2, 0xAA, 0xBD, 0x4E,
    0xEF, 0xC9, 0xF5, 0xE1, 0xC3, 0xB8, 0x32, 0x70, 0xB9, 0x66, 0x59, 0x09, 0x44, 0xA1, 0xA8, 0x49,
    0x18, 0xB4, 0xD0, 0xDB, 0x0E, 0x9E, 0xDF, 0xB8, 0x4E, 0xB0, 0xF4, 0xA6, 0x3D, 0x1C, 0x00, 0x75,
    0x9F, 0xE0, 0x6A, 0xEF, 0x48, 0x6F, 0x0B, 0x21, 0xA5, 0xB5, 0xDC, 0x1E, 0xEB, 0x43, 0x98, 0x71,
    0xFA, 0xA1, 0x4E, 0x05, 0x4D, 0x70, 0xD8, 0x7D, 0x88, 0xC4, 0xE0, 0xBE, 0x0F, 0xB1, 0xDC, 0xA4,
    0x30, 0xBF, 0x1B, 0xFE, 0xB7, 0xD0, 0x3A, 0x0D, 0x8F, 0xA3, 0x01, 0xCF, 0x04, 0xDF, 0x03, 0x45,
    0x40, 0x18, 0xCA, 0x35, 0x1D, 0xA2, 0xD4, 0x9C, 0x40, 0xE2, 0x53, 0x95, 0xC0, 0xEE, 0xBA, 0xC1,
    0xA7, 0x43, 0x08, 0x92, 0x0F, 0x1B, 0x4D, 0x71, 0x1C, 0x74, 0x8D, 0x91, 0x05, 0x54, 0x45, 0x60,
    0xA4, 0x89, 0x19, 0x5E, 0x05, 0xA0, 0x08, 0xD0, 0xE8, 0xED, 0x9D, 0x88, 0x35, 0x17, 0x08, 0x86,
    0xAE, 0x32, 0xC5, 0x83, 0xE2, 0x97, 0x3B, 0x2A, 0x6D, 0x43, 0xD9, 0xEB, 0x72, 0x7D, 0x92, 0x56,
    0xE7, 0xED, 0x0E, 0x61, 0xB1, 0x23, 0xC6, 0xDD, 0xEF, 0x87, 0xEF, 0x2B, 0x8A, 0x71, 0xB7, 0x3D,
    0xB4, 0xF0, 0xBD, 0xA1, 0xFA, 0x02, 0xC0, 0xE4, 0x2A, 0x18, 0x6B, 0x70, 0x61, 0xC0, 0x8B, 0xB3,
    0x2B, 0xB0, 0x1D, 0x9F, 0x41, 0xEB, 0x23, 0x14, 0xF9, 0x5F, 0x59, 0xEE, 0x45, 0x41, 0x06, 0x95,
    0xD7, 0x9A, 0x07, 0xAA, 0x03, 0xC3, 0xE5, 0x1A, 0x7E, 0x55, 0x4A, 0x35, 0x59, 0x21, 0x20, 0xE4,
    0x71, 0x20, 0x69, 0x90, 0x23, 0xEC, 0x23, 0xB4, 0xB1, 0x01, 0xDC, 0x25, 0x11, 0x1A, 0xEC, 0x72,
    0xDF, 0x10, 0xF1, 0x9B, 0x8C, 0xE5, 0x64, 0x7D, 0x22, 0x17, 0x87, 0xCC, 0x08, 0xE0, 0x8F, 0x21,
    0x49, 0xF1, 0xC8, 0xF8, 0x91, 0xE4, 0x1E, 0xF5, 0xD9, 0xF2, 0xF2, 0x4F, 0x2F, 0x90, 0x1F, 0x54,
    0x50, 0x50, 0x52, 0x34, 0x51, 0x10, 0xD2, 0x50, 0x94, 0x34, 0x31, 0x29, 0xC0, 0xF7, 0x77, 0x01,
    0xE3, 0xE6, 0xC9, 0xE1, 0xD7, 0x86, 0x1E, 0x26, 0x15, 0x41, 0xD7, 0xED, 0x9F, 0x0F, 0xC0, 0x5E,
    0xB0, 0xD4, 0x1C, 0xD7, 0xA2, 0x32, 0x3E, 0x40, 0x69, 0x92, 0xF5, 0x21, 0xF6, 0x51, 0x3C, 0x3E,
    0x08, 0x85, 0xD2, 0xB7, 0x12, 0x95, 0x4E, 0x04, 0xE4, 0x54, 0x76, 0x1A, 0xE1, 0xB4, 0xC3, 0x24,
    0x0A, 0x93, 0xED, 0xC0, 0x7B, 0xB6, 0x42, 0x8D, 0x48, 0x1C, 0xFB, 0xEA, 0x8E, 0xB7, 0x80, 0xD0,
    0x0F, 0x8E, 0x01, 0x20, 0x12, 0x01, 0x20, 0x19, 0x21, 0xB2, 0xFF, 0xD6, 0xBD, 0xD1, 0x80, 0x4F,
    0xCD, 0x88, 0x84, 0x93, 0xB5, 0x9E, 0xF0, 0x6D, 0x4A, 0x46, 0x25, 0x1F, 0x3A, 0x65, 0x49, 0x77,
    0xC1, 0x2E, 0xA0, 0x2A, 0x5B, 0x90, 0x79, 0xBC, 0x9C, 0x41, 0x79, 0x11, 0xE2, 0xF3, 0xBF, 0x5D,
    0xFA, 0x5D, 0x96, 0x52, 0x47, 0x23, 0x4E, 0x46, 0xE3, 0x8C, 0x92, 0x04, 0x63, 0x83, 0x87, 0x93,
    0xB8, 0x8F, 0x68, 0xE4, 0x83, 0x82, 0xE6, 0xAA, 0xA8, 0xB7, 0x02, 0xFC, 0x95, 0xDA, 0xE8, 0x4C,
    0x2E, 0xC0, 0x36, 0xF9, 0x5D, 0x7B, 0x20, 0xC2, 0x61, 0x40, 0x84, 0x6B, 0xC8, 0x45, 0x71, 0x20,
    0x32, 0xF4, 0x20, 0x0A, 0x6E, 0xF7, 0x24, 0xBD, 0xE9, 0x65, 0xC4, 0x01, 0x7C, 0x0C, 0x90, 0xBF,
    0xA1, 0xBC, 0x05, 0xEF, 0xED, 0x49, 0x0A, 0xB5, 0x4A, 0x24, 0x0B, 0xD2, 0x08, 0x73, 0xC8, 0xE4,
    0x07, 0x70, 0xFE, 0x85, 0x45, 0x14, 0x44, 0x4C, 0x4C, 0x53, 0x44, 0x55, 0x44, 0x15, 0x57, 0x0C,
    0x77, 0x5A, 0x55, 0x7C, 0xEE, 0xB6, 0x61, 0xDD, 0x29, 0x84, 0x64, 0x64, 0x64, 0x69, 0xD0, 0x4B,
    0x89, 0xE7, 0x00, 0xF7, 0x90, 0xF2, 0xF8, 0x33, 0xF7, 0x2D, 0x9A, 0x04, 0x7E, 0xEF, 0x40, 0x3B,
    0xEE, 0x40, 0x21, 0x91, 0x62, 0x4C, 0xBF, 0x59, 0x69, 0xE2, 0x10, 0x38, 0xBE, 0xB1, 0x27, 0x73,
    0xCF, 0x1D, 0x0E, 0xE8, 0x4D, 0x41, 0xD6, 0x58, 0xA8, 0xF1, 0x83, 0xAE, 0x25, 0xCB, 0x8D, 0xC8,
    0xD9, 0xBB, 0x89, 0x3C, 0x7E, 0x05, 0x47, 0xD2, 0x04, 0xD5, 0x51, 0x54, 0x4D, 0x4E, 0x87, 0xFB,
    0x1F, 0x17, 0x93, 0xEC, 0xF9, 0x81, 0x3D, 0x0F, 0xA9, 0xED, 0x59, 0x18, 0x28, 0x23, 0x92, 0xE4,
    0x8F, 0x71, 0xE7, 0xFB, 0x85, 0xFB, 0xC1, 0x09, 0x95, 0x18, 0xF5, 0x1D, 0x4B, 0x69, 0xBD, 0x72,
    0x0E, 0x1B, 0xA4, 0x9E, 0x0A, 0x48, 0xEC, 0x88, 0xC9, 0x10, 0xE0, 0x02, 0x56, 0x72, 0x2D, 0x1F,
    0xDF, 0x50, 0xA1, 0x04, 0x10, 0x76, 0x15, 0x15, 0x37, 0x48, 0x6F, 0xF5, 0x81, 0x60, 0x32, 0x20,
    0x48, 0x11, 0x20, 0x45, 0x77, 0x28, 0xA4, 0xFB, 0xBE, 0xCB, 0xB4, 0x91, 0x24, 0x4B, 0xDF, 0xF6,
    0x92, 0xC0, 0xE0, 0x06, 0x65, 0xC5, 0x76, 0x02, 0x8F, 0xBB, 0x9A, 0xB5, 0x75, 0xAC, 0x94, 0x0E,
    0x09, 0x97, 0x80, 0x50, 0x16, 0x97, 0x96, 0xA2, 0x11, 0xFA, 0xFB, 0xE7, 0x26, 0x02, 0x57, 0x27,
    0xBA, 0xA0, 0x27, 0x00, 0x27, 0x6B, 0xA8, 0x5B, 0xD4, 0x3C, 0xFE, 0x68, 0x6A, 0x64, 0x03, 0x9D,
    0x1E, 0xFD, 0x80, 0xD7, 0x91, 0x03, 0x14, 0x0F, 0x51, 0x83, 0xEE, 0x91, 0xF6, 0x4F, 0x72, 0x28,
    0xFB, 0x19, 0x85, 0x18, 0xF2, 0xBD, 0x8B, 0xEF, 0x7A, 0xF3, 0xC5, 0xFC, 0x83, 0x18, 0x82, 0x28,
    0xA2, 0x89, 0xC7, 0xED, 0x27, 0xC3, 0xE0, 0xFC, 0xE9, 0x7B, 0x5B, 0x83, 0xEF, 0x1C, 0xF9, 0xC8,
    0x55, 0x14, 0x55, 0x11, 0x14, 0x54, 0x45, 0x34, 0x76, 0x46, 0x48, 0xD0, 0x15, 0x15, 0xE6, 0x2A,
    0x1A, 0x03, 0xE1, 0xF5, 0xF9, 0xA4, 0x92, 0x4E, 0x2D, 0x0D, 0x69, 0xCE, 0x96, 0x02, 0x1D, 0x02,
    0x1E, 0x71, 0xB8, 0x7B, 0x4C, 0x69, 0x8F, 0x83, 0x40, 0x3A, 0xFE, 0x01, 0xE9, 0xF6, 0x8F, 0xB4,
    0x26, 0x0F, 0x63, 0xEC, 0x1F, 0x0F, 0xB7, 0x44, 0x55, 0x55, 0x5B, 0x7D, 0x08, 0xB6, 0xC9, 0xD4,
    0x1F, 0x0A, 0x1A, 0xF8, 0xA1, 0xF1, 0x8F, 0x8C, 0x28, 0x29, 0x1F, 0xAC, 0xF3, 0xAB, 0x21, 0x60,
    0xAC, 0x3E, 0xB2, 0x93, 0xD0, 0x7A, 0xBF, 0x72, 0x5A, 0xFD, 0x4F, 0xA6, 0xCE, 0xA9, 0x8B, 0x0D,
    0x4D, 0x9B, 0x74, 0x4A, 0xCA, 0x4B, 0x34, 0x36, 0xEA, 0x2D, 0xA1, 0xFA, 0x98, 0x2F, 0xE7, 0x91,
    0x8C, 0x92, 0x31, 0x91, 0x7D, 0xA6, 0x07, 0x8B, 0x92, 0x8B, 0xC0, 0x78, 0x18, 0xC7, 0xE8, 0xF1,
    0x81, 0xEA, 0x00, 0x77, 0xC9, 0xDE, 0xDE, 0xB2, 0xC4, 0x8E, 0xF3, 0x11, 0x5E, 0xA1, 0x2C, 0x05,
    0x00, 0x55, 0x58, 0x13, 0xA7, 0xCB, 0x9B, 0xA3, 0xE9, 0xBE, 0x32, 0xDD, 0x95, 0x2E, 0xFA, 0x6A,
    0x8F, 0x2B, 0xDB, 0xDF, 0xC7, 0x83, 0x8E, 0x8D, 0xD6, 0x7B, 0x59, 0xED, 0x6B, 0x35, 0xA6, 0xD6,
    0x7B, 0x5A, 0xCD, 0x69, 0xB5, 0x9E, 0xD5, 0x65, 0x65, 0x6A, 0xAA, 0x98, 0x97, 0xAA, 0x9B, 0x5A,
    0x84, 0x6C, 0xD5, 0xF2, 0x21, 0x24, 0x2F, 0xD8, 0xEF, 0x31, 0x4F, 0x4C, 0x13, 0x21, 0x3D, 0x60,
    0xDD, 0x72, 0x7A, 0x63, 0x0E, 0x2E, 0xFF, 0x6D, 0xCB, 0xA7, 0xCF, 0x03, 0x44, 0xE4, 0x0A, 0x44,
    0xF3, 0x18, 0x9C, 0xBF, 0xD9, 0x5F, 0x39, 0x86, 0xBE, 0x2F, 0xA9, 0xE5, 0x64, 0xA2, 0x42, 0x4B,
    0xA6, 0xD7, 0xEA, 0x3D, 0xBE, 0x40, 0x62, 0x25, 0x4A, 0x2F, 0x9E, 0xCD, 0xFB, 0xE0, 0x87, 0x84,
    0x32, 0x89, 0xB5, 0x0F, 0x9F, 0x60, 0x7B, 0xCA, 0x40, 0xAB, 0x05, 0xF9, 0x43, 0x88, 0x4A, 0x98,
    0x3E, 0xA2, 0x73, 0x31, 0x44, 0x22, 0x64, 0x85, 0x87, 0x68, 0xF2, 0xD0, 0xA9, 0xE1, 0x8A, 0x7E,
    0x68, 0xD4, 0xED, 0xC5, 0x5A, 0xA2, 0xA8, 0xAA, 0x2A, 0x80, 0x0B, 0xEB, 0xCC, 0x73, 0x11, 0x3F,
    0x3D, 0x50, 0x60, 0xFC, 0xAE, 0x46, 0x1D, 0x8B, 0x0A, 0xFB, 0xAF, 0xF7, 0xF2, 0x6A, 0x80, 0xE9,
    0x1F, 0x8C, 0x77, 0xC4, 0xCD, 0xCA, 0xDF, 0x41, 0xAD, 0x21, 0xA0, 0x4F, 0xD9, 0x16, 0x47, 0xE8,
    0xFC, 0xFF, 0xE5, 0xF4, 0xDA, 0xE8, 0x7B, 0x13, 0xF0, 0x61, 0xEF, 0x56, 0x17, 0x49, 0x94, 0xA3,
    0x33, 0x1A, 0xFD, 0xA5, 0xE8, 0x1B, 0xCC, 0x48, 0x03, 0x19, 0xFE, 0xDC, 0x67, 0xE0, 0x60, 0x7C,
    0x7B, 0x62, 0x3E, 0x08, 0xDF, 0xDC, 0xFB, 0x6C, 0xC7, 0xC9, 0xDD, 0xE5, 0x50, 0x74, 0x2F, 0x9B,
    0xFA, 0x9F, 0x3E, 0x3F, 0x5B, 0xB7, 0xE9, 0x0B, 0xF8, 0x1F, 0x33, 0x03, 0xBA, 0x0D, 0xA8, 0x9F,
    0x53, 0xFC, 0x2E, 0x3E, 0x19, 0x7F, 0x26, 0x80, 0xFF, 0x87, 0xAF, 0x29, 0x22, 0x7C, 0xD9, 0xFE,
    0x07, 0xF7, 0xC3, 0xDD, 0x9F, 0x5A, 0x0F, 0xBD, 0x00, 0xF7, 0xBC, 0x9D, 0xC4, 0x7E, 0x41, 0xC9,
    0xC1, 0x3B, 0xAF, 0xB5, 0x6F, 0x34, 0xD7, 0xAE, 0xE5, 0xAA, 0xD7, 0xD5, 0x19, 0x2F, 0xAA, 0x47,
    0x40, 0x3D, 0x9F, 0x5C, 0x1C, 0x16, 0xBF, 0x0F, 0xB3, 0x55, 0x56, 0x1F, 0x58, 0xD6, 0x83, 0x07,
    0x42, 0x0C, 0x1F, 0xAE, 0x15, 0xE6, 0xB8, 0x0F, 0xD8, 0xA9, 0xA5, 0xE8, 0x1F, 0x72, 0x1C, 0x1D,
    0xC2, 0x36, 0xA9, 0x86, 0x30, 0x23, 0x0F, 0xD2, 0xD4, 0xA5, 0x2D, 0x52, 0x94, 0x81, 0xBE, 0x4B,
    0x41, 0x0E, 0x25, 0x55, 0x55, 0x44, 0x51, 0x43, 0x15, 0x7D, 0x46, 0xC6, 0xDB, 0x3E, 0x01, 0xCC,
    0x07, 0x07, 0xAA, 0x19, 0x63, 0x81, 0x19, 0x0E, 0x9B, 0x00, 0xE6, 0x14, 0x45, 0x31, 0x25, 0x41,
    0x0D, 0xD0, 0x3B, 0x0D, 0xC8, 0x36, 0x2F, 0xAB, 0xAE, 0xDC, 0xE6, 0xB8, 0x6A, 0xAB, 0xAC, 0xE0,
    0xD3, 0x04, 0x35, 0x11, 0xF9, 0xC6, 0x2E, 0xFA, 0x89, 0x21, 0x1A, 0x68, 0x18, 0x94, 0x71, 0x83,
    0xB0, 0x96, 0x6C, 0x05, 0xF1, 0x08, 0x69, 0x83, 0x60, 0xE0, 0x6E, 0xF8, 0x66, 0xEE, 0x5C, 0xD9,
    0xAD, 0x3C, 0x7A, 0xB9, 0xC2, 0x6E, 0x3E, 0xBA, 0xFD, 0xA3, 0xD4, 0xB9, 0xF6, 0xED, 0xF5, 0x3A,
    0xB8, 0x27, 0xF1, 0x9A, 0x13, 0xF3, 0xFE, 0x7F, 0x43, 0xD0, 0xEF, 0xAF, 0x56, 0xDE, 0xA7, 0x73,
    0xBD, 0xB4, 0xF5, 0x94, 0xC2, 0x14, 0x60, 0x76, 0x03, 0x27, 0xE6, 0x10, 0xE4, 0x85, 0xAE, 0xED,
    0xA3, 0xC9, 0xCB, 0xB7, 0x72, 0xDF, 0xE5, 0x3C, 0x97, 0x48, 0xAA, 0x6C, 0x26, 0x81, 0x6A, 0xD3,
    0x83, 0x46, 0x76, 0x59, 0xAF, 0xF9, 0xB8, 0x3C, 0xD8, 0xBF, 0x3B, 0xF7, 0xD0, 0xED, 0x3C, 0xA9,
    0xAD, 0xF8, 0x9D, 0x9C, 0x2C, 0xB2, 0x59, 0x89, 0xF7, 0xF7, 0xF7, 0x6C, 0x92, 0xD6, 0x67, 0x84,
    0x19, 0x74, 0xC1, 0xB7, 0xC5, 0x78, 0xF5, 0xC4, 0xD0, 0x3E, 0xEA, 0x98, 0x0B, 0xA1, 0x6F, 0x78,
    0xBA, 0x38, 0x04, 0x04, 0xA0, 0xC3, 0x0C, 0x2A, 0x4E, 0x4C, 0xE4, 0x34, 0x11, 0x14, 0x26, 0x55,
    0x0C, 0xC8, 0x68, 0x3E, 0xFC, 0x8B, 0xFB, 0xE8, 0x6F, 0x06, 0x09, 0x14, 0x33, 0x60, 0x86, 0x84,
    0x4C, 0x3B, 0x07, 0x00, 0x31, 0xA4, 0x34, 0x43, 0xC0, 0x13, 0x0D, 0x8A, 0x5A, 0x12, 0xDB, 0x90,
    0xCC, 0xDC, 0x63, 0x38, 0x1F, 0x66, 0x4D, 0x44, 0xBA, 0xEA, 0xEC, 0x9C, 0xB2, 0x35, 0x52, 0x68,
    0x14, 0x27, 0xE1, 0xD0, 0x7F, 0x5C, 0xC2, 0xBA, 0x00, 0x74, 0xD8, 0x5C, 0xAA, 0x74, 0x0D, 0x94,
    0x83, 0x63, 0x33, 0x6E, 0x29, 0x80, 0x98, 0x9D, 0xB9, 0x45, 0x11, 0x2B, 0xB2, 0xA2, 0x9B, 0x9E,
    0x03, 0xA0, 0xD0, 0x23, 0xA2, 0x88, 0xAA, 0xA4, 0x00, 0x64, 0x84, 0x03, 0x7C, 0x1C, 0x5E, 0xD3,
    0xB4, 0x37, 0x40, 0x32, 0x81, 0xFD, 0x0C, 0x82, 0x35, 0x96, 0xED, 0x6D, 0x92, 0x45, 0x92, 0x11,
    0x38, 0xEA, 0x6E, 0x8A, 0x52, 0x84, 0x43, 0x0A, 0x81, 0xAB, 0x11, 0xE4, 0xC5, 0xC7, 0x03, 0x62,
    0x58, 0x98, 0x00, 0x3A, 0x03, 0x69, 0x79, 0xC1, 0xDD, 0x39, 0x80, 0x48, 0xD0, 0x14, 0x11, 0x22,
    0x4C, 0xCC, 0x10, 0xA4, 0x7D, 0x83, 0x90, 0xFF, 0x7B, 0x79, 0xAA, 0x22, 0x23, 0x97, 0x55, 0x55,
    0x55, 0x55, 0x45, 0x4C, 0x8F, 0xE3, 0x4E, 0x61, 0xA0, 0x0E, 0x13, 0x72, 0x10, 0x88, 0x06, 0x45,
    0x7A, 0x2A, 0x9A, 0xA7, 0x03, 0x02, 0x0F, 0xD9, 0xA1, 0x91, 0xB8, 0x57, 0x2C, 0xCB, 0x33, 0x32,
    0x70, 0xC9, 0x13, 0x98, 0x07, 0x30, 0xE4, 0x3B, 0x81, 0xB0, 0xB8, 0x11, 0x24, 0x29, 0xA2, 0xE5,
    0x07, 0xC6, 0x75, 0x20, 0x61, 0x5D, 0xC7, 0xD8, 0x1D, 0x56, 0xC4, 0x3C, 0xC1, 0x22, 0x01, 0xB8,
    0x68, 0x5E, 0x14, 0xD3, 0x21, 0xD4, 0x7D, 0xA6, 0xF3, 0x2A, 0x8A, 0x6C, 0xDF, 0x32, 0x70, 0x33,
    0x18, 0xB0, 0xED, 0x42, 0x99, 0x18, 0x74, 0x18, 0xAE, 0xA9, 0xE6, 0xA9, 0x94, 0x0D, 0x86, 0xC5,
    0x74, 0x79, 0x14, 0x81, 0xA8, 0xA8, 0x40, 0x40, 0xC3, 0x43, 0x1C, 0xA1, 0x34, 0x37, 0xCC, 0x8B,
    0xB9, 0xC1, 0x21, 0x19, 0x03, 0x25, 0x08, 0x66, 0xAA, 0x26, 0xD2, 0xAB, 0x4A, 0x80, 0x52, 0x2E,
    0xC5, 0x77, 0xC6, 0x66, 0x38, 0x65, 0x48, 0x9A, 0x19, 0x05, 0xEA, 0xA8, 0x8A, 0xA8, 0x36, 0x10,
    0x17, 0x14, 0xC0, 0x05, 0x6E, 0xA6, 0x88, 0x1E, 0x02, 0x4D, 0x0B, 0x81, 0x8A, 0x19, 0x02, 0x50,
    0xA5, 0x29, 0x90, 0x48, 0x7E, 0x1B, 0xF5, 0x9C, 0xFC, 0xC7, 0xE9, 0x02, 0x0E, 0xEB, 0xB0, 0x27,
    0xF8, 0x93, 0xF4, 0xCF, 0x6F, 0x63, 0x08, 0x4D, 0xEF, 0x32, 0x5E, 0x14, 0xD3, 0x51, 0x31, 0xC4,
    0xB4, 0xF1, 0x0A, 0x12, 0x31, 0x64, 0xB8, 0x95, 0x72, 0x06, 0x81, 0x95, 0xAC, 0x83, 0xD6, 0xB2,
    0x7A, 0x1B, 0x19, 0x42, 0x81, 0x03, 0x78, 0x40, 0x31, 0xAF, 0xE3, 0xC1, 0x50, 0x35, 0x49, 0x43,
    0x00, 0x98, 0xD0, 0xBE, 0x5C, 0x74, 0xDD, 0xDA, 0x72, 0xBD, 0x32, 0xDA, 0x5F, 0x6A, 0x1C, 0x43,
    0xDB, 0x28, 0x0E, 0x44, 0x52, 0xE1, 0xC9, 0xDB, 0x8F, 0xA8, 0xDD, 0x00, 0x81, 0x20, 0xC8, 0x91,
    0x86, 0x91, 0x69, 0x95, 0x50, 0xE4, 0xF0, 0x76, 0x07, 0xC0, 0x41, 0x18, 0x70, 0xFC, 0x10, 0xC9,
    0x44, 0x45, 0x2B, 0xC4, 0x38, 0x39, 0xAF, 0x6E, 0x7D, 0x2C, 0xF8, 0xEF, 0x29, 0x42, 0xCF, 0x0E,
    0x36, 0x0D, 0x2D, 0xF1, 0x51, 0x95, 0xCC, 0x0C, 0x40, 0x75, 0x23, 0x5D, 0x3B, 0x2C, 0x15, 0xC0,
    0x15, 0x1A, 0xB2, 0x40, 0x7B, 0x54, 0x17, 0x45, 0x83, 0x71, 0x12, 0x04, 0x38, 0x8C, 0x06, 0xAE,
    0x7C, 0xD0, 0x29, 0x30, 0xE8, 0xAE, 0x32, 0xD4, 0x44, 0xD8, 0x52, 0x35, 0xD0, 0x6D, 0x40, 0x86,
    0x53, 0x5E, 0xC1, 0x99, 0x8D, 0xC1, 0x57, 0x7D, 0x9D, 0x94, 0x6E, 0x35, 0x0A, 0x0E, 0x7B, 0xA3,
    0x04, 0x45, 0x80, 0x63, 0x0D, 0x6C, 0x54, 0x45, 0x15, 0x44, 0x54, 0x40, 0x99, 0x36, 0x62, 0x87,
    0x52, 0x3F, 0x61, 0x56, 0x14, 0xF0, 0x35, 0x9F, 0xB0, 0x47, 0x67, 0xE3, 0xE0, 0x53, 0xBD, 0x70,
    0x64, 0xFB, 0x09, 0x99, 0x9E, 0x00, 0x6E, 0x2E, 0xD8, 0x7F, 0xC3, 0xCB, 0x93, 0x0D, 0xE8, 0xD2,
    0x89, 0x59, 0xF4, 0x82, 0xC8, 0x87, 0xD0, 0x8C, 0x43, 0xB6, 0xBB, 0x21, 0x6E, 0x20, 0x7B, 0x11,
    0x50, 0x39, 0xA2, 0x3B, 0xA3, 0xE9, 0x21, 0x1F, 0x51, 0x05, 0x28, 0x80, 0x68, 0x2D, 0xFE, 0x04,
    0xF7, 0xF7, 0x3E, 0x84, 0x24, 0x46, 0x94, 0x12, 0x1B, 0xD4, 0x7A, 0x4F, 0x5D, 0xE0, 0x89, 0xCC,
    0xCA, 0xC1, 0x83, 0x44, 0x86, 0x0F, 0x3F, 0x53, 0xDB, 0xD9, 0xC9, 0x01, 0x3A, 0xF2, 0x41, 0xDC,
    0x42, 0x67, 0x90, 0x3C, 0x4D, 0x18, 0x8E, 0x65, 0xD1, 0x3B, 0xE9, 0x77, 0x2D, 0x0C, 0x47, 0x15,
    0x00, 0xF8, 0xE0, 0x57, 0xDB, 0x47, 0xDE, 0x08, 0x08, 0x20, 0x5C, 0x51, 0xE9, 0x00, 0xE1, 0xB9,
    0xC8, 0x7E, 0x8C, 0x90, 0xB3, 0x90, 0x74, 0xBF, 0x97, 0x4D, 0x0A, 0x28, 0xC0, 0x6A, 0x07, 0x1C,
    0x88, 0x1D, 0x80, 0x15, 0xC2, 0x8B, 0x68, 0xC0, 0xD2, 0x71, 0xC9, 0xE8, 0x6E, 0x3C, 0xCD, 0x48,
    0xB4, 0x98, 0x21, 0xC5, 0xAC, 0xE0, 0xE6, 0xAF, 0xB2, 0x48, 0x58, 0xD0, 0x0E, 0x5D, 0x36, 0x3D,
    0x36, 0x28, 0xF0, 0xF8, 0xF1, 0xBE, 0x27, 0x2E, 0xC3, 0xAB, 0x91, 0xDF, 0xA2, 0x31, 0x23, 0xE3,
    0x02, 0x99, 0x18, 0x9B, 0xF5, 0x2C, 0x71, 0x0C, 0x46, 0x55, 0x06, 0x21, 0x08, 0x0F, 0xB9, 0xF3,
    0x50, 0xE2, 0x80, 0xFE, 0xAD, 0x26, 0x99, 0x03, 0x58, 0x1C, 0x38, 0x7A, 0x73, 0x0F, 0x9A, 0xB7,
    0x72, 0x13, 0xE4, 0xD5, 0x35, 0x3E, 0x09, 0xCA, 0x58, 0x53, 0x44, 0x6D, 0xA4, 0xA2, 0x46, 0x69,
    0x46, 0xD9, 0x99, 0x98, 0x14, 0x66, 0xB5, 0xA3, 0x15, 0x89, 0x57, 0x12, 0x86, 0x32, 0x41, 0x13,
    0x24, 0x02, 0x22, 0xB9, 0x18, 0x8A, 0x50, 0xBE, 0x2A, 0x9E, 0x83, 0xC4, 0xDB, 0xE4, 0xAF, 0x1E,
    0xB5, 0x8F, 0x22, 0x8A, 0x86, 0x48, 0x8D, 0x98, 0xCC, 0xAB, 0x69, 0xC9, 0x46, 0xE7, 0x2A, 0x4C,
    0xE6, 0x05, 0x90, 0x87, 0xAE, 0x1A, 0x82, 0x00, 0x9A, 0x87, 0xB5, 0x72, 0xB2, 0xFE, 0xF7, 0x3D,
    0xEB, 0x7B, 0xBA, 0x92, 0x02, 0x12, 0xF3, 0x4D, 0xC4, 0x27, 0x27, 0x8D, 0xB5, 0xB1, 0x94, 0x93,
    0x30, 0x81, 0xD7, 0xB1, 0x84, 0x97, 0xD4, 0xCB, 0x4E, 0xC4, 0x06, 0x48, 0xA0, 0x5D, 0x02, 0xE1,
    0x4B, 0x67, 0x11, 0x98, 0x66, 0x19, 0xFA, 0xAD, 0x41, 0x50, 0xCA, 0xE9, 0xB3, 0x8E, 0x76, 0xAB,
    0x82, 0x7D, 0xC0, 0x0F, 0x60, 0x16, 0xF1, 0xA1, 0x2F, 0x00, 0x98, 0x1B, 0xD0, 0x06, 0xE1, 0xEA,
    0x3B, 0xE0, 0x6D, 0xB9, 0x07, 0x3A, 0x42, 0x1E, 0x03, 0x8A, 0x90, 0x2C, 0x07, 0x09, 0x88, 0x31,
    0x6A, 0x5F, 0x17, 0x47, 0xDF, 0x81, 0xF8, 0x18, 0x04, 0x16, 0x30, 0x7E, 0x58, 0x91, 0xB8, 0x00,
    0x18, 0x71, 0x11, 0xC3, 0x14, 0x0F, 0x63, 0x45, 0x10, 0xC6, 0x81, 0xBF, 0x6A, 0x12, 0x48, 0x3C,
    0xF3, 0xF5, 0xF2, 0x13, 0x03, 0x05, 0x48, 0xFF, 0xBE, 0x90, 0xA0, 0x20, 0x21, 0xBA, 0xF5, 0x6C,
    0x89, 0x08, 0x92, 0x41, 0xEC, 0x40, 0xC1, 0x53, 0x9F, 0x34, 0x39, 0x86, 0x97, 0x94, 0xC9, 0xC0,
    0x62, 0x7B, 0xA5, 0x02, 0x41, 0xF5, 0xED, 0x89, 0xD6, 0xC6, 0x0D, 0x25, 0x21, 0xCB, 0x04, 0x93,
    0xF7, 0x53, 0xEF, 0x3E, 0xE1, 0x05, 0x7D, 0x3F, 0x0F, 0xA5, 0x03, 0x80, 0xDA, 0x07, 0x58, 0x0D,
    0x48, 0x76, 0xA0, 0x4D, 0x3F, 0x26, 0xF0, 0x97, 0x60, 0x97, 0x4A, 0x19, 0x10, 0xE5, 0x08, 0x83,
    0x91, 0x99, 0x20, 0xAE, 0x48, 0x8B, 0x02, 0xAF, 0xFD, 0xFB, 0xC9, 0x23, 0x9A, 0x0E, 0x48, 0x54,
    0x50, 0x28, 0x90, 0xA1, 0x20, 0x3D, 0xFE, 0xF4, 0xC3, 0x23, 0xB8, 0x0F, 0x35, 0xD4, 0x8A, 0x3B,
    0x0F, 0xC6, 0xA1, 0x86, 0xF5, 0xCA, 0x44, 0x42, 0x6C, 0x3E, 0x27, 0x83, 0x97, 0x81, 0x3A, 0x74,
    0xD6, 0xEE, 0x99, 0x06, 0x90, 0x2A, 0x0D, 0xAD, 0x52, 0xB4, 0x51, 0x43, 0x3E, 0xE3, 0x6E, 0x9A,
    0x27, 0x86, 0x26, 0xC5, 0xEA, 0x43, 0x6C, 0x39, 0x85, 0xFC, 0x4E, 0x13, 0xCC, 0xBD, 0x24, 0x98,
    0x69, 0x82, 0x3B, 0xC2, 0xCF, 0x98, 0xE4, 0x16, 0xEB, 0x46, 0x5E, 0xB0, 0xEB, 0x97, 0x23, 0x92,
    0x1D, 0xCE, 0x40, 0x74, 0x40, 0x19, 0x21, 0x54, 0x20, 0x43, 0x84, 0xF5, 0x8F, 0x8A, 0x64, 0x04,
    0x96, 0x3A, 0xAC, 0x03, 0xE8, 0x06, 0x26, 0x72, 0x78, 0x88, 0x78, 0x06, 0x11, 0x91, 0x9F, 0xA2,
    0x25, 0x41, 0x24, 0x63, 0x22, 0xF3, 0xD1, 0x4B, 0xAE, 0x73, 0x1D, 0xD0, 0xC8, 0x12, 0xCE, 0x64,
    0x03, 0x4F, 0xC0, 0x14, 0x05, 0x9C, 0x70, 0x14, 0xC2, 0xF4, 0x5D, 0x42, 0x8C, 0xC2, 0x21, 0xF3,
    0xB3, 0x98, 0x8B, 0x86, 0x34, 0x14, 0x8C, 0x42, 0x47, 0x41, 0x8A, 0x18, 0x48, 0x85, 0xD0, 0x9E,
    0x02, 0x59, 0xA8, 0x69, 0x1D, 0x6E, 0xE2, 0xF8, 0x87, 0x3F, 0x6A, 0x3A, 0xA3, 0xB5, 0xDC, 0x4C,
    0x64, 0x2E, 0x34, 0x32, 0x24, 0xEE, 0x68, 0x74, 0xA6, 0x84, 0x1C, 0x15, 0x96, 0x28, 0x17, 0x80,
    0x93, 0x21, 0x28, 0x61, 0x08, 0xC5, 0xAC, 0x3A, 0x06, 0xD0, 0x02, 0x6D, 0xA2, 0xF6, 0xE0, 0x47,
    0x0D, 0x87, 0xB4, 0x3A, 0x83, 0xC0, 0x77, 0xC2, 0xE4, 0x7A, 0xAB, 0xD9, 0x81, 0x95, 0x51, 0xA1,
    0xAA, 0xAA, 0xE7, 0x18, 0xF1, 0x6D, 0x56, 0xA4, 0xA0, 0x2C, 0xC7, 0x08, 0xDB, 0x10, 0xC2, 0xAE,
    0xA5, 0xDB, 0x40, 0x6D, 0x6C, 0x87, 0xB8, 0xD9, 0x4C, 0x6D, 0x21, 0x81, 0x07, 0xF4, 0x0C, 0xC8,
    0x4E, 0x2C, 0xA4, 0x4D, 0xAC, 0xA6, 0x16, 0x09, 0xD3, 0xC6, 0x82, 0x0D, 0x06, 0x21, 0x2D, 0x53,
    0x50, 0x90, 0xC0, 0xC2, 0x18, 0x42, 0x9A, 0xD6, 0xC4, 0x6C, 0x4C, 0xF2, 0xDE, 0xB1, 0x31, 0x4C,
    0x24, 0x84, 0xD1, 0x4B, 0xB3, 0x06, 0x6D, 0x6A, 0x73, 0x33, 0x20, 0x4C, 0xD2, 0x86, 0x23, 0x00,
    0x48, 0xCE, 0x18, 0xBD, 0x9B, 0x3E, 0xB2, 0x0D, 0x71, 0x51, 0x13, 0x35, 0x80, 0x71, 0x13, 0x0C,
    0x30, 0x9C, 0x5D, 0x9B, 0x20, 0x61, 0x00, 0xE4, 0xC0, 0x0A, 0x01, 0xA8, 0xA4, 0x60, 0xB1, 0x42,
    0xE9, 0x42, 0xF3, 0x80, 0xC1, 0x17, 0x03, 0x81, 0x50, 0x84, 0x68, 0x6E, 0xCD, 0x13, 0x99, 0x3B,
    0xAB, 0xF6, 0x7E, 0xE9, 0xC0, 0xD0, 0xF7, 0x8F, 0x67, 0x42, 0x22, 0x32, 0x45, 0xE4, 0xA7, 0x24,
    0x08, 0x3D, 0x31, 0xD2, 0x4E, 0x3A, 0xCD, 0x91, 0x20, 0x0B, 0x6E, 0x97, 0xB4, 0xA0, 0x23, 0x42,
    0x5A, 0x26, 0x63, 0x02, 0x0D, 0x18, 0x86, 0xBB, 0x85, 0xD0, 0x78, 0x1F, 0x08, 0x68, 0x04, 0x69,
    0xA0, 0x08, 0x1A, 0x67, 0x08, 0x1C, 0xC0, 0xB8, 0xA8, 0x59, 0xCF, 0x50, 0xA0, 0x7D, 0xB3, 0x64,
    0x40, 0xEC, 0xF4, 0xE4, 0xCD, 0xB0, 0x8A, 0x19, 0x0A, 0xDE, 0xD4, 0xF3, 0xD1, 0xA0, 0x23, 0xE7,
    0x45, 0x24, 0x6A, 0xF4, 0x89, 0x68, 0x83, 0x7A, 0xA9, 0x10, 0x5D, 0x99, 0x4F, 0x96, 0xCB, 0x62,
    0x73, 0x4E, 0x4E, 0x6C, 0x8C, 0x00, 0xC8, 0x80, 0x39, 0x80, 0xB9, 0x32, 0x1A, 0x84, 0x08, 0xBB,
    0xDC, 0x60, 0x30, 0x32, 0xFB, 0x58, 0xA4, 0x57, 0x5D, 0x78, 0x8D, 0x50, 0x50, 0xE6, 0x89, 0x4D,
    0xB4, 0xDC, 0xCD, 0x67, 0x52, 0x82, 0x89, 0x3A, 0xF6, 0x93, 0xE9, 0x25, 0x34, 0x05, 0x46, 0x65,
    0x82, 0x5F, 0xDA, 0xFE, 0xDA, 0x19, 0x2C, 0x81, 0x19, 0x0C, 0xB0, 0x31, 0x85, 0xB2, 0xA6, 0x68,
    0x2F, 0x6C, 0x59, 0x93, 0xA2, 0x79, 0x87, 0xDC, 0x59, 0x52, 0xAB, 0xDA, 0x72, 0x1D, 0x43, 0xEB,
    0x11, 0xF7, 0x1B, 0x3E, 0x2F, 0x03, 0xAD, 0xC6, 0x35, 0x3A, 0x2D, 0x43, 0x10, 0x9F, 0x76, 0x34,
    0xEA, 0x07, 0x4D, 0xD8, 0x61, 0x61, 0x98, 0x4C, 0x68, 0xC3, 0x9A, 0x4D, 0xC2, 0x74, 0xF7, 0x8F,
    0xE2, 0x3F, 0x1C, 0x9E, 0xC9, 0x96, 0x47, 0x73, 0xE0, 0xC9, 0x2A, 0x41, 0xBD, 0x85, 0x44, 0x62,
    0x46, 0x97, 0x16, 0x69, 0x04, 0xEB, 0xBD, 0x6F, 0x7C, 0x16, 0xF3, 0xD8, 0xA4, 0xDB, 0x5A, 0x83,
    0x02, 0xD2, 0xED, 0xD3, 0x0B, 0x52, 0x90, 0xE3, 0x15, 0xC5, 0x3B, 0xDD, 0x11, 0x9B, 0x58, 0xBA,
    0xDE, 0x39, 0xE2, 0xAA, 0x78, 0xC0, 0xF0, 0x14, 0x28, 0x87, 0x68, 0xDD, 0xE1, 0x1E, 0xC3, 0x88,
    0x6D, 0xF9, 0x6A, 0x12, 0xB6, 0x54, 0x86, 0x2C, 0x14, 0xEB, 0x91, 0xB1, 0x20, 0x09, 0x24, 0x92,
    0x49, 0x24, 0x93, 0x24, 0xD0, 0x14, 0x15, 0x48, 0xD5, 0x51, 0x55, 0x54, 0x09, 0xB7, 0x1D, 0xD0,
    0x70, 0xCF, 0x49, 0xEE, 0x4C, 0x3C, 0x07, 0xD1, 0xC3, 0x5D, 0x01, 0x42, 0x60, 0x56, 0xE2, 0xC7,
    0x25, 0xC9, 0x36, 0x46, 0xE4, 0x1B, 0x9C, 0x6F, 0xC6, 0xCD, 0x95, 0x81, 0xDD, 0xD5, 0xCE, 0xC7,
    0x0F, 0x32, 0xB5, 0x8F, 0x58, 0x6B, 0x71, 0x24, 0x04, 0xE0, 0x20, 0xF5, 0x22, 0x13, 0x01, 0x54,
    0x44, 0x42, 0x76, 0x64, 0xDA, 0xBF, 0x5D, 0xA6, 0x84, 0x61, 0x72, 0x82, 0xF3, 0xBE, 0xCF, 0x60,
    0x6E, 0x11, 0xB2, 0x16, 0x14, 0x72, 0xB1, 0x38, 0xBF, 0x4A, 0xAD, 0x5A, 0xFA, 0x0B, 0x58, 0xBE,
    0x47, 0xAB, 0x73, 0xE8, 0xCE, 0xAB, 0x7E, 0x98, 0x75, 0x63, 0x73, 0x77, 0x10, 0x42, 0x61, 0x07,
    0x19, 0xC0, 0x39, 0x93, 0x50, 0xAD, 0x66, 0x39, 0x9C, 0xB2, 0xA6, 0xB8, 0xAD, 0x8C, 0x99, 0x41,
    0xE7, 0x10, 0x03, 0x58, 0xA2, 0x1D, 0xC8, 0x80, 0x27, 0x44, 0xDA, 0xEA, 0x4D, 0x42, 0x32, 0xC0,
    0x22, 0xF2, 0x4E, 0x92, 0x83, 0xB3, 0x59, 0x6C, 0x72, 0x12, 0xD2, 0x4B, 0x1E, 0x82, 0x5A, 0xD1,
    0xA2, 0x59, 0x51, 0x8B, 0xCA, 0x62, 0x3D, 0xA2, 0x19, 0x01, 0x4C, 0x90, 0x1D, 0x22, 0x81, 0x69,
    0x8C, 0x73, 0xB0, 0x1A, 0x1C, 0xE4, 0x15, 0xB4, 0x37, 0x28, 0x39, 0xE5, 0x74, 0xD8, 0xD0, 0x73,
    0x9C, 0xE8, 0xE0, 0x33, 0xBE, 0x65, 0xB8, 0x62, 0x0F, 0x06, 0x85, 0x23, 0xCA, 0xE8, 0x0B, 0x47,
    0x00, 0x04, 0xA1, 0x40, 0xD5, 0x80, 0xC3, 0xEC, 0xAA, 0xF9, 0x6A, 0x6A, 0x07, 0x06, 0x2D, 0x8D,
    0x6F, 0x8D, 0x5E, 0xE6, 0x53, 0x24, 0x48, 0xC6, 0x37, 0xDD, 0xF2, 0xDB, 0x26, 0xA8, 0x5B, 0x44,
    0x99, 0x87, 0xDF, 0x30, 0xA1, 0x82, 0xE3, 0x98, 0x2E, 0x26, 0x35, 0x76, 0xCD, 0x99, 0x24, 0x92,
    0x66, 0x2C, 0x02, 0x6F, 0xE0, 0xFE, 0x32, 0x27, 0x21, 0x37, 0x27, 0x44, 0x4C, 0xA7, 0x14, 0x6E,
    0x64, 0xFA, 0xD3, 0xB0, 0x23, 0xA0, 0x71, 0x02, 0x02, 0xDA, 0xA9, 0x06, 0x25, 0x00, 0x91, 0x0C,
    0xB6, 0x22, 0x67, 0x04, 0x43, 0x0A, 0xA1, 0x48, 0x71, 0x48, 0x50, 0x18, 0x0C, 0xA9, 0x68, 0xF5,
    0xAB, 0xC0, 0xF6, 0x1D, 0xD0, 0xA1, 0xE0, 0x69, 0x0A, 0xFC, 0x48, 0x19, 0xDD, 0x02, 0xC0, 0x18,
    0x10, 0x37, 0xEE, 0x11, 0x21, 0x48, 0x3B, 0x26, 0x14, 0xA4, 0x28, 0x6D, 0xA7, 0x02, 0x46, 0x0E,
    0x03, 0x08, 0xF7, 0xCF, 0xA8, 0x68, 0xF0, 0x11, 0x24, 0x1F, 0x12, 0x3A, 0x84, 0x8C, 0x01, 0xFD,
    0x2F, 0x61, 0xD4, 0xF0, 0xC8, 0x6A, 0x4A, 0x2B, 0x87, 0x5D, 0x26, 0x6D, 0x10, 0x03, 0xC4, 0x9A,
    0x8A, 0x1E, 0x14, 0x78, 0x76, 0x2E, 0x6A, 0x5C, 0xD2, 0xE1, 0xEE, 0xC1, 0x90, 0x17, 0xA9, 0xA6,
    0x6D, 0xE8, 0xA1, 0x5F, 0x6A, 0x43, 0xA2, 0x84, 0x0F, 0xED, 0x84, 0x10, 0xDC, 0x9C, 0x07, 0xDE,
    0x0C, 0xC2, 0x15, 0x5C, 0x69, 0xE9, 0xEF, 0x77, 0x9B, 0x9E, 0xD3, 0xBC, 0x8F, 0x6B, 0x83, 0x88,
    0xB4, 0x6C, 0x5F, 0x24, 0x29, 0x64, 0xB1, 0xCC, 0xE4, 0x88, 0x36, 0x32, 0x17, 0x9B, 0x97, 0xBB,
    0xAC, 0x0C, 0x61, 0x51, 0x69, 0xAF, 0x4E, 0xAE, 0x16, 0xB3, 0x55, 0x49, 0x7D, 0xAD, 0x53, 0xE2,
    0x43, 0x34, 0xDD, 0xB5, 0x0E, 0x5C, 0x57, 0xE0, 0xF0, 0x7A, 0xBB, 0xBC, 0xB6, 0x5E, 0x2E, 0x99,
    0x90, 0x10, 0x94, 0x42, 0x0D, 0x96, 0x4C, 0x4E, 0xFC, 0x31, 0x87, 0xEF, 0x77, 0xAD, 0xCE, 0x46,
    0x5D, 0x30, 0x91, 0xE6, 0x02, 0x6E, 0x04, 0x0C, 0xF3, 0x38, 0x45, 0x85, 0x80, 0x5C, 0x40, 0x4D,
    0x17, 0x6E, 0xF7, 0x87, 0xF2, 0xF3, 0xB8, 0x64, 0x6C, 0x49, 0x91, 0xB9, 0xF7, 0x48, 0x07, 0x38,
    0x5E, 0x10, 0x1F, 0xA3, 0x4A, 0x1E, 0x00, 0x17, 0x2A, 0xA0, 0x83, 0x10, 0x14, 0x62, 0xFB, 0x44,
    0xEC, 0x6F, 0xC9, 0x0F, 0x23, 0x02, 0x01, 0x91, 0x21, 0xEE, 0x38, 0xF7, 0xC5, 0x20, 0x8A, 0x06,
    0x96, 0x52, 0x42, 0x84, 0x13, 0x67, 0x4F, 0xB5, 0xC8, 0x84, 0xAF, 0x51, 0x22, 0x2F, 0x6C, 0x80,
    0x1D, 0x5C, 0xC3, 0xA2, 0x87, 0x1F, 0xA2, 0x30, 0x2B, 0xC0, 0x89, 0x99, 0x92, 0xA9, 0xAA, 0x00,
    0x96, 0x17, 0x0D, 0xD8, 0xCD, 0x8C, 0x18, 0xD2, 0x3A, 0x1C, 0xE3, 0xEE, 0x4E, 0x1B, 0x32, 0x45,
    0x2F, 0x46, 0x89, 0x92, 0xFD, 0x44, 0x81, 0x9F, 0x3A, 0x46, 0x6D, 0x21, 0x0E, 0x8A, 0x52, 0xEF,
    0x87, 0x5F, 0x36, 0xBE, 0xCC, 0xC3, 0x62, 0x9B, 0x97, 0xC4, 0xA9, 0xF1, 0xA7, 0xD1, 0x24, 0x0B,
    0x2E, 0x14, 0x22, 0x41, 0x07, 0xC3, 0xA6, 0xCF, 0xA0, 0xB0, 0xF3, 0x11, 0x0B, 0xEE, 0x9A, 0x82,
    0xFD, 0x39, 0xFA, 0x93, 0xD5, 0x13, 0xB0, 0x21, 0x45, 0x11, 0x50, 0x78, 0x13, 0x7C, 0xE7, 0x4E,
    0x62, 0x23, 0x91, 0x36, 0x85, 0x42, 0xA3, 0x54, 0xDC, 0xB5, 0x30, 0x80, 0x42, 0x25, 0xED, 0x63,
    0x9A, 0xA8, 0x17, 0xDB, 0x85, 0x8A, 0x22, 0x60, 0xD1, 0xD4, 0xA1, 0xA0, 0x84, 0xD2, 0xED, 0x3D,
    0xC1, 0x46, 0xB0, 0x0F, 0x53, 0x90, 0x25, 0x08, 0x41, 0x0F, 0xA3, 0x5C, 0xA7, 0x05, 0x25, 0xA9,
    0x15, 0x1E, 0xCB, 0x12, 0x33, 0x98, 0x1E, 0x7D, 0xEC, 0x09, 0xB3, 0x1C, 0x13, 0xB2, 0x29, 0xDE,
    0xDA, 0xC0, 0xBA, 0x4E, 0x98, 0x87, 0x59, 0x05, 0x93, 0x4D, 0x51, 0xE6, 0x54, 0x91, 0x55, 0x0A,
    0x9C, 0x91, 0xC7, 0x8B, 0x0E, 0xE0, 0x9A, 0xEE, 0xC7, 0xB5, 0x8D, 0x10, 0xE1, 0x53, 0x17, 0x8B,
    0x1E, 0x16, 0x53, 0xAC, 0x90, 0xD9, 0xD0, 0x0A, 0x03, 0x60, 0x32, 0x78, 0x96, 0xD8, 0x5D, 0x24,
    0x48, 0x98, 0x34, 0x87, 0x2B, 0x64, 0x97, 0xEF, 0xBC, 0x60, 0xAC, 0xD8, 0x6E, 0x50, 0x96, 0x3A,
    0x88, 0x50, 0x72, 0xA4, 0x2D, 0x58, 0x85, 0x8D, 0x27, 0x02, 0xF0, 0x87, 0x66, 0x9D, 0xA4, 0x25,
    0x81, 0x34, 0x04, 0x83, 0x8A, 0xCC, 0x02, 0x46, 0x01, 0x24, 0x03, 0x81, 0x1E, 0x9D, 0x64, 0x30,
    0x0C, 0x5D, 0xA8, 0x69, 0x66, 0x92, 0xD2, 0x3A, 0xBC, 0xC9, 0xAF, 0xDC, 0xF8, 0xB3, 0x54, 0x81,
    0x80, 0xF6, 0x0C, 0x72, 0x1F, 0xAE, 0x9F, 0xA2, 0x2F, 0x23, 0xA4, 0x4F, 0x47, 0x88, 0x1F, 0x0D,
    0x50, 0x37, 0x0B, 0x00, 0x86, 0xE0, 0x3E, 0x86, 0x43, 0xF5, 0x48, 0x1C, 0xC6, 0x14, 0x05, 0xE2,
    0x48, 0xC0, 0x84, 0x83, 0x4B, 0xC1, 0x4B, 0xBC, 0x6B, 0xE4, 0xCB, 0xBE, 0xEB, 0x09, 0xA0, 0x84,
    0x41, 0x6F, 0xD9, 0xB5, 0x55, 0x9D, 0x93, 0x63, 0x8A, 0x92, 0x61, 0x38, 0x78, 0x63, 0xAA, 0x38,
    0x2F, 0x2A, 0x36, 0xBB, 0x43, 0xD5, 0xDB, 0x55, 0x51, 0xF6, 0x3F, 0xA7, 0x79, 0xD1, 0xAC, 0x1E,
    0x7C, 0xF4, 0xC4, 0x66, 0xEE, 0x29, 0x0B, 0xE3, 0x1E, 0x8B, 0x42, 0x2B, 0x1C, 0xC2, 0xFC, 0x41,
    0x8B, 0x0F, 0xEE, 0x19, 0x39, 0xBF, 0x6A, 0x2C, 0x06, 0x04, 0x3E, 0x24, 0xE8, 0x25, 0x75, 0x50,
    0x41, 0x1E, 0xEE, 0x0C, 0x21, 0x38, 0xF9, 0x0B, 0x76, 0xDA, 0x11, 0xB4, 0xFB, 0xCE, 0x80, 0xD3,
    0xB0, 0x47, 0x51, 0xB8, 0x39, 0xE9, 0xC9, 0x52, 0x02, 0x0E, 0x8F, 0x85, 0x3C, 0xB4, 0x27, 0x1C,
    0x8C, 0x0C, 0xA0, 0x85, 0x0A, 0x08, 0x58, 0x74, 0xC8, 0x6C, 0x9D, 0x6B, 0xF9, 0x12, 0x57, 0xF0,
    0xAA, 0x47, 0x92, 0x11, 0xF5, 0xDB, 0x59, 0xCA, 0x05, 0x90, 0xE4, 0xA8, 0xA7, 0x68, 0xD8, 0xF6,
    0xEB, 0xFA, 0xFF, 0x02, 0xCF, 0x81, 0xE2, 0x7C, 0x1D, 0xBC, 0x17, 0xB9, 0xF5, 0xE3, 0xEB, 0x2A,
    0x22, 0x14, 0x88, 0x22, 0x82, 0x50, 0xA5, 0x7F, 0x48, 0x69, 0xC0, 0x6B, 0x52, 0x14, 0x02, 0x31,
    0x3D, 0x10, 0x80, 0xFE, 0x52, 0x9A, 0x6D, 0xAC, 0x02, 0x40, 0x1A, 0xEF, 0x59, 0x17, 0x28, 0x68,
    0x28, 0x11, 0x0F, 0x48, 0xBD, 0x0E, 0x87, 0xE6, 0xFB, 0xB9, 0x26, 0x90, 0x42, 0x3C, 0x5C, 0x4C,
    0x3C, 0xA0, 0x35, 0x3E, 0xC0, 0xD9, 0x50, 0xC5, 0x75, 0x98, 0x3C, 0x12, 0xE1, 0x11, 0x19, 0x64,
    0x31, 0x2B, 0x45, 0xFA, 0x98, 0x99, 0xB8, 0x23, 0xBB, 0xDC, 0x25, 0xDA, 0x24, 0x1E, 0x59, 0x55,
    0x6B, 0x83, 0x59, 0x1F, 0x72, 0x70, 0x98, 0xDC, 0x00, 0xC5, 0xDB, 0x21, 0x33, 0x52, 0xB4, 0x3B,
    0x52, 0x61, 0x96, 0x1A, 0x0A, 0x61, 0x3F, 0x10, 0xA1, 0xF1, 0x44, 0x40, 0x2E, 0xC0, 0x8F, 0x0D,
    0x01, 0x6F, 0x3D, 0x44, 0x4D, 0x02, 0x01, 0xB0, 0x0F, 0x98, 0x82, 0xD8, 0x1F, 0x19, 0xA9, 0xD0,
    0x0E, 0xC8, 0x08, 0xEB, 0x06, 0x91, 0x04, 0x73, 0xB4, 0xD0, 0xB0, 0xA3, 0x60, 0x41, 0x04, 0x1A,
    0x06, 0x32, 0xA4, 0x7A, 0x47, 0x28, 0x88, 0xFE, 0xF3, 0x46, 0x40, 0xF9, 0x38, 0x01, 0x83, 0x61,
    0x9D, 0x04, 0x0A, 0xA9, 0x11, 0x8C, 0xA1, 0x8C, 0x28, 0x7D, 0xE8, 0x10, 0xFC, 0x09, 0xAC, 0x42,
    0x8A, 0x15, 0x83, 0x99, 0x7B, 0xEB, 0xAE, 0xD0, 0x17, 0x63, 0x00, 0x06, 0x63, 0x08, 0xAA, 0x70,
    0x26, 0x07, 0xDD, 0x61, 0x86, 0x3B, 0x55, 0x35, 0xF9, 0xEE, 0xF6, 0x39, 0x14, 0x69, 0x1B, 0x49,
    0xBE, 0xE5, 0x0A, 0x79, 0x00, 0xEE, 0xBC, 0x1E, 0x0D, 0x2F, 0xEE, 0xC4, 0x60, 0xB7, 0x95, 0xD8,
    0x40, 0x20, 0xA5, 0xD7, 0xA4, 0x57, 0xEA, 0x43, 0x41, 0x8A, 0x29, 0xF3, 0x40, 0x3D, 0xBB, 0x55,
    0x05, 0x19, 0x81, 0x04, 0x60, 0x41, 0x1C, 0x01, 0xEB, 0x79, 0xDD, 0x32, 0xE4, 0x8E, 0xE8, 0xC4,
    0x35, 0xAB, 0x36, 0x6C, 0x37, 0x43, 0x98, 0xAF, 0x07, 0x0A, 0x4C, 0x0D, 0x29, 0x4A, 0x89, 0xE8,
    0xD8, 0xC0, 0xD4, 0x9B, 0x2B, 0xCA, 0x14, 0xE8, 0x18, 0x67, 0xDE, 0xEA, 0x0F, 0xC1, 0xD8, 0x76,
    0x05, 0x2B, 0x54, 0x44, 0x2A, 0x52, 0xAA, 0x9D, 0x42, 0x04, 0x20, 0xAC, 0x18, 0xA7, 0x30, 0x66,
    0xBA, 0x4D, 0x07, 0x7E, 0x93, 0x70, 0xC0, 0x1F, 0xF1, 0x7D, 0xA6, 0x9F, 0xB9, 0x93, 0x42, 0x46,
    0x02, 0x78, 0x1C, 0x0A, 0x6D, 0x7B, 0x81, 0xEF, 0x55, 0xA3, 0xE1, 0x38, 0x64, 0x0F, 0x28, 0x50,
    0x5B, 0xD0, 0x40, 0x3B, 0xBC, 0x80, 0xF6, 0xB9, 0x7E, 0x5C, 0x93, 0x89, 0x93, 0x2B, 0x62, 0x41,
    0x91, 0x86, 0x65, 0x87, 0xBC, 0x3A, 0x35, 0x51, 0xA8, 0xA3, 0x20, 0xC8, 0x32, 0x59, 0x71, 0x94,
    0x0C, 0x83, 0x0C, 0xB3, 0x5A, 0x30, 0xD0, 0x24, 0xA4, 0x62, 0xD8, 0xA9, 0x62, 0x96, 0x15, 0x4A,
    0x34, 0x7E, 0x45, 0x52, 0xD1, 0x68, 0x39, 0x3B, 0xF7, 0x23, 0x8F, 0xBD, 0x06, 0x80, 0x23, 0xE7,
    0x39, 0xCA, 0xE7, 0xE2, 0x39, 0x3C, 0xC3, 0x47, 0x44, 0x66, 0x62, 0x66, 0xF0, 0xE5, 0xF4, 0x12,
    0xA6, 0xC7, 0x71, 0x82, 0xF4, 0x91, 0x29, 0x04, 0xA1, 0x4A, 0x51, 0x29, 0x0A, 0x50, 0xA0, 0x0B,
    0x33, 0x8D, 0xA1, 0x84, 0x34, 0x7F, 0x56, 0x81, 0x5A, 0xB4, 0x81, 0x41, 0x51, 0xEA, 0x60, 0x31,
    0x08, 0x5A, 0x9A, 0xC2, 0x83, 0x96, 0xE0, 0xBD, 0x54, 0x3A, 0x72, 0xD1, 0x0B, 0x4A, 0x88, 0x43,
    0x40, 0x2D, 0xDD, 0x88, 0xED, 0x19, 0x12, 0xAE, 0xE2, 0x90, 0x09, 0x06, 0x7F, 0x55, 0x07, 0xEA,
    0x60, 0xB6, 0x67, 0xC8, 0xC4, 0xF9, 0x3D, 0x28, 0xFA, 0x16, 0x1C, 0x0E, 0x96, 0x8C, 0xDD, 0x7A,
    0xCD, 0xAD, 0x5F, 0xAD, 0xEF, 0xC0, 0xDF, 0x40, 0xDD, 0x83, 0x8B, 0x31, 0x58, 0x16, 0x22, 0x3C,
    0x4A, 0x19, 0xB0, 0x51, 0x0B, 0xAE, 0x57, 0x4E, 0xF9, 0x22, 0xF8, 0xA9, 0x3B, 0x6F, 0x42, 0x79,
    0x48, 0x89, 0xD3, 0xAC, 0xC1, 0x84, 0xA7, 0xB2, 0x66, 0x57, 0x66, 0xFE, 0xB4, 0xCB, 0x13, 0x26,
    0xBE, 0x91, 0xC6, 0x05, 0x40, 0x97, 0xC7, 0x66, 0x24, 0x44, 0x31, 0x66, 0xFC, 0x01, 0xF7, 0x10,
    0xC0, 0x99, 0xF3, 0x70, 0x5A, 0xB8, 0xC0, 0x23, 0x5A, 0x68, 0x1B, 0xBB, 0x45, 0x18, 0x76, 0x77,
    0x0C, 0x0F, 0x79, 0x46, 0x6E, 0x2A, 0xE3, 0x78, 0x84, 0x1F, 0x56, 0xB1, 0x30, 0x9E, 0x48, 0xD1,
    0x45, 0x06, 0x29, 0xA0, 0xE4, 0x3D, 0xE1, 0xB6, 0x6E, 0x02, 0xF9, 0x8F, 0x78, 0x2F, 0x1C, 0x38,
    0x29, 0xFB, 0x22, 0x50, 0x34, 0xD3, 0x20, 0x43, 0x32, 0x11, 0xD4, 0x8F, 0xCB, 0x51, 0x74, 0x61,
    0x42, 0x92, 0x00, 0x8C, 0x03, 0xB1, 0x70, 0x20, 0xF1, 0x40, 0x72, 0x4B, 0x1F, 0xA7, 0xD9, 0xB2,
    0x6F, 0x09, 0x3D, 0x69, 0x43, 0x13, 0xC5, 0x99, 0xD7, 0x21, 0x8A, 0x02, 0x4E, 0x68, 0x22, 0x08,
    0xB4, 0x36, 0xA0, 0xF6, 0x32, 0x91, 0x7D, 0xD2, 0x0D, 0xC4, 0x0C, 0x3E, 0x56, 0x63, 0xD8, 0x1F,
    0x19, 0x03, 0xC0, 0x75, 0x99, 0x81, 0x92, 0x06, 0x24, 0x01, 0x85, 0x99, 0x81, 0x16, 0x12, 0x0C,
    0x41, 0x8F, 0x8C, 0x5A, 0x43, 0x9E, 0xB4, 0x77, 0x67, 0xEE, 0x28, 0x1C, 0x3B, 0x76, 0xF2, 0x04,
    0x89, 0x22, 0x03, 0xC4, 0x8F, 0x2E, 0xE3, 0x98, 0x76, 0x67, 0x8A, 0x05, 0x52, 0x64, 0x8C, 0x08,
    0xC9, 0x0F, 0x03, 0x41, 0xBC, 0x42, 0xC8, 0x41, 0xC6, 0x53, 0xBC, 0xA7, 0xBE, 0x31, 0x00, 0x24,
    0x51, 0x2B, 0x35, 0x68, 0x22, 0xA2, 0x0F, 0x0D, 0x52, 0x90, 0xDC, 0x03, 0xF4, 0xB8, 0x46, 0x87,
    0xE3, 0x61, 0xA7, 0x09, 0x71, 0x68, 0x9B, 0x60, 0xE7, 0x1A, 0x45, 0xC2, 0x24, 0xA8, 0x37, 0x0C,
    0xA9, 0x51, 0x9D, 0x23, 0x41, 0x28, 0xE1, 0x01, 0xC2, 0x47, 0x27, 0x36, 0x76, 0xA7, 0x72, 0x6B,
    0x04, 0x1F, 0xA1, 0x06, 0x01, 0x52, 0x11, 0x4E, 0xB7, 0xD1, 0xBC, 0x1E, 0xE7, 0xDB, 0xE4, 0x9E,
    0x5D, 0x50, 0x07, 0xDF, 0x96, 0x90, 0x6A, 0xED, 0x1C, 0xEC, 0x68, 0x35, 0xBE, 0x81, 0xEC, 0x09,
    0x14, 0xEB, 0x3C, 0x7D, 0x7E, 0x46, 0x7D, 0x52, 0x33, 0xA0, 0xE5, 0xE7, 0x20, 0x63, 0x48, 0xA5,
    0x01, 0x01, 0x72, 0x0A, 0x13, 0xEF, 0xF7, 0xAB, 0x80, 0x28, 0x52, 0xD8, 0x99, 0x54, 0x11, 0x34,
    0x39, 0x06, 0xF0, 0x9A, 0x02, 0x56, 0x35, 0x8E, 0x40, 0x86, 0xC4, 0x07, 0xBF, 0x55, 0x24, 0x55,
    0x14, 0xC0, 0xEC, 0x46, 0xAD, 0x68, 0x20, 0xD6, 0x9C, 0x96, 0xC3, 0x39, 0x66, 0xC2, 0x68, 0x3B,
    0x82, 0x75, 0x17, 0x08, 0x6F, 0x06, 0x68, 0x17, 0x91, 0x09, 0x42, 0xB1, 0x35, 0x54, 0x11, 0x54,
    0xC1, 0x50, 0x4B, 0x4C, 0x4D, 0x34, 0x14, 0xD3, 0x49, 0x40, 0x14, 0x41, 0x14, 0x94, 0x56, 0x46,
    0x12, 0xAC, 0x4D, 0x55, 0x04, 0x55, 0x32, 0x94, 0xB4, 0x51, 0x90, 0xA1, 0x84, 0x28, 0xC4, 0xD5,
    0x50, 0x54, 0x53, 0x2A, 0x54, 0x42, 0x50, 0x24, 0x17, 0xE6, 0x5A, 0xB5, 0x44, 0xC3, 0x02, 0x04,
    0x42, 0xD0, 0xB4, 0x87, 0x4D, 0x2F, 0xC8, 0xCB, 0xC2, 0xEE, 0xFA, 0x3C, 0xBC, 0x40, 0x3A, 0xD9,
    0x48, 0x82, 0x82, 0x66, 0x21, 0x00, 0x88, 0x01, 0xA1, 0x28, 0x8A, 0x60, 0xA1, 0x44, 0x2F, 0x9B,
    0x5A, 0x1B, 0xA7, 0x4A, 0x3C, 0xBE, 0xEA, 0x37, 0x62, 0x1E, 0x68, 0x1F, 0x51, 0x2A, 0x07, 0x72,
    0x3E, 0xDD, 0x04, 0x95, 0x48, 0x41, 0x34, 0xA4, 0x51, 0xE4, 0xE3, 0x33, 0xFA, 0xEC, 0x44, 0x9F,
    0x3D, 0xA3, 0x20, 0xC5, 0x96, 0x3F, 0x0D, 0xD0, 0xF8, 0x8F, 0x67, 0x80, 0xDA, 0x4B, 0x23, 0x0C,
    0xC1, 0x22, 0x2B, 0x89, 0xA8, 0x71, 0x41, 0xD6, 0x42, 0xBE, 0x3D, 0xF6, 0x03, 0x0D, 0x68, 0xE7,
    0x84, 0x1C, 0x09, 0xBB, 0xC5, 0x86, 0xA0, 0x45, 0x85, 0x1D, 0xBB, 0x60, 0x08, 0xEE, 0x7D, 0xE3,
    0xA8, 0xE0, 0x00, 0xDD, 0x0B, 0x82, 0xF7, 0xD0, 0xD6, 0x85, 0x6E, 0x0E, 0xA0, 0xDF, 0xBD, 0x43,
    0x2A, 0x1F, 0x22, 0x16, 0x84, 0x52, 0x61, 0x0A, 0x38, 0x03, 0xB4, 0x91, 0x4E, 0x60, 0x8F, 0x4A,
    0xBE, 0xB2, 0x6D, 0x24, 0x9E, 0x44, 0x3C, 0x83, 0x88, 0x8F, 0xB7, 0x7E, 0x4E, 0x73, 0xC3, 0xA9,
    0xF8, 0x3B, 0xC6, 0x43, 0xC1, 0x7C, 0x61, 0x45, 0x9C, 0xD1, 0x76, 0x19, 0xD4, 0x18, 0x10, 0x27,
    0xEC, 0x05, 0x34, 0xD8, 0x09, 0xE2, 0x27, 0x7F, 0x69, 0x36, 0x9A, 0x70, 0x1B, 0xB3, 0x28, 0x0A,
    0xF2, 0xA5, 0x27, 0x69, 0x02, 0xCA, 0x50, 0xAA, 0x62, 0x20, 0x3F, 0x9A, 0x3D, 0x16, 0x4F, 0x5E,
    0x8E, 0xA9, 0xB1, 0x09, 0x02, 0x38, 0x03, 0x09, 0x05, 0x40, 0xD2, 0xA6, 0x2C, 0xDA, 0x55, 0x85,
    0x27, 0x28, 0x00, 0x5C, 0x41, 0x43, 0x6D, 0x33, 0xF2, 0x5C, 0x1D, 0xC9, 0x77, 0x42, 0x44, 0x4A,
    0x1E, 0x50, 0x4C, 0x38, 0x08, 0x51, 0x65, 0x6C, 0xF6, 0x1A, 0xA6, 0x08, 0x61, 0x34, 0xCB, 0x62,
    0x4E, 0x85, 0x4C, 0xAC, 0x8E, 0x84, 0x91, 0xA2, 0x36, 0x84, 0xBF, 0x1B, 0xB6, 0x87, 0x86, 0x4E,
    0xAE, 0x11, 0xC9, 0x6D, 0xB8, 0x04, 0xC0, 0x53, 0x1D, 0xF4, 0x20, 0x3E, 0xD6, 0x2D, 0x0D, 0x05,
    0x2D, 0x23, 0x12, 0x80, 0xE8, 0x25, 0x00, 0x5D, 0xF6, 0x31, 0x15, 0x60, 0x61, 0x41, 0xD0, 0x32,
    0x03, 0x51, 0x14, 0x20, 0x61, 0x00, 0xA6, 0xEC, 0x12, 0x22, 0x00, 0x16, 0x48, 0x44, 0x44, 0x4C,
    0x3C, 0xF3, 0xE8, 0x1C, 0xD3, 0x5F, 0x8E, 0x94, 0xEA, 0x89, 0xAF, 0x4D, 0xB0, 0x03, 0x0E, 0x59,
    0xEA, 0x84, 0x5F, 0xC2, 0x0C, 0xDD, 0x8F, 0x01, 0x9A, 0xC7, 0x98, 0xCD, 0x44, 0xB2, 0x34, 0x1A,
    0xCF, 0x27, 0x88, 0x6E, 0xF7, 0x58, 0x6C, 0xD2, 0x67, 0x39, 0x3D, 0x94, 0x5A, 0xE2, 0x19, 0xA6,
    0x0C, 0x16, 0xBB, 0x9C, 0x20, 0x8D, 0x01, 0x12, 0x0D, 0xA1, 0xDA, 0x8E, 0xA9, 0xD0, 0x07, 0xA6,
    0xC1, 0x8F, 0x4A, 0x4D, 0x4D, 0xB4, 0x59, 0x03, 0x34, 0x48, 0x87, 0x84, 0x10, 0x1F, 0x9E, 0x36,
    0xC4, 0x44, 0x75, 0x98, 0x27, 0x97, 0x2D, 0xDA, 0x7D, 0x39, 0xD0, 0x3A, 0x42, 0xAF, 0x6A, 0x11,
    0xD7, 0xCD, 0x37, 0x49, 0x0E, 0x09, 0xA2, 0x26, 0x70, 0x6D, 0xF7, 0xD8, 0xDF, 0xA9, 0x09, 0x3B,
    0xEB, 0xD4, 0x39, 0x2E, 0x0F, 0x8B, 0xD6, 0x8C, 0xEC, 0x69, 0x24, 0x41, 0xF3, 0x4C, 0xEA, 0x15,
    0x90, 0x1F, 0x3B, 0x28, 0x6F, 0x99, 0x74, 0x55, 0x10, 0xB9, 0x51, 0x02, 0x63, 0x05, 0xB5, 0xA5,
    0x5A, 0xC7, 0xF1, 0xF4, 0xEA, 0xEE, 0x1C, 0x3C, 0x3C, 0xFE, 0x7A, 0x82, 0x92, 0x25, 0x62, 0x94,
    0x24, 0x56, 0x49, 0x56, 0x94, 0x16, 0x91, 0x3D, 0x21, 0xE0, 0x9F, 0xA7, 0x35, 0x11, 0x07, 0x8F,
    0x23, 0x98, 0x27, 0x96, 0x7F, 0x1D, 0x8F, 0x20, 0x07, 0xB8, 0x16, 0x7C, 0x6C, 0x4B, 0xC2, 0x18,
    0xA5, 0x7D, 0x8E, 0x63, 0x8C, 0x50, 0xEB, 0xF5, 0xB1, 0x0C, 0x42, 0x08, 0x6E, 0xAD, 0xEA, 0xEE,
    0x81, 0x86, 0x92, 0x13, 0x7C, 0xE4, 0xF4, 0x07, 0xDA, 0x40, 0x92, 0x10, 0x08, 0x01, 0x15, 0x38,
    0x40, 0x38, 0x82, 0x64, 0x09, 0x40, 0x7B, 0x89, 0x00, 0x6A, 0x00, 0xD2, 0x1F, 0x30, 0x07, 0x9A,
    0x21, 0x08, 0x48, 0x04, 0x2A, 0x62, 0xF1, 0xEE, 0x0A, 0x19, 0xF8, 0x0E, 0x9A, 0x03, 0x5D, 0xEB,
    0x1E, 0x51, 0xE7, 0x98, 0x14, 0x02, 0x2A, 0x0C, 0x20, 0x0C, 0x04, 0x73, 0x00, 0x68, 0x78, 0x3A,
    0x5C, 0x43, 0x47, 0x0F, 0x04, 0x54, 0xB2, 0x18, 0x8D, 0x96, 0x92, 0xE1, 0xC8, 0x49, 0x58, 0x99,
    0x76, 0x81, 0xDA, 0x05, 0xAA, 0xE6, 0x7E, 0xCB, 0x16, 0xD6, 0x8B, 0x27, 0x79, 0x91, 0x14, 0xA3,
    0x84, 0xAA, 0xD9, 0x52, 0x11, 0xCC, 0xD2, 0x4E, 0x98, 0x0A, 0x60, 0xC1, 0x20, 0x34, 0x87, 0x08,
    0x20, 0x6C, 0x82, 0xA7, 0x40, 0xF6, 0x39, 0x0E, 0x4F, 0x81, 0x80, 0x19, 0x16, 0x07, 0x21, 0x4E,
    0x73, 0x5A, 0x3C, 0xC0, 0x5D, 0x48, 0x11, 0x5A, 0x3B, 0xC3, 0x4F, 0xAA, 0x18, 0xA2, 0xAD, 0x75,
    0x11, 0x4C, 0xC1, 0x36, 0x99, 0x01, 0x4B, 0xB5, 0x14, 0x92, 0x4A, 0x41, 0x17, 0xAE, 0x45, 0xDC,
    0xE4, 0x76, 0xF7, 0xEA, 0x0B, 0x39, 0x73, 0x3D, 0xDC, 0xCB, 0xD2, 0x6A, 0xC1, 0x35, 0x55, 0x4A,
    0x4C, 0x5C, 0xC3, 0x19, 0x5B, 0xE7, 0xED, 0x47, 0xFE, 0xBF, 0xFD, 0x2D, 0x33, 0xF7, 0xEC, 0xDC,
    0xCE, 0xF4, 0x3E, 0xEB, 0x56, 0x3E, 0x25, 0xB8, 0x08, 0x67, 0x4D, 0x3D, 0x7B, 0x59, 0xCB, 0x2E,
    0x68, 0xD3, 0x9E, 0x47, 0x30, 0xF3, 0xF2, 0xA0, 0x38, 0xFD, 0x3E, 0x85, 0x27, 0x24, 0x88, 0xBB,
    0xFA, 0xD0, 0xAA, 0xD0, 0xCB, 0x0A, 0x5D, 0x22, 0x2D, 0x1C, 0x5B, 0x77, 0x8F, 0x10, 0x69, 0xB0,
    0x90, 0x64, 0xEA, 0x48, 0x1E, 0xE7, 0xBB, 0x6B, 0x21, 0x0E, 0xD6, 0x5F, 0x79, 0x36, 0x1E, 0xE4,
    0x80, 0x0E, 0xEE, 0xCB, 0x47, 0x71, 0x13, 0x9D, 0xC6, 0x8C, 0x23, 0x51, 0x84, 0xE4, 0x14, 0x6A,
    0x76, 0x56, 0x97, 0x46, 0x66, 0x0E, 0x49, 0x34, 0x61, 0x66, 0xE2, 0x59, 0x41, 0xE8, 0xB3, 0x7C,
    0xD4, 0x3C, 0x26, 0x09, 0xA2, 0x6D, 0xD2, 0xB2, 0x11, 0xB6, 0x8C, 0xE2, 0xD0, 0xC4, 0x54, 0x00,
    0xC0, 0x21, 0xE0, 0x1B, 0xA0, 0xC8, 0x10, 0x64, 0xCD, 0x28, 0x59, 0x90, 0xC9, 0x81, 0x18, 0x3E,
    0x81, 0x9C, 0x53, 0x32, 0xD6, 0xDC, 0x8B, 0x2B, 0x0C, 0x46, 0x10, 0xC7, 0x48, 0x59, 0x12, 0x21,
    0x0C, 0xFD, 0x68, 0x0B, 0x29, 0xA1, 0x8D, 0x1A, 0x99, 0x29, 0x56, 0x82, 0x2D, 0x68, 0xD3, 0x11,
    0xA9, 0xA4, 0x49, 0x91, 0x79, 0x1A, 0x22, 0x8F, 0x60, 0x61, 0xB2, 0xBB, 0xDB, 0x06, 0x90, 0x1D,
    0x10, 0x80, 0x73, 0x81, 0xC9, 0xDA, 0xA3, 0x22, 0xF6, 0x1B, 0xE8, 0x2D, 0x67, 0x80, 0x3B, 0x90,
    0x9C, 0x09, 0x67, 0x4C, 0x1C, 0x11, 0x24, 0x40, 0x89, 0x11, 0xC9, 0x92, 0x68, 0x05, 0x9A, 0x4E,
    0x0A, 0xA8, 0xF2, 0xD6, 0xB9, 0x21, 0x28, 0x19, 0xC6, 0x3B, 0xE6, 0x56, 0x40, 0x32, 0x24, 0x8A,
    0x49, 0x0C, 0xB9, 0xC6, 0x3A, 0x99, 0x33, 0x0C, 0xE6, 0x7C, 0xC1, 0x07, 0x9B, 0x98, 0x50, 0x8F,
    0xF5, 0x11, 0xEB, 0x07, 0x62, 0xB5, 0x8C, 0xC3, 0x88, 0x53, 0x32, 0x12, 0x32, 0x38, 0x3A, 0xD0,
    0xE0, 0xCC, 0xAE, 0xB3, 0x2A, 0xAB, 0x03, 0x01, 0x94, 0x26, 0x52, 0x65, 0x26, 0x01, 0xA0, 0xE7,
    0xF7, 0xC7, 0x4E, 0xC0, 0xFF, 0x3B, 0x01, 0xED, 0xEF, 0x9D, 0xA3, 0xC3, 0x5D, 0x79, 0xBD, 0x8C,
    0x9A, 0x5D, 0x15, 0x0B, 0x6B, 0x40, 0x28, 0x11, 0x29, 0xBC, 0x12, 0x88, 0x35, 0x04, 0x22, 0x4E,
    0x04, 0xAE, 0x21, 0x20, 0x31, 0x8E, 0x12, 0x03, 0xB2, 0x04, 0x22, 0x1B, 0x05, 0xF9, 0x40, 0x2E,
    0x66, 0xA7, 0x12, 0x00, 0xEF, 0x1D, 0x2B, 0x4C, 0xCD, 0x29, 0x40, 0xB8, 0x22, 0x10, 0x25, 0x1C,
    0x40, 0x23, 0x2D, 0xC6, 0x87, 0xCD, 0x88, 0x85, 0x28, 0x9B, 0x46, 0xD0, 0x91, 0x00, 0xA4, 0x5C,
    0x52, 0xA0, 0x27, 0x98, 0x23, 0xBF, 0x63, 0x8C, 0x48, 0xA4, 0x84, 0x88, 0x42, 0xD4, 0xB2, 0x60,
    0xF9, 0x0F, 0x2B, 0x9A, 0xA9, 0xD0, 0xDC, 0xDC, 0x04, 0xE4, 0x09, 0xD0, 0x61, 0x44, 0x24, 0x84,
    0x26, 0x06, 0x02, 0x08, 0x91, 0x49, 0x13, 0x61, 0x1E, 0xC1, 0xC4, 0xD3, 0xCF, 0x99, 0x9D, 0x81,
    0x21, 0xC5, 0x8E, 0xB0, 0xD1, 0x80, 0x1A, 0x3A, 0x9C, 0x4D, 0x17, 0xCA, 0xA6, 0xE8, 0xD7, 0x4E,
    0x18, 0xEA, 0x76, 0xA2, 0xAE, 0x02, 0x9B, 0xA2, 0x44, 0x49, 0x1D, 0x18, 0xFA, 0x43, 0x70, 0xFB,
    0x82, 0x46, 0xC1, 0xE8, 0x58, 0x10, 0x82, 0x12, 0x08, 0x26, 0xA6, 0x22, 0x8A, 0x22, 0x62, 0x12,
    0x52, 0x42, 0x0C, 0x47, 0xB7, 0xA1, 0x1F, 0x04, 0x1C, 0x47, 0x40, 0x85, 0x4F, 0x16, 0x06, 0x48,
    0xA4, 0x0B, 0x76, 0x0E, 0x69, 0x8D, 0x30, 0x56, 0xC6, 0x28, 0x2E, 0x08, 0x61, 0x85, 0x57, 0xA4,
    0xA0, 0xE2, 0x56, 0x4E, 0xA3, 0x6A, 0xC8, 0x28, 0x83, 0x79, 0xCF, 0xC9, 0x82, 0xCC, 0x48, 0x23,
    0x0B, 0x13, 0x6C, 0x81, 0x70, 0x8C, 0xAB, 0x12, 0x1C, 0x99, 0x82, 0x9D, 0xEC, 0xDF, 0x03, 0x04,
    0x64, 0x02, 0xB2, 0x35, 0x06, 0x2B, 0x62, 0x2B, 0x23, 0x51, 0xA1, 0x8D, 0x0D, 0xC2, 0x44, 0x04,
    0x40, 0x50, 0x06, 0x13, 0x12, 0x8C, 0xC4, 0xCB, 0xB5, 0x49, 0x8C, 0xA3, 0x19, 0x95, 0x55, 0x54,
    0x01, 0xB8, 0x68, 0xA3, 0x77, 0x58, 0x06, 0x8B, 0x77, 0x49, 0x4E, 0xA7, 0x2D, 0x62, 0xC8, 0xC9,
    0x20, 0xE1, 0xBA, 0x88, 0x42, 0x34, 0x60, 0x08, 0x0A, 0x18, 0x06, 0xD6, 0x85, 0x40, 0xA0, 0x93,
    0x65, 0x02, 0x90, 0x75, 0x5B, 0x18, 0x30, 0x02, 0xC4, 0x5B, 0x96, 0x94, 0x51, 0x4C, 0x72, 0x44,
    0xCD, 0x85, 0xD8, 0x20, 0x52, 0xD2, 0xEB, 0x01, 0x14, 0xD0, 0xB4, 0x04, 0x50, 0x6A, 0xCC, 0xC8,
    0xC7, 0x62, 0x34, 0xB1, 0x51, 0x12, 0xDA, 0x61, 0x66, 0x7A, 0x41, 0xA0, 0xEC, 0x3D, 0xFD, 0xF9,
    0xF3, 0x00, 0xE6, 0x88, 0x35, 0x23, 0x0E, 0xFF, 0x7D, 0x9D, 0x61, 0xF5, 0x21, 0x4F, 0x04, 0x98,
    0x82, 0x0A, 0xD0, 0xA8, 0xD4, 0x69, 0x46, 0x27, 0x59, 0x6C, 0xE5, 0x32, 0xCA, 0xF3, 0x61, 0x46,
    0x7B, 0x70, 0x8C, 0xEA, 0x64, 0x0A, 0xC1, 0x68, 0x51, 0x71, 0x7F, 0x8C, 0x1B, 0x12, 0x5B, 0x73,
    0x40, 0x3F, 0x6A, 0x03, 0xA9, 0x90, 0x0C, 0x84, 0x1E, 0x63, 0xD3, 0xEF, 0x2C, 0x4B, 0x10, 0x44,
    0x11, 0x30, 0x8A, 0x87, 0xE0, 0xEC, 0xF2, 0x03, 0x4E, 0xD3, 0x31, 0x55, 0x51, 0x14, 0x81, 0xF6,
    0x44, 0x08, 0x11, 0xC7, 0xEA, 0x0F, 0xAD, 0x81, 0x70, 0x08, 0x07, 0x3B, 0xCE, 0x42, 0x04, 0x64,
    0x10, 0xF8, 0x22, 0xA9, 0xCD, 0x6D, 0x90, 0xCC, 0x2D, 0x10, 0x22, 0xC4, 0xC7, 0x24, 0x78, 0xF5,
    0xA1, 0x43, 0x6A, 0xB9, 0x14, 0x18, 0x18, 0x62, 0x0A, 0x1F, 0x02, 0x12, 0x36, 0xA3, 0x8A, 0x00,
    0x91, 0xA4, 0x87, 0xB1, 0xDB, 0xBA, 0x3C, 0x40, 0xF1, 0xAA, 0x41, 0xC2, 0x68, 0xAD, 0xC5, 0xE0,
    0x97, 0xAA, 0x0B, 0x8C, 0xE8, 0x60, 0x27, 0x01, 0x3C, 0x14, 0x1B, 0xE3, 0xA8, 0x52, 0xA8, 0x52,
    0x8A, 0x2F, 0x34, 0x4F, 0x2B, 0xBD, 0x21, 0x0E, 0x24, 0xAC, 0x4C, 0xC4, 0xF7, 0x0E, 0x6E, 0x20,
    0x0E, 0xA4, 0x0A, 0x53, 0xD7, 0xEB, 0xB1, 0x03, 0x20, 0x45, 0xD1, 0x04, 0xF1, 0xD1, 0x43, 0xD1,
    0x2D, 0xC8, 0xD2, 0xE2, 0xA9, 0x7B, 0x51, 0xF0, 0xEC, 0x60, 0xE4, 0x3C, 0x81, 0x78, 0x03, 0xB0,
    0x80, 0x88, 0x46, 0xAA, 0x94, 0x24, 0x85, 0xA0, 0x56, 0x16, 0x88, 0x98, 0x28, 0x20, 0x4B, 0x74,
    0x65, 0xC8, 0x48, 0x29, 0xEA, 0xF4, 0xFE, 0x6A, 0x81, 0xEF, 0x77, 0xDE, 0x18, 0xD1, 0x1D, 0x7D,
    0x30, 0xBE, 0x5C, 0xDC, 0x06, 0x85, 0x06, 0x24, 0x9D, 0x75, 0x4F, 0x3D, 0xE3, 0x89, 0xEC, 0xB2,
    0xDB, 0x24, 0x8C, 0xD0, 0x1A, 0x72, 0xA2, 0x5A, 0xD2, 0x35, 0x18, 0x60, 0x65, 0x57, 0x34, 0x83,
    0x4A, 0xB1, 0x56, 0x9B, 0x23, 0x1F, 0x61, 0x65, 0x22, 0xEB, 0x03, 0x0B, 0x5C, 0x15, 0x96, 0xB7,
    0xE3, 0xBF, 0xBD, 0x31, 0xD0, 0x40, 0xA4, 0x14, 0xA1, 0x04, 0x0E, 0xDD, 0x13, 0xD8, 0x42, 0x46,
    0x3D, 0x69, 0xDF, 0xC6, 0x0D, 0x5E, 0xE8, 0x7A, 0x24, 0x9B, 0x28, 0x9E, 0x50, 0xFD, 0xAE, 0xAF,
    0xFF, 0x23, 0x40, 0x75, 0x1F, 0x34, 0xCD, 0x54, 0xBC, 0x73, 0x1F, 0x71, 0x51, 0xC3, 0x31, 0x40,
    0xC1, 0x0C, 0x3C, 0xA1, 0x62, 0x00, 0xC6, 0x0C, 0x5D, 0x81, 0xB9, 0xCC, 0x84, 0x4E, 0x67, 0xDD,
    0x9C, 0xCC, 0x0A, 0x0C, 0x73, 0xE4, 0x63, 0x0E, 0x4B, 0x15, 0x07, 0x8E, 0x1E, 0x7E, 0x3F, 0x77,
    0x4D, 0x14, 0xA4, 0xCA, 0x0B, 0x30, 0x9C, 0x2E, 0xFE, 0x47, 0xF5, 0x90, 0xC5, 0x4D, 0xED, 0x46,
    0x7B, 0xA9, 0xA8, 0x0C, 0x48, 0x09, 0xB6, 0xDD, 0xEE, 0x55, 0xF6, 0x27, 0x26, 0x26, 0x8E, 0xEB,
    0xE6, 0x6C, 0xB8, 0x41, 0x85, 0xF1, 0xD2, 0x2D, 0x8A, 0x78, 0x1E, 0x5F, 0x2A, 0x99, 0xD7, 0xF1,
    0xEC, 0x73, 0xE7, 0x1B, 0x16, 0xBE, 0x04, 0x82, 0xD8, 0x2C, 0x00, 0x89, 0x02, 0xDB, 0x1C, 0x16,
    0x29, 0xD5, 0xC8, 0x8E, 0xD0, 0x88, 0x25, 0x8A, 0x00, 0xC8, 0xAC, 0x52, 0x40, 0xF9, 0xC0, 0x69,
    0x1D, 0xAC, 0x94, 0x54, 0x61, 0xFC, 0xB0, 0x48, 0x21, 0x5D, 0x88, 0x57, 0xA6, 0xAD, 0xE8, 0x18,
    0x2B, 0x6A, 0x3A, 0xD6, 0xEE, 0xF8, 0x7E, 0x20, 0xC3, 0xD9, 0x31, 0x5F, 0x5D, 0x66, 0xCB, 0x96,
    0x55, 0xD1, 0x65, 0x80, 0x8A, 0x1A, 0x06, 0x94, 0xD5, 0x05, 0x97, 0x90, 0x3A, 0x39, 0x1D, 0x51,
    0x82, 0x4F, 0x6C, 0x72, 0x79, 0x22, 0x9B, 0x74, 0xF1, 0x23, 0x00, 0x60, 0x9F, 0xA7, 0xA7, 0x20,
    0xC0, 0x12, 0x0A, 0x96, 0x87, 0xAD, 0x04, 0xC4, 0x48, 0x02, 0x4D, 0x5B, 0x07, 0xE2, 0xC9, 0xE3,
    0x3C, 0x9B, 0x1F, 0x16, 0x22, 0x26, 0x2E, 0xF0, 0x86, 0xFE, 0x90, 0xB2, 0xD6, 0xDE, 0xA7, 0x33,
    0x9C, 0x52, 0x40, 0x52, 0x45, 0x4C, 0xE4, 0x2E, 0xE6, 0x0B, 0x9B, 0x32, 0x52, 0x67, 0x19, 0x09,
    0x5D, 0x69, 0x12, 0xC0, 0xA8, 0x4C, 0xA7, 0x31, 0x6D, 0x48, 0x01, 0xEE, 0x38, 0x37, 0x3B, 0x82,
    0x6B, 0xC5, 0x20, 0xA2, 0x40, 0x82, 0x9A, 0x88, 0x84, 0x82, 0x89, 0xEF, 0x91, 0xC0, 0xA0, 0x98,
    0x93, 0x3E, 0x9F, 0xD4, 0x5F, 0x4E, 0xFB, 0xC5, 0x21, 0xE3, 0xD0, 0xF9, 0x1B, 0xA8, 0x84, 0x50,
    0xF4, 0x79, 0xE2, 0xB1, 0x83, 0xCA, 0x10, 0x86, 0x27, 0x96, 0x02, 0xF6, 0x7E, 0x81, 0x84, 0x23,
    0x11, 0x91, 0x5F, 0xC0, 0x99, 0x34, 0xD4, 0x42, 0xA2, 0x52, 0x0A, 0x03, 0x97, 0xCD, 0x0E, 0xF6,
    0xDE, 0x0A, 0xF3, 0xEF, 0xFE, 0x4B, 0x14, 0xF4, 0x04, 0x0B, 0xB3, 0x64, 0xC0, 0xC4, 0x0C, 0x03,
    0x42, 0x63, 0xF6, 0xC9, 0xC3, 0xE5, 0x7D, 0x89, 0x41, 0xEA, 0x98, 0xFE, 0x97, 0x97, 0xAF, 0x4F,
    0xDE, 0x99, 0x41, 0x28, 0x42, 0xE3, 0x3A, 0x84, 0x7A, 0xDB, 0x6A, 0x6D, 0x45, 0xA2, 0xA7, 0x8E,
    0xB4, 0x4F, 0xB9, 0x14, 0x9C, 0xD9, 0x24, 0x14, 0x1C, 0x1E, 0xB4, 0x7C, 0x40, 0x72, 0x43, 0xCC,
    0x54, 0xF5, 0x74, 0xF8, 0xD8, 0xA2, 0x88, 0x2A, 0xAA, 0x91, 0x64, 0x21, 0x98, 0x5E, 0x11, 0x61,
    0xC9, 0x29, 0x88, 0xA2, 0x02, 0x29, 0xA6, 0x8A, 0x18, 0x91, 0x60, 0x62, 0x23, 0xA2, 0x7E, 0x73,
    0xD0, 0x82, 0x02, 0x18, 0x8E, 0x7E, 0x21, 0xA4, 0x3B, 0x70, 0x0E, 0xCD, 0x28, 0xF1, 0x32, 0x64,
    0xE0, 0xD1, 0xCF, 0x56, 0x8E, 0xF8, 0x36, 0xDF, 0x03, 0x91, 0x1A, 0x21, 0xF2, 0x90, 0xC8, 0x08,
    0x8B, 0x94, 0xB8, 0x1D, 0xF8, 0x60, 0x44, 0xC4, 0x11, 0x5A, 0xCC, 0x20, 0xA2, 0x48, 0x28, 0x08,
    0x0A, 0x22, 0x20, 0xA5, 0xB8, 0x9C, 0x82, 0x24, 0x2A, 0x89, 0x1A, 0x12, 0x08, 0x2C, 0xB0, 0x37,
    0xC0, 0x31, 0x60, 0x8A, 0xAD, 0x07, 0xBE, 0x86, 0x91, 0xD4, 0xA2, 0x62, 0x66, 0x15, 0x29, 0x41,
    0x01, 0x89, 0x49, 0xF2, 0x51, 0x51, 0x66, 0x9D, 0x80, 0xB1, 0xBF, 0x3D, 0x68, 0x2D, 0x07, 0x68,
    0x85, 0x24, 0x40, 0x44, 0x20, 0x54, 0x87, 0x4C, 0xC0, 0x18, 0x19, 0x40, 0x96, 0x50, 0xFC, 0xB2,
    0xDE, 0x55, 0x3C, 0x94, 0x21, 0x00, 0xC0, 0x60, 0x30, 0x18, 0x5C, 0x10, 0x17, 0xBB, 0x20, 0x3E,
    0xC7, 0xD6, 0xC0, 0x84, 0x75, 0x10, 0x28, 0xB0, 0xC1, 0xD1, 0x4D, 0x11, 0x4C, 0x7C, 0x5D, 0xC7,
    0xEE, 0x75, 0x77, 0x3D, 0xEC, 0xF9, 0x47, 0xB7, 0x46, 0x8A, 0x85, 0x97, 0xB2, 0x4E, 0xC2, 0xA0,
    0x28, 0x3C, 0xCF, 0x3E, 0xB0, 0xF1, 0x43, 0x92, 0x9B, 0x8F, 0x20, 0x0A, 0x16, 0x46, 0xC3, 0x07,
    0x20, 0xCE, 0x41, 0x86, 0x96, 0x24, 0x9D, 0x6B, 0x5A, 0xD5, 0x11, 0x07, 0xCD, 0x30, 0x26, 0x9B,
    0x58, 0xB0, 0xB7, 0x15, 0x8C, 0x28, 0x52, 0xD5, 0x02, 0x04, 0x13, 0x6D, 0x26, 0xCA, 0xDD, 0x66,
    0x58, 0x62, 0x33, 0x08, 0xB2, 0x10, 0x90, 0x44, 0x12, 0x03, 0x04, 0x83, 0x20, 0x61, 0x7A, 0x0D,
    0x58, 0xA9, 0x32, 0x2A, 0x64, 0xDE, 0x03, 0xAF, 0x23, 0x34, 0x04, 0x56, 0x6B, 0x6E, 0x2B, 0x24,
    0x1C, 0x05, 0x61, 0x3D, 0x9A, 0x1C, 0x10, 0xA1, 0xC0, 0x18, 0xE6, 0x43, 0x59, 0x3B, 0xAC, 0xF4,
    0xD6, 0x14, 0x0C, 0x39, 0x37, 0x8B, 0x45, 0xE0, 0x3D, 0x47, 0xE4, 0x21, 0x70, 0x17, 0x1B, 0xA4,
    0x44, 0x22, 0x9F, 0xA1, 0x9D, 0x7A, 0x05, 0x1C, 0xC8, 0xF5, 0x3A, 0x16, 0xF3, 0x9D, 0xB2, 0x8E,
    0x9D, 0x89, 0x08, 0x4D, 0xC3, 0x18, 0x5F, 0xC3, 0x7E, 0xC4, 0x9C, 0xCE, 0xD5, 0x38, 0x7C, 0x67,
    0xAC, 0xDC, 0x7B, 0x01, 0x84, 0x34, 0xD9, 0x0A, 0x7F, 0x64, 0x92, 0x00, 0x22, 0x08, 0x85, 0x81,
    0x31, 0x93, 0x00, 0x96, 0x85, 0x97, 0xFB, 0x79, 0x8B, 0x98, 0xE2, 0xE5, 0x05, 0x2C, 0x0F, 0x8F,
    0x72, 0x1D, 0x20, 0xF9, 0xD0, 0x02, 0xF9, 0x31, 0xE1, 0x92, 0x53, 0xAD, 0x10, 0xDE, 0x88, 0x73,
    0xBA, 0x73, 0x6D, 0x46, 0x04, 0xA9, 0xF1, 0x43, 0x24, 0xBD, 0x85, 0xC2, 0xBD, 0xA4, 0x38, 0xE9,
    0x33, 0xD2, 0xC7, 0x41, 0x07, 0xB9, 0xCD, 0xF6, 0xCF, 0x65, 0x20, 0x8A, 0x20, 0x0A, 0xB7, 0x54,
    0x52, 0x98, 0x10, 0x3D, 0x54, 0xDB, 0xE8, 0x23, 0xD8, 0x04, 0xDB, 0xDD, 0x83, 0xAB, 0x5F, 0x10,
    0x9D, 0xB7, 0x91, 0x8B, 0x7B, 0x9F, 0x30, 0x7A, 0x6D, 0xE7, 0xF8, 0x63, 0x05, 0x8E, 0x96, 0x2E,
    0x02, 0x0B, 0xEA, 0x04, 0x28, 0x0D, 0xE8, 0xDC, 0x2E, 0x2D, 0x7D, 0x8E, 0xD1, 0xDA, 0x28, 0x62,
    0x1C, 0xD4, 0x46, 0x19, 0x5A, 0x8D, 0x12, 0x40, 0x83, 0x4D, 0x48, 0x94, 0x64, 0x10, 0x81, 0xF0,
    0x88, 0xA6, 0x6A, 0x0D, 0x04, 0xF2, 0x3A, 0x13, 0x10, 0x7B, 0xD8, 0x65, 0xB1, 0xB1, 0x50, 0x8E,
    0xE3, 0x19, 0x4C, 0x58, 0xFA, 0x44, 0x0D, 0xFE, 0x8D, 0xD7, 0x79, 0xD8, 0x0A, 0x77, 0x18, 0x04,
    0x4E, 0x9A, 0x13, 0x81, 0xD7, 0x00, 0xA3, 0x48, 0x63, 0xB2, 0x67, 0xAB, 0x7A, 0x6C, 0xF3, 0x4C,
    0x19, 0x1B, 0xF1, 0x21, 0x0C, 0x90, 0x90, 0x73, 0x44, 0x36, 0x30, 0x63, 0x18, 0x39, 0x63, 0xFA,
    0x6F, 0x5E, 0xAD, 0xB4, 0x34, 0x9D, 0xCB, 0x57, 0xEF, 0x32, 0xD2, 0x2D, 0xDB, 0x74, 0x8A, 0xA1,
    0xFD, 0xAF, 0x40, 0x9B, 0x63, 0xBD, 0xF6, 0x17, 0x4B, 0x3E, 0x6C, 0x6A, 0x33, 0xB4, 0x3B, 0x73,
    0x14, 0xA4, 0x2D, 0x86, 0x7B, 0x61, 0xD8, 0x93, 0x4D, 0x7A, 0xFA, 0x94, 0x08, 0x53, 0xB5, 0x99,
    0xB6, 0x10, 0x22, 0x22, 0x89, 0x08, 0xD3, 0x89, 0x11, 0xCA, 0x23, 0x9B, 0x51, 0x7B, 0x62, 0xA4,
    0x76, 0x78, 0x25, 0xD9, 0xA8, 0xC9, 0x58, 0x96, 0xB7, 0x2E, 0x74, 0x44, 0xB6, 0x34, 0xB4, 0xC4,
    0x30, 0xA9, 0xC1, 0x0F, 0x13, 0xF6, 0x45, 0x5A, 0x87, 0x85, 0xF5, 0x90, 0xF6, 0x3A, 0x62, 0x2C,
    0xD7, 0x87, 0xDE, 0x49, 0x87, 0x93, 0x98, 0xFC, 0x08, 0xCC, 0xE7, 0x03, 0xB9, 0x05, 0xE2, 0x50,
    0xF7, 0x23, 0x68, 0x81, 0xB1, 0x42, 0x0C, 0x1D, 0x37, 0xD4, 0xB5, 0x66, 0x47, 0xA4, 0x5A, 0x04,
    0xC0, 0x6A, 0x43, 0x83, 0x2C, 0xA7, 0xB3, 0x16, 0xD2, 0x87, 0xE5, 0x16, 0x52, 0x52, 0xB3, 0xA9,
    0x99, 0xD3, 0xC2, 0xA2, 0x45, 0x7D, 0x1A, 0x24, 0x2A, 0xC9, 0x15, 0x63, 0x93, 0xA9, 0x59, 0xE2,
    0xB5, 0x35, 0x9B, 0xB1, 0xCB, 0x78, 0x9E, 0x34, 0xD4, 0x09, 0x19, 0xD0, 0xDA, 0xD5, 0xA2, 0x17,
    0x5C, 0xED, 0xBD, 0x11, 0xA2, 0x82, 0x50, 0x84, 0xC4, 0x08, 0x10, 0xBF, 0x2E, 0xD2, 0xDD, 0xD2,
    0x35, 0x42, 0xC7, 0xB1, 0xA3, 0x88, 0xCC, 0x45, 0x36, 0xD0, 0x1D, 0xDA, 0x61, 0x6A, 0x1F, 0x9B,
    0x31, 0xA9, 0x34, 0xE1, 0x14, 0xD6, 0x6E, 0x73, 0x26, 0x85, 0x57, 0x2E, 0x49, 0x85, 0x53, 0x54,
    0x30, 0x30, 0xE8, 0x84, 0x91, 0x55, 0x09, 0xC8, 0x44, 0x0E, 0xB8, 0x1C, 0x6B, 0x8C, 0x89, 0x5E,
    0x90, 0x4C, 0xD6, 0xE0, 0xB9, 0x24, 0x85, 0x89, 0x18, 0xA0, 0xA2, 0x1D, 0xB0, 0xC1, 0xD7, 0x9F,
    0xEE, 0xF0, 0x72, 0xE6, 0x71, 0x26, 0xAE, 0x44, 0x1C, 0xC7, 0x9A, 0x63, 0xEB, 0xF5, 0xB5, 0x0F,
    0xFB, 0x21, 0x01, 0xA7, 0x27, 0x61, 0xF5, 0xF2, 0xB9, 0x6F, 0x7E, 0xBA, 0x3B, 0x37, 0x2E, 0x6C,
    0x8C, 0x85, 0xB5, 0xF1, 0xB5, 0xF4, 0xA0, 0x05, 0xC6, 0x1F, 0x23, 0xBC, 0x39, 0x6E, 0x07, 0x35,
    0x47, 0x0E, 0x42, 0xB8, 0xA8, 0x79, 0x15, 0x55, 0x50, 0x4A, 0x43, 0xC0, 0x81, 0x89, 0x80, 0x30,
    0xB0, 0xE0, 0x48, 0x06, 0xEF, 0x43, 0x05, 0x74, 0x8C, 0x2F, 0xA5, 0x62, 0x06, 0x39, 0xA8, 0x40,
    0x53, 0x27, 0xF0, 0x96, 0x07, 0xC7, 0xA9, 0x0F, 0x3F, 0x29, 0xF6, 0x7D, 0x7C, 0x25, 0xB8, 0x68,
    0x0A, 0x4B, 0xED, 0xE3, 0x80, 0x55, 0x3A, 0x4E, 0x35, 0xAC, 0x91, 0xC4, 0x85, 0x81, 0x83, 0x41,
    0x06, 0x39, 0x8C, 0x99, 0x39, 0x8D, 0x43, 0x15, 0x0B, 0x11, 0x40, 0x5E, 0x80, 0xB8, 0x83, 0xE2,
    0x7F, 0xFB, 0x1E, 0x06, 0xDE, 0x8F, 0x31, 0x66, 0xA9, 0x3A, 0x71, 0xE7, 0x02, 0xC1, 0x3F, 0x0D,
    0x69, 0x18, 0x63, 0x3A, 0x9A, 0x26, 0x06, 0x33, 0x64, 0xE1, 0xE6, 0x91, 0x04, 0x56, 0xB2, 0x1D,
    0x90, 0x18, 0x77, 0xD3, 0x8A, 0x18, 0x81, 0xAE, 0xC2, 0xB8, 0xDC, 0xD0, 0x37, 0x76, 0xF4, 0xC1,
    0xD0, 0x47, 0x5E, 0x1D, 0x01, 0x2C, 0x43, 0x63, 0xB0, 0xF4, 0xCA, 0xD9, 0xD3, 0x9F, 0x4F, 0xA7,
    0x62, 0x70, 0x43, 0x74, 0x02, 0x3A, 0x7E, 0x5C, 0xFF, 0x67, 0x08, 0x1C, 0x1C, 0x80, 0xDC, 0x64,
    0x55, 0x32, 0x27, 0x94, 0x20, 0x90, 0x7A, 0x87, 0x1C, 0x59, 0x18, 0xB0, 0x5C, 0xB4, 0xE3, 0x4B,
    0x97, 0xB3, 0x8C, 0x4C, 0xF6, 0x9F, 0xA0, 0x41, 0x50, 0x06, 0x06, 0x43, 0x0E, 0xCD, 0x94, 0x42,
    0xF0, 0xE4, 0xB4, 0x18, 0x53, 0x1D, 0xD5, 0x33, 0x62, 0x62, 0x28, 0x85, 0xB1, 0x5D, 0xAA, 0x7B,
    0x43, 0x1C, 0xDD, 0xA0, 0x0F, 0x2A, 0x03, 0x04, 0x79, 0xD5, 0x84, 0x14, 0x4C, 0x08, 0x46, 0x08,
    0x56, 0x16, 0x4C, 0x18, 0x4A, 0x40, 0x31, 0x00, 0x82, 0x15, 0x95, 0x31, 0x09, 0x41, 0x88, 0x43,
    0x00, 0x21, 0x40, 0x53, 0xAE, 0x43, 0x93, 0x39, 0x86, 0xA0, 0xA8, 0xAE, 0xFB, 0x0A, 0x02, 0xEA,
    0x7F, 0x40, 0x38, 0x53, 0x61, 0xE7, 0xC8, 0x8E, 0xD3, 0xB1, 0xCF, 0x08, 0x79, 0x6A, 0x5D, 0x8A,
    0x14, 0x7E, 0x8F, 0x5E, 0xFB, 0xE0, 0xD0, 0x9A, 0xC0, 0xA9, 0x09, 0xE1, 0x3F, 0xDD, 0x3D, 0x59,
    0x0F, 0xD2, 0xCB, 0xD7, 0xBD, 0x12, 0x42, 0x08, 0x72, 0x05, 0x2C, 0x2B, 0xE6, 0xAB, 0xB6, 0x11,
    0x6C, 0x39, 0x70, 0x77, 0xCE, 0x4A, 0x30, 0xA3, 0x89, 0x35, 0x83, 0x60, 0xEB, 0x45, 0x06, 0x0A,
    0x98, 0x95, 0x2A, 0x82, 0xCC, 0xA6, 0x9A, 0x39, 0x43, 0x00, 0x8C, 0x54, 0xB9, 0xAD, 0x77, 0x2A,
    0x1C, 0x85, 0x66, 0x88, 0xA6, 0xA0, 0x29, 0xB8, 0x64, 0x81, 0x5C, 0x61, 0xBA, 0xF8, 0xA6, 0xF0,
    0xE8, 0x1F, 0xD4, 0x12, 0x21, 0xD0, 0x31, 0xCD, 0xE5, 0x0C, 0x18, 0xDB, 0x83, 0x21, 0xFB, 0x1B,
    0xAA, 0x52, 0x90, 0x61, 0x0F, 0x94, 0x22, 0xE6, 0x18, 0xC7, 0xBD, 0x5E, 0x19, 0x8E, 0x34, 0x36,
    0xC0, 0xC1, 0x1E, 0x90, 0xC8, 0xEC, 0x37, 0x5A, 0x31, 0x07, 0xE7, 0x63, 0x69, 0x54, 0xE5, 0xFD,
    0xF4, 0x51, 0x12, 0x9E, 0x08, 0x46, 0xD0, 0xD1, 0xEB, 0xBC, 0x7E, 0x1A, 0x1F, 0x5B, 0xFD, 0x2C,
    0x66, 0x64, 0xC3, 0x84, 0x36, 0xB4, 0xBC, 0xA7, 0x26, 0xCF, 0x25, 0x39, 0x91, 0x08, 0x53, 0x92,
    0x4D, 0x98, 0x52, 0x1A, 0x37, 0x73, 0x02, 0x66, 0x1A, 0x44, 0xC3, 0x17, 0xCE, 0x09, 0x96, 0x37,
    0x6D, 0x35, 0xD0, 0xC9, 0x90, 0xF4, 0xD6, 0xD8, 0x46, 0xAF, 0x40, 0xDA, 0x3F, 0x6C, 0x49, 0x14,
    0x84, 0x24, 0xB4, 0xCA, 0x7D, 0x34, 0x9B, 0xD2, 0xAF, 0x61, 0xA6, 0x03, 0x59, 0x16, 0xA5, 0x8A,
    0x35, 0x8B, 0x8B, 0x04, 0x3C, 0x25, 0x86, 0xA4, 0xD2, 0xA0, 0xCE, 0x66, 0x51, 0x34, 0x0E, 0xD7,
    0xE2, 0x88, 0xB3, 0x14, 0x5A, 0x06, 0x57, 0x4B, 0x31, 0xC1, 0xB0, 0xED, 0x56, 0x38, 0x74, 0xAA,
    0x25, 0x9B, 0x14, 0xC3, 0x55, 0xA5, 0x49, 0xA2, 0x0B, 0x59, 0xF4, 0x5D, 0xDB, 0x30, 0x6B, 0x09,
    0x0E, 0x13, 0x45, 0xDD, 0xE1, 0xD8, 0x68, 0x87, 0xCC, 0x14, 0x88, 0x11, 0x0E, 0x13, 0x0F, 0x98,
    0x67, 0x62, 0xE2, 0x9D, 0xDD, 0xB0, 0x61, 0x9C, 0xB6, 0x0D, 0x23, 0x4E, 0x43, 0x26, 0x8E, 0x2A,
    0x12, 0x80, 0x98, 0x35, 0x66, 0xBB, 0x70, 0x3B, 0x30, 0xF4, 0x18, 0x05, 0xD0, 0x82, 0x39, 0x81,
    0xB1, 0x30, 0x51, 0x84, 0x6A, 0x91, 0x91, 0x9B, 0x84, 0x62, 0xC4, 0x4C, 0x0C, 0xC3, 0xA4, 0x9D,
    0xF0, 0xE0, 0x36, 0x9B, 0x1D, 0x92, 0x6A, 0x13, 0x8A, 0x77, 0xD8, 0xD6, 0xC8, 0x6C, 0x18, 0x45,
    0x04, 0x5A, 0xC5, 0x7C, 0x26, 0xAA, 0x75, 0x9A, 0x83, 0x02, 0x20, 0xDD, 0x97, 0x4F, 0x33, 0x63,
    0x86, 0x00, 0xD2, 0xBB, 0x0B, 0x81, 0x94, 0x30, 0xD0, 0xB6, 0xED, 0x38, 0x5A, 0x32, 0x36, 0x35,
    0x86, 0xD3, 0x43, 0x1C, 0x6A, 0x30, 0xD8, 0x32, 0x64, 0xDF, 0x77, 0x65, 0x45, 0x4B, 0x02, 0xDE,
    0x7A, 0x65, 0xD4, 0xD5, 0xAA, 0x63, 0x95, 0x1C, 0x68, 0x31, 0xBC, 0x18, 0x68, 0xE7, 0xDC, 0x29,
    0x6B, 0x24, 0xE2, 0xDC, 0x97, 0xDD, 0x0A, 0x9C, 0x38, 0xD3, 0xE6, 0xEE, 0x3F, 0x06, 0xB7, 0x6F,
    0x81, 0x23, 0x12, 0xD5, 0x07, 0x6A, 0xD4, 0x8C, 0xC8, 0x40, 0xCA, 0xA5, 0x5A, 0x10, 0xA8, 0xA6,
    0x88, 0x88, 0x9A, 0x8A, 0x47, 0x24, 0x70, 0x91, 0xA1, 0x4A, 0x16, 0x16, 0x42, 0x02, 0x28, 0x29,
    0x96, 0x20, 0x99, 0x20, 0x26, 0x0A, 0x41, 0xA8, 0xA6, 0x62, 0x26, 0x16, 0x08, 0x02, 0x99, 0x8E,
    0xB0, 0xB2, 0x89, 0x06, 0x42, 0x42, 0x48, 0x98, 0x5A, 0x04, 0x85, 0x80, 0xA0, 0x82, 0x00, 0x9A,
    0x29, 0x98, 0x89, 0x81, 0x8A, 0x20, 0x4A, 0x88, 0x88, 0x90, 0x96, 0x92, 0x90, 0x2A, 0x2A, 0xA7,
    0x93, 0x21, 0x49, 0xCF, 0x1E, 0xA7, 0x03, 0x6D, 0xA7, 0x82, 0x30, 0x06, 0x0A, 0xC1, 0x5C, 0x21,
    0xC0, 0xE4, 0x5E, 0x01, 0x71, 0x45, 0x00, 0xD6, 0x01, 0x1D, 0x82, 0x81, 0x4E, 0x31, 0x0E, 0xD1,
    0x71, 0x10, 0x81, 0x84, 0x03, 0xB4, 0x07, 0x92, 0xF4, 0xDE, 0x20, 0xA2, 0x4E, 0x07, 0x54, 0x18,
    0xBA, 0xA9, 0xAB, 0x04, 0xD1, 0x2C, 0x68, 0x02, 0xC7, 0x28, 0x75, 0x56, 0xD0, 0xC2, 0x04, 0x84,
    0x92, 0x6C, 0x60, 0xB4, 0xD2, 0x14, 0xD0, 0x53, 0x24, 0x34, 0x34, 0x26, 0xE1, 0x4A, 0x95, 0xEB,
    0xAA, 0xFF, 0x05, 0x82, 0x26, 0x53, 0x1B, 0x1E, 0xF0, 0x29, 0x3B, 0x61, 0x3A, 0xC1, 0x3E, 0x53,
    0x57, 0xA1, 0x04, 0x54, 0xCA, 0xBD, 0x12, 0x15, 0xB8, 0xC1, 0xD8, 0x88, 0x1D, 0x9D, 0x9E, 0x83,
    0x10, 0x25, 0x05, 0x36, 0xBD, 0xC2, 0x6D, 0x29, 0x3E, 0xF4, 0x99, 0x04, 0x11, 0xD9, 0x38, 0x95,
    0xC6, 0x29, 0x92, 0xED, 0x26, 0xB2, 0x16, 0xF2, 0x96, 0x60, 0xEA, 0xF3, 0x28, 0xF2, 0x5F, 0x3D,
    0xB1, 0x81, 0xCC, 0xE5, 0xC1, 0x47, 0x21, 0xF3, 0x16, 0x79, 0x47, 0x0E, 0xC5, 0x09, 0xD4, 0x03,
    0x8D, 0xE5, 0xA1, 0xAE, 0xD0, 0x94, 0x11, 0x0B, 0x01, 0xF3, 0xD8, 0x4E, 0xCF, 0x6E, 0xC1, 0x0E,
    0xA2, 0x3E, 0x9E, 0x0F, 0xAD, 0xF2, 0x55, 0x0C, 0x20, 0x0E, 0xCE, 0x9A, 0x1D, 0x41, 0x0B, 0x24,
    0x94, 0xCF, 0x2B, 0x32, 0x23, 0x70, 0x30, 0x00, 0x88, 0x4D, 0x17, 0xB8, 0x88, 0xFE, 0x24, 0x95,
    0xD8, 0xDB, 0x19, 0xEE, 0x3C, 0x7C, 0xC8, 0xEB, 0x9C, 0x86, 0x4F, 0xB6, 0x9A, 0x25, 0xD0, 0x12,
    0xA9, 0x28, 0xEE, 0x60, 0xB4, 0x2D, 0x4A, 0x08, 0xA9, 0xA0, 0x0B, 0xAC, 0x45, 0x61, 0x04, 0x42,
    0x04, 0x45, 0x7B, 0xA1, 0xB0, 0x03, 0x48, 0x6D, 0x8A, 0x07, 0x54, 0x33, 0xDD, 0x59, 0xA0, 0x0B,
    0xE5, 0x20, 0xE1, 0x16, 0x0E, 0xD5, 0x78, 0xCE, 0x73, 0xE1, 0x7B, 0x13, 0x08, 0xEA, 0x27, 0x0D,
    0x2F, 0x19, 0x09, 0x82, 0xBB, 0xC8, 0x06, 0xAA, 0x84, 0xB3, 0x6C, 0x58, 0x06, 0x66, 0xBD, 0x1A,
    0xCA, 0x23, 0x2D, 0xC5, 0xA5, 0xB0, 0xB8, 0x6B, 0xA3, 0xB8, 0xC2, 0x53, 0x02, 0x43, 0x0C, 0x41,
    0xCB, 0x33, 0x30, 0x8C, 0xCB, 0x33, 0x22, 0x54, 0x0C, 0x81, 0x1C, 0x73, 0x1C, 0x04, 0x3A, 0x18,
    0x9A, 0x01, 0x98, 0x44, 0xC1, 0x83, 0x2D, 0x3E, 0x78, 0x63, 0x51, 0x44, 0x06, 0x5C, 0x0F, 0x70,
    0x29, 0x9B, 0x03, 0x4A, 0xD3, 0x4C, 0x05, 0xA1, 0x9C, 0x54, 0x37, 0xE1, 0x17, 0x01, 0x14, 0x90,
    0x12, 0x40, 0x24, 0x0D, 0x07, 0x77, 0xF3, 0x9E, 0x7E, 0xDC, 0x8C, 0xDD, 0x60, 0x4E, 0x59, 0x50,
    0x14, 0x96, 0x7A, 0xD2, 0x02, 0x11, 0x80, 0xC5, 0x5B, 0x36, 0x0D, 0x7A, 0x88, 0x64, 0x06, 0xD0,
    0x16, 0x1D, 0x7E, 0x90, 0x2E, 0xBE, 0x11, 0xB8, 0x6A, 0xDD, 0x04, 0x76, 0x4E, 0x4C, 0x52, 0xE0,
    0x8A, 0x74, 0x21, 0xA0, 0xA4, 0xF3, 0x42, 0xDF, 0x4E, 0xAD, 0x37, 0x8A, 0x65, 0x6B, 0xDF, 0x2C,
    0xDA, 0x8C, 0xC3, 0x01, 0x6A, 0x80, 0xCB, 0x2C, 0x94, 0x4E, 0x1D, 0x72, 0xF3, 0xB1, 0x55, 0x9C,
    0xF7, 0x07, 0xA0, 0xFD, 0x67, 0xA5, 0x02, 0x37, 0x18, 0x37, 0x07, 0xB5, 0xA4, 0xE5, 0xCB, 0xCA,
    0xDF, 0x91, 0xCA, 0x23, 0x8C, 0x80, 0x89, 0x3A, 0x86, 0x34, 0xCE, 0xA3, 0x3C, 0xAD, 0x6E, 0xDC,
    0xE1, 0xD1, 0x39, 0xBC, 0xE6, 0x98, 0xC0, 0x98, 0xDC, 0xC1, 0xC2, 0x89, 0xD0, 0x23, 0xB0, 0x3A,
    0x54, 0xD0, 0x40, 0x42, 0x42, 0x38, 0x3C, 0x40, 0xD2, 0x3A, 0x61, 0xC9, 0x59, 0x80, 0x2C, 0x1B,
    0x68, 0xC5, 0xEA, 0x1A, 0x2B, 0x03, 0x8C, 0x81, 0xF3, 0x18, 0x66, 0xE7, 0x4B, 0x40, 0xF3, 0x0B,
    0x24, 0x80, 0x25, 0x24, 0x15, 0x02, 0xA3, 0x0D, 0x54, 0x54, 0xED, 0x07, 0x7A, 0xEF, 0x0F, 0x83,
    0x68, 0x77, 0x4B, 0x3D, 0xDE, 0xEA, 0xA7, 0x23, 0x1C, 0x2C, 0xAE, 0xE3, 0x46, 0x88, 0x9E, 0x4B,
    0x80, 0xC0, 0xC3, 0xB1, 0x28, 0x68, 0x84, 0x13, 0x64, 0x0D, 0x86, 0xFA, 0xFF, 0x57, 0xEA, 0xF2,
    0x8F, 0xB7, 0xDD, 0x55, 0xFD, 0xFB, 0x7E, 0x6B, 0x3B, 0xB5, 0x45, 0x9E, 0xF0, 0xF3, 0xFA, 0x71,
    0x7C, 0x4C, 0x3E, 0x3F, 0x72, 0xF5, 0x16, 0xB2, 0x7C, 0xB8, 0xB3, 0x89, 0x33, 0x99, 0xAC, 0xBB,
    0xAC, 0x4C, 0xCB, 0xC5, 0xED, 0x89, 0xCC, 0x4B, 0xBD, 0x44, 0x4D, 0x55, 0x4A, 0x86, 0xB9, 0x72,
    0x05, 0x4F, 0x8C, 0x19, 0x95, 0x77, 0x4F, 0x84, 0x55, 0x9A, 0x66, 0xD7, 0x4A, 0x47, 0x4C, 0xCA,
    0x62, 0x64, 0xB6, 0x14, 0x4A, 0x1D, 0xE6, 0x20, 0x80, 0x66, 0xD0, 0x6E, 0x37, 0x09, 0x1B, 0x90,
    0xCE, 0x71, 0x33, 0x9F, 0x83, 0x74, 0xD3, 0x46, 0xD1, 0x36, 0x8F, 0x10, 0x47, 0xD5, 0x61, 0x94,
    0x19, 0x31, 0x05, 0xF0, 0x60, 0x74, 0x39, 0x3F, 0xE6, 0x43, 0x61, 0xB0, 0x3B, 0xEB, 0x13, 0x89,
    0xA7, 0x2A, 0x92, 0x6A, 0x9F, 0xB4, 0x73, 0x83, 0x87, 0x2D, 0x72, 0xF0, 0x61, 0x09, 0xB1, 0x53,
    0x25, 0x52, 0x29, 0xD3, 0x6B, 0xB0, 0xB0, 0x1A, 0xD3, 0x26, 0x41, 0x52, 0x8B, 0x9B, 0x1F, 0xC3,
    0xDC, 0xDC, 0xE6, 0x3F, 0x28, 0x46, 0x4C, 0x72, 0xDD, 0x28, 0xBA, 0x44, 0xD4, 0xCC, 0xF2, 0xA6,
    0xA8, 0x79, 0xB4, 0xAE, 0x6B, 0x72, 0xC4, 0x8F, 0x4F, 0x2D, 0x19, 0x9A, 0xC1, 0x57, 0x16, 0x39,
    0x44, 0x06, 0x1B, 0x3B, 0x46, 0xDC, 0x59, 0xEC, 0xB0, 0xE8, 0x4B, 0x61, 0xF7, 0x00, 0x59, 0xB5,
    0x61, 0xE6, 0xAE, 0x47, 0x8C, 0xDD, 0x37, 0xEC, 0xD2, 0x4C, 0x86, 0x36, 0x49, 0xA4, 0x43, 0x6A,
    0xD0, 0x89, 0x95, 0x90, 0x66, 0xA4, 0xBB, 0xAE, 0xF0, 0xE4, 0x4D, 0xB6, 0xAD, 0xB6, 0xD5, 0xA3,
    0x3B, 0x0A, 0x23, 0x6B, 0xA5, 0x7B, 0xD6, 0x2F, 0x98, 0xB3, 0xDB, 0x43, 0x81, 0x8A, 0xB6, 0x4D,
    0x60, 0x74, 0x5B, 0x9B, 0x84, 0xC6, 0x5D, 0x2C, 0x46, 0xA9, 0x9D, 0x21, 0x2B, 0x3B, 0xDF, 0x2A,
    0xF1, 0x9C, 0xDB, 0x28, 0x4E, 0xBB, 0x9A, 0x31, 0x06, 0x96, 0x44, 0x41, 0x91, 0xF0, 0x64, 0xB1,
    0x0D, 0x9B, 0x38, 0x49, 0x67, 0x08, 0x31, 0x86, 0xA8, 0x8C, 0x59, 0x95, 0x9A, 0x0C, 0xB5, 0x43,
    0x9C, 0xBD, 0xFE, 0xFF, 0x50, 0x1D, 0x7B, 0xB7, 0xEC, 0x21, 0x1B, 0x52, 0x48, 0xE0, 0xD9, 0x06,
    0x46, 0xE1, 0x0D, 0xC4, 0x39, 0xCE, 0x45, 0xE4, 0x68, 0x43, 0x9A, 0x64, 0xA3, 0x9A, 0x8B, 0x65,
    0x4B, 0xAC, 0xF1, 0xAA, 0xA7, 0x7A, 0x58, 0x6C, 0x40, 0xF9, 0x10, 0x8F, 0xFC, 0x0F, 0x43, 0x2D,
    0x1B, 0xCC, 0x30, 0x23, 0xBA, 0x0D, 0xE5, 0x1F, 0x28, 0x42, 0x7C, 0xE0, 0xBA, 0x5E, 0x27, 0x82,
    0x03, 0x94, 0xA8, 0x2E, 0x40, 0x16, 0xC3, 0x80, 0x27, 0xEB, 0xAA, 0x7D, 0x15, 0x0C, 0x31, 0x15,
    0x0C, 0x32, 0x90, 0x93, 0x24, 0x03, 0x24, 0x46, 0x2A, 0x90, 0x09, 0x03, 0x8B, 0xB6, 0x07, 0x89,
    0xEB, 0x7C, 0xC8, 0x90, 0xEA, 0x08, 0x04, 0x3D, 0xAF, 0xD1, 0x6F, 0xC5, 0x04, 0xDF, 0xC0, 0x2D,
    0x20, 0xC6, 0xAF, 0x83, 0xAB, 0x09, 0x07, 0x74, 0x68, 0x0F, 0xC5, 0x67, 0xF5, 0xAD, 0x50, 0xA3,
    0x69, 0x3B, 0x20, 0x79, 0xD1, 0x0C, 0x79, 0x86, 0x3C, 0x85, 0x40, 0xA0, 0x00, 0xA0, 0x05, 0x82,
    0x41, 0x3F, 0x78, 0xCC, 0x45, 0x1E, 0x44, 0x3C, 0x5D, 0x7E, 0xB9, 0xEB, 0x27, 0x1B, 0xCF, 0xF2,
    0xB8, 0xFB, 0xF3, 0xA0, 0xF0, 0xED, 0x15, 0x8C, 0x4C, 0xC6, 0x49, 0x03, 0x50, 0xEB, 0x7D, 0x28,
    0x8C, 0x88, 0x87, 0x5B, 0x11, 0xB3, 0xA8, 0xF4, 0xAF, 0x2B, 0x52, 0x04, 0x60, 0x5C, 0xD9, 0x88,
    0xDE, 0xDB, 0x18, 0x35, 0x4C, 0x30, 0x8D, 0xA3, 0x39, 0x82, 0x13, 0x93, 0xC7, 0x64, 0xB4, 0x40,
    0x99, 0xCD, 0xC9, 0xE3, 0x97, 0x7B, 0x88, 0x11, 0x48, 0xA5, 0x41, 0x55, 0x38, 0xA2, 0x8A, 0x9B,
    0xBE, 0xE7, 0x17, 0x77, 0x2D, 0x41, 0xBD, 0xBB, 0x9A, 0xD1, 0x22, 0xE3, 0x11, 0xDF, 0x21, 0xA9,
    0x3E, 0x18, 0xAA, 0x63, 0xD0, 0x5C, 0x4F, 0x57, 0xF9, 0xFD, 0xD5, 0x1A, 0x4F, 0xA8, 0x0F, 0x03,
    0x7E, 0x67, 0x74, 0x7E, 0x44, 0x45, 0x59, 0x84, 0x50, 0x44, 0x86, 0x0C, 0x24, 0xB0, 0xB3, 0x00,
    0xC2, 0x89, 0xEF, 0x04, 0x6A, 0x9D, 0xBB, 0xDB, 0x60, 0x38, 0xE0, 0x3F, 0x13, 0x20, 0x39, 0x02,
    0x0C, 0xF2, 0xE2, 0xFB, 0x9E, 0xC1, 0xC7, 0xEC, 0xDC, 0x0D, 0x84, 0x60, 0x20, 0xF0, 0xB0, 0x05,
    0x68, 0x20, 0x7C, 0xC6, 0x1A, 0x13, 0xC8, 0xD8, 0x4D, 0x23, 0x7B, 0xDE, 0x78, 0xAA, 0x2E, 0xBA,
    0x1D, 0x95, 0x1D, 0x58, 0x61, 0xDE, 0x56, 0xB2, 0x6C, 0x68, 0x6D, 0x15, 0x9C, 0xB3, 0x3F, 0x2A,
    0xDB, 0x4B, 0x2E, 0xAC, 0x5F, 0x45, 0x2E, 0x70, 0x3A, 0x10, 0xC3, 0x60, 0xF4, 0x88, 0x3F, 0x00,
    0xE2, 0x12, 0x38, 0xD4, 0x7B, 0x6D, 0xEF, 0xB6, 0xE2, 0x7B, 0xB4, 0x4C, 0xBF, 0xCD, 0x0D, 0xFA,
    0xB8, 0x70, 0x72, 0x5C, 0x1C, 0x4B, 0xCD, 0x15, 0xBB, 0x11, 0x03, 0xC2, 0xB8, 0x69, 0x83, 0x90,
    0x7B, 0x84, 0x50, 0xFC, 0x9C, 0xAC, 0x20, 0xD2, 0x58, 0x20, 0x0D, 0x44, 0xA2, 0x2A, 0x1F, 0xAE,
    0xC5, 0x37, 0x18, 0x51, 0x13, 0xE3, 0x85, 0x60, 0x51, 0x08, 0xA8, 0x77, 0x4E, 0xE9, 0xC9, 0x63,
    0x9C, 0xD3, 0x62, 0x9F, 0x37, 0xAC, 0x87, 0x1F, 0x51, 0xED, 0x36, 0x44, 0xA9, 0x84, 0xB1, 0x2C,
    0x91, 0x03, 0x1F, 0xE5, 0xCC, 0x08, 0xC6, 0x05, 0x24, 0x16, 0x2B, 0x36, 0x5F, 0x42, 0xD4, 0xB8,
    0x0E, 0x42, 0x09, 0x8D, 0x37, 0xE1, 0xC0, 0x3A, 0x40, 0x07, 0xB5, 0x05, 0x61, 0xFF, 0xBF, 0xFD,
    0x50, 0x54, 0x1F, 0x7D, 0x52, 0x18, 0x03, 0x5D, 0x72, 0x39, 0x56, 0x28, 0x78, 0x5F, 0x3D, 0x36,
    0xD2, 0x25, 0xBA, 0x37, 0x2D, 0xBB, 0xFE, 0xB1, 0xC0, 0x07, 0xDF, 0xF2, 0x70, 0x03, 0x62, 0x6A,
    0x9B, 0xD1, 0x61, 0x9A, 0xA0, 0x64, 0x5A, 0x92, 0x93, 0x31, 0x84, 0xBB, 0xB1, 0x32, 0x3D, 0xB4,
    0xEE, 0x0E, 0x22, 0x80, 0xD0, 0x99, 0x61, 0xDD, 0x9A, 0x89, 0xB9, 0xF5, 0x38, 0x1A, 0x25, 0x35,
    0xB8, 0x37, 0xAB, 0x4A, 0x7D, 0x2A, 0x9F, 0x70, 0xA4, 0x5A, 0xD9, 0x57, 0x05, 0xC3, 0x05, 0xC0,
    0x30, 0xC1, 0x5C, 0x14, 0x35, 0xC1, 0xAD, 0x0F, 0x4D, 0x9C, 0x44, 0x25, 0x2D, 0xF1, 0x4D, 0xEE,
    0xF3, 0xC0, 0xE9, 0x95, 0x01, 0x76, 0x0E, 0xCC, 0x30, 0x24, 0x00, 0xB2, 0x01, 0x04, 0x31, 0x20,
    0x97, 0x7A, 0x1F, 0x54, 0xA7, 0xA0, 0xD7, 0x33, 0x4F, 0x09, 0xF7, 0xFF, 0xAF, 0xC6, 0x83, 0xA1,
    0x2B, 0xA2, 0x14, 0xF8, 0x60, 0xA4, 0xA0, 0x7E, 0x99, 0x29, 0x68, 0x4B, 0xEC, 0x60, 0x6A, 0xD4,
    0x14, 0x14, 0x19, 0x64, 0x94, 0x66, 0x60, 0xD0, 0x52, 0x50, 0x50, 0x50, 0xD2, 0x50, 0x50, 0xE4,
    0x26, 0x4A, 0xD2, 0x50, 0x76, 0xC7, 0xE8, 0x91, 0xBC, 0xEA, 0x0D, 0xA4, 0x28, 0x28, 0xC2, 0x1B,
    0x95, 0x18, 0x02, 0xEA, 0x78, 0x35, 0x86, 0x4B, 0x8B, 0xF8, 0xB1, 0xC1, 0x47, 0xCB, 0x3C, 0xA5,
    0x08, 0x65, 0xA2, 0x21, 0xA2, 0x95, 0x05, 0x45, 0x4C, 0x1A, 0xFA, 0x9A, 0xFC, 0x94, 0x46, 0x76,
    0xC4, 0x68, 0xB2, 0xC9, 0xCC, 0xEB, 0x34, 0x74, 0x49, 0x53, 0x72, 0x37, 0x86, 0x08, 0x39, 0xC1,
    0x4D, 0x52, 0x51, 0x4D, 0x0D, 0x34, 0xD3, 0xD0, 0x3F, 0xDC, 0x10, 0x75, 0x1A, 0x36, 0x8A, 0x1D,
    0xE3, 0xE0, 0x84, 0xF1, 0x15, 0x95, 0x98, 0xFB, 0x26, 0x6E, 0xD6, 0xDB, 0x62, 0x0E, 0x1A, 0x01,
    0x04, 0x9B, 0x4F, 0xDC, 0x9B, 0xD8, 0x63, 0x08, 0x25, 0x61, 0x74, 0xA6, 0x6A, 0x13, 0x21, 0x22,
    0x28, 0xA0, 0x5F, 0xDB, 0x30, 0x83, 0x11, 0xDA, 0x7A, 0x5F, 0x82, 0x75, 0x2E, 0xA0, 0xA5, 0xF1,
    0xB8, 0x12, 0x4A, 0x03, 0xA7, 0x89, 0xE0, 0x68, 0x48, 0x09, 0x77, 0x80, 0xDE, 0x5E, 0x24, 0xD5,
    0x92, 0x65, 0x92, 0x65, 0x92, 0x65, 0x92, 0x64, 0x26, 0x4D, 0x07, 0x20, 0x6D, 0x9A, 0x12, 0x8A,
    0x59, 0xFE, 0xAC, 0x61, 0x2A, 0x73, 0xDB, 0x40, 0x69, 0xD4, 0xBC, 0x7F, 0xFB, 0x03, 0x23, 0xF5,
    0xA0, 0x22, 0x69, 0xDD, 0x80, 0xE9, 0x65, 0x1C, 0x66, 0x37, 0x6C, 0x0E, 0x8A, 0x22, 0x85, 0xB9,
    0xEC, 0x06, 0x69, 0x08, 0x31, 0xCD, 0xB6, 0x41, 0xD6, 0x99, 0x9A, 0x52, 0x4A, 0x56, 0x11, 0xDB,
    0x5A, 0x03, 0x5A, 0x85, 0x23, 0x1C, 0x80, 0x36, 0x33, 0x21, 0x4E, 0xA8, 0x29, 0x43, 0x38, 0x9C,
    0xE7, 0x98, 0xD3, 0x4B, 0x5C, 0x4E, 0x14, 0x32, 0x6F, 0x0F, 0xA3, 0xD0, 0x38, 0xCE, 0xC6, 0x02,
    0x0C, 0x00, 0x9F, 0xE8, 0xC3, 0xBE, 0x28, 0xFF, 0x6C, 0x3B, 0x25, 0x55, 0x49, 0x03, 0x27, 0x28,
    0x29, 0xEC, 0xF2, 0x43, 0xE2, 0x7D, 0xF7, 0xE0, 0x3F, 0x50, 0x3F, 0x3C, 0xCA, 0x58, 0x20, 0x08,
    0x10, 0x27, 0x85, 0xA4, 0x11, 0x7D, 0x03, 0xD6, 0x61, 0x98, 0xC0, 0x8A, 0x9E, 0x85, 0x14, 0x15,
    0x64, 0x4B, 0x41, 0xB0, 0xD8, 0x85, 0xA2, 0xAC, 0x54, 0x80, 0xD8, 0xF5, 0x7C, 0x96, 0xF2, 0x56,
    0x76, 0xA8, 0xA1, 0x8B, 0x43, 0xE5, 0x84, 0x08, 0xC4, 0xDA, 0x06, 0xD8, 0x32, 0xC2, 0x2C, 0x89,
    0x28, 0x12, 0xDC, 0xF4, 0x37, 0x7F, 0x25, 0x36, 0x16, 0x9C, 0xA8, 0xCC, 0xE2, 0x6A, 0x01, 0x23,
    0x20, 0x9B, 0x68, 0x91, 0x55, 0xDE, 0x88, 0x66, 0x52, 0xEF, 0x28, 0xBA, 0x48, 0xAF, 0xDF, 0x0E,
    0x41, 0xA2, 0xE5, 0xDC, 0x70, 0x09, 0xE0, 0x0C, 0xE2, 0x10, 0x21, 0xE4, 0x0F, 0xD9, 0x6F, 0x6D,
    0x07, 0xA6, 0x80, 0x4C, 0x4B, 0x94, 0x76, 0xCE, 0xDC, 0x87, 0xAF, 0x9B, 0x1C, 0xB5, 0x1A, 0xAC,
    0xD0, 0x67, 0x92, 0x89, 0x82, 0x44, 0x55, 0xF9, 0xF1, 0xF7, 0xB8, 0x74, 0xD8, 0xAE, 0x48, 0x83,
    0xE3, 0x21, 0x24, 0x51, 0x04, 0x11, 0x37, 0x3F, 0xA5, 0x3C, 0xCF, 0xD1, 0x6B, 0xD2, 0x7E, 0xAC,
    0x3D, 0x4F, 0x01, 0x77, 0x9F, 0x49, 0x04, 0x1E, 0x02, 0xBE, 0xD1, 0x2A, 0x46, 0x8F, 0x3D, 0x19,
    0xE5, 0x21, 0x81, 0xE2, 0x1D, 0xC9, 0x55, 0x57, 0xA7, 0x7D, 0xCA, 0x2F, 0x5B, 0xB0, 0x31, 0x45,
    0xC9, 0x61, 0xA8, 0x4C, 0x10, 0xCC, 0x6C, 0x25, 0xC1, 0x05, 0x3C, 0x6E, 0xAE, 0x38, 0xF9, 0x61,
    0xD2, 0x28, 0x1B, 0x9F, 0x2C, 0x0A, 0x95, 0x8A, 0x16, 0x0C, 0x13, 0x10, 0xC7, 0xC2, 0x7E, 0x76,
    0x0F, 0xBF, 0x3F, 0x65, 0x53, 0xFF, 0xC5, 0xDC, 0x91, 0x4E, 0x14, 0x24, 0x04, 0x01, 0x13, 0x1B,
    0x40, 0x00, 0x00, 0x00, 0x00, 0x00, 0x00, 0x00, 0x00, 0x00, 0x00, 0x00, 0x00, 0x00, 0x00, 0x00,
    0x00, 0x00, 0x00, 0x00, 0x00, 0x00, 0x00, 0x00, 0x00, 0x00, 0x00, 0x00, 0x00, 0x00, 0x00, 0x00,
    0x00, 0x00, 0x00, 0x00, 0x00, 0x00, 0x00, 0x00, 0x00, 0x00, 0x00, 0x00, 0x00, 0x00, 0x00, 0x00,
    0x00, 0x00, 0x00, 0x00, 0x00, 0x00, 0x00, 0x00, 0x00, 0x00, 0x00, 0x00, 0x00, 0x00, 0x00, 0x00,
    0x00, 0x00, 0x00, 0x00, 0x00, 0x00, 0x00, 0x00, 0x00, 0x00, 0x00, 0x00, 0x00, 0x00, 0x00, 0x00,
    0x00, 0x00, 0x00, 0x00, 0x00, 0x00, 0x00, 0x00, 0x00, 0x00, 0x00, 0x00, 0x00, 0x00, 0x00, 0x00,
    0x00, 0x00, 0x00, 0x00, 0x00, 0x00, 0x00, 0x00, 0x00, 0x00, 0x00, 0x00, 0x00, 0x00, 0x00, 0x00,
    0x00, 0x00, 0x00, 0x00, 0x00, 0x00, 0x00, 0x00, 0x00, 0x00, 0x00, 0x00, 0x00, 0x00, 0x00, 0x00,
    0x00, 0x00, 0x00, 0x00, 0x00, 0x00, 0x00, 0x00, 0x00, 0x00, 0x00, 0x00, 0x00, 0x00, 0x00, 0x00,
    0x00, 0x00, 0x00, 0x00, 0x00, 0x00, 0x00, 0x00, 0x00, 0x00, 0x00, 0x00, 0x00, 0x00, 0x00, 0x00,
    0x00, 0x00, 0x00, 0x00, 0x00, 0x00, 0x00, 0x00, 0x00, 0x00, 0x00, 0x00, 0x00, 0x00, 0x00, 0x00,
    0x00, 0x00, 0x00, 0x00, 0x00, 0x00, 0x00, 0x00, 0x00, 0x00, 0x00, 0x00, 0x00, 0x00, 0x00, 0x00,
    0x00, 0x00, 0x00, 0x00, 0x00, 0x00, 0x00, 0x00, 0x00, 0x00, 0x00, 0x00, 0x00, 0x00, 0x00, 0x00,
    0x00, 0x00, 0x00, 0x00, 0x00, 0x00, 0x00, 0x00, 0x00, 0x00, 0x00, 0x00, 0x00, 0x00, 0x00, 0x00,
    0x00, 0x00, 0x00, 0x00, 0x00, 0x00, 0x00, 0x00, 0x00, 0x00, 0x00, 0x00, 0x00, 0x00, 0x00, 0x00,
    0x00, 0x00, 0x00, 0x00, 0x00, 0x00, 0x00, 0x00, 0x00, 0x00, 0x00, 0x00, 0x00, 0x00, 0x00, 0x00,
    0x00, 0x00, 0x00, 0x00, 0x00, 0x00, 0x00, 0x00, 0x00, 0x00, 0x00, 0x00, 0x00, 0x00, 0x00, 0x00,
    0x00, 0x00, 0x00, 0x00, 0x00, 0x00, 0x00, 0x00, 0x00, 0x00, 0x00, 0x00, 0x00, 0x00, 0x00, 0x00,
    0x00, 0x00, 0x00, 0x00, 0x00, 0x00, 0x00, 0x00, 0x00, 0x00, 0x00, 0x00, 0x00, 0x00, 0x00, 0x00,
    0x00, 0x00, 0x00, 0x00, 0x00, 0x00, 0x00, 0x00, 0x00, 0x00, 0x00, 0x00, 0x00, 0x00, 0x00, 0x00,
    0x00, 0x00, 0x00, 0x00, 0x00, 0x00, 0x00, 0x00, 0x00, 0x00, 0x00, 0x00, 0x00, 0x00, 0x00, 0x00,
    0x00, 0x00, 0x00, 0x00, 0x00, 0x00, 0x00, 0x00, 0x00, 0x00, 0x00, 0x00, 0x00, 0x00, 0x00, 0x00,
    0x00, 0x00, 0x00, 0x00, 0x00, 0x00, 0x00, 0x00, 0x00, 0x00, 0x00, 0x00, 0x00, 0x00, 0x00, 0x00,
    0x00, 0x00, 0x00, 0x00, 0x00, 0x00, 0x00, 0x00, 0x00, 0x00, 0x00, 0x00, 0x00, 0x00, 0x00, 0x00,
    0x00, 0x00, 0x00, 0x00, 0x00, 0x00, 0x00, 0x00, 0x00, 0x00, 0x00, 0x00, 0x00, 0x00, 0x00, 0x00,
    0x00, 0x00, 0x00, 0x00, 0x00, 0x00, 0x00, 0x00, 0x00, 0x00, 0x00, 0x00, 0x00, 0x00, 0x00, 0x00,
    0x00, 0x00, 0x00, 0x00, 0x00, 0x00, 0x00, 0x00, 0x00, 0x00, 0x00, 0x00, 0x00, 0x00, 0x00, 0x00,
    0x00, 0x00, 0x00, 0x00, 0x00, 0x00, 0x00, 0x00, 0x00, 0x00, 0x00, 0x00, 0x00, 0x00, 0x00, 0x00,
    0x00, 0x00, 0x00, 0x00, 0x00, 0x00, 0x00, 0x00, 0x00, 0x00, 0x00, 0x00, 0x00, 0x00, 0x00, 0x00,
    0x00, 0x00, 0x00, 0x00, 0x00, 0x00, 0x00, 0x00, 0x00, 0x00, 0x00, 0x00, 0x00, 0x00, 0x00, 0x00,
    0x00, 0x00, 0x00, 0x00, 0x00, 0x00, 0x00, 0x00, 0x00, 0x00, 0x00, 0x00, 0x00, 0x00, 0x00, 0x00,
    0x00, 0x00, 0x00, 0x00, 0x00, 0x00, 0x00, 0x00, 0x00, 0x00, 0x00, 0x00, 0x00, 0x00, 0x00, 0x00,
    0x00, 0x00, 0x00, 0x00, 0x00, 0x00, 0x00, 0x00, 0x00, 0x00, 0x00, 0x00, 0x00, 0x00, 0x00, 0x00,
    0x00, 0x00, 0x00, 0x00, 0x00, 0x00, 0x00, 0x00, 0x00, 0x00, 0x00, 0x00, 0x00, 0x00, 0x00, 0x00,
    0x00, 0x00, 0x00, 0x00, 0x00, 0x00, 0x00, 0x00, 0x00, 0x00, 0x00, 0x00, 0x00, 0x00, 0x00, 0x00,
    0x00, 0x00, 0x00, 0x00, 0x00, 0x00, 0x00, 0x00, 0x00, 0x00, 0x00, 0x00, 0x00, 0x00, 0x00, 0x00,
    0x45, 0x4E, 0x44, 0x54,
};
