// Generated with `xb buildshaders`.
const uint8_t texture_load_16bpb_scaled_cs_metallib[] = {
    0x4D, 0x54, 0x4C, 0x42, 0x01, 0x80, 0x02, 0x00, 0x09, 0x00, 0x00, 0x81, 0x1A, 0x00, 0x00, 0x00,
    0x65, 0x79, 0x00, 0x00, 0x00, 0x00, 0x00, 0x00, 0x58, 0x00, 0x00, 0x00, 0x00, 0x00, 0x00, 0x00,
    0x8E, 0x00, 0x00, 0x00, 0x00, 0x00, 0x00, 0x00, 0x04, 0x01, 0x00, 0x00, 0x00, 0x00, 0x00, 0x00,
    0x08, 0x00, 0x00, 0x00, 0x00, 0x00, 0x00, 0x00, 0x0C, 0x01, 0x00, 0x00, 0x00, 0x00, 0x00, 0x00,
    0xD5, 0x00, 0x00, 0x00, 0x00, 0x00, 0x00, 0x00, 0xE1, 0x01, 0x00, 0x00, 0x00, 0x00, 0x00, 0x00,
    0xE0, 0x25, 0x00, 0x00, 0x00, 0x00, 0x00, 0x00, 0x01, 0x00, 0x00, 0x00, 0x8E, 0x00, 0x00, 0x00,
    0x4E, 0x41, 0x4D, 0x45, 0x0B, 0x00, 0x78, 0x65, 0x73, 0x6C, 0x5F, 0x65, 0x6E, 0x74, 0x72, 0x79,
    0x00, 0x54, 0x59, 0x50, 0x45, 0x01, 0x00, 0x02, 0x48, 0x41, 0x53, 0x48, 0x20, 0x00, 0x81, 0x55,
    0x9E, 0x0A, 0xE8, 0x78, 0xB8, 0x3D, 0x53, 0xBC, 0x99, 0x16, 0x77, 0xDA, 0xC1, 0x65, 0x3A, 0x9C,
    0x47, 0x45, 0xF9, 0x6B, 0x21, 0x69, 0xA7, 0xF1, 0xCB, 0xA0, 0xD4, 0xB9, 0x37, 0x79, 0x4D, 0x44,
    0x53, 0x5A, 0x08, 0x00, 0xE0, 0x25, 0x00, 0x00, 0x00, 0x00, 0x00, 0x00, 0x4F, 0x46, 0x46, 0x54,
    0x18, 0x00, 0x00, 0x00, 0x00, 0x00, 0x00, 0x00, 0x00, 0x00, 0x00, 0x00, 0x00, 0x00, 0x00, 0x00,
    0x00, 0x00, 0x00, 0x00, 0x00, 0x00, 0x00, 0x00, 0x00, 0x00, 0x56, 0x45, 0x52, 0x53, 0x08, 0x00,
    0x02, 0x00, 0x08, 0x00, 0x04, 0x00, 0x00, 0x00, 0x53, 0x4F, 0x46, 0x46, 0x08, 0x00, 0x7B, 0x01,
    0x00, 0x00, 0x00, 0x00, 0x00, 0x00, 0x45, 0x4E, 0x44, 0x54, 0x48, 0x53, 0x52, 0x44, 0x10, 0x00,
    0xC1, 0x27, 0x00, 0x00, 0x00, 0x00, 0x00, 0x00, 0xA4, 0x51, 0x00, 0x00, 0x00, 0x00, 0x00, 0x00,
    0x45, 0x4E, 0x44, 0x54, 0x04, 0x00, 0x00, 0x00, 0x45, 0x4E, 0x44, 0x54, 0xD1, 0x00, 0x00, 0x00,
    0x44, 0x45, 0x42, 0x49, 0x7B, 0x00, 0x10, 0x00, 0x00, 0x00, 0x2F, 0x55, 0x73, 0x65, 0x72, 0x73,
    0x2F, 0x77, 0x6D, 0x61, 0x72, 0x74, 0x69, 0x2F, 0x44, 0x6F, 0x63, 0x75, 0x6D, 0x65, 0x6E, 0x74,
    0x73, 0x2F, 0x78, 0x65, 0x6E, 0x69, 0x61, 0x2D, 0x6D, 0x61, 0x63, 0x2F, 0x73, 0x63, 0x72, 0x61,
    0x74, 0x63, 0x68, 0x2F, 0x77, 0x6F, 0x72, 0x6B, 0x74, 0x72, 0x65, 0x65, 0x73, 0x2F, 0x78, 0x65,
    0x6E, 0x69, 0x61, 0x2D, 0x63, 0x61, 0x6E, 0x61, 0x72, 0x79, 0x2D, 0x72, 0x65, 0x62, 0x61, 0x73,
    0x65, 0x2F, 0x73, 0x72, 0x63, 0x2F, 0x78, 0x65, 0x6E, 0x69, 0x61, 0x2F, 0x67, 0x70, 0x75, 0x2F,
    0x73, 0x68, 0x61, 0x64, 0x65, 0x72, 0x73, 0x2F, 0x74, 0x65, 0x78, 0x74, 0x75, 0x72, 0x65, 0x5F,
    0x6C, 0x6F, 0x61, 0x64, 0x5F, 0x31, 0x36, 0x62, 0x70, 0x62, 0x2E, 0x78, 0x65, 0x73, 0x6C, 0x69,
    0x00, 0x44, 0x45, 0x50, 0x46, 0x46, 0x00, 0x73, 0x72, 0x63, 0x2F, 0x78, 0x65, 0x6E, 0x69, 0x61,
    0x2F, 0x67, 0x70, 0x75, 0x2F, 0x73, 0x68, 0x61, 0x64, 0x65, 0x72, 0x73, 0x2F, 0x62, 0x79, 0x74,
    0x65, 0x63, 0x6F, 0x64, 0x65, 0x2F, 0x6D, 0x65, 0x74, 0x61, 0x6C, 0x2F, 0x74, 0x65, 0x78, 0x74,
    0x75, 0x72, 0x65, 0x5F, 0x6C, 0x6F, 0x61, 0x64, 0x5F, 0x31, 0x36, 0x62, 0x70, 0x62, 0x5F, 0x73,
    0x63, 0x61, 0x6C, 0x65, 0x64, 0x5F, 0x63, 0x73, 0x2E, 0x61, 0x69, 0x72, 0x00, 0x45, 0x4E, 0x44,
    0x54, 0xDE, 0xC0, 0x17, 0x0B, 0x00, 0x00, 0x00, 0x00, 0x14, 0x00, 0x00, 0x00, 0xC8, 0x25, 0x00,
    0x00, 0xFF, 0xFF, 0xFF, 0xFF, 0x42, 0x43, 0xC0, 0xDE, 0x35, 0x14, 0x00, 0x00, 0x03, 0x00, 0x00,
    0x00, 0x62, 0x0C, 0x30, 0x24, 0x80, 0x10, 0x05, 0xC8, 0x14, 0x00, 0x00, 0x00, 0x21, 0x0C, 0x00,
    0x00, 0x14, 0x09, 0x00, 0x00, 0x0B, 0x02, 0x21, 0x00, 0x02, 0x00, 0x00, 0x00, 0x16, 0x00, 0x00,
    0x00, 0x07, 0x81, 0x23, 0x91, 0x41, 0xC8, 0x04, 0x49, 0x06, 0x10, 0x32, 0x39, 0x92, 0x01, 0x84,
    0x0C, 0x25, 0x05, 0x08, 0x19, 0x1E, 0x04, 0x8B, 0x62, 0x80, 0x14, 0x45, 0x02, 0x42, 0x92, 0x0B,
    0x42, 0xA4, 0x10, 0x32, 0x14, 0x38, 0x08, 0x18, 0x4B, 0x0A, 0x32, 0x52, 0x88, 0x48, 0x70, 0xC4,
    0x21, 0x23, 0x44, 0x12, 0x87, 0x8C, 0x10, 0x41, 0x92, 0x02, 0x64, 0xC8, 0x08, 0xB1, 0x14, 0x20,
    0x43, 0x46, 0x88, 0x20, 0xC9, 0x01, 0x32, 0x52, 0x84, 0x18, 0x2A, 0x28, 0x2A, 0x90, 0x31, 0x7C,
    0xB0, 0x5C, 0x91, 0x20, 0xC5, 0xC8, 0x00, 0x00, 0x00, 0x89, 0x20, 0x00, 0x00, 0x27, 0x00, 0x00,
    0x00, 0x32, 0x22, 0x48, 0x09, 0x20, 0x62, 0x46, 0x00, 0x21, 0x2B, 0x24, 0x98, 0x14, 0x21, 0x25,
    0x24, 0x98, 0x14, 0x19, 0x27, 0x0C, 0x85, 0xA4, 0x90, 0x60, 0x52, 0x64, 0x5C, 0x20, 0x24, 0x65,
    0x82, 0x20, 0x1B, 0x01, 0x98, 0x23, 0x00, 0x83, 0x61, 0x84, 0x21, 0xC0, 0x3B, 0x90, 0xA6, 0x88,
    0x12, 0x26, 0xFF, 0x22, 0xA4, 0xE5, 0x47, 0x86, 0x5F, 0x70, 0x1A, 0x69, 0x02, 0x9A, 0x69, 0xA3,
    0x8A, 0x82, 0x88, 0xFE, 0x8B, 0xF8, 0x27, 0xE2, 0x9A, 0xA8, 0x88, 0xF8, 0x17, 0x07, 0x18, 0x7E,
    0xC1, 0x69, 0xA4, 0x09, 0x68, 0x26, 0x29, 0x21, 0x21, 0x84, 0x20, 0x42, 0x08, 0x83, 0x08, 0x83,
    0x30, 0x8C, 0x40, 0x04, 0x83, 0x08, 0x45, 0x60, 0x0A, 0x40, 0x8C, 0x11, 0x74, 0xCC, 0x10, 0x42,
    0xA0, 0x34, 0x47, 0x10, 0x0C, 0x23, 0x08, 0x81, 0x39, 0xC2, 0x12, 0x21, 0x04, 0x46, 0x6D, 0x18,
    0x41, 0x58, 0x8C, 0xB0, 0x1E, 0xC1, 0x81, 0x00, 0x15, 0x08, 0x73, 0x04, 0xA0, 0x30, 0x88, 0x10,
    0x08, 0x83, 0x08, 0x82, 0x30, 0x8C, 0x30, 0x2C, 0x53, 0x00, 0x00, 0x00, 0x00, 0x51, 0x18, 0x00,
    0x00, 0xE7, 0x00, 0x00, 0x00, 0x1B, 0xF2, 0x23, 0xF8, 0xFF, 0xFF, 0xFF, 0xFF, 0x01, 0x68, 0x03,
    0xC0, 0x14, 0x00, 0x3F, 0x00, 0xFE, 0x00, 0x90, 0x80, 0x3E, 0x20, 0xC2, 0x01, 0x1E, 0xE0, 0x41,
    0x1E, 0xDE, 0x01, 0x1F, 0xDA, 0xC0, 0x1C, 0xEA, 0xC1, 0x1D, 0xC6, 0xA1, 0x0D, 0xCC, 0x01, 0x1E,
    0xDA, 0xA0, 0x1D, 0xC2, 0x81, 0x1E, 0xD0, 0x01, 0xA0, 0x07, 0x79, 0xA8, 0x87, 0x72, 0x00, 0x08,
    0x73, 0x90, 0x87, 0x70, 0x68, 0x87, 0x72, 0x68, 0x03, 0x78, 0x78, 0x87, 0x74, 0x70, 0x07, 0x7A,
    0x28, 0x07, 0x79, 0x00, 0xC2, 0x81, 0x1D, 0xD8, 0x01, 0x20, 0xDA, 0x21, 0x1D, 0xDC, 0xA1, 0x0D,
    0xD8, 0xA1, 0x1C, 0xCE, 0x21, 0x1C, 0xD8, 0xA1, 0x0D, 0xEC, 0xA1, 0x1C, 0xC6, 0x81, 0x1E, 0xDE,
    0x41, 0x1E, 0xDA, 0xE0, 0x1E, 0xD2, 0x81, 0x1C, 0xE8, 0x01, 0x1D, 0x80, 0x38, 0x90, 0x03, 0x3C,
    0x00, 0x06, 0x77, 0x78, 0x87, 0x36, 0x10, 0x87, 0x7A, 0x48, 0x07, 0x76, 0xA0, 0x87, 0x74, 0x70,
    0x87, 0x79, 0x00, 0x08, 0x77, 0x78, 0x87, 0x36, 0x48, 0x07, 0x77, 0x30, 0x87, 0x79, 0x68, 0x03,
    0x73, 0x80, 0x87, 0x36, 0x68, 0x87, 0x70, 0xA0, 0x07, 0x74, 0x00, 0xE8, 0x41, 0x1E, 0xEA, 0xA1,
    0x1C, 0x00, 0xC2, 0x1D, 0xDE, 0xA1, 0x0D, 0xDC, 0x21, 0x1C, 0xDC, 0x61, 0x1E, 0xDA, 0xC0, 0x1C,
    0xE0, 0xA1, 0x0D, 0xDA, 0x21, 0x1C, 0xE8, 0x01, 0x1D, 0x00, 0x7A, 0x90, 0x87, 0x7A, 0x28, 0x07,
    0x80, 0x70, 0x87, 0x77, 0x68, 0x83, 0x79, 0x48, 0x87, 0x73, 0x70, 0x87, 0x72, 0x20, 0x87, 0x36,
    0xD0, 0x87, 0x72, 0x90, 0x87, 0x77, 0x98, 0x87, 0x36, 0x30, 0x07, 0x78, 0x68, 0x83, 0x76, 0x08,
    0x07, 0x7A, 0x40, 0x07, 0x80, 0x1E, 0xE4, 0xA1, 0x1E, 0xCA, 0x01, 0x20, 0xDC, 0xE1, 0x1D, 0xDA,
    0x80, 0x1E, 0xE4, 0x21, 0x1C, 0xE0, 0x01, 0x1E, 0xD2, 0xC1, 0x1D, 0xCE, 0xA1, 0x0D, 0xDA, 0x21,
    0x1C, 0xE8, 0x01, 0x1D, 0x00, 0x7A, 0x90, 0x87, 0x7A, 0x28, 0x07, 0x80, 0x98, 0x07, 0x7A, 0x08,
    0x87, 0x71, 0x58, 0x87, 0x36, 0x80, 0x07, 0x79, 0x78, 0x07, 0x7A, 0x28, 0x87, 0x71, 0xA0, 0x87,
    0x77, 0x90, 0x87, 0x36, 0x10, 0x87, 0x7A, 0x30, 0x07, 0x73, 0x28, 0x07, 0x79, 0x68, 0x83, 0x79,
    0x48, 0x07, 0x7D, 0x28, 0x07, 0x00, 0x0F, 0x00, 0xA2, 0x1E, 0xDC, 0x61, 0x1E, 0xC2, 0xC1, 0x1C,
    0xCA, 0xA1, 0x0D, 0xCC, 0x01, 0x1E, 0xDA, 0xA0, 0x1D, 0xC2, 0x81, 0x1E, 0xD0, 0x01, 0xA0, 0x07,
    0x79, 0xA8, 0x87, 0x72, 0x00, 0x36, 0x8C, 0x81, 0x10, 0x00, 0x0B, 0x40, 0x0A, 0x40, 0x15, 0x04,
    0x50, 0x90, 0x06, 0x70, 0x30, 0x84, 0x43, 0x3A, 0xC8, 0x43, 0x1B, 0x88, 0x43, 0x3D, 0x98, 0x83,
    0x39, 0x94, 0x83, 0x3C, 0xB4, 0x81, 0x3B, 0xBC, 0x43, 0x1B, 0x84, 0x03, 0x3B, 0xA4, 0x43, 0x38,
    0xCC, 0x03, 0xB0, 0xA1, 0x1B, 0x04, 0x60, 0x01, 0x48, 0x01, 0xA0, 0x83, 0x21, 0x1C, 0xD2, 0x41,
    0x1E, 0xDA, 0x40, 0x1C, 0xEA, 0xC1, 0x1C, 0xCC, 0xA1, 0x1C, 0xE4, 0xA1, 0x0D, 0xDC, 0xE1, 0x1D,
    0xDA, 0x20, 0x1C, 0xD8, 0x21, 0x1D, 0xC2, 0x61, 0x1E, 0x80, 0x0D, 0x1D, 0x31, 0x00, 0x0B, 0x40,
    0x0A, 0x40, 0x35, 0x84, 0x43, 0x3A, 0xC8, 0x43, 0x1B, 0x88, 0x43, 0x3D, 0x98, 0x83, 0x39, 0x94,
    0x83, 0x3C, 0xB4, 0x81, 0x3B, 0xBC, 0x43, 0x1B, 0x84, 0x03, 0x3B, 0xA4, 0x43, 0x38, 0xCC, 0x03,
    0xB0, 0x81, 0x28, 0x08, 0x80, 0x14, 0x36, 0x38, 0xC6, 0xFF, 0xFF, 0xFF, 0xFF, 0x0F, 0x80, 0x29,
    0x00, 0x7E, 0x00, 0xFC, 0x01, 0x20, 0x01, 0x14, 0xD0, 0x07, 0x1B, 0xF0, 0xE3, 0xF8, 0xFF, 0xFF,
    0xFF, 0xFF, 0x01, 0x30, 0x05, 0xC0, 0x0F, 0x80, 0x3F, 0x00, 0x24, 0x80, 0x02, 0xFA, 0x80, 0x08,
    0x07, 0x78, 0x80, 0x07, 0x79, 0x78, 0x07, 0x7C, 0x68, 0x03, 0x73, 0xA8, 0x07, 0x77, 0x18, 0x87,
    0x36, 0x30, 0x07, 0x78, 0x68, 0x83, 0x76, 0x08, 0x07, 0x7A, 0x40, 0x07, 0x80, 0x1E, 0xE4, 0xA1,
    0x1E, 0xCA, 0x01, 0x20, 0xCC, 0x41, 0x1E, 0xC2, 0xA1, 0x1D, 0xCA, 0xA1, 0x0D, 0xE0, 0xE1, 0x1D,
    0xD2, 0xC1, 0x1D, 0xE8, 0xA1, 0x1C, 0xE4, 0x01, 0x08, 0x07, 0x76, 0x60, 0x07, 0x80, 0x68, 0x87,
    0x74, 0x70, 0x87, 0x36, 0x60, 0x87, 0x72, 0x38, 0x87, 0x70, 0x60, 0x87, 0x36, 0xB0, 0x87, 0x72,
    0x18, 0x07, 0x7A, 0x78, 0x07, 0x79, 0x68, 0x83, 0x7B, 0x48, 0x07, 0x72, 0xA0, 0x07, 0x74, 0x00,
    0xF2, 0xC0, 0x0E, 0x80, 0xC1, 0x1D, 0xDE, 0xA1, 0x0D, 0xC4, 0xA1, 0x1E, 0xD2, 0x81, 0x1D, 0xE8,
    0x21, 0x1D, 0xDC, 0x61, 0x1E, 0x00, 0xC2, 0x1D, 0xDE, 0xA1, 0x0D, 0xD2, 0xC1, 0x1D, 0xCC, 0x61,
    0x1E, 0xDA, 0xC0, 0x1C, 0xE0, 0xA1, 0x0D, 0xDA, 0x21, 0x1C, 0xE8, 0x01, 0x1D, 0x00, 0x7A, 0x90,
    0x87, 0x7A, 0x28, 0x07, 0x80, 0x70, 0x87, 0x77, 0x68, 0x03, 0x77, 0x08, 0x07, 0x77, 0x98, 0x87,
    0x36, 0x30, 0x07, 0x78, 0x68, 0x83, 0x76, 0x08, 0x07, 0x7A, 0x40, 0x07, 0x80, 0x1E, 0xE4, 0xA1,
    0x1E, 0xCA, 0x01, 0x20, 0xDC, 0xE1, 0x1D, 0xDA, 0x60, 0x1E, 0xD2, 0xE1, 0x1C, 0xDC, 0xA1, 0x1C,
    0xC8, 0xA1, 0x0D, 0xF4, 0xA1, 0x1C, 0xE4, 0xE1, 0x1D, 0xE6, 0xA1, 0x0D, 0xCC, 0x01, 0x1E, 0xDA,
    0xA0, 0x1D, 0xC2, 0x81, 0x1E, 0xD0, 0x01, 0xA0, 0x07, 0x79, 0xA8, 0x87, 0x72, 0x00, 0x08, 0x77,
    0x78, 0x87, 0x36, 0xA0, 0x07, 0x79, 0x08, 0x07, 0x78, 0x80, 0x87, 0x74, 0x70, 0x87, 0x73, 0x68,
    0x83, 0x76, 0x08, 0x07, 0x7A, 0x40, 0x07, 0x80, 0x1E, 0xE4, 0xA1, 0x1E, 0xCA, 0x01, 0x20, 0xE6,
    0x81, 0x1E, 0xC2, 0x61, 0x1C, 0xD6, 0xA1, 0x0D, 0xE0, 0x41, 0x1E, 0xDE, 0x81, 0x1E, 0xCA, 0x61,
    0x1C, 0xE8, 0xE1, 0x1D, 0xE4, 0xA1, 0x0D, 0xC4, 0xA1, 0x1E, 0xCC, 0xC1, 0x1C, 0xCA, 0x41, 0x1E,
    0xDA, 0x60, 0x1E, 0xD2, 0x41, 0x1F, 0xCA, 0x01, 0xC0, 0x03, 0x80, 0xA8, 0x07, 0x77, 0x98, 0x87,
    0x70, 0x30, 0x87, 0x72, 0x68, 0x03, 0x73, 0x80, 0x87, 0x36, 0x68, 0x87, 0x70, 0xA0, 0x07, 0x74,
    0x00, 0xE8, 0x41, 0x1E, 0xEA, 0xA1, 0x1C, 0x80, 0x0D, 0x06, 0x12, 0x00, 0xA4, 0x00, 0x88, 0xC1,
    0x06, 0x22, 0x11, 0x00, 0x52, 0xD8, 0x40, 0x28, 0x03, 0x40, 0x0A, 0x1B, 0x88, 0xA5, 0x00, 0x48,
    0x61, 0x03, 0xC1, 0x18, 0x00, 0x29, 0x6C, 0x40, 0x9A, 0xFF, 0xFF, 0xFF, 0xFF, 0x1F, 0x00, 0x09,
    0xA0, 0x80, 0x3E, 0xD8, 0x30, 0x39, 0xFF, 0xFF, 0xFF, 0xFF, 0x3F, 0x00, 0x0A, 0x20, 0x0D, 0xEE,
    0xF0, 0x0E, 0x6D, 0x20, 0x0E, 0xF5, 0x90, 0x0E, 0xEC, 0x40, 0x0F, 0xE9, 0xE0, 0x0E, 0xF3, 0x00,
    0x00, 0x49, 0x18, 0x00, 0x00, 0x07, 0x00, 0x00, 0x00, 0x13, 0x8A, 0x40, 0x18, 0x88, 0x62, 0x42,
    0x60, 0x4C, 0x38, 0x0E, 0x24, 0x51, 0x8A, 0x85, 0x99, 0x10, 0x34, 0x13, 0x0E, 0x07, 0x49, 0x94,
    0x62, 0x61, 0x00, 0x00, 0x00, 0x13, 0xB8, 0x70, 0x48, 0x07, 0x79, 0xB0, 0x03, 0x3A, 0xF8, 0x05,
    0x7B, 0x90, 0x03, 0x3C, 0x68, 0x83, 0x70, 0x80, 0x07, 0x78, 0x60, 0x87, 0x72, 0x68, 0x83, 0x76,
    0x08, 0x87, 0x71, 0x78, 0x87, 0x79, 0xC0, 0x07, 0x39, 0xB0, 0x03, 0x37, 0x80, 0x03, 0x37, 0x80,
    0x83, 0x0D, 0xB7, 0x51, 0x0E, 0x6D, 0x00, 0x0F, 0x7A, 0x60, 0x07, 0x74, 0xA0, 0x07, 0x76, 0x40,
    0x07, 0x7A, 0x60, 0x07, 0x74, 0xD0, 0x06, 0xE9, 0x10, 0x07, 0x7A, 0x80, 0x07, 0x7A, 0x80, 0x07,
    0x6D, 0x90, 0x0E, 0x78, 0xA0, 0x07, 0x78, 0xA0, 0x07, 0x78, 0xD0, 0x06, 0xE9, 0x10, 0x07, 0x76,
    0xA0, 0x07, 0x71, 0x60, 0x07, 0x7A, 0x10, 0x07, 0x76, 0xD0, 0x06, 0xE9, 0x30, 0x07, 0x72, 0xA0,
    0x07, 0x73, 0x20, 0x07, 0x7A, 0x30, 0x07, 0x72, 0xD0, 0x06, 0xE9, 0x60, 0x07, 0x74, 0xA0, 0x07,
    0x76, 0x40, 0x07, 0x7A, 0x60, 0x07, 0x74, 0xD0, 0x06, 0xE6, 0x30, 0x07, 0x72, 0xA0, 0x07, 0x73,
    0x20, 0x07, 0x7A, 0x30, 0x07, 0x72, 0xD0, 0x06, 0xE6, 0x60, 0x07, 0x74, 0xA0, 0x07, 0x76, 0x40,
    0x07, 0x7A, 0x60, 0x07, 0x74, 0xD0, 0x06, 0xF6, 0x10, 0x07, 0x76, 0xA0, 0x07, 0x71, 0x60, 0x07,
    0x7A, 0x10, 0x07, 0x76, 0xD0, 0x06, 0xF6, 0x20, 0x07, 0x74, 0xA0, 0x07, 0x73, 0x20, 0x07, 0x7A,
    0x30, 0x07, 0x72, 0xD0, 0x06, 0xF6, 0x30, 0x07, 0x72, 0xA0, 0x07, 0x73, 0x20, 0x07, 0x7A, 0x30,
    0x07, 0x72, 0xD0, 0x06, 0xF6, 0x40, 0x07, 0x78, 0xA0, 0x07, 0x76, 0x40, 0x07, 0x7A, 0x60, 0x07,
    0x74, 0xD0, 0x06, 0xF6, 0x60, 0x07, 0x74, 0xA0, 0x07, 0x76, 0x40, 0x07, 0x7A, 0x60, 0x07, 0x74,
    0xD0, 0x06, 0xF6, 0x90, 0x07, 0x76, 0xA0, 0x07, 0x71, 0x20, 0x07, 0x78, 0xA0, 0x07, 0x71, 0x20,
    0x07, 0x78, 0xD0, 0x06, 0xF6, 0x10, 0x07, 0x72, 0x80, 0x07, 0x7A, 0x10, 0x07, 0x72, 0x80, 0x07,
    0x7A, 0x10, 0x07, 0x72, 0x80, 0x07, 0x6D, 0x60, 0x0F, 0x71, 0x90, 0x07, 0x72, 0xA0, 0x07, 0x72,
    0x50, 0x07, 0x76, 0xA0, 0x07, 0x72, 0x50, 0x07, 0x76, 0xD0, 0x06, 0xF6, 0x20, 0x07, 0x75, 0x60,
    0x07, 0x7A, 0x20, 0x07, 0x75, 0x60, 0x07, 0x7A, 0x20, 0x07, 0x75, 0x60, 0x07, 0x6D, 0x60, 0x0F,
    0x75, 0x10, 0x07, 0x72, 0xA0, 0x07, 0x75, 0x10, 0x07, 0x72, 0xA0, 0x07, 0x75, 0x10, 0x07, 0x72,
    0xD0, 0x06, 0xF6, 0x10, 0x07, 0x70, 0x20, 0x07, 0x74, 0xA0, 0x07, 0x71, 0x00, 0x07, 0x72, 0x40,
    0x07, 0x7A, 0x10, 0x07, 0x70, 0x20, 0x07, 0x74, 0xD0, 0x06, 0xEE, 0x80, 0x07, 0x7A, 0x10, 0x07,
    0x76, 0xA0, 0x07, 0x73, 0x20, 0x07, 0x1A, 0x21, 0x0C, 0xA9, 0x5C, 0x84, 0xB4, 0xFC, 0x44, 0x33,
    0x45, 0xD8, 0x90, 0x0A, 0x50, 0x0E, 0x00, 0x00, 0x02, 0x00, 0x00, 0x00, 0x01, 0x00, 0x00, 0x00,
    0x00, 0x00, 0x05, 0x18, 0x52, 0x29, 0x4D, 0x02, 0x04, 0x80, 0x00, 0x00, 0x00, 0x20, 0x00, 0x00,
    0x00, 0x00, 0x00, 0xA0, 0x00, 0x43, 0xAA, 0x8B, 0x0D, 0x1A, 0x04, 0x18, 0x06, 0x00, 0x00, 0x80,
    0x00, 0x00, 0x00, 0x00, 0x08, 0x00, 0x05, 0x18, 0x52, 0x8D, 0x02, 0x03, 0x01, 0x01, 0x20, 0x00,
    0x00, 0x00, 0x08, 0x00, 0x00, 0x00, 0x00, 0x00, 0x28, 0x80, 0xC4, 0x06, 0x81, 0xA2, 0x16, 0x09,
    0x00, 0x00, 0x59, 0x20, 0x00, 0x0F, 0x00, 0x00, 0x00, 0x32, 0x1E, 0x98, 0x14, 0x19, 0x11, 0x4C,
    0x90, 0x8C, 0x09, 0x26, 0x47, 0xC6, 0x04, 0x43, 0x0A, 0x45, 0x50, 0x0E, 0x85, 0x50, 0x06, 0x25,
    0x50, 0x3E, 0x05, 0x28, 0x50, 0x10, 0x05, 0x32, 0x02, 0x50, 0x60, 0x85, 0x51, 0x40, 0x85, 0x54,
    0x50, 0x44, 0x47, 0x00, 0x0A, 0xA1, 0x20, 0x0A, 0xA3, 0x40, 0x0A, 0xA8, 0x90, 0x0A, 0x8A, 0xE6,
    0x58, 0x82, 0x26, 0x00, 0x00, 0xB1, 0x18, 0x00, 0x00, 0xA5, 0x00, 0x00, 0x00, 0x33, 0x08, 0x80,
    0x1C, 0xC4, 0xE1, 0x1C, 0x66, 0x14, 0x01, 0x3D, 0x88, 0x43, 0x38, 0x84, 0xC3, 0x8C, 0x42, 0x80,
    0x07, 0x79, 0x78, 0x07, 0x73, 0x98, 0x71, 0x0C, 0xE6, 0x00, 0x0F, 0xED, 0x10, 0x0E, 0xF4, 0x80,
    0x0E, 0x33, 0x0C, 0x42, 0x1E, 0xC2, 0xC1, 0x1D, 0xCE, 0xA1, 0x1C, 0x66, 0x30, 0x05, 0x3D, 0x88,
    0x43, 0x38, 0x84, 0x83, 0x1B, 0xCC, 0x03, 0x3D, 0xC8, 0x43, 0x3D, 0x8C, 0x03, 0x3D, 0xCC, 0x78,
    0x8C, 0x74, 0x70, 0x07, 0x7B, 0x08, 0x07, 0x79, 0x48, 0x87, 0x70, 0x70, 0x07, 0x7A, 0x70, 0x03,
    0x76, 0x78, 0x87, 0x70, 0x20, 0x87, 0x19, 0xCC, 0x11, 0x0E, 0xEC, 0x90, 0x0E, 0xE1, 0x30, 0x0F,
    0x6E, 0x30, 0x0F, 0xE3, 0xF0, 0x0E, 0xF0, 0x50, 0x0E, 0x33, 0x10, 0xC4, 0x1D, 0xDE, 0x21, 0x1C,
    0xD8, 0x21, 0x1D, 0xC2, 0x61, 0x1E, 0x66, 0x30, 0x89, 0x3B, 0xBC, 0x83, 0x3B, 0xD0, 0x43, 0x39,
    0xB4, 0x03, 0x3C, 0xBC, 0x83, 0x3C, 0x84, 0x03, 0x3B, 0xCC, 0xF0, 0x14, 0x76, 0x60, 0x07, 0x7B,
    0x68, 0x07, 0x37, 0x68, 0x87, 0x72, 0x68, 0x07, 0x37, 0x80, 0x87, 0x70, 0x90, 0x87, 0x70, 0x60,
    0x07, 0x76, 0x28, 0x07, 0x76, 0xF8, 0x05, 0x76, 0x78, 0x87, 0x77, 0x80, 0x87, 0x5F, 0x08, 0x87,
    0x71, 0x18, 0x87, 0x72, 0x98, 0x87, 0x79, 0x98, 0x81, 0x2C, 0xEE, 0xF0, 0x0E, 0xEE, 0xE0, 0x0E,
    0xF5, 0xC0, 0x0E, 0xEC, 0x30, 0x03, 0x62, 0xC8, 0xA1, 0x1C, 0xE4, 0xA1, 0x1C, 0xCC, 0xA1, 0x1C,
    0xE4, 0xA1, 0x1C, 0xDC, 0x61, 0x1C, 0xCA, 0x21, 0x1C, 0xC4, 0x81, 0x1D, 0xCA, 0x61, 0x06, 0xD6,
    0x90, 0x43, 0x39, 0xC8, 0x43, 0x39, 0x98, 0x43, 0x39, 0xC8, 0x43, 0x39, 0xB8, 0xC3, 0x38, 0x94,
    0x43, 0x38, 0x88, 0x03, 0x3B, 0x94, 0xC3, 0x2F, 0xBC, 0x83, 0x3C, 0xFC, 0x82, 0x3B, 0xD4, 0x03,
    0x3B, 0xB0, 0xC3, 0x0C, 0xC7, 0x69, 0x87, 0x70, 0x58, 0x87, 0x72, 0x70, 0x83, 0x74, 0x68, 0x07,
    0x78, 0x60, 0x87, 0x74, 0x18, 0x87, 0x74, 0xA0, 0x87, 0x19, 0xCE, 0x53, 0x0F, 0xEE, 0x00, 0x0F,
    0xF2, 0x50, 0x0E, 0xE4, 0x90, 0x0E, 0xE3, 0x40, 0x0F, 0xE1, 0x20, 0x0E, 0xEC, 0x50, 0x0E, 0x33,
    0x20, 0x28, 0x1D, 0xDC, 0xC1, 0x1E, 0xC2, 0x41, 0x1E, 0xD2, 0x21, 0x1C, 0xDC, 0x81, 0x1E, 0xDC,
    0xE0, 0x1C, 0xE4, 0xE1, 0x1D, 0xEA, 0x01, 0x1E, 0x66, 0x18, 0x51, 0x38, 0xB0, 0x43, 0x3A, 0x9C,
    0x83, 0x3B, 0xCC, 0x50, 0x24, 0x76, 0x60, 0x07, 0x7B, 0x68, 0x07, 0x37, 0x60, 0x87, 0x77, 0x78,
    0x07, 0x78, 0x98, 0x51, 0x4C, 0xF4, 0x90, 0x0F, 0xF0, 0x50, 0x0E, 0x33, 0x1E, 0x6A, 0x1E, 0xCA,
    0x61, 0x1C, 0xE8, 0x21, 0x1D, 0xDE, 0xC1, 0x1D, 0x7E, 0x01, 0x1E, 0xE4, 0xA1, 0x1C, 0xCC, 0x21,
    0x1D, 0xF0, 0x61, 0x06, 0x54, 0x85, 0x83, 0x38, 0xCC, 0xC3, 0x3B, 0xB0, 0x43, 0x3D, 0xD0, 0x43,
    0x39, 0xFC, 0xC2, 0x3C, 0xE4, 0x43, 0x3B, 0x88, 0xC3, 0x3B, 0xB0, 0xC3, 0x8C, 0xC5, 0x0A, 0x87,
    0x79, 0x98, 0x87, 0x77, 0x18, 0x87, 0x74, 0x08, 0x07, 0x7A, 0x28, 0x07, 0x72, 0x98, 0x81, 0x5C,
    0xE3, 0x10, 0x0E, 0xEC, 0xC0, 0x0E, 0xE5, 0x50, 0x0E, 0xF3, 0x30, 0x23, 0xC1, 0xD2, 0x41, 0x1E,
    0xE4, 0xE1, 0x17, 0xD8, 0xE1, 0x1D, 0xDE, 0x01, 0x1E, 0x66, 0x48, 0x19, 0x3B, 0xB0, 0x83, 0x3D,
    0xB4, 0x83, 0x1B, 0x84, 0xC3, 0x38, 0x8C, 0x43, 0x39, 0xCC, 0xC3, 0x3C, 0xB8, 0xC1, 0x39, 0xC8,
    0xC3, 0x3B, 0xD4, 0x03, 0x3C, 0xCC, 0x48, 0xB4, 0x71, 0x08, 0x07, 0x76, 0x60, 0x07, 0x71, 0x08,
    0x87, 0x71, 0x58, 0x87, 0x19, 0xDB, 0xC6, 0x0E, 0xEC, 0x60, 0x0F, 0xED, 0xE0, 0x06, 0xF0, 0x20,
    0x0F, 0xE5, 0x30, 0x0F, 0xE5, 0x20, 0x0F, 0xF6, 0x50, 0x0E, 0x6E, 0x10, 0x0E, 0xE3, 0x30, 0x0E,
    0xE5, 0x30, 0x0F, 0xF3, 0xE0, 0x06, 0xE9, 0xE0, 0x0E, 0xE4, 0x50, 0x0E, 0xF8, 0x30, 0x23, 0xE2,
    0xEC, 0x61, 0x1C, 0xC2, 0x81, 0x1D, 0xD8, 0xE1, 0x17, 0xEC, 0x21, 0x1D, 0xE6, 0x21, 0x1D, 0xC4,
    0x21, 0x1D, 0xD8, 0x21, 0x1D, 0xE8, 0x21, 0x1F, 0x66, 0x20, 0x9D, 0x3B, 0xBC, 0x43, 0x3D, 0xB8,
    0x03, 0x39, 0x94, 0x83, 0x39, 0xCC, 0x58, 0xBC, 0x70, 0x70, 0x07, 0x77, 0x78, 0x07, 0x7A, 0x08,
    0x07, 0x7A, 0x48, 0x87, 0x77, 0x70, 0x87, 0x19, 0xCE, 0x87, 0x0E, 0xE5, 0x10, 0x0E, 0xF0, 0x10,
    0x0E, 0xEC, 0xC0, 0x0E, 0xEF, 0x30, 0x0E, 0xF3, 0x90, 0x0E, 0xF4, 0x50, 0x0E, 0x33, 0x28, 0x30,
    0x08, 0x87, 0x74, 0x90, 0x07, 0x37, 0x30, 0x87, 0x7A, 0x70, 0x87, 0x71, 0xA0, 0x87, 0x74, 0x78,
    0x07, 0x77, 0xF8, 0x85, 0x73, 0x90, 0x87, 0x77, 0xA8, 0x07, 0x78, 0x98, 0x07, 0x00, 0x00, 0x00,
    0x00, 0x79, 0x20, 0x00, 0x00, 0x7A, 0x02, 0x00, 0x00, 0x72, 0x1E, 0x48, 0x20, 0x43, 0x88, 0x0C,
    0x19, 0x09, 0x72, 0x32, 0x48, 0x20, 0x23, 0x81, 0x8C, 0x91, 0x91, 0xD1, 0x44, 0xA0, 0x10, 0x28,
    0x64, 0x3C, 0x31, 0x32, 0x42, 0x8E, 0x90, 0x21, 0xA3, 0xA8, 0x07, 0x78, 0x00, 0xE2, 0x01, 0x00,
    0x00, 0x77, 0x70, 0x0A, 0x74, 0xB0, 0x5C, 0x6B, 0xA1, 0x30, 0x71, 0x20, 0x0E, 0xCE, 0xD2, 0x48,
    0x4A, 0x63, 0x61, 0x1B, 0xB4, 0x41, 0xC5, 0xC6, 0x91, 0x81, 0xF2, 0x48, 0x48, 0x44, 0x11, 0x68,
    0xC0, 0x8D, 0x41, 0x1C, 0x14, 0xDB, 0xA6, 0x75, 0xD1, 0x15, 0xC1, 0x01, 0x93, 0x39, 0x05, 0x65,
    0x6D, 0xD7, 0x1A, 0xE4, 0xC5, 0x30, 0x06, 0x00, 0x00, 0x73, 0x72, 0x63, 0x2F, 0x78, 0x65, 0x6E,
    0x69, 0x61, 0x2F, 0x67, 0x70, 0x75, 0x2F, 0x73, 0x68, 0x61, 0x64, 0x65, 0x72, 0x73, 0x2F, 0x74,
    0x65, 0x78, 0x74, 0x75, 0x72, 0x65, 0x5F, 0x6C, 0x6F, 0x61, 0x64, 0x5F, 0x31, 0x36, 0x62, 0x70,
    0x62, 0x5F, 0x73, 0x63, 0x61, 0x6C, 0x65, 0x64, 0x2E, 0x63, 0x73, 0x2E, 0x78, 0x65, 0x73, 0x6C,
    0x2F, 0x55, 0x73, 0x65, 0x72, 0x73, 0x2F, 0x77, 0x6D, 0x61, 0x72, 0x74, 0x69, 0x2F, 0x44, 0x6F,
    0x63, 0x75, 0x6D, 0x65, 0x6E, 0x74, 0x73, 0x2F, 0x78, 0x65, 0x6E, 0x69, 0x61, 0x2D, 0x6D, 0x61,
    0x63, 0x2F, 0x73, 0x63, 0x72, 0x61, 0x74, 0x63, 0x68, 0x2F, 0x77, 0x6F, 0x72, 0x6B, 0x74, 0x72,
    0x65, 0x65, 0x73, 0x2F, 0x78, 0x65, 0x6E, 0x69, 0x61, 0x2D, 0x63, 0x61, 0x6E, 0x61, 0x72, 0x79,
    0x2D, 0x72, 0x65, 0x62, 0x61, 0x73, 0x65, 0x41, 0x70, 0x70, 0x6C, 0x65, 0x20, 0x6D, 0x65, 0x74,
    0x61, 0x6C, 0x20, 0x76, 0x65, 0x72, 0x73, 0x69, 0x6F, 0x6E, 0x20, 0x33, 0x32, 0x30, 0x32, 0x33,
    0x2E, 0x38, 0x35, 0x30, 0x20, 0x28, 0x6D, 0x65, 0x74, 0x61, 0x6C, 0x66, 0x65, 0x2D, 0x33, 0x32,
    0x30, 0x32, 0x33, 0x2E, 0x38, 0x35, 0x30, 0x2E, 0x31, 0x30, 0x29, 0x6D, 0x65, 0x74, 0x61, 0x6C,
    0x5F, 0x74, 0x79, 0x70, 0x65, 0x73, 0x22, 0x2D, 0x44, 0x58, 0x45, 0x53, 0x4C, 0x5F, 0x4C, 0x41,
    0x4E, 0x47, 0x55, 0x41, 0x47, 0x45, 0x5F, 0x4D, 0x53, 0x4C, 0x3D, 0x31, 0x22, 0x2F, 0x70, 0x72,
    0x69, 0x76, 0x61, 0x74, 0x65, 0x2F, 0x76, 0x61, 0x72, 0x2F, 0x72, 0x75, 0x6E, 0x2F, 0x63, 0x6F,
    0x6D, 0x2E, 0x61, 0x70, 0x70, 0x6C, 0x65, 0x2E, 0x73, 0x65, 0x63, 0x75, 0x72, 0x69, 0x74, 0x79,
    0x2E, 0x63, 0x72, 0x79, 0x70, 0x74, 0x65, 0x78, 0x64, 0x2F, 0x6D, 0x6E, 0x74, 0x2F, 0x63, 0x6F,
    0x6D, 0x2E, 0x61, 0x70, 0x70, 0x6C, 0x65, 0x2E, 0x4D, 0x6F, 0x62, 0x69, 0x6C, 0x65, 0x41, 0x73,
    0x73, 0x65, 0x74, 0x2E, 0x4D, 0x65, 0x74, 0x61, 0x6C, 0x54, 0x6F, 0x6F, 0x6C, 0x63, 0x68, 0x61,
    0x69, 0x6E, 0x2D, 0x76, 0x31, 0x37, 0x2E, 0x33, 0x2E, 0x34, 0x38, 0x2E, 0x30, 0x2E, 0x6E, 0x31,
    0x71, 0x46, 0x75, 0x4F, 0x2F, 0x4D, 0x65, 0x74, 0x61, 0x6C, 0x2E, 0x78, 0x63, 0x74, 0x6F, 0x6F,
    0x6C, 0x63, 0x68, 0x61, 0x69, 0x6E, 0x2F, 0x75, 0x73, 0x72, 0x2F, 0x6D, 0x65, 0x74, 0x61, 0x6C,
    0x2F, 0x33, 0x32, 0x30, 0x32, 0x33, 0x2F, 0x6C, 0x69, 0x62, 0x2F, 0x63, 0x6C, 0x61, 0x6E, 0x67,
    0x2F, 0x33, 0x32, 0x30, 0x32, 0x33, 0x2E, 0x38, 0x35, 0x30, 0x2F, 0x69, 0x6E, 0x63, 0x6C, 0x75,
    0x64, 0x65, 0x2F, 0x6D, 0x65, 0x74, 0x61, 0x6C, 0x3C, 0x62, 0x75, 0x69, 0x6C, 0x74, 0x2D, 0x69,
    0x6E, 0x3E, 0x6D, 0x65, 0x74, 0x61, 0x6C, 0x5F, 0x73, 0x74, 0x64, 0x6C, 0x69, 0x62, 0x73, 0x72,
    0x63, 0x2F, 0x78, 0x65, 0x6E, 0x69, 0x61, 0x2F, 0x67, 0x70, 0x75, 0x2F, 0x73, 0x68, 0x61, 0x64,
    0x65, 0x72, 0x73, 0x2F, 0x2E, 0x2E, 0x2F, 0x2E, 0x2E, 0x2F, 0x75, 0x69, 0x2F, 0x73, 0x68, 0x61,
    0x64, 0x65, 0x72, 0x73, 0x2F, 0x78, 0x65, 0x73, 0x6C, 0x2E, 0x78, 0x65, 0x73, 0x6C, 0x69, 0x2F,
    0x41, 0x70, 0x70, 0x6C, 0x69, 0x63, 0x61, 0x74, 0x69, 0x6F, 0x6E, 0x73, 0x2F, 0x58, 0x63, 0x6F,
    0x64, 0x65, 0x2E, 0x61, 0x70, 0x70, 0x2F, 0x43, 0x6F, 0x6E, 0x74, 0x65, 0x6E, 0x74, 0x73, 0x2F,
    0x44, 0x65, 0x76, 0x65, 0x6C, 0x6F, 0x70, 0x65, 0x72, 0x2F, 0x50, 0x6C, 0x61, 0x74, 0x66, 0x6F,
    0x72, 0x6D, 0x73, 0x2F, 0x4D, 0x61, 0x63, 0x4F, 0x53, 0x58, 0x2E, 0x70, 0x6C, 0x61, 0x74, 0x66,
    0x6F, 0x72, 0x6D, 0x2F, 0x44, 0x65, 0x76, 0x65, 0x6C, 0x6F, 0x70, 0x65, 0x72, 0x2F, 0x53, 0x44,
    0x4B, 0x73, 0x2F, 0x4D, 0x61, 0x63, 0x4F, 0x53, 0x58, 0x32, 0x36, 0x2E, 0x32, 0x2E, 0x73, 0x64,
    0x6B, 0x4D, 0x61, 0x63, 0x4F, 0x53, 0x58, 0x32, 0x36, 0x2E, 0x32, 0x2E, 0x73, 0x64, 0x6B, 0x53,
    0x44, 0x4B, 0x20, 0x56, 0x65, 0x72, 0x73, 0x69, 0x6F, 0x6E, 0x44, 0x77, 0x61, 0x72, 0x66, 0x20,
    0x56, 0x65, 0x72, 0x73, 0x69, 0x6F, 0x6E, 0x44, 0x65, 0x62, 0x75, 0x67, 0x20, 0x49, 0x6E, 0x66,
    0x6F, 0x20, 0x56, 0x65, 0x72, 0x73, 0x69, 0x6F, 0x6E, 0x77, 0x63, 0x68, 0x61, 0x72, 0x5F, 0x73,
    0x69, 0x7A, 0x65, 0x66, 0x72, 0x61, 0x6D, 0x65, 0x2D, 0x70, 0x6F, 0x69, 0x6E, 0x74, 0x65, 0x72,
    0x61, 0x69, 0x72, 0x2E, 0x6D, 0x61, 0x78, 0x5F, 0x64, 0x65, 0x76, 0x69, 0x63, 0x65, 0x5F, 0x62,
    0x75, 0x66, 0x66, 0x65, 0x72, 0x73, 0x61, 0x69, 0x72, 0x2E, 0x6D, 0x61, 0x78, 0x5F, 0x63, 0x6F,
    0x6E, 0x73, 0x74, 0x61, 0x6E, 0x74, 0x5F, 0x62, 0x75, 0x66, 0x66, 0x65, 0x72, 0x73, 0x61, 0x69,
    0x72, 0x2E, 0x6D, 0x61, 0x78, 0x5F, 0x74, 0x68, 0x72, 0x65, 0x61, 0x64, 0x67, 0x72, 0x6F, 0x75,
    0x70, 0x5F, 0x62, 0x75, 0x66, 0x66, 0x65, 0x72, 0x73, 0x61, 0x69, 0x72, 0x2E, 0x6D, 0x61, 0x78,
    0x5F, 0x74, 0x65, 0x78, 0x74, 0x75, 0x72, 0x65, 0x73, 0x61, 0x69, 0x72, 0x2E, 0x6D, 0x61, 0x78,
    0x5F, 0x72, 0x65, 0x61, 0x64, 0x5F, 0x77, 0x72, 0x69, 0x74, 0x65, 0x5F, 0x74, 0x65, 0x78, 0x74,
    0x75, 0x72, 0x65, 0x73, 0x61, 0x69, 0x72, 0x2E, 0x6D, 0x61, 0x78, 0x5F, 0x73, 0x61, 0x6D, 0x70,
    0x6C, 0x65, 0x72, 0x73, 0x4D, 0x65, 0x74, 0x61, 0x6C, 0x61, 0x69, 0x72, 0x2E, 0x63, 0x6F, 0x6D,
    0x70, 0x69, 0x6C, 0x65, 0x2E, 0x64, 0x65, 0x6E, 0x6F, 0x72, 0x6D, 0x73, 0x5F, 0x64, 0x69, 0x73,
    0x61, 0x62, 0x6C, 0x65, 0x61, 0x69, 0x72, 0x2E, 0x63, 0x6F, 0x6D, 0x70, 0x69, 0x6C, 0x65, 0x2E,
    0x66, 0x61, 0x73, 0x74, 0x5F, 0x6D, 0x61, 0x74, 0x68, 0x5F, 0x65, 0x6E, 0x61, 0x62, 0x6C, 0x65,
    0x61, 0x69, 0x72, 0x2E, 0x63, 0x6F, 0x6D, 0x70, 0x69, 0x6C, 0x65, 0x2E, 0x66, 0x72, 0x61, 0x6D,
    0x65, 0x62, 0x75, 0x66, 0x66, 0x65, 0x72, 0x5F, 0x66, 0x65, 0x74, 0x63, 0x68, 0x5F, 0x65, 0x6E,
    0x61, 0x62, 0x6C, 0x65, 0x61, 0x69, 0x72, 0x2E, 0x62, 0x75, 0x66, 0x66, 0x65, 0x72, 0x61, 0x69,
    0x72, 0x2E, 0x62, 0x75, 0x66, 0x66, 0x65, 0x72, 0x5F, 0x73, 0x69, 0x7A, 0x65, 0x61, 0x69, 0x72,
    0x2E, 0x6C, 0x6F, 0x63, 0x61, 0x74, 0x69, 0x6F, 0x6E, 0x5F, 0x69, 0x6E, 0x64, 0x65, 0x78, 0x61,
    0x69, 0x72, 0x2E, 0x72, 0x65, 0x61, 0x64, 0x61, 0x69, 0x72, 0x2E, 0x61, 0x64, 0x64, 0x72, 0x65,
    0x73, 0x73, 0x5F, 0x73, 0x70, 0x61, 0x63, 0x65, 0x61, 0x69, 0x72, 0x2E, 0x73, 0x74, 0x72, 0x75,
    0x63, 0x74, 0x5F, 0x74, 0x79, 0x70, 0x65, 0x5F, 0x69, 0x6E, 0x66, 0x6F, 0x75, 0x69, 0x6E, 0x74,
    0x78, 0x65, 0x5F, 0x74, 0x65, 0x78, 0x74, 0x75, 0x72, 0x65, 0x5F, 0x6C, 0x6F, 0x61, 0x64, 0x5F,
    0x69, 0x73, 0x5F, 0x74, 0x69, 0x6C, 0x65, 0x64, 0x5F, 0x33, 0x64, 0x5F, 0x65, 0x6E, 0x64, 0x69,
    0x61, 0x6E, 0x5F, 0x73, 0x63, 0x61, 0x6C, 0x65, 0x78, 0x65, 0x5F, 0x74, 0x65, 0x78, 0x74, 0x75,
    0x72, 0x65, 0x5F, 0x6C, 0x6F, 0x61, 0x64, 0x5F, 0x67, 0x75, 0x65, 0x73, 0x74, 0x5F, 0x6F, 0x66,
    0x66, 0x73, 0x65, 0x74, 0x78, 0x65, 0x5F, 0x74, 0x65, 0x78, 0x74, 0x75, 0x72, 0x65, 0x5F, 0x6C,
    0x6F, 0x61, 0x64, 0x5F, 0x67, 0x75, 0x65, 0x73, 0x74, 0x5F, 0x70, 0x69, 0x74, 0x63, 0x68, 0x5F,
    0x61, 0x6C, 0x69, 0x67, 0x6E, 0x65, 0x64, 0x78, 0x65, 0x5F, 0x74, 0x65, 0x78, 0x74, 0x75, 0x72,
    0x65, 0x5F, 0x6C, 0x6F, 0x61, 0x64, 0x5F, 0x67, 0x75, 0x65, 0x73, 0x74, 0x5F, 0x7A, 0x5F, 0x73,
    0x74, 0x72, 0x69, 0x64, 0x65, 0x5F, 0x62, 0x6C, 0x6F, 0x63, 0x6B, 0x5F, 0x72, 0x6F, 0x77, 0x73,
    0x5F, 0x61, 0x6C, 0x69, 0x67, 0x6E, 0x65, 0x64, 0x75, 0x69, 0x6E, 0x74, 0x33, 0x78, 0x65, 0x5F,
    0x74, 0x65, 0x78, 0x74, 0x75, 0x72, 0x65, 0x5F, 0x6C, 0x6F, 0x61, 0x64, 0x5F, 0x73, 0x69, 0x7A,
    0x65, 0x5F, 0x62, 0x6C, 0x6F, 0x63, 0x6B, 0x73, 0x78, 0x65, 0x5F, 0x74, 0x65, 0x78, 0x74, 0x75,
    0x72, 0x65, 0x5F, 0x6C, 0x6F, 0x61, 0x64, 0x5F, 0x68, 0x6F, 0x73, 0x74, 0x5F, 0x6F, 0x66, 0x66,
    0x73, 0x65, 0x74, 0x78, 0x65, 0x5F, 0x74, 0x65, 0x78, 0x74, 0x75, 0x72, 0x65, 0x5F, 0x6C, 0x6F,
    0x61, 0x64, 0x5F, 0x68, 0x6F, 0x73, 0x74, 0x5F, 0x70, 0x69, 0x74, 0x63, 0x68, 0x78, 0x65, 0x5F,
    0x74, 0x65, 0x78, 0x74, 0x75, 0x72, 0x65, 0x5F, 0x6C, 0x6F, 0x61, 0x64, 0x5F, 0x68, 0x65, 0x69,
    0x67, 0x68, 0x74, 0x5F, 0x74, 0x65, 0x78, 0x65, 0x6C, 0x73, 0x61, 0x69, 0x72, 0x2E, 0x61, 0x72,
    0x67, 0x5F, 0x74, 0x79, 0x70, 0x65, 0x5F, 0x73, 0x69, 0x7A, 0x65, 0x61, 0x69, 0x72, 0x2E, 0x61,
    0x72, 0x67, 0x5F, 0x74, 0x79, 0x70, 0x65, 0x5F, 0x61, 0x6C, 0x69, 0x67, 0x6E, 0x5F, 0x73, 0x69,
    0x7A, 0x65, 0x61, 0x69, 0x72, 0x2E, 0x61, 0x72, 0x67, 0x5F, 0x74, 0x79, 0x70, 0x65, 0x5F, 0x6E,
    0x61, 0x6D, 0x65, 0x78, 0x65, 0x73, 0x6C, 0x5F, 0x69, 0x64, 0x5F, 0x63, 0x6F, 0x6E, 0x73, 0x74,
    0x61, 0x6E, 0x74, 0x42, 0x75, 0x66, 0x66, 0x65, 0x72, 0x5F, 0x78, 0x65, 0x5F, 0x74, 0x65, 0x78,
    0x74, 0x75, 0x72, 0x65, 0x5F, 0x6C, 0x6F, 0x61, 0x64, 0x5F, 0x63, 0x6F, 0x6E, 0x73, 0x74, 0x61,
    0x6E, 0x74, 0x73, 0x61, 0x69, 0x72, 0x2E, 0x61, 0x72, 0x67, 0x5F, 0x6E, 0x61, 0x6D, 0x65, 0x78,
    0x65, 0x5F, 0x74, 0x65, 0x78, 0x74, 0x75, 0x72, 0x65, 0x5F, 0x6C, 0x6F, 0x61, 0x64, 0x5F, 0x63,
    0x6F, 0x6E, 0x73, 0x74, 0x61, 0x6E, 0x74, 0x73, 0x61, 0x69, 0x72, 0x2E, 0x72, 0x65, 0x61, 0x64,
    0x5F, 0x77, 0x72, 0x69, 0x74, 0x65, 0x75, 0x69, 0x6E, 0x74, 0x34, 0x78, 0x65, 0x5F, 0x74, 0x65,
    0x78, 0x74, 0x75, 0x72, 0x65, 0x5F, 0x6C, 0x6F, 0x61, 0x64, 0x5F, 0x64, 0x65, 0x73, 0x74, 0x78,
    0x65, 0x5F, 0x74, 0x65, 0x78, 0x74, 0x75, 0x72, 0x65, 0x5F, 0x6C, 0x6F, 0x61, 0x64, 0x5F, 0x73,
    0x6F, 0x75, 0x72, 0x63, 0x65, 0x61, 0x69, 0x72, 0x2E, 0x74, 0x68, 0x72, 0x65, 0x61, 0x64, 0x5F,
    0x70, 0x6F, 0x73, 0x69, 0x74, 0x69, 0x6F, 0x6E, 0x5F, 0x69, 0x6E, 0x5F, 0x67, 0x72, 0x69, 0x64,
    0x78, 0x65, 0x73, 0x6C, 0x5F, 0x47, 0x6C, 0x6F, 0x62, 0x61, 0x6C, 0x49, 0x6E, 0x76, 0x6F, 0x63,
    0x61, 0x74, 0x69, 0x6F, 0x6E, 0x49, 0x44, 0x73, 0x72, 0x63, 0x2F, 0x78, 0x65, 0x6E, 0x69, 0x61,
    0x2F, 0x67, 0x70, 0x75, 0x2F, 0x73, 0x68, 0x61, 0x64, 0x65, 0x72, 0x73, 0x2F, 0x74, 0x65, 0x78,
    0x74, 0x75, 0x72, 0x65, 0x5F, 0x61, 0x64, 0x64, 0x72, 0x65, 0x73, 0x73, 0x2E, 0x78, 0x65, 0x73,
    0x6C, 0x69, 0x2F, 0x70, 0x72, 0x69, 0x76, 0x61, 0x74, 0x65, 0x2F, 0x76, 0x61, 0x72, 0x2F, 0x72,
    0x75, 0x6E, 0x2F, 0x63, 0x6F, 0x6D, 0x2E, 0x61, 0x70, 0x70, 0x6C, 0x65, 0x2E, 0x73, 0x65, 0x63,
    0x75, 0x72, 0x69, 0x74, 0x79, 0x2E, 0x63, 0x72, 0x79, 0x70, 0x74, 0x65, 0x78, 0x64, 0x2F, 0x6D,
    0x6E, 0x74, 0x2F, 0x63, 0x6F, 0x6D, 0x2E, 0x61, 0x70, 0x70, 0x6C, 0x65, 0x2E, 0x4D, 0x6F, 0x62,
    0x69, 0x6C, 0x65, 0x41, 0x73, 0x73, 0x65, 0x74, 0x2E, 0x4D, 0x65, 0x74, 0x61, 0x6C, 0x54, 0x6F,
    0x6F, 0x6C, 0x63, 0x68, 0x61, 0x69, 0x6E, 0x2D, 0x76, 0x31, 0x37, 0x2E, 0x33, 0x2E, 0x34, 0x38,
    0x2E, 0x30, 0x2E, 0x6E, 0x31, 0x71, 0x46, 0x75, 0x4F, 0x2F, 0x4D, 0x65, 0x74, 0x61, 0x6C, 0x2E,
    0x78, 0x63, 0x74, 0x6F, 0x6F, 0x6C, 0x63, 0x68, 0x61, 0x69, 0x6E, 0x2F, 0x75, 0x73, 0x72, 0x2F,
    0x6D, 0x65, 0x74, 0x61, 0x6C, 0x2F, 0x33, 0x32, 0x30, 0x32, 0x33, 0x2F, 0x6C, 0x69, 0x62, 0x2F,
    0x63, 0x6C, 0x61, 0x6E, 0x67, 0x2F, 0x33, 0x32, 0x30, 0x32, 0x33, 0x2E, 0x38, 0x35, 0x30, 0x2F,
    0x69, 0x6E, 0x63, 0x6C, 0x75, 0x64, 0x65, 0x2F, 0x6D, 0x65, 0x74, 0x61, 0x6C, 0x2F, 0x6D, 0x65,
    0x74, 0x61, 0x6C, 0x5F, 0x69, 0x6E, 0x74, 0x65, 0x67, 0x65, 0x72, 0x6D, 0x69, 0x6E, 0x58, 0x65,
    0x54, 0x65, 0x78, 0x74, 0x75, 0x72, 0x65, 0x54, 0x69, 0x6C, 0x65, 0x64, 0x43, 0x6F, 0x6E, 0x73,
    0x65, 0x63, 0x75, 0x74, 0x69, 0x76, 0x65, 0x42, 0x6C, 0x6F, 0x63, 0x6B, 0x73, 0x4C, 0x6F, 0x67,
    0x32, 0xE6, 0xEA, 0x00, 0x00, 0x00, 0x00, 0x00, 0x00, 0x30, 0x82, 0x10, 0x10, 0x23, 0x08, 0xD3,
    0x36, 0x82, 0x10, 0x14, 0x23, 0x08, 0x81, 0x31, 0x82, 0x10, 0x1C, 0x23, 0x08, 0x01, 0x32, 0x82,
    0x10, 0x24, 0x23, 0x08, 0x81, 0x32, 0x82, 0x10, 0x2C, 0x23, 0x08, 0x01, 0x33, 0x82, 0x10, 0x34,
    0x23, 0x08, 0x08, 0x30, 0x82, 0x10, 0x38, 0x23, 0x08, 0xC1, 0x33, 0x82, 0x10, 0x40, 0x23, 0x08,
    0x41, 0x34, 0x82, 0x10, 0x48, 0x43, 0x59, 0x41, 0x1F, 0xBC, 0xC2, 0x10, 0x00, 0x00, 0x20, 0x00,
    0x00, 0x00, 0xD8, 0x02, 0x00, 0x00, 0x80, 0x00, 0x28, 0xCB, 0x54, 0xD4, 0x21, 0x0F, 0x79, 0x00,
    0xC8, 0x43, 0x0E, 0x0E, 0xF0, 0xA0, 0x83, 0x03, 0x80, 0x01, 0x20, 0x0A, 0x82, 0x20, 0xC4, 0x0A,
    0x00, 0x80, 0x0E, 0x00, 0x00, 0x00, 0x53, 0x51, 0x47, 0x3C, 0xE8, 0x01, 0x10, 0x0F, 0x78, 0x00,
    0x0F, 0x78, 0x00, 0x60, 0x00, 0x88, 0x82, 0x20, 0x08, 0xB1, 0x02, 0x00, 0xA0, 0x03, 0x00, 0x00,
    0xC0, 0x40, 0x05, 0x10, 0x08, 0x00, 0x30, 0x60, 0x90, 0x00, 0x00, 0x40, 0x14, 0x06, 0x00, 0x00,
    0x03, 0x15, 0xC0, 0x21, 0x00, 0xC0, 0x7C, 0x08, 0x80, 0xB0, 0x02, 0x2C, 0x04, 0x40, 0x2C, 0x00,
    0x03, 0x06, 0x09, 0x00, 0x00, 0x48, 0x61, 0x00, 0x00, 0x30, 0x50, 0x01, 0x24, 0x02, 0x00, 0xCC,
    0x87, 0x00, 0x08, 0x2B, 0xCC, 0xC2, 0x18, 0x00, 0xB4, 0x00, 0xCC, 0x20, 0xC8, 0x42, 0x2D, 0xCC,
    0x30, 0xEC, 0x01, 0xC3, 0x07, 0x33, 0x0C, 0x7D, 0xD0, 0xF8, 0xC1, 0x0C, 0xC3, 0x1E, 0x38, 0x7F,
    0x30, 0xC3, 0x00, 0x0A, 0x8F, 0x1F, 0xCC, 0x30, 0xF4, 0x01, 0xB4, 0x07, 0x33, 0x0C, 0x7D, 0x10,
    0x85, 0xC2, 0x0C, 0x43, 0x1F, 0x48, 0xA1, 0x30, 0xC3, 0xD0, 0x07, 0x53, 0x28, 0xCC, 0x30, 0xF4,
    0x01, 0x25, 0x0A, 0x33, 0x0C, 0x7D, 0x50, 0x8D, 0xC2, 0x0C, 0x43, 0x1F, 0x58, 0xA4, 0x30, 0x43,
    0x30, 0xCC, 0x30, 0xEC, 0xC1, 0x28, 0x94, 0xC2, 0x0C, 0xC4, 0xE5, 0x07, 0xA5, 0x50, 0x0A, 0x33,
    0x04, 0xD8, 0x0C, 0x41, 0x36, 0x43, 0xA0, 0xCD, 0x00, 0xCC, 0x80, 0x06, 0xA5, 0xE0, 0x07, 0xA5,
    0x10, 0x06, 0x62, 0xE0, 0x07, 0x7E, 0x50, 0x0A, 0x61, 0x30, 0x06, 0xA3, 0xE0, 0x07, 0xA5, 0x10,
    0x06, 0x64, 0x80, 0x0A, 0x7E, 0x50, 0x0A, 0x61, 0x50, 0x06, 0xA4, 0x40, 0x0A, 0xA5, 0x60, 0x06,
    0x67, 0x90, 0x0A, 0x7E, 0x50, 0x0A, 0x61, 0x80, 0x06, 0xAA, 0xE0, 0x07, 0xA5, 0x10, 0x06, 0x69,
    0xB0, 0x0A, 0x7E, 0x50, 0x0A, 0x61, 0xA0, 0x06, 0x33, 0x50, 0xA5, 0xB0, 0x71, 0xA7, 0xD0, 0x95,
    0x02, 0x28, 0x78, 0xDF, 0x1E, 0x80, 0x41, 0x3A, 0xAC, 0xC1, 0x29, 0xB0, 0x01, 0x29, 0xB4, 0x81,
    0x1B, 0xBC, 0x01, 0x1C, 0xCC, 0x00, 0x81, 0xC2, 0xD6, 0x81, 0x02, 0x28, 0xC4, 0xC1, 0x07, 0x0A,
    0x6B, 0x40, 0x0A, 0x6C, 0x40, 0x0A, 0x6D, 0x20, 0x07, 0x6F, 0x30, 0x07, 0x33, 0x40, 0x7B, 0xB0,
    0x75, 0x7B, 0x00, 0x0A, 0xDE, 0x07, 0x0A, 0x6B, 0x40, 0x0A, 0x6C, 0x40, 0x0A, 0x6D, 0x20, 0x07,
    0x6F, 0x40, 0x07, 0x33, 0x18, 0x7F, 0x50, 0x07, 0x6D, 0x60, 0x06, 0x6F, 0x60, 0x07, 0x33, 0x10,
    0xEA, 0xB0, 0x0E, 0xEC, 0xD0, 0x0E, 0x33, 0x0C, 0xA6, 0x80, 0x0E, 0xEE, 0x30, 0x13, 0x21, 0x00,
    0xE8, 0x00, 0x0C, 0x54, 0x00, 0x77, 0x20, 0x00, 0xC0, 0x40, 0x05, 0x80, 0x07, 0x00, 0x00, 0x1C,
    0x1E, 0x00, 0x1C, 0xC7, 0x71, 0x1C, 0xC7, 0x71, 0x1C, 0xC7, 0x71, 0x1C, 0xC7, 0x71, 0x9C, 0x59,
    0x88, 0x87, 0x6D, 0xB8, 0x01, 0x2B, 0xB8, 0x81, 0x2C, 0xB0, 0x82, 0x1B, 0xE0, 0x02, 0x1A, 0xB8,
    0x81, 0x1B, 0xB8, 0x81, 0x1B, 0xB8, 0x81, 0x1B, 0xB8, 0x81, 0x1B, 0xB8, 0x81, 0x1B, 0xB8, 0x81,
    0x45, 0x07, 0x7A, 0x60, 0x59, 0x16, 0x64, 0x3F, 0xE2, 0xE1, 0x17, 0x78, 0x81, 0x0B, 0xA0, 0x40,
    0x07, 0x6E, 0x40, 0x07, 0x32, 0x12, 0x98, 0xA0, 0x5C, 0xD8, 0xD8, 0xEC, 0xDA, 0x5C, 0xC8, 0xC4,
    0xCE, 0x5C, 0xC6, 0xEA, 0x46, 0x09, 0x56, 0x21, 0x23, 0x36, 0x36, 0xBB, 0x36, 0x97, 0xB6, 0x37,
    0xB2, 0x3A, 0xB6, 0x32, 0x17, 0x33, 0xB6, 0xB0, 0xB3, 0xB9, 0x51, 0x16, 0x5B, 0xB8, 0x05, 0x5C,
    0xC8, 0x05, 0x5D, 0xD8, 0x05, 0x5E, 0xE8, 0x05, 0x5F, 0xF8, 0x05, 0x70, 0x48, 0x85, 0x8D, 0xCD,
    0xAE, 0xCD, 0x25, 0x8D, 0xAC, 0xCC, 0x8D, 0x6E, 0x94, 0x20, 0x1C, 0x72, 0x09, 0x4B, 0x93, 0x73,
    0xB1, 0x2B, 0x93, 0x9B, 0x4B, 0x7B, 0x73, 0x1B, 0x25, 0x10, 0x87, 0xA4, 0xC2, 0xD2, 0xE4, 0x5C,
    0xD8, 0xC2, 0xDC, 0xCE, 0xEA, 0xC2, 0xCE, 0xCA, 0xBE, 0xEC, 0xCA, 0xE4, 0xE6, 0xD2, 0xDE, 0xDC,
    0x46, 0x09, 0xC6, 0x21, 0xA7, 0xB0, 0x34, 0x39, 0x97, 0xB1, 0xB7, 0x36, 0xB8, 0x34, 0xB6, 0xB2,
    0xAF, 0x37, 0x38, 0xBA, 0xB4, 0x37, 0xB7, 0xB9, 0x51, 0x06, 0x72, 0x28, 0x07, 0x73, 0x48, 0x25,
    0x2C, 0x4D, 0xCE, 0x65, 0xAD, 0x4C, 0xCE, 0xAD, 0x8C, 0x6D, 0x94, 0xC0, 0x1D, 0x00, 0x00, 0x00,
    0x00, 0xA9, 0x18, 0x00, 0x00, 0x25, 0x00, 0x00, 0x00, 0x0B, 0x0A, 0x72, 0x28, 0x87, 0x77, 0x80,
    0x07, 0x7A, 0x58, 0x70, 0x98, 0x43, 0x3D, 0xB8, 0xC3, 0x38, 0xB0, 0x43, 0x39, 0xD0, 0xC3, 0x82,
    0xE6, 0x1C, 0xC6, 0xA1, 0x0D, 0xE8, 0x41, 0x1E, 0xC2, 0xC1, 0x1D, 0xE6, 0x21, 0x1D, 0xE8, 0x21,
    0x1D, 0xDE, 0xC1, 0x1D, 0x16, 0x34, 0xE3, 0x60, 0x0E, 0xE7, 0x50, 0x0F, 0xE1, 0x20, 0x0F, 0xE4,
    0x40, 0x0F, 0xE1, 0x20, 0x0F, 0xE7, 0x50, 0x0E, 0xF4, 0xB0, 0x80, 0x81, 0x07, 0x79, 0x28, 0x87,
    0x70, 0x60, 0x07, 0x76, 0x78, 0x87, 0x71, 0x08, 0x07, 0x7A, 0x28, 0x07, 0x72, 0x58, 0x70, 0x9C,
    0xC3, 0x38, 0xB4, 0x01, 0x3B, 0xA4, 0x83, 0x3D, 0x94, 0xC3, 0x02, 0x6B, 0x1C, 0xD8, 0x21, 0x1C,
    0xDC, 0xE1, 0x1C, 0xDC, 0x20, 0x1C, 0xE4, 0x61, 0x1C, 0xDC, 0x20, 0x1C, 0xE8, 0x81, 0x1E, 0xC2,
    0x61, 0x1C, 0xD0, 0xA1, 0x1C, 0xC8, 0x61, 0x1C, 0xC2, 0x81, 0x1D, 0xD8, 0x61, 0xC1, 0x01, 0x0F,
    0xF4, 0x20, 0x0F, 0xE1, 0x50, 0x0F, 0xF4, 0x80, 0x0E, 0x00, 0x00, 0x00, 0x00, 0xD1, 0x10, 0x00,
    0x00, 0x06, 0x00, 0x00, 0x00, 0x07, 0xCC, 0x3C, 0xA4, 0x83, 0x3B, 0x9C, 0x03, 0x3B, 0x94, 0x03,
    0x3D, 0xA0, 0x83, 0x3C, 0x94, 0x43, 0x38, 0x90, 0xC3, 0x01, 0x00, 0x00, 0x00, 0x61, 0x20, 0x00,
    0x00, 0x5F, 0x02, 0x00, 0x00, 0x13, 0x04, 0x47, 0x2C, 0x10, 0x00, 0x00, 0x00, 0x15, 0x00, 0x00,
    0x00, 0x14, 0x8A, 0xA1, 0x14, 0x0A, 0x30, 0x80, 0xC4, 0x58, 0x03, 0x01, 0x00, 0x54, 0xC6, 0x22,
    0x10, 0x04, 0x41, 0xC6, 0x22, 0x40, 0xFC, 0x0F, 0xE1, 0x7F, 0x00, 0xF1, 0x3F, 0x84, 0xFF, 0x01,
    0xC4, 0xFF, 0x10, 0xFE, 0x07, 0x10, 0xFF, 0x43, 0xF8, 0x1F, 0xC6, 0x22, 0xFE, 0x13, 0xF4, 0x9F,
    0xFF, 0x04, 0xFD, 0xE7, 0x3F, 0x41, 0xFF, 0xF9, 0x4F, 0xD0, 0x7F, 0x88, 0xCD, 0x00, 0x8C, 0x06,
    0x8C, 0x00, 0x8C, 0x25, 0x10, 0xC7, 0x58, 0xC2, 0x71, 0x8C, 0x25, 0x00, 0x01, 0xD1, 0x12, 0x28,
    0x02, 0xBA, 0xA3, 0x01, 0x00, 0xF1, 0x30, 0x00, 0x00, 0x34, 0x01, 0x00, 0x00, 0x22, 0x47, 0xC8,
    0x90, 0x51, 0x56, 0x58, 0x6B, 0x01, 0x00, 0x00, 0x00, 0x6E, 0xA0, 0xA0, 0x01, 0x65, 0x07, 0xC3,
    0xF3, 0x70, 0x96, 0x65, 0x31, 0x7C, 0x31, 0x64, 0x9D, 0x18, 0x38, 0x72, 0x90, 0x06, 0x00, 0x00,
    0x00, 0x73, 0x72, 0x63, 0x2F, 0x78, 0x65, 0x6E, 0x69, 0x61, 0x2F, 0x67, 0x70, 0x75, 0x2F, 0x73,
    0x68, 0x61, 0x64, 0x65, 0x72, 0x73, 0x2F, 0x74, 0x65, 0x78, 0x74, 0x75, 0x72, 0x65, 0x5F, 0x6C,
    0x6F, 0x61, 0x64, 0x5F, 0x31, 0x36, 0x62, 0x70, 0x62, 0x2E, 0x78, 0x65, 0x73, 0x6C, 0x69, 0x78,
    0x65, 0x73, 0x6C, 0x5F, 0x65, 0x6E, 0x74, 0x72, 0x79, 0x73, 0x72, 0x63, 0x2F, 0x78, 0x65, 0x6E,
    0x69, 0x61, 0x2F, 0x67, 0x70, 0x75, 0x2F, 0x73, 0x68, 0x61, 0x64, 0x65, 0x72, 0x73, 0x2F, 0x74,
    0x65, 0x78, 0x74, 0x75, 0x72, 0x65, 0x5F, 0x6C, 0x6F, 0x61, 0x64, 0x2E, 0x78, 0x65, 0x73, 0x6C,
    0x69, 0x58, 0x65, 0x54, 0x65, 0x78, 0x74, 0x75, 0x72, 0x65, 0x4C, 0x6F, 0x61, 0x64, 0x47, 0x65,
    0x74, 0x49, 0x6E, 0x66, 0x6F, 0x5F, 0x5A, 0x54, 0x53, 0x34, 0x38, 0x78, 0x65, 0x73, 0x6C, 0x5F,
    0x69, 0x64, 0x5F, 0x63, 0x6F, 0x6E, 0x73, 0x74, 0x61, 0x6E, 0x74, 0x42, 0x75, 0x66, 0x66, 0x65,
    0x72, 0x5F, 0x78, 0x65, 0x5F, 0x74, 0x65, 0x78, 0x74, 0x75, 0x72, 0x65, 0x5F, 0x6C, 0x6F, 0x61,
    0x64, 0x5F, 0x63, 0x6F, 0x6E, 0x73, 0x74, 0x61, 0x6E, 0x74, 0x73, 0x69, 0x6E, 0x74, 0x6F, 0x6D,
    0x6E, 0x69, 0x70, 0x6F, 0x74, 0x65, 0x6E, 0x74, 0x20, 0x63, 0x68, 0x61, 0x72, 0x53, 0x69, 0x6D,
    0x70, 0x6C, 0x65, 0x20, 0x43, 0x2B, 0x2B, 0x20, 0x54, 0x42, 0x41, 0x41, 0x61, 0x69, 0x72, 0x2D,
    0x61, 0x6C, 0x69, 0x61, 0x73, 0x2D, 0x73, 0x63, 0x6F, 0x70, 0x65, 0x73, 0x28, 0x78, 0x65, 0x73,
    0x6C, 0x5F, 0x65, 0x6E, 0x74, 0x72, 0x79, 0x29, 0x61, 0x69, 0x72, 0x2D, 0x61, 0x6C, 0x69, 0x61,
    0x73, 0x2D, 0x73, 0x63, 0x6F, 0x70, 0x65, 0x2D, 0x61, 0x72, 0x67, 0x28, 0x30, 0x29, 0x61, 0x69,
    0x72, 0x2D, 0x61, 0x6C, 0x69, 0x61, 0x73, 0x2D, 0x73, 0x63, 0x6F, 0x70, 0x65, 0x2D, 0x61, 0x72,
    0x67, 0x28, 0x32, 0x29, 0x61, 0x69, 0x72, 0x2D, 0x61, 0x6C, 0x69, 0x61, 0x73, 0x2D, 0x73, 0x63,
    0x6F, 0x70, 0x65, 0x2D, 0x61, 0x72, 0x67, 0x28, 0x31, 0x29, 0x78, 0x65, 0x73, 0x6C, 0x5F, 0x75,
    0x69, 0x6E, 0x74, 0x5F, 0x78, 0x32, 0x2F, 0x70, 0x72, 0x69, 0x76, 0x61, 0x74, 0x65, 0x2F, 0x76,
    0x61, 0x72, 0x2F, 0x72, 0x75, 0x6E, 0x2F, 0x63, 0x6F, 0x6D, 0x2E, 0x61, 0x70, 0x70, 0x6C, 0x65,
    0x2E, 0x73, 0x65, 0x63, 0x75, 0x72, 0x69, 0x74, 0x79, 0x2E, 0x63, 0x72, 0x79, 0x70, 0x74, 0x65,
    0x78, 0x64, 0x2F, 0x6D, 0x6E, 0x74, 0x2F, 0x63, 0x6F, 0x6D, 0x2E, 0x61, 0x70, 0x70, 0x6C, 0x65,
    0x2E, 0x4D, 0x6F, 0x62, 0x69, 0x6C, 0x65, 0x41, 0x73, 0x73, 0x65, 0x74, 0x2E, 0x4D, 0x65, 0x74,
    0x61, 0x6C, 0x54, 0x6F, 0x6F, 0x6C, 0x63, 0x68, 0x61, 0x69, 0x6E, 0x2D, 0x76, 0x31, 0x37, 0x2E,
    0x33, 0x2E, 0x34, 0x38, 0x2E, 0x30, 0x2E, 0x6E, 0x31, 0x71, 0x46, 0x75, 0x4F, 0x2F, 0x4D, 0x65,
    0x74, 0x61, 0x6C, 0x2E, 0x78, 0x63, 0x74, 0x6F, 0x6F, 0x6C, 0x63, 0x68, 0x61, 0x69, 0x6E, 0x2F,
    0x75, 0x73, 0x72, 0x2F, 0x6D, 0x65, 0x74, 0x61, 0x6C, 0x2F, 0x33, 0x32, 0x30, 0x32, 0x33, 0x2F,
    0x6C, 0x69, 0x62, 0x2F, 0x63, 0x6C, 0x61, 0x6E, 0x67, 0x2F, 0x33, 0x32, 0x30, 0x32, 0x33, 0x2E,
    0x38, 0x35, 0x30, 0x2F, 0x69, 0x6E, 0x63, 0x6C, 0x75, 0x64, 0x65, 0x2F, 0x6D, 0x65, 0x74, 0x61,
    0x6C, 0x2F, 0x6D, 0x65, 0x74, 0x61, 0x6C, 0x5F, 0x72, 0x65, 0x6C, 0x61, 0x74, 0x69, 0x6F, 0x6E,
    0x61, 0x6C, 0x61, 0x6E, 0x79, 0x58, 0x65, 0x54, 0x65, 0x78, 0x74, 0x75, 0x72, 0x65, 0x48, 0x6F,
    0x73, 0x74, 0x4C, 0x69, 0x6E, 0x65, 0x61, 0x72, 0x4F, 0x66, 0x66, 0x73, 0x65, 0x74, 0x58, 0x65,
    0x54, 0x65, 0x78, 0x74, 0x75, 0x72, 0x65, 0x4C, 0x6F, 0x61, 0x64, 0x47, 0x75, 0x65, 0x73, 0x74,
    0x42, 0x6C, 0x6F, 0x63, 0x6B, 0x4F, 0x66, 0x66, 0x73, 0x65, 0x74, 0x73, 0x72, 0x63, 0x2F, 0x78,
    0x65, 0x6E, 0x69, 0x61, 0x2F, 0x67, 0x70, 0x75, 0x2F, 0x73, 0x68, 0x61, 0x64, 0x65, 0x72, 0x73,
    0x2F, 0x65, 0x6E, 0x64, 0x69, 0x61, 0x6E, 0x2E, 0x78, 0x65, 0x73, 0x6C, 0x69, 0x58, 0x65, 0x45,
    0x6E, 0x64, 0x69, 0x61, 0x6E, 0x53, 0x77, 0x61, 0x70, 0x31, 0x36, 0x58, 0x65, 0x54, 0x65, 0x78,
    0x74, 0x75, 0x72, 0x65, 0x53, 0x63, 0x61, 0x6C, 0x65, 0x64, 0x52, 0x69, 0x67, 0x68, 0x74, 0x53,
    0x75, 0x62, 0x55, 0x6E, 0x69, 0x74, 0x4F, 0x66, 0x66, 0x73, 0x65, 0x74, 0x49, 0x6E, 0x43, 0x6F,
    0x6E, 0x73, 0x65, 0x63, 0x75, 0x74, 0x69, 0x76, 0x65, 0x50, 0x61, 0x69, 0x72, 0x58, 0x65, 0x54,
    0x65, 0x78, 0x74, 0x75, 0x72, 0x65, 0x4C, 0x6F, 0x61, 0x64, 0x52, 0x69, 0x67, 0x68, 0x74, 0x43,
    0x6F, 0x6E, 0x73, 0x65, 0x63, 0x75, 0x74, 0x69, 0x76, 0x65, 0x42, 0x6C, 0x6F, 0x63, 0x6B, 0x73,
    0x4F, 0x66, 0x66, 0x73, 0x65, 0x74, 0x00, 0x00, 0x00, 0x13, 0x04, 0x6A, 0x9A, 0x20, 0x50, 0xD4,
    0x04, 0x81, 0xAA, 0x26, 0x08, 0x94, 0x35, 0x41, 0xA0, 0xAE, 0x09, 0x02, 0x85, 0x4D, 0x10, 0xA8,
    0x6C, 0x82, 0x40, 0x69, 0xAB, 0xA8, 0x03, 0x2D, 0xE8, 0x01, 0x40, 0x0B, 0x08, 0x1E, 0x32, 0x00,
    0x03, 0x40, 0x14, 0x04, 0x41, 0x88, 0x15, 0x00, 0x00, 0x1D, 0x00, 0x00, 0x00, 0x56, 0x51, 0x47,
    0x5A, 0xD8, 0x03, 0x90, 0x16, 0xA7, 0x00, 0x0F, 0xA8, 0x00, 0x60, 0x00, 0x88, 0x82, 0x20, 0x08,
    0xB1, 0x02, 0x00, 0xA0, 0x03, 0x00, 0x00, 0x80, 0xCE, 0x03, 0x09, 0x64, 0x08, 0x91, 0x21, 0x23,
    0xA1, 0xB9, 0x90, 0x97, 0x00, 0xAC, 0x10, 0x66, 0x62, 0x1F, 0x56, 0x0C, 0x34, 0x31, 0x13, 0xFC,
    0xB0, 0x62, 0xA8, 0x89, 0x99, 0xE8, 0x87, 0x15, 0x83, 0x4D, 0xCC, 0x84, 0x3F, 0xAC, 0xA2, 0x0E,
    0x5A, 0xF8, 0x07, 0x80, 0x16, 0x7C, 0x01, 0x1E, 0x7C, 0x01, 0xC0, 0x00, 0x10, 0x05, 0x41, 0x10,
    0x62, 0x05, 0x00, 0x40, 0x07, 0x00, 0x00, 0x80, 0xBE, 0x85, 0x05, 0x98, 0x90, 0x09, 0xAB, 0xA8,
    0x43, 0x2E, 0x42, 0x02, 0x90, 0x0B, 0xF5, 0x82, 0x87, 0xF5, 0x02, 0x30, 0x00, 0x44, 0x41, 0x10,
    0x84, 0x58, 0x01, 0x00, 0xD0, 0x01, 0x00, 0x00, 0xA0, 0xC1, 0xE0, 0xE0, 0x25, 0x00, 0xAB, 0xA8,
    0x23, 0x1E, 0x44, 0x02, 0x88, 0x87, 0xB4, 0x80, 0x87, 0xB4, 0x00, 0x30, 0x00, 0x44, 0x41, 0x10,
    0x84, 0x58, 0x01, 0x00, 0xD0, 0x01, 0x00, 0x00, 0xA0, 0xC9, 0x00, 0xE1, 0x25, 0x00, 0xAB, 0xA8,
    0x23, 0x2D, 0x46, 0x02, 0x48, 0x0B, 0x77, 0x80, 0x07, 0x78, 0x00, 0x30, 0x00, 0x44, 0x41, 0x10,
    0x84, 0x58, 0x01, 0x00, 0xD0, 0x01, 0x00, 0x00, 0xA0, 0xD1, 0xE0, 0xE0, 0x25, 0x00, 0xAB, 0xA8,
    0x43, 0x2F, 0x4A, 0x02, 0xD0, 0x8B, 0x31, 0x80, 0x87, 0x31, 0x00, 0x30, 0x00, 0x44, 0x41, 0x10,
    0x84, 0x58, 0x01, 0x00, 0xD0, 0x01, 0x00, 0x00, 0xA0, 0xD3, 0xA0, 0xE3, 0x25, 0x00, 0xAB, 0xA8,
    0x23, 0x1E, 0x4C, 0x02, 0x88, 0x87, 0x93, 0x80, 0x07, 0x94, 0x00, 0x30, 0x00, 0x44, 0x41, 0x10,
    0x84, 0x58, 0x01, 0x00, 0xD0, 0x01, 0x00, 0x00, 0x60, 0x15, 0x75, 0xA4, 0xC5, 0x49, 0x00, 0x69,
    0x11, 0x13, 0xF0, 0x20, 0x13, 0x00, 0x06, 0x80, 0x28, 0x08, 0x82, 0x10, 0x2B, 0x00, 0x00, 0x3A,
    0x00, 0x00, 0x00, 0x34, 0x1C, 0x1C, 0xBC, 0x04, 0xA0, 0x69, 0x82, 0x21, 0x2C, 0xC6, 0x42, 0xB7,
    0xC4, 0x07, 0x58, 0x90, 0x85, 0xEE, 0x03, 0x85, 0x56, 0x28, 0x0B, 0x2D, 0x07, 0x12, 0x2F, 0x01,
    0x18, 0x54, 0x00, 0xF3, 0x20, 0x00, 0xC0, 0xA0, 0x02, 0xA8, 0x07, 0x01, 0x00, 0x36, 0x04, 0xFA,
    0xB0, 0x61, 0xC8, 0x07, 0xB5, 0x40, 0x89, 0x0D, 0x03, 0x3E, 0xAC, 0x05, 0x4A, 0x6C, 0x88, 0xEE,
    0x81, 0x2D, 0x50, 0x82, 0x2D, 0x52, 0x82, 0x2D, 0x54, 0x82, 0x2D, 0x56, 0x62, 0x2D, 0x58, 0x82,
    0x2D, 0x5A, 0x82, 0x2D, 0x5C, 0x82, 0x2D, 0x5E, 0x62, 0xC3, 0xD0, 0x16, 0x6C, 0x81, 0x12, 0x1B,
    0x02, 0x9A, 0xD8, 0x20, 0xD8, 0x44, 0x4D, 0x6C, 0x18, 0xD6, 0x62, 0x2D, 0x50, 0x62, 0x50, 0x01,
    0x80, 0x04, 0x00, 0x00, 0x1B, 0x86, 0xB6, 0x60, 0x0B, 0x97, 0xD8, 0x30, 0xB4, 0x05, 0x5B, 0xB4,
    0xC4, 0x86, 0xA1, 0x2D, 0xD8, 0x62, 0x25, 0x36, 0x0C, 0x6D, 0xC1, 0x16, 0x2A, 0xB1, 0x61, 0x68,
    0x0B, 0xB6, 0x48, 0x89, 0x0D, 0x41, 0x4D, 0x6C, 0x10, 0x68, 0xC2, 0x26, 0x06, 0x15, 0x00, 0x49,
    0x08, 0x00, 0xB0, 0x21, 0xB0, 0x89, 0x0D, 0x02, 0x4D, 0xD4, 0x04, 0x00, 0x00, 0x7D, 0x0C, 0x54,
    0x37, 0x06, 0x33, 0x06, 0x85, 0x2A, 0x8C, 0x41, 0x4C, 0xC8, 0x04, 0x40, 0x41, 0x28, 0x13, 0x06,
    0xC0, 0x1C, 0xC3, 0x12, 0x7C, 0x33, 0x06, 0xC5, 0x2F, 0x28, 0x37, 0x81, 0x13, 0xC0, 0x20, 0x43,
    0xB0, 0x28, 0x13, 0x06, 0xC0, 0x05, 0x0A, 0xCE, 0x18, 0x14, 0xB7, 0x30, 0x07, 0x31, 0x21, 0x13,
    0xC0, 0x05, 0x8A, 0xCE, 0x18, 0x14, 0xB7, 0xA0, 0x0A, 0x31, 0x21, 0x13, 0x40, 0x1F, 0x83, 0x36,
    0x06, 0x70, 0x30, 0x63, 0x50, 0x8C, 0xC3, 0x11, 0x13, 0x32, 0x01, 0x50, 0x20, 0xCA, 0x84, 0x01,
    0x70, 0x59, 0x75, 0x33, 0x06, 0x85, 0x47, 0x07, 0x30, 0x01, 0x00, 0xC3, 0x0D, 0x81, 0x30, 0x06,
    0x33, 0x06, 0x05, 0x18, 0x2C, 0x30, 0x01, 0x00, 0x83, 0x0C, 0xC1, 0xE2, 0x4C, 0x18, 0x00, 0x23,
    0x06, 0x05, 0x11, 0x82, 0x60, 0x00, 0xE1, 0x41, 0x30, 0x63, 0x50, 0xB0, 0x97, 0x92, 0x13, 0x3A,
    0x01, 0xCC, 0x32, 0x18, 0x41, 0x30, 0x63, 0x50, 0x80, 0xC1, 0x01, 0x13, 0x00, 0xD0, 0xC7, 0x00,
    0x06, 0x69, 0xC0, 0xCD, 0x18, 0x14, 0xE7, 0x70, 0xC4, 0x84, 0x4C, 0x00, 0x14, 0x84, 0x31, 0x61,
    0x00, 0xF4, 0x31, 0x88, 0xC1, 0x1A, 0x74, 0x33, 0x06, 0x45, 0x39, 0x1C, 0x31, 0x21, 0x13, 0x00,
    0x05, 0xA1, 0x4C, 0x18, 0x00, 0x7D, 0x0C, 0x64, 0xD0, 0x06, 0x79, 0x30, 0x63, 0x50, 0x80, 0xC3,
    0x11, 0x13, 0x32, 0x01, 0x50, 0x10, 0xC6, 0x84, 0x01, 0xD0, 0xC7, 0x60, 0x06, 0x6F, 0xE0, 0x07,
    0x33, 0x06, 0x45, 0x2F, 0x8C, 0x41, 0x4C, 0xC8, 0x04, 0x40, 0x41, 0x20, 0x13, 0x06, 0x40, 0x1F,
    0x03, 0x1A, 0xC4, 0x01, 0x1F, 0xCC, 0x18, 0x14, 0xBC, 0x70, 0xC4, 0x84, 0x4C, 0x00, 0x14, 0x84,
    0x31, 0x61, 0x00, 0x8C, 0x21, 0x3C, 0xD9, 0x8C, 0x41, 0x51, 0x06, 0x62, 0x00, 0x13, 0x00, 0x30,
    0x86, 0xF0, 0xD0, 0xC1, 0x8C, 0x41, 0xA1, 0x16, 0xCA, 0x4E, 0xF0, 0x04, 0x80, 0x01, 0x28, 0x9C,
    0xC0, 0x8C, 0x41, 0xA1, 0x16, 0xCE, 0x4E, 0xF0, 0x04, 0x30, 0x86, 0x10, 0x6D, 0x33, 0x06, 0x85,
    0x5A, 0x70, 0x3B, 0xC1, 0x13, 0x00, 0x12, 0x81, 0x08, 0xCC, 0x18, 0x14, 0x6A, 0x01, 0x06, 0x3B,
    0xC1, 0x13, 0xC0, 0x18, 0xC2, 0xE4, 0xCD, 0x18, 0x14, 0x6A, 0x01, 0x07, 0x3B, 0xC1, 0x13, 0x00,
    0x0A, 0x01, 0x08, 0xCC, 0x18, 0x14, 0x6A, 0xE1, 0x06, 0x3B, 0xC1, 0x13, 0x00, 0x42, 0x81, 0x08,
    0xCC, 0x18, 0x14, 0x6A, 0x51, 0x07, 0x3B, 0xC1, 0x13, 0x00, 0x06, 0x06, 0x08, 0xCC, 0x18, 0x14,
    0x6A, 0x91, 0xED, 0x04, 0x4F, 0x00, 0x17, 0x40, 0x30, 0x63, 0x50, 0x94, 0xC1, 0x1F, 0xC0, 0x04,
    0x00, 0x5C, 0xA0, 0x0A, 0x38, 0x63, 0x50, 0x98, 0xC1, 0x07, 0x13, 0x00, 0x70, 0x60, 0xD0, 0x0A,
    0x3A, 0x63, 0x50, 0xD8, 0x83, 0x1B, 0xF4, 0x84, 0x4F, 0x00, 0xC3, 0x0D, 0x41, 0x29, 0x84, 0xC1,
    0x84, 0x01, 0x30, 0x62, 0xA0, 0x14, 0x31, 0x08, 0x06, 0x4D, 0x2C, 0x04, 0x1B, 0x24, 0xAD, 0x82,
    0x37, 0x63, 0x50, 0xD8, 0x43, 0xD2, 0x13, 0x3E, 0x01, 0x5C, 0xF0, 0xC0, 0x8C, 0x41, 0x51, 0x0F,
    0x60, 0xD0, 0x13, 0x3E, 0x01, 0x5C, 0xF0, 0x0A, 0x38, 0x63, 0x50, 0xA0, 0x41, 0x29, 0xC0, 0x04,
    0x00, 0x64, 0x40, 0x63, 0xC6, 0xA0, 0x50, 0x83, 0x03, 0x26, 0x00, 0xA0, 0x17, 0x21, 0x0F, 0x82,
    0x09, 0x03, 0x80, 0x82, 0x52, 0x26, 0x0C, 0x80, 0x43, 0x03, 0x55, 0xD0, 0x19, 0x83, 0x62, 0x0C,
    0x82, 0x9F, 0x00, 0x0B, 0x60, 0xB8, 0x21, 0xA0, 0x05, 0x30, 0x98, 0x30, 0x00, 0x6E, 0xB8, 0x83,
    0x9B, 0x30, 0x00, 0x2E, 0xB8, 0x03, 0x9D, 0x30, 0x00, 0xAE, 0xC8, 0x03, 0x9C, 0x30, 0x00, 0x2E,
    0xC0, 0x03, 0x9D, 0x30, 0x00, 0x6E, 0x08, 0x76, 0xC2, 0x00, 0x98, 0x6E, 0x08, 0x10, 0x63, 0xC2,
    0x00, 0xC8, 0x88, 0xC6, 0x8C, 0x41, 0xC1, 0x06, 0x03, 0x4C, 0x00, 0x40, 0x2F, 0x42, 0x29, 0x04,
    0x13, 0x06, 0xC0, 0xB0, 0x01, 0x11, 0x0C, 0x05, 0x30, 0x61, 0x00, 0xE0, 0xB4, 0x0B, 0x30, 0x30,
    0x63, 0x50, 0xB8, 0xC1, 0x00, 0x13, 0x00, 0x30, 0x86, 0xF0, 0x06, 0xB1, 0x30, 0x63, 0x50, 0xB0,
    0x44, 0x16, 0x16, 0x64, 0x01, 0x0C, 0x37, 0x04, 0xBD, 0x20, 0x06, 0x33, 0x06, 0x05, 0x4B, 0x84,
    0x41, 0x58, 0x90, 0x05, 0x30, 0xCB, 0x20, 0x14, 0xC1, 0x8C, 0x41, 0xC1, 0x12, 0x59, 0x58, 0x90,
    0x05, 0x30, 0x62, 0x60, 0x10, 0x21, 0x08, 0x06, 0x49, 0x39, 0xFC, 0xC2, 0x2F, 0xCC, 0x18, 0x14,
    0x3B, 0x38, 0x28, 0xAD, 0x60, 0x16, 0xC0, 0x05, 0xBF, 0x00, 0x33, 0x06, 0x85, 0x4B, 0xC4, 0x41,
    0x58, 0x90, 0x05, 0x70, 0xC2, 0x2F, 0xE8, 0x8C, 0x41, 0x31, 0x13, 0x59, 0x58, 0x90, 0x05, 0x70,
    0x62, 0x10, 0xE0, 0x84, 0x01, 0x70, 0x81, 0x51, 0x33, 0x06, 0x05, 0x4D, 0xFC, 0x41, 0x58, 0x90,
    0x05, 0x80, 0xC1, 0x38, 0xC0, 0xC0, 0x8C, 0x41, 0x51, 0x13, 0x58, 0x58, 0x90, 0x05, 0x30, 0xDC,
    0x10, 0x20, 0x60, 0x30, 0x63, 0x50, 0xD4, 0x44, 0x17, 0x16, 0x64, 0x01, 0xCC, 0x32, 0x0C, 0x44,
    0x30, 0x63, 0x50, 0xD4, 0x44, 0x12, 0x16, 0x64, 0x01, 0x60, 0xD2, 0x0A, 0x37, 0x30, 0x63, 0x50,
    0xDC, 0x04, 0x28, 0x84, 0x05, 0x59, 0x00, 0x77, 0x94, 0x83, 0xCE, 0x18, 0x14, 0x38, 0x71, 0x07,
    0x61, 0x41, 0x16, 0xC0, 0x15, 0xC1, 0x4D, 0x18, 0x00, 0x37, 0x04, 0x31, 0x63, 0x50, 0xDC, 0x84,
    0x2A, 0x84, 0x05, 0x59, 0x00, 0xB3, 0x04, 0xC5, 0x8C, 0x41, 0x91, 0x13, 0x45, 0x58, 0x90, 0x05,
    0x70, 0x0A, 0x3A, 0xE8, 0x8C, 0x41, 0xB1, 0x13, 0x6A, 0x10, 0x16, 0x64, 0x01, 0xA0, 0x3A, 0x04,
    0x17, 0x30, 0x61, 0x00, 0xCC, 0x12, 0x14, 0x03, 0x1D, 0x81, 0x31, 0x08, 0x84, 0x58, 0x04, 0x33,
    0x06, 0x05, 0x00, 0x84, 0x05, 0x59, 0x00, 0x63, 0x08, 0x7F, 0x70, 0x0A, 0x33, 0x06, 0x45, 0x58,
    0xA8, 0x41, 0x58, 0x90, 0x05, 0x70, 0x42, 0x20, 0x33, 0x06, 0x45, 0x58, 0xA0, 0x41, 0x58, 0x90,
    0x05, 0x70, 0x01, 0x3C, 0xE0, 0x8C, 0x41, 0x01, 0x07, 0xAF, 0x00, 0x13, 0x00, 0x80, 0x81, 0x18,
    0xC0, 0xC0, 0x8C, 0x41, 0xF1, 0x06, 0x16, 0x4C, 0x00, 0x40, 0x06, 0x34, 0x66, 0x0C, 0x8A, 0x39,
    0x38, 0x60, 0x02, 0x00, 0x7A, 0x11, 0x76, 0x21, 0x98, 0x30, 0x00, 0x28, 0x28, 0x65, 0xC2, 0x00,
    0xB8, 0xE0, 0x16, 0x6E, 0xC6, 0xA0, 0x18, 0x83, 0xE0, 0x27, 0xCE, 0x02, 0xB8, 0xE0, 0x16, 0x74,
    0xC2, 0x00, 0xB8, 0x21, 0x17, 0x70, 0xC2, 0x00, 0xB8, 0x00, 0x17, 0x74, 0xC2, 0x00, 0xB8, 0x21,
    0xD8, 0x09, 0x03, 0x60, 0xBA, 0x21, 0x30, 0xCC, 0x60, 0xC2, 0x00, 0x48, 0x8F, 0xC6, 0x8C, 0x41,
    0x51, 0x07, 0x03, 0x4C, 0x00, 0x40, 0x2F, 0x42, 0x39, 0x04, 0x13, 0x06, 0xC0, 0xB0, 0x01, 0x11,
    0x0C, 0x05, 0x30, 0x61, 0x00, 0xCC, 0x12, 0x18, 0x33, 0x06, 0xC5, 0x1D, 0x04, 0x30, 0x01, 0x00,
    0x3A, 0x61, 0x00, 0x04, 0xC4, 0x00, 0x00, 0x00, 0x00, 0x1C, 0x00, 0x00, 0x00, 0x5B, 0x04, 0xE0,
    0x25, 0xB6, 0x1C, 0x41, 0xD0, 0x16, 0x87, 0x5B, 0x20, 0x6F, 0xB1, 0xE5, 0x38, 0x02, 0xB8, 0x38,
    0xDC, 0x02, 0x79, 0x8B, 0x2D, 0x87, 0x13, 0xC8, 0xC5, 0xE1, 0x16, 0xC8, 0x5B, 0x6C, 0x39, 0xA0,
    0x60, 0x2E, 0x0E, 0xB7, 0x40, 0xDE, 0x62, 0xCB, 0x21, 0x05, 0x74, 0x71, 0xB8, 0x05, 0xF2, 0x16,
    0x5B, 0x0E, 0x2A, 0xA8, 0x8B, 0xC3, 0x2D, 0x90, 0xB7, 0xD8, 0x72, 0x58, 0x81, 0x5D, 0x1C, 0x6E,
    0x81, 0xBC, 0xC5, 0x96, 0x23, 0x0D, 0x02, 0xB8, 0x38, 0xEE, 0x02, 0xC1, 0x8B, 0x2D, 0x07, 0x1D,
    0x04, 0x70, 0x71, 0xE8, 0x05, 0xB2, 0x17, 0x5B, 0x0E, 0x58, 0x08, 0xE0, 0xE2, 0xB8, 0x0B, 0x04,
    0x2F, 0xB6, 0x1C, 0xB9, 0x10, 0xC0, 0xC5, 0xA1, 0x17, 0xC8, 0x5E, 0x00, 0x00, 0x00, 0x00, 0x00,
    0x00, 0x61, 0x20, 0x00, 0x00, 0xA1, 0x01, 0x00, 0x00, 0x13, 0x04, 0x44, 0x2C, 0x10, 0x00, 0x00,
    0x00, 0x0B, 0x00, 0x00, 0x00, 0x14, 0x4A, 0xA1, 0x18, 0xCA, 0xA3, 0xE0, 0x2A, 0x10, 0xA8, 0xFC,
    0x6A, 0xA0, 0xF8, 0xFF, 0xFF, 0xFF, 0x07, 0x0A, 0xA6, 0xC0, 0xFF, 0xFF, 0xFF, 0x1F, 0x2A, 0xA8,
    0x00, 0x41, 0x0A, 0x90, 0xA3, 0x00, 0x07, 0x88, 0xCD, 0x00, 0x10, 0x2D, 0x81, 0x22, 0x00, 0x00,
    0x00, 0xF1, 0x30, 0x00, 0x00, 0x32, 0x00, 0x00, 0x00, 0x22, 0x47, 0xC8, 0x90, 0x51, 0x0E, 0x84,
    0x2A, 0x00, 0x00, 0x00, 0x00, 0x9A, 0x65, 0x01, 0x00, 0x58, 0x65, 0x54, 0x65, 0x78, 0x74, 0x75,
    0x72, 0x65, 0x53, 0x63, 0x61, 0x6C, 0x65, 0x64, 0x54, 0x69, 0x6C, 0x65, 0x64, 0x4F, 0x66, 0x66,
    0x73, 0x65, 0x74, 0x58, 0x65, 0x54, 0x65, 0x78, 0x74, 0x75, 0x72, 0x65, 0x54, 0x69, 0x6C, 0x65,
    0x64, 0x4F, 0x66, 0x66, 0x73, 0x65, 0x74, 0x33, 0x44, 0x58, 0x65, 0x54, 0x65, 0x78, 0x74, 0x75,
    0x72, 0x65, 0x54, 0x69, 0x6C, 0x65, 0x64, 0x4F, 0x66, 0x66, 0x73, 0x65, 0x74, 0x32, 0x44, 0x00,
    0x00, 0xAB, 0xA8, 0x23, 0x1E, 0xE6, 0x01, 0x88, 0x07, 0x5E, 0x80, 0x07, 0x5F, 0x00, 0x30, 0x00,
    0x44, 0x41, 0x10, 0x84, 0x58, 0x01, 0x00, 0xD0, 0x01, 0x00, 0x00, 0x40, 0xE7, 0x81, 0x04, 0x32,
    0x84, 0xC8, 0x90, 0x91, 0xD0, 0xBF, 0xA0, 0x51, 0x0F, 0x80, 0xEE, 0x03, 0x85, 0x56, 0xB8, 0x07,
    0xAB, 0xA8, 0x23, 0x1E, 0xE8, 0x01, 0x88, 0x07, 0x30, 0x80, 0x87, 0x30, 0x00, 0x30, 0x00, 0x44,
    0x41, 0x10, 0x84, 0x58, 0x01, 0x00, 0xD0, 0x01, 0x00, 0x00, 0xA0, 0xD7, 0xC1, 0xA1, 0x1E, 0x00,
    0xAB, 0xA8, 0x23, 0x1E, 0xEA, 0x01, 0x88, 0x87, 0x07, 0x1E, 0x1E, 0x00, 0x03, 0x40, 0x14, 0x04,
    0x41, 0x88, 0x15, 0x00, 0x00, 0x1D, 0x00, 0x00, 0x00, 0xFA, 0x1D, 0x1C, 0xEA, 0x01, 0x00, 0x00,
    0x00, 0xD7, 0x06, 0x53, 0xCC, 0x18, 0x14, 0x7D, 0x10, 0xB9, 0xC2, 0x3D, 0x00, 0x23, 0x06, 0x06,
    0x11, 0x82, 0x60, 0x90, 0xCC, 0x41, 0xD0, 0x06, 0x33, 0x06, 0xC5, 0x0E, 0x0E, 0x4A, 0x2B, 0xE0,
    0x03, 0x30, 0x86, 0x80, 0x89, 0xC1, 0x8C, 0x41, 0x11, 0x0E, 0x95, 0x3D, 0x00, 0xC0, 0x09, 0x6D,
    0xA0, 0x33, 0x06, 0x45, 0x38, 0x64, 0xF6, 0x00, 0x00, 0x27, 0x04, 0x38, 0x61, 0x00, 0xCC, 0x31,
    0x20, 0x41, 0x19, 0xCC, 0x18, 0x14, 0xE3, 0xE0, 0xD9, 0x03, 0x00, 0x8C, 0x21, 0x70, 0xC8, 0x8C,
    0x41, 0x31, 0x0E, 0x75, 0x60, 0x0F, 0x00, 0x30, 0xC7, 0x20, 0x04, 0xC9, 0x8C, 0x41, 0x31, 0x0E,
    0x9E, 0x3D, 0x00, 0xC0, 0x05, 0xDA, 0xCC, 0x18, 0x14, 0xE3, 0xA0, 0x07, 0xF6, 0x00, 0x00, 0x63,
    0x08, 0x41, 0x1A, 0x5C, 0x70, 0xDC, 0x8C, 0x41, 0x61, 0x0E, 0x62, 0x60, 0x0F, 0x00, 0x30, 0xCB,
    0x10, 0x08, 0x62, 0x30, 0x63, 0x50, 0xA4, 0x43, 0x66, 0x0F, 0x00, 0x30, 0x86, 0x30, 0x34, 0x33,
    0x06, 0xC5, 0x18, 0x5C, 0xF9, 0xA0, 0x0F, 0xC0, 0x05, 0x79, 0x80, 0x33, 0x06, 0xC5, 0x18, 0x6C,
    0xF9, 0xA0, 0x0F, 0xC0, 0x18, 0xC2, 0x18, 0x38, 0x33, 0x06, 0xC5, 0x18, 0x90, 0x41, 0x3E, 0xE8,
    0x03, 0x70, 0x41, 0x1F, 0xE4, 0x8C, 0x41, 0x31, 0x06, 0x68, 0x90, 0x0F, 0xFA, 0x00, 0xDC, 0x18,
    0xF0, 0x01, 0xCE, 0x18, 0x14, 0x63, 0x30, 0x0A, 0xF9, 0xA0, 0x0F, 0x00, 0x06, 0x82, 0x08, 0xCC,
    0x18, 0x14, 0x63, 0xE0, 0x06, 0xF9, 0xA0, 0x0F, 0xC0, 0x15, 0x01, 0xCC, 0x18, 0x14, 0x63, 0x10,
    0x06, 0xF9, 0xA0, 0x0F, 0xC0, 0x9D, 0xC1, 0x18, 0xE0, 0x8C, 0x41, 0x41, 0x06, 0x67, 0x90, 0x0F,
    0xFA, 0x00, 0x9C, 0x10, 0xC8, 0x8C, 0x41, 0x31, 0x06, 0xAB, 0x90, 0x0F, 0xFA, 0x00, 0x9C, 0x52,
    0x06, 0x39, 0x63, 0x50, 0x94, 0xC1, 0x95, 0x0F, 0xFA, 0x00, 0x9C, 0x10, 0xC0, 0x8C, 0x41, 0x51,
    0x06, 0x5D, 0x3E, 0xE8, 0x03, 0x70, 0x69, 0x60, 0x06, 0x30, 0x63, 0x50, 0x94, 0x41, 0x1E, 0xE4,
    0x83, 0x3E, 0x00, 0x17, 0x84, 0x82, 0xCE, 0x18, 0x14, 0x65, 0xC0, 0x06, 0xF9, 0xA0, 0x0F, 0xC0,
    0x0D, 0xC1, 0x4D, 0x18, 0x00, 0x17, 0x90, 0xC2, 0xCD, 0x18, 0x14, 0x65, 0xC0, 0x0A, 0xF9, 0xA0,
    0x0F, 0xC0, 0x05, 0x64, 0xA0, 0x13, 0x06, 0xC0, 0x45, 0xA9, 0xA0, 0x33, 0x06, 0x85, 0x19, 0x58,
    0xF9, 0xA0, 0x0F, 0xC0, 0x45, 0xAB, 0x70, 0x33, 0x06, 0x85, 0x19, 0xA0, 0x41, 0x3E, 0xE8, 0x03,
    0x70, 0x81, 0x19, 0xE8, 0x84, 0x01, 0x70, 0xC1, 0xB0, 0x33, 0x06, 0x85, 0x19, 0x6C, 0xF9, 0xA0,
    0x0F, 0xC0, 0x05, 0xC8, 0xCD, 0x18, 0x14, 0x66, 0xF0, 0x06, 0xF9, 0xA0, 0x0F, 0xC0, 0x05, 0x70,
    0x90, 0x33, 0x06, 0x85, 0x19, 0x88, 0x42, 0x3E, 0xE8, 0x03, 0x70, 0x56, 0x2B, 0xE0, 0x8C, 0x41,
    0x71, 0x06, 0x5C, 0x3E, 0xE8, 0x03, 0x80, 0x01, 0x05, 0x02, 0x33, 0x06, 0xC5, 0x19, 0x88, 0x41,
    0x3E, 0xE8, 0x03, 0x70, 0x81, 0x2B, 0xE8, 0x8C, 0x41, 0x71, 0x06, 0x70, 0x90, 0x0F, 0xFA, 0x00,
    0x9C, 0x06, 0x0B, 0x38, 0x63, 0x50, 0xA0, 0x01, 0x1A, 0xE4, 0x83, 0x3E, 0x00, 0x28, 0xC0, 0xC2,
    0x0D, 0xCC, 0x18, 0x14, 0x68, 0xE0, 0x07, 0xF9, 0xA0, 0x0F, 0x00, 0x06, 0x02, 0x0C, 0xCC, 0x18,
    0x14, 0x68, 0xE0, 0x06, 0xF9, 0xA0, 0x0F, 0x00, 0x06, 0xB2, 0x70, 0x03, 0x33, 0x06, 0x05, 0x1A,
    0xA8, 0x42, 0x3E, 0xE8, 0x03, 0x70, 0x01, 0x1E, 0xE8, 0x84, 0x01, 0x70, 0x49, 0x1C, 0xE8, 0x8C,
    0x41, 0x91, 0x06, 0x62, 0x90, 0x0F, 0xFA, 0x00, 0x20, 0x14, 0x40, 0xC0, 0x8C, 0x41, 0x91, 0x06,
    0x59, 0x3E, 0xE8, 0x03, 0x70, 0x81, 0x2D, 0xDC, 0x8C, 0x41, 0x91, 0x06, 0x6A, 0x90, 0x0F, 0xFA,
    0x00, 0x1C, 0xB3, 0x07, 0x3A, 0x63, 0x50, 0xA4, 0x41, 0x1E, 0xE4, 0x83, 0x3E, 0x00, 0x07, 0x06,
    0xB9, 0xA0, 0x33, 0x06, 0x85, 0x1A, 0x5C, 0xF9, 0xA0, 0x0F, 0xC0, 0x05, 0xD7, 0xCD, 0x18, 0x14,
    0x6A, 0xC0, 0xE5, 0x83, 0x3E, 0x00, 0x47, 0x06, 0xBC, 0x70, 0x33, 0x06, 0x85, 0x1A, 0xF0, 0x41,
    0x3E, 0xE8, 0x03, 0x70, 0xC1, 0x2D, 0xE8, 0x84, 0x01, 0x70, 0xC1, 0x00, 0x33, 0x06, 0x45, 0x1A,
    0xC0, 0x41, 0x3E, 0xE8, 0x03, 0x70, 0x81, 0x01, 0x33, 0x06, 0x45, 0x1A, 0xFC, 0x41, 0x3E, 0xE8,
    0x03, 0x70, 0x01, 0x02, 0x33, 0x06, 0x85, 0x1A, 0xBC, 0x41, 0x3E, 0xE8, 0x03, 0x80, 0x11, 0x29,
    0xDC, 0xC0, 0x8C, 0x41, 0xD1, 0x06, 0x4B, 0x3E, 0xE8, 0x03, 0x70, 0x42, 0x38, 0xE0, 0x84, 0x01,
    0x70, 0x01, 0x29, 0xE8, 0x84, 0x01, 0x70, 0xC1, 0xB0, 0x13, 0x06, 0xC0, 0x05, 0xD0, 0xCE, 0x18,
    0x14, 0x6E, 0xB0, 0xE4, 0x83, 0x3E, 0x00, 0x18, 0xA8, 0xC2, 0x0D, 0xCC, 0x18, 0x14, 0x71, 0xB0,
    0xE4, 0x83, 0x3E, 0x00, 0x77, 0x98, 0xC3, 0x4D, 0x18, 0x00, 0x17, 0xA0, 0x82, 0x4E, 0x18, 0x00,
    0x37, 0x04, 0x3B, 0x61, 0x00, 0x9C, 0x92, 0x0A, 0x3A, 0x63, 0x50, 0xC8, 0x81, 0x95, 0x0F, 0xFA,
    0x00, 0x9C, 0x10, 0xEC, 0x8C, 0x41, 0x21, 0x07, 0x4B, 0x3E, 0xE8, 0x03, 0x70, 0xB2, 0x90, 0x0E,
    0x3A, 0x63, 0x50, 0xFC, 0xC3, 0x62, 0x0F, 0x00, 0x30, 0x4B, 0x30, 0xCC, 0x18, 0x14, 0xED, 0x30,
    0xD8, 0x03, 0x00, 0x9C, 0x1D, 0xC4, 0x42, 0xCE, 0x18, 0x14, 0x53, 0xB3, 0x0F, 0xFC, 0x00, 0x8C,
    0x21, 0xE4, 0xC1, 0x28, 0xCC, 0x18, 0x14, 0x93, 0xB5, 0x0F, 0xFC, 0x00, 0x5C, 0x30, 0x0B, 0x39,
    0x63, 0x50, 0x4C, 0xDA, 0x3E, 0xF0, 0x03, 0x70, 0xB8, 0x40, 0x0B, 0x38, 0x63, 0x50, 0x4C, 0x74,
    0xB0, 0x0F, 0xFC, 0x00, 0xA0, 0x10, 0x88, 0xC0, 0x8C, 0x41, 0x31, 0x81, 0xC1, 0x3E, 0xF0, 0x03,
    0x80, 0x41, 0x01, 0x02, 0x33, 0x06, 0xC5, 0x34, 0xED, 0x03, 0x3F, 0x00, 0x97, 0x0B, 0xF4, 0x00,
    0x33, 0x06, 0xC5, 0x94, 0x0A, 0xFB, 0xC0, 0x0F, 0xC0, 0x05, 0xF1, 0xA0, 0x33, 0x06, 0xC5, 0xC4,
    0x07, 0xFB, 0xC0, 0x0F, 0xC0, 0x0D, 0xC1, 0x4D, 0x18, 0x00, 0xF7, 0x07, 0xF7, 0xA0, 0x33, 0x06,
    0x45, 0x55, 0xED, 0x03, 0x3F, 0x00, 0x97, 0xE4, 0xC3, 0xCD, 0x18, 0x14, 0x55, 0x1A, 0xEC, 0x03,
    0x3F, 0x00, 0x17, 0xE4, 0x82, 0x4E, 0x18, 0x00, 0x17, 0x0C, 0x3B, 0x63, 0x50, 0x54, 0xDA, 0x3E,
    0xF0, 0x03, 0x70, 0xE0, 0x70, 0x0F, 0x3A, 0x63, 0x50, 0x54, 0x70, 0xB0, 0x0F, 0xFC, 0x00, 0x9C,
    0x10, 0xDC, 0x84, 0x01, 0x70, 0x81, 0x3E, 0xDC, 0x8C, 0x41, 0x71, 0xA1, 0xC1, 0x3E, 0xF0, 0x03,
    0x70, 0xC1, 0x2D, 0xE8, 0x84, 0x01, 0x70, 0x03, 0x38, 0xE8, 0x8C, 0x41, 0x71, 0xDD, 0xC1, 0x3E,
    0xF0, 0x03, 0x70, 0xD1, 0x3F, 0xDC, 0x8C, 0x41, 0x71, 0xAD, 0xC2, 0x3E, 0xF0, 0x03, 0x70, 0x81,
    0x3E, 0xE8, 0x84, 0x01, 0x70, 0x4C, 0x00, 0x33, 0x06, 0xC5, 0x65, 0xED, 0x03, 0x3F, 0x00, 0x17,
    0x10, 0x30, 0x63, 0x50, 0x5C, 0x6E, 0xB0, 0x0F, 0xFC, 0x00, 0x5C, 0x60, 0xC0, 0x8C, 0x41, 0x71,
    0xF9, 0xC1, 0x3E, 0xF0, 0x03, 0x70, 0xC1, 0x48, 0xDC, 0x8C, 0x41, 0x91, 0x75, 0xFB, 0xC0, 0x0F,
    0xC0, 0x05, 0xE5, 0xA0, 0x13, 0x06, 0xC0, 0x61, 0x27, 0x71, 0x33, 0x06, 0x85, 0x66, 0xED, 0x03,
    0x3F, 0x00, 0x17, 0x80, 0x83, 0x4E, 0x18, 0x00, 0x57, 0xA8, 0xC4, 0xCD, 0x18, 0x14, 0x1B, 0xB7,
    0x0F, 0xFC, 0x00, 0x5C, 0x10, 0x0E, 0x3A, 0x61, 0x00, 0x1C, 0xC7, 0x12, 0x38, 0x63, 0x50, 0x70,
    0xD8, 0x3E, 0xF0, 0x03, 0x70, 0x41, 0x4B, 0xE8, 0x84, 0x01, 0x70, 0xB5, 0xB0, 0x12, 0x38, 0x63,
    0x50, 0x70, 0x65, 0xB0, 0x0F, 0xFC, 0x00, 0xA0, 0x10, 0xC0, 0xC0, 0x8C, 0x41, 0xC1, 0x79, 0xFB,
    0xC0, 0x0F, 0xC0, 0x05, 0xF1, 0x70, 0x33, 0x06, 0x05, 0x17, 0x07, 0xFB, 0xC0, 0x0F, 0xC0, 0x05,
    0xE6, 0xA0, 0x13, 0x06, 0xC0, 0x35, 0xEF, 0xA0, 0x33, 0x06, 0x45, 0x27, 0xED, 0x03, 0x3F, 0x00,
    0x27, 0x28, 0x3B, 0x63, 0x50, 0x64, 0x63, 0xB0, 0x0F, 0xFC, 0x00, 0x5C, 0x20, 0xEC, 0x8C, 0x41,
    0xA1, 0x71, 0xFB, 0xC0, 0x0F, 0xC0, 0x05, 0xCE, 0xCE, 0x18, 0x14, 0x9B, 0x18, 0xEC, 0x03, 0x3F,
    0x00, 0x17, 0x2C, 0x3B, 0x63, 0x50, 0x70, 0x77, 0xB0, 0x0F, 0xFC, 0x00, 0xCC, 0x12, 0x0C, 0x03,
    0x15, 0x81, 0x1D, 0x08, 0xB2, 0x10, 0xCC, 0x18, 0x14, 0xFF, 0xB0, 0xD8, 0x03, 0x00, 0x0C, 0x54,
    0x04, 0x84, 0x60, 0x0B, 0xC1, 0x8C, 0x41, 0x01, 0x00, 0xF6, 0x00, 0x00, 0x27, 0x0E, 0xFC, 0x20,
    0x33, 0x06, 0x85, 0x3D, 0xA4, 0x82, 0x3D, 0x00, 0xC0, 0x91, 0x43, 0x10, 0x33, 0x06, 0x85, 0x3D,
    0xE4, 0x81, 0x3D, 0x00, 0xC0, 0x18, 0x82, 0x3F, 0xB0, 0xC4, 0x8C, 0x41, 0xC1, 0x0F, 0x60, 0x60,
    0x0F, 0x00, 0x30, 0x86, 0xF0, 0x0F, 0xEF, 0x30, 0x63, 0x50, 0xF0, 0x83, 0x1A, 0xD8, 0x03, 0x00,
    0x9C, 0x10, 0xC8, 0x8C, 0x41, 0xC1, 0x0F, 0x68, 0x60, 0x0F, 0x00, 0x70, 0x81, 0x21, 0x33, 0x06,
    0x05, 0x3F, 0x74, 0xF6, 0x00, 0x00, 0x63, 0x08, 0x05, 0x4C, 0xCC, 0x18, 0x14, 0xFD, 0xE0, 0xD8,
    0x03, 0x00, 0x5C, 0x40, 0xC8, 0x8C, 0x41, 0xD1, 0x0F, 0x9D, 0x3D, 0x00, 0xC0, 0x18, 0xC2, 0x41,
    0x0F, 0x33, 0x06, 0x45, 0x3F, 0xA4, 0x81, 0x3D, 0x00, 0xC0, 0x09, 0x01, 0xCC, 0x18, 0x14, 0xFD,
    0x70, 0x06, 0xF6, 0x00, 0x00, 0x17, 0xC4, 0xC3, 0xCD, 0x18, 0x14, 0xFD, 0x90, 0x07, 0xF6, 0x00,
    0x00, 0x08, 0x12, 0xF2, 0x70, 0x02, 0x33, 0x06, 0x85, 0x3F, 0xB0, 0x81, 0x3D, 0x00, 0xC0, 0x05,
    0x21, 0xC1, 0x13, 0x06, 0xC0, 0xD5, 0x43, 0xA0, 0x33, 0x06, 0x85, 0x3F, 0x44, 0xF6, 0x00, 0x00,
    0x47, 0x04, 0x30, 0x63, 0x50, 0xF4, 0x43, 0x2B, 0xD8, 0x03, 0x00, 0x5C, 0x10, 0xDD, 0x8C, 0x41,
    0xF1, 0x0F, 0x8B, 0x3D, 0x00, 0xC0, 0x2D, 0x01, 0xCC, 0x18, 0x14, 0xFC, 0x30, 0x07, 0xF6, 0x00,
    0x00, 0x1B, 0xCC, 0x18, 0x14, 0xFC, 0x30, 0xD8, 0x03, 0x00, 0x04, 0xC4, 0x00, 0x02, 0x00, 0x00,
    0x00, 0x5B, 0x04, 0xA0, 0x1E, 0x00, 0x00, 0x00, 0x00, 0x00, 0x00, 0x00, 0x00, 0x71, 0x20, 0x00,
    0x00, 0x03, 0x00, 0x00, 0x00, 0x32, 0x0E, 0x10, 0x22, 0x84, 0x00, 0x92, 0x0A, 0x28, 0x30, 0xEF,
    0x00, 0x00, 0x00, 0x00, 0x00, 0x65, 0x0C, 0x00, 0x00, 0x31, 0x00, 0x00, 0x00, 0x12, 0x03, 0x94,
    0x78, 0x01, 0x00, 0x00, 0x00, 0x03, 0x00, 0x00, 0x00, 0x4F, 0x00, 0x00, 0x00, 0x0C, 0x00, 0x00,
    0x00, 0x4C, 0x00, 0x00, 0x00, 0x01, 0x00, 0x00, 0x00, 0x58, 0x00, 0x00, 0x00, 0x00, 0x00, 0x00,
    0x00, 0x58, 0x00, 0x00, 0x00, 0x04, 0x00, 0x00, 0x00, 0xB8, 0x00, 0x00, 0x00, 0x00, 0x00, 0x00,
    0x00, 0x5B, 0x00, 0x00, 0x00, 0x1C, 0x00, 0x00, 0x00, 0x00, 0x00, 0x00, 0x00, 0x0A, 0x00, 0x00,
    0x00, 0x0A, 0x00, 0x00, 0x00, 0x00, 0x00, 0x00, 0x00, 0xB8, 0x00, 0x00, 0x00, 0x00, 0x00, 0x00,
    0x00, 0x00, 0x00, 0x00, 0x00, 0x04, 0x00, 0x00, 0x00, 0x00, 0x00, 0x00, 0x00, 0x00, 0x00, 0x00,
    0x00, 0x0A, 0x00, 0x00, 0x00, 0x00, 0x00, 0x00, 0x00, 0x0A, 0x00, 0x00, 0x00, 0xFF, 0xFF, 0xFF,
    0xFF, 0x00, 0x24, 0x00, 0x00, 0x0A, 0x00, 0x00, 0x00, 0x0D, 0x00, 0x00, 0x00, 0x0A, 0x00, 0x00,
    0x00, 0x0D, 0x00, 0x00, 0x00, 0xFF, 0xFF, 0xFF, 0xFF, 0x08, 0x24, 0x00, 0x00, 0x17, 0x00, 0x00,
    0x00, 0x2C, 0x00, 0x00, 0x00, 0x17, 0x00, 0x00, 0x00, 0x2C, 0x00, 0x00, 0x00, 0xFF, 0xFF, 0xFF,
    0xFF, 0x00, 0x30, 0x00, 0x00, 0x43, 0x00, 0x00, 0x00, 0x0C, 0x00, 0x00, 0x00, 0x43, 0x00, 0x00,
    0x00, 0x0C, 0x00, 0x00, 0x00, 0xFF, 0xFF, 0xFF, 0xFF, 0x08, 0x24, 0x00, 0x00, 0x00, 0x00, 0x00,
    0x00, 0x5D, 0x0C, 0x00, 0x00, 0x21, 0x00, 0x00, 0x00, 0x12, 0x03, 0x94, 0xF7, 0x00, 0x00, 0x00,
    0x00, 0x78, 0x65, 0x73, 0x6C, 0x5F, 0x65, 0x6E, 0x74, 0x72, 0x79, 0x61, 0x69, 0x72, 0x2E, 0x6D,
    0x69, 0x6E, 0x2E, 0x75, 0x2E, 0x69, 0x33, 0x32, 0x5F, 0x5A, 0x32, 0x36, 0x58, 0x65, 0x54, 0x65,
    0x78, 0x74, 0x75, 0x72, 0x65, 0x53, 0x63, 0x61, 0x6C, 0x65, 0x64, 0x54, 0x69, 0x6C, 0x65, 0x64,
    0x4F, 0x66, 0x66, 0x73, 0x65, 0x74, 0x62, 0x44, 0x76, 0x33, 0x5F, 0x6A, 0x6A, 0x6A, 0x6A, 0x44,
    0x76, 0x32, 0x5F, 0x6A, 0x61, 0x69, 0x72, 0x2E, 0x61, 0x6E, 0x79, 0x2E, 0x76, 0x32, 0x69, 0x31,
    0x33, 0x32, 0x30, 0x32, 0x33, 0x2E, 0x38, 0x35, 0x30, 0x2E, 0x31, 0x30, 0x61, 0x69, 0x72, 0x36,
    0x34, 0x5F, 0x76, 0x32, 0x38, 0x2D, 0x61, 0x70, 0x70, 0x6C, 0x65, 0x2D, 0x6D, 0x61, 0x63, 0x6F,
    0x73, 0x78, 0x32, 0x36, 0x2E, 0x30, 0x2E, 0x30, 0x00, 0x00, 0x00, 0x00, 0x00, 0x00, 0x00, 0x00,
    0x00, 0x01, 0x00, 0x00, 0x00, 0x2F, 0x70, 0x72, 0x69, 0x76, 0x61, 0x74, 0x65, 0x2F, 0x76, 0x61,
    0x72, 0x2F, 0x72, 0x75, 0x6E, 0x2F, 0x63, 0x6F, 0x6D, 0x2E, 0x61, 0x70, 0x70, 0x6C, 0x65, 0x2E,
    0x73, 0x65, 0x63, 0x75, 0x72, 0x69, 0x74, 0x79, 0x2E, 0x63, 0x72, 0x79, 0x70, 0x74, 0x65, 0x78,
    0x64, 0x2F, 0x6D, 0x6E, 0x74, 0x2F, 0x63, 0x6F, 0x6D, 0x2E, 0x61, 0x70, 0x70, 0x6C, 0x65, 0x2E,
    0x4D, 0x6F, 0x62, 0x69, 0x6C, 0x65, 0x41, 0x73, 0x73, 0x65, 0x74, 0x2E, 0x4D, 0x65, 0x74, 0x61,
    0x6C, 0x54, 0x6F, 0x6F, 0x6C, 0x63, 0x68, 0x61, 0x69, 0x6E, 0x2D, 0x76, 0x31, 0x37, 0x2E, 0x33,
    0x2E, 0x34, 0x38, 0x2E, 0x30, 0x2E, 0x6E, 0x31, 0x71, 0x46, 0x75, 0x4F, 0x2F, 0x4D, 0x65, 0x74,
    0x61, 0x6C, 0x2E, 0x78, 0x63, 0x74, 0x6F, 0x6F, 0x6C, 0x63, 0x68, 0x61, 0x69, 0x6E, 0x2F, 0x75,
    0x73, 0x72, 0x2F, 0x6D, 0x65, 0x74, 0x61, 0x6C, 0x2F, 0x33, 0x32, 0x30, 0x32, 0x33, 0x2F, 0x62,
    0x69, 0x6E, 0x2F, 0x6D, 0x65, 0x74, 0x61, 0x6C, 0x6C, 0x69, 0x62, 0x20, 0x73, 0x72, 0x63, 0x2F,
    0x78, 0x65, 0x6E, 0x69, 0x61, 0x2F, 0x67, 0x70, 0x75, 0x2F, 0x73, 0x68, 0x61, 0x64, 0x65, 0x72,
    0x73, 0x2F, 0x62, 0x79, 0x74, 0x65, 0x63, 0x6F, 0x64, 0x65, 0x2F, 0x6D, 0x65, 0x74, 0x61, 0x6C,
    0x2F, 0x74, 0x65, 0x78, 0x74, 0x75, 0x72, 0x65, 0x5F, 0x6C, 0x6F, 0x61, 0x64, 0x5F, 0x31, 0x36,
    0x62, 0x70, 0x62, 0x5F, 0x73, 0x63, 0x61, 0x6C, 0x65, 0x64, 0x5F, 0x63, 0x73, 0x2E, 0x61, 0x69,
    0x72, 0x20, 0x2D, 0x6F, 0x20, 0x73, 0x72, 0x63, 0x2F, 0x78, 0x65, 0x6E, 0x69, 0x61, 0x2F, 0x67,
    0x70, 0x75, 0x2F, 0x73, 0x68, 0x61, 0x64, 0x65, 0x72, 0x73, 0x2F, 0x62, 0x79, 0x74, 0x65, 0x63,
    0x6F, 0x64, 0x65, 0x2F, 0x6D, 0x65, 0x74, 0x61, 0x6C, 0x2F, 0x74, 0x65, 0x78, 0x74, 0x75, 0x72,
    0x65, 0x5F, 0x6C, 0x6F, 0x61, 0x64, 0x5F, 0x31, 0x36, 0x62, 0x70, 0x62, 0x5F, 0x73, 0x63, 0x61,
    0x6C, 0x65, 0x64, 0x5F, 0x63, 0x73, 0x2E, 0x6D, 0x65, 0x74, 0x61, 0x6C, 0x6C, 0x69, 0x62, 0x00,
    0x2F, 0x55, 0x73, 0x65, 0x72, 0x73, 0x2F, 0x77, 0x6D, 0x61, 0x72, 0x74, 0x69, 0x2F, 0x44, 0x6F,
    0x63, 0x75, 0x6D, 0x65, 0x6E, 0x74, 0x73, 0x2F, 0x78, 0x65, 0x6E, 0x69, 0x61, 0x2D, 0x6D, 0x61,
    0x63, 0x2F, 0x73, 0x63, 0x72, 0x61, 0x74, 0x63, 0x68, 0x2F, 0x77, 0x6F, 0x72, 0x6B, 0x74, 0x72,
    0x65, 0x65, 0x73, 0x2F, 0x78, 0x65, 0x6E, 0x69, 0x61, 0x2D, 0x63, 0x61, 0x6E, 0x61, 0x72, 0x79,
    0x2D, 0x72, 0x65, 0x62, 0x61, 0x73, 0x65, 0x00, 0x29, 0x50, 0x00, 0x00, 0x53, 0x41, 0x52, 0x43,
    0x1D, 0x50, 0x00, 0x00, 0x74, 0x65, 0x78, 0x74, 0x75, 0x72, 0x65, 0x5F, 0x6C, 0x6F, 0x61, 0x64,
    0x5F, 0x31, 0x36, 0x62, 0x70, 0x62, 0x5F, 0x73, 0x63, 0x61, 0x6C, 0x65, 0x64, 0x5F, 0x63, 0x73,
    0x00, 0x42, 0x5A, 0x68, 0x39, 0x31, 0x41, 0x59, 0x26, 0x53, 0x59, 0x47, 0x7B, 0x23, 0xCF, 0x00,
    0x65, 0xAB, 0xFF, 0xF8, 0xFF, 0xFC, 0xEB, 0xFF, 0xFF, 0xFF, 0xFF, 0xFF, 0xBF, 0xFF, 0xDF, 0xFE,
    0xFF, 0xFF, 0xFF, 0xFF, 0x10, 0x06, 0x01, 0x02, 0x04, 0x00, 0x02, 0x80, 0x08, 0x08, 0x60, 0x4B,
    0xFD, 0xEF, 0x3B, 0x6E, 0x70, 0x1E, 0xEF, 0x77, 0x55, 0x1E, 0xF9, 0x07, 0xDE, 0x3B, 0x7B, 0x92,
    0x4D, 0xBB, 0x7B, 0xDC, 0xF6, 0x0A, 0xAF, 0x5A, 0x92, 0xA3, 0x59, 0x14, 0xAE, 0xC3, 0x23, 0xDA,
    0xE7, 0xBE, 0xF7, 0x9E, 0xF7, 0xBA, 0x8B, 0x7D, 0x3D, 0xAE, 0xF8, 0xEF, 0xB5, 0x6B, 0xDB, 0x5B,
    0x3B, 0x7B, 0x9E, 0x73, 0xAB, 0x8E, 0x5D, 0xBC, 0x1D, 0xDE, 0x5B, 0x5B, 0xBE, 0xD5, 0xB9, 0xA7,
    0xD7, 0xD9, 0x1E, 0x9F, 0x67, 0xDB, 0x8F, 0xBB, 0xD7, 0xBD, 0xB9, 0x64, 0x64, 0xD2, 0xDC, 0x61,
    0xBB, 0xB0, 0x37, 0x61, 0xAA, 0x1A, 0x37, 0x6D, 0xD5, 0x50, 0x08, 0xEE, 0xE3, 0xAB, 0x68, 0x75,
    0xD5, 0xC2, 0x9F, 0x28, 0x9D, 0x3D, 0xE6, 0x8B, 0xDD, 0x8E, 0x4F, 0xAE, 0x9E, 0xF5, 0x7C, 0xE9,
    0x7B, 0x2B, 0x76, 0x97, 0x43, 0x73, 0xEB, 0xBB, 0xBD, 0xBC, 0x57, 0x80, 0xBD, 0xED, 0xDE, 0xDC,
    0xE3, 0x68, 0xCB, 0xAD, 0xCC, 0xF5, 0xEE, 0x1E, 0x74, 0x02, 0xBB, 0x60, 0x35, 0xAB, 0xBB, 0x9D,
    0x6E, 0x77, 0x27, 0x5A, 0xB6, 0xF7, 0x00, 0xDE, 0xDB, 0xD6, 0x8A, 0xF8, 0x1B, 0x76, 0x30, 0xD8,
    0x18, 0xED, 0xBD, 0x58, 0xBB, 0x0E, 0x4F, 0x3D, 0xCE, 0x4D, 0xB7, 0x58, 0x3B, 0xDD, 0xCE, 0xBC,
    0x95, 0xD6, 0xDD, 0x3B, 0xBB, 0x01, 0x45, 0x3E, 0xFB, 0xEE, 0xF9, 0x7C, 0x25, 0x34, 0x82, 0x68,
    0x00, 0x42, 0x61, 0x03, 0x44, 0xCA, 0x7A, 0x13, 0x26, 0x4A, 0x7E, 0x8D, 0x28, 0xD3, 0xD4, 0x19,
    0x03, 0xF5, 0x40, 0x7A, 0x9A, 0x01, 0xA0, 0x1E, 0xA0, 0x1A, 0x00, 0x69, 0xA0, 0x68, 0x01, 0xA6,
    0x80, 0x82, 0x26, 0x44, 0x1A, 0x13, 0x20, 0x98, 0x26, 0xA9, 0xEA, 0x7A, 0x7A, 0x8D, 0x10, 0xCD,
    0x4D, 0x3F, 0x54, 0x00, 0x01, 0x90, 0x34, 0xC8, 0x32, 0x00, 0xD3, 0x4D, 0x1E, 0xA6, 0xD2, 0x1A,
    0x34, 0xD0, 0x02, 0x41, 0x44, 0x9A, 0x02, 0x93, 0xD4, 0xC8, 0xF4, 0x6A, 0x9E, 0xA7, 0xEA, 0x9A,
    0x7E, 0x92, 0x0C, 0x4D, 0x31, 0x34, 0x1A, 0x33, 0x53, 0x4D, 0x1A, 0x1A, 0x69, 0xA1, 0xA0, 0x0D,
    0x01, 0x91, 0xA6, 0x40, 0x06, 0x40, 0x68, 0x00, 0x42, 0x91, 0x11, 0x02, 0x03, 0x44, 0x6A, 0xA7,
    0xFA, 0x99, 0x4F, 0x4D, 0xAA, 0x4F, 0xD3, 0x26, 0xA8, 0xF6, 0xA9, 0xE8, 0x9F, 0xA9, 0x3D, 0x26,
    0xD2, 0x7E, 0xA8, 0x7A, 0x8F, 0x51, 0xA7, 0xA9, 0xE0, 0xA0, 0x36, 0xA6, 0x83, 0x1A, 0x9E, 0xA0,
    0x0D, 0x00, 0x01, 0xEA, 0x1A, 0x08, 0x92, 0x21, 0x34, 0xD0, 0x99, 0x05, 0x1E, 0x8C, 0x9A, 0x45,
    0x3F, 0x4C, 0x9A, 0xA7, 0xEA, 0x9E, 0x29, 0xE3, 0x54, 0xF4, 0xD9, 0x4F, 0x24, 0xC9, 0xB4, 0x6A,
    0x98, 0xF5, 0x34, 0x9B, 0x35, 0x4F, 0x6A, 0x9E, 0xA7, 0xA6, 0x93, 0x46, 0x80, 0x00, 0x1A, 0x01,
    0x90, 0x04, 0x49, 0x08, 0x10, 0x23, 0x43, 0x45, 0x3C, 0x4D, 0x1A, 0x84, 0xDA, 0x13, 0x69, 0x24,
    0xCF, 0x4D, 0x27, 0x92, 0x9E, 0x53, 0xD4, 0x07, 0xA4, 0xD0, 0x03, 0xD4, 0x00, 0x01, 0xEA, 0x00,
    0x1A, 0x64, 0x01, 0xA0, 0x7F, 0x09, 0xFA, 0x3B, 0xF3, 0xF8, 0xDD, 0xDF, 0x42, 0x1F, 0xC4, 0xC8,
    0x7E, 0xFF, 0xF1, 0x1B, 0xE7, 0x0F, 0x73, 0xA3, 0xAD, 0x0C, 0x5D, 0x51, 0x5E, 0x21, 0x07, 0xF6,
    0xBC, 0x30, 0xF0, 0xF8, 0x3C, 0x1E, 0x1D, 0xBA, 0x2E, 0xA2, 0x0B, 0xFD, 0xC8, 0x40, 0x42, 0x8D,
    0x73, 0xBF, 0x01, 0xB2, 0xC4, 0x22, 0x1D, 0xF1, 0x89, 0x02, 0x6C, 0x02, 0x24, 0x8D, 0x21, 0x5C,
    0x04, 0x0C, 0x40, 0x58, 0x44, 0x20, 0x0F, 0x42, 0xD0, 0xA1, 0x1C, 0x18, 0x25, 0x18, 0x82, 0x20,
    0x60, 0x1F, 0x93, 0x87, 0xAF, 0x0F, 0x22, 0x6F, 0xBE, 0x71, 0xE5, 0x9C, 0x0E, 0xEF, 0xF5, 0x5F,
    0x4C, 0xF6, 0x3F, 0x21, 0xD7, 0xDB, 0x77, 0x1E, 0x41, 0x5B, 0x2B, 0x8B, 0x7F, 0xA3, 0xFC, 0x2A,
    0x1E, 0xCE, 0xA5, 0xFD, 0xAA, 0x29, 0xBE, 0xE5, 0xD0, 0x2E, 0x4F, 0x7D, 0xF9, 0xD5, 0x9A, 0x30,
    0x59, 0x57, 0xF9, 0x8F, 0x62, 0xFB, 0xFE, 0x7F, 0xE8, 0x48, 0x6A, 0xFE, 0x9F, 0xD0, 0x69, 0xC2,
    0xE1, 0x46, 0xFC, 0x6A, 0xBF, 0xD4, 0xB4, 0x10, 0x74, 0x80, 0x48, 0x2B, 0x86, 0x12, 0xA6, 0x61,
    0xFA, 0x13, 0x4E, 0x9D, 0x2C, 0x34, 0x74, 0x17, 0xD7, 0x60, 0x18, 0x66, 0x4F, 0xB1, 0x03, 0x09,
    0xD6, 0x21, 0x7D, 0x51, 0xC1, 0x9D, 0x49, 0x10, 0xE4, 0xE0, 0x77, 0xA4, 0xD4, 0xC4, 0x86, 0xA3,
    0xA4, 0x14, 0x8F, 0xE2, 0xD5, 0x70, 0x77, 0xEC, 0x34, 0x4A, 0x73, 0xC7, 0x40, 0xF4, 0x76, 0x70,
    0x9C, 0x71, 0xFF, 0x6D, 0x9A, 0x37, 0x6F, 0x5F, 0x8E, 0x76, 0x14, 0x81, 0x12, 0xC2, 0x4C, 0xC9,
    0x92, 0x04, 0x8E, 0xC4, 0xCC, 0xE8, 0x19, 0x1D, 0x14, 0xFB, 0xB9, 0xC3, 0x7E, 0xAD, 0x9B, 0x45,
    0x37, 0x54, 0xE1, 0xBA, 0xA3, 0x28, 0x3F, 0xA0, 0xF3, 0x94, 0xA9, 0x45, 0xBB, 0x5F, 0x73, 0x6E,
    0x91, 0xEC, 0x47, 0xB3, 0x75, 0xAA, 0x49, 0x69, 0x48, 0xC5, 0xE1, 0x84, 0x56, 0x59, 0xA2, 0xB4,
    0x2F, 0xBE, 0xEF, 0x65, 0x74, 0xD1, 0x12, 0xAC, 0x53, 0xB6, 0x8E, 0xAD, 0x2F, 0xC5, 0x12, 0xA8,
    0x8B, 0x3C, 0x44, 0xD1, 0x64, 0x88, 0x4B, 0x0B, 0x61, 0x04, 0x43, 0x52, 0x75, 0x9E, 0xA3, 0x53,
    0x52, 0xDC, 0xBB, 0x36, 0xAA, 0xF4, 0x1D, 0xDF, 0x48, 0x25, 0x1C, 0xC7, 0x51, 0x1D, 0xCA, 0xA1,
    0x28, 0xAB, 0xEA, 0x2F, 0x47, 0x4E, 0xAB, 0x6B, 0x97, 0x63, 0x8C, 0xD9, 0xC7, 0x31, 0x23, 0x7B,
    0x57, 0x32, 0xC4, 0x24, 0x43, 0x33, 0x3C, 0x9B, 0x74, 0x36, 0xB2, 0xCF, 0xF9, 0x1C, 0x9C, 0xE9,
    0x6A, 0xD9, 0x62, 0x71, 0x90, 0xDA, 0x56, 0x8C, 0xD4, 0x1A, 0x20, 0xC2, 0x64, 0xD7, 0x3D, 0x11,
    0x99, 0x99, 0x99, 0x6D, 0x40, 0xD5, 0x5D, 0x4B, 0xCF, 0x2C, 0xF1, 0x31, 0xC0, 0x52, 0xA9, 0x51,
    0xE9, 0x01, 0x8A, 0xF1, 0x4C, 0x40, 0x62, 0x19, 0xA5, 0x1F, 0x1E, 0xE0, 0xAE, 0xD9, 0xBF, 0xEC,
    0x6A, 0x7B, 0x4B, 0x1E, 0xC4, 0xD3, 0x3E, 0x2D, 0xBA, 0xD8, 0xDC, 0x24, 0xEB, 0x24, 0x54, 0xBC,
    0xD1, 0x70, 0x77, 0xCC, 0x3B, 0x94, 0x7C, 0x4B, 0xFF, 0x0B, 0xF9, 0x0B, 0x11, 0x1F, 0x2F, 0x7E,
    0xDE, 0x06, 0xF1, 0x84, 0x00, 0xD8, 0x58, 0x86, 0xA7, 0xF3, 0x21, 0x0D, 0x24, 0x92, 0x0A, 0x63,
    0xE6, 0x68, 0x6E, 0x68, 0xA6, 0x1D, 0x83, 0x32, 0x40, 0x57, 0x0C, 0x08, 0xF1, 0x18, 0x47, 0xCB,
    0x9F, 0x34, 0x6B, 0x6B, 0x12, 0x1D, 0x6C, 0x5C, 0x3E, 0xCD, 0x98, 0xAA, 0x5C, 0xE4, 0x9A, 0xAC,
    0x2C, 0xA2, 0x14, 0x2D, 0x41, 0x6D, 0x42, 0xA9, 0xA3, 0x07, 0xFE, 0x11, 0xBC, 0x06, 0x43, 0x21,
    0x81, 0x0D, 0xE9, 0x0A, 0xAF, 0xE9, 0x47, 0xA8, 0x20, 0xD6, 0x76, 0x3F, 0x1E, 0xE8, 0xDB, 0x82,
    0xCB, 0x8A, 0x8A, 0x58, 0xF3, 0x9C, 0xC4, 0x15, 0x30, 0x9F, 0x36, 0xF2, 0xC1, 0xC2, 0xAA, 0xC0,
    0x59, 0xC3, 0x79, 0x63, 0xB7, 0x59, 0xB3, 0x03, 0x61, 0xDD, 0xC4, 0x7A, 0xA7, 0xD4, 0xC2, 0x92,
    0xF7, 0x96, 0x6E, 0xE9, 0xA4, 0xE3, 0xBA, 0x4E, 0x34, 0x91, 0xB0, 0x30, 0x0E, 0x69, 0xB5, 0x5A,
    0x63, 0xA2, 0x80, 0x4F, 0x07, 0xBE, 0x00, 0xE8, 0x49, 0x9B, 0xD7, 0x86, 0x94, 0x56, 0x8D, 0x6F,
    0xB8, 0x13, 0x1B, 0x3C, 0xD8, 0x8A, 0x16, 0xC6, 0xF4, 0x41, 0x55, 0x52, 0x0F, 0xA7, 0x16, 0x2A,
    0xA5, 0x74, 0x4F, 0x98, 0x79, 0x35, 0xB4, 0x40, 0x24, 0x5C, 0x21, 0x41, 0xDB, 0x08, 0x78, 0x38,
    0x88, 0x4E, 0x43, 0xF7, 0x87, 0xAE, 0x57, 0xE1, 0x5E, 0x7B, 0x5C, 0x92, 0x93, 0xD8, 0x3D, 0x70,
    0x7B, 0x55, 0x93, 0x51, 0xE2, 0xF4, 0x74, 0x66, 0xD1, 0xED, 0x07, 0x52, 0xA4, 0x06, 0x29, 0xC6,
    0x35, 0xE9, 0xC8, 0xA9, 0x04, 0xA2, 0x13, 0x25, 0x8B, 0x08, 0x2A, 0x95, 0xC7, 0x95, 0xF8, 0xF9,
    0x74, 0xCC, 0x43, 0x78, 0xFE, 0x45, 0xC7, 0xC9, 0x8E, 0xBB, 0x70, 0xBC, 0x62, 0x63, 0x52, 0xBE,
    0xFA, 0xE6, 0xA5, 0xBE, 0x52, 0xF2, 0xD8, 0x58, 0x95, 0xB2, 0xEC, 0xC6, 0xC1, 0xFF, 0xCD, 0x60,
    0xF1, 0xD9, 0xA7, 0x5E, 0x0E, 0x3C, 0x59, 0x68, 0xCD, 0xE2, 0x72, 0x27, 0xAF, 0xB9, 0xFB, 0xA3,
    0x07, 0xBF, 0x19, 0xC3, 0x8C, 0xF3, 0xFC, 0x04, 0x27, 0x79, 0x1C, 0x47, 0x9B, 0x82, 0x53, 0xF6,
    0x0F, 0x60, 0xF0, 0x36, 0xCB, 0xF5, 0x78, 0x2F, 0x36, 0xC7, 0x5B, 0xC2, 0x2B, 0x67, 0xA2, 0x4A,
    0x79, 0x8E, 0x84, 0x0F, 0xD2, 0x00, 0x3F, 0x6C, 0x03, 0xF3, 0xB1, 0x58, 0x81, 0xF2, 0xA1, 0x00,
    0x29, 0x54, 0x45, 0x34, 0x57, 0x60, 0xE6, 0xD2, 0xAA, 0xF7, 0xD7, 0x1B, 0x2A, 0x09, 0x4C, 0x15,
    0xD5, 0xA6, 0xA0, 0x44, 0x26, 0x06, 0x14, 0x94, 0x53, 0x87, 0x9F, 0x03, 0x00, 0xA3, 0xF5, 0xD9,
    0x36, 0x6E, 0x70, 0x86, 0x57, 0xC0, 0x7E, 0x8C, 0x0D, 0x11, 0x41, 0xED, 0x1D, 0x19, 0xA4, 0xC3,
    0x11, 0x70, 0x9E, 0xB3, 0x1A, 0x6D, 0xE9, 0x71, 0xAF, 0x39, 0xDE, 0x0A, 0x77, 0x28, 0x4B, 0x07,
    0x75, 0x81, 0x04, 0xD0, 0xBC, 0x20, 0x0A, 0x40, 0x14, 0x0B, 0x79, 0xD1, 0x18, 0x04, 0xE6, 0x7E,
    0x96, 0x42, 0x8D, 0x28, 0x49, 0xB4, 0x26, 0x95, 0xA8, 0x25, 0x08, 0x24, 0x26, 0x11, 0xA1, 0x56,
    0x25, 0x54, 0x3B, 0x43, 0x9D, 0xEC, 0xC4, 0x42, 0x95, 0xBB, 0xD9, 0x26, 0x02, 0x8C, 0x12, 0x48,
    0xAC, 0x00, 0x47, 0x65, 0xA3, 0x0F, 0xB5, 0x17, 0x03, 0xA7, 0x34, 0xD7, 0xDE, 0xE0, 0xC3, 0xB8,
    0xED, 0x45, 0x7A, 0xA8, 0x40, 0x85, 0x2A, 0x29, 0x3A, 0xC0, 0x99, 0x7F, 0xBC, 0xFD, 0xD4, 0xF0,
    0x6D, 0xD0, 0x80, 0x20, 0xFA, 0x08, 0x83, 0x4B, 0xAE, 0x8A, 0xAF, 0xE0, 0xAE, 0x07, 0x3D, 0x75,
    0x39, 0xD9, 0x50, 0x4C, 0x57, 0x3C, 0xC6, 0xBB, 0x9F, 0xB8, 0xBA, 0xBD, 0x35, 0xAA, 0xB6, 0xC6,
    0xC2, 0x0D, 0x9B, 0x5E, 0x41, 0xA4, 0x42, 0x78, 0x38, 0xD1, 0xF2, 0xA9, 0xFC, 0xDF, 0x7B, 0xF8,
    0xBC, 0x65, 0x2B, 0x34, 0x4C, 0xFE, 0xCF, 0x67, 0x2F, 0xB1, 0xA1, 0x8D, 0x41, 0xEF, 0x37, 0x8E,
    0x1D, 0x86, 0xCF, 0x01, 0xAE, 0xE6, 0x30, 0x5A, 0x73, 0x92, 0x4D, 0x6A, 0x81, 0x2B, 0x60, 0x07,
    0xD3, 0x16, 0x8B, 0xDD, 0xEB, 0x43, 0x22, 0xF8, 0xE9, 0xE6, 0x34, 0x17, 0xBD, 0x11, 0xF2, 0xD3,
    0x4D, 0x82, 0x96, 0x74, 0xE7, 0x7D, 0x79, 0x43, 0x86, 0x8D, 0xB3, 0x53, 0x85, 0xF2, 0x75, 0x16,
    0xFE, 0x8B, 0x64, 0x93, 0x16, 0xC2, 0x8C, 0xE3, 0xC4, 0xC0, 0x98, 0x9B, 0x4F, 0x4F, 0x89, 0xC1,
    0xAA, 0x12, 0x8E, 0x12, 0x8D, 0x08, 0x08, 0xF2, 0x3C, 0x9A, 0xC3, 0xCC, 0x22, 0xFC, 0x5F, 0x6F,
    0xD6, 0xBE, 0xAE, 0x43, 0xE2, 0x37, 0xE8, 0x4C, 0xA3, 0x74, 0x70, 0xF5, 0x4F, 0xA7, 0xAE, 0xD8,
    0x78, 0xB1, 0xF2, 0xA8, 0xC2, 0x2F, 0x5F, 0xDE, 0xBC, 0x96, 0x85, 0xBD, 0x06, 0xC2, 0x37, 0xE2,
    0x3C, 0x91, 0xAE, 0xFA, 0x30, 0x30, 0x12, 0x5E, 0xC6, 0x07, 0x36, 0x36, 0x3D, 0xDF, 0x3B, 0xB7,
    0x25, 0x0F, 0x83, 0x05, 0xD3, 0x39, 0x9F, 0x1B, 0x07, 0x3F, 0x9C, 0xFC, 0x5E, 0x52, 0xBF, 0xB2,
    0x87, 0x81, 0xEA, 0xB1, 0x9C, 0xF2, 0xEE, 0xE8, 0x9F, 0x83, 0xFA, 0x78, 0xF9, 0x5B, 0xE1, 0xCF,
    0x2D, 0x77, 0xCE, 0xA0, 0x35, 0xF7, 0xBA, 0x3E, 0xD2, 0x08, 0xF6, 0x1A, 0x88, 0xEE, 0xB8, 0xE5,
    0x16, 0x16, 0xB5, 0x34, 0x22, 0xE7, 0x0E, 0x26, 0x49, 0x00, 0x91, 0xE7, 0xCD, 0x48, 0x4C, 0x73,
    0xD5, 0xFF, 0x27, 0xBE, 0x31, 0x91, 0xA8, 0x9E, 0x38, 0x74, 0xD6, 0x46, 0xC8, 0x73, 0xAF, 0x11,
    0xEB, 0x3D, 0x63, 0x67, 0xDF, 0xD4, 0xBF, 0x0C, 0xE9, 0x37, 0x31, 0xD9, 0xEF, 0x0D, 0x86, 0xA6,
    0xDD, 0xB5, 0xE7, 0xB6, 0xA9, 0x69, 0x43, 0x6D, 0xAB, 0xE6, 0x8B, 0x3C, 0x3B, 0xE0, 0xD9, 0x7D,
    0x6E, 0x51, 0x52, 0xDB, 0x5B, 0x17, 0x97, 0xB7, 0x86, 0xEA, 0x52, 0x65, 0x2F, 0x7C, 0x91, 0xC2,
    0x18, 0xDA, 0x3D, 0x45, 0x07, 0x66, 0xAF, 0xC7, 0xD5, 0xD8, 0x6C, 0x5B, 0xF5, 0x9C, 0x37, 0x8D,
    0x7C, 0x35, 0x40, 0x56, 0x78, 0xA0, 0xB1, 0x18, 0x28, 0xA6, 0x62, 0x00, 0x19, 0x55, 0x2B, 0x7A,
    0x47, 0x11, 0xDF, 0x71, 0xA1, 0x83, 0xD2, 0xBA, 0xCF, 0x6B, 0x0A, 0x0A, 0x74, 0x0E, 0x3D, 0xB7,
    0x11, 0x2E, 0xE9, 0xEC, 0x8C, 0x42, 0x1B, 0x50, 0x54, 0xBA, 0x1D, 0xA1, 0xC8, 0x97, 0xBA, 0x37,
    0x00, 0xEC, 0x1C, 0x6A, 0x2C, 0x00, 0xDB, 0xB9, 0x85, 0x11, 0x73, 0x5E, 0xA5, 0x2A, 0xFE, 0x56,
    0xF7, 0x64, 0x94, 0xA6, 0x98, 0x54, 0x61, 0xAD, 0xF1, 0x3C, 0x14, 0xBB, 0x46, 0xD1, 0x33, 0x02,
    0x69, 0x75, 0xD9, 0xCE, 0x45, 0xC4, 0xA1, 0x14, 0x10, 0xFE, 0xD1, 0xAF, 0x20, 0x55, 0x8D, 0x7E,
    0x81, 0xAB, 0x09, 0x05, 0x22, 0xE0, 0x92, 0x44, 0xBA, 0x16, 0x50, 0xA6, 0xA9, 0xE2, 0xD7, 0x0B,
    0xCA, 0x01, 0x68, 0x1E, 0x92, 0xF3, 0x3C, 0xAD, 0xB4, 0xC8, 0xC1, 0xB4, 0x70, 0x36, 0x0A, 0x5C,
    0xF1, 0xC2, 0x5C, 0xB9, 0x88, 0x9D, 0xC1, 0xF3, 0x5A, 0x8A, 0x2C, 0x5E, 0x22, 0xAB, 0x7F, 0x6C,
    0xED, 0xDE, 0xF4, 0x4F, 0x90, 0x9A, 0xE4, 0xF4, 0xF7, 0xA0, 0x4A, 0xDE, 0x26, 0xE1, 0xBD, 0x9E,
    0x6D, 0x0C, 0x83, 0x99, 0x0F, 0x20, 0xDC, 0x77, 0xE9, 0xF3, 0x6F, 0xC9, 0x6F, 0xCB, 0x99, 0x99,
    0x99, 0x99, 0x93, 0x62, 0x30, 0xB4, 0xA5, 0x23, 0x76, 0x0C, 0x41, 0x3D, 0x05, 0xC0, 0x26, 0x13,
    0x40, 0x9E, 0x8F, 0x48, 0x81, 0x84, 0xE6, 0xEA, 0xF2, 0x3C, 0x6A, 0xB7, 0x04, 0x54, 0x2E, 0x0C,
    0x02, 0x4C, 0x92, 0x73, 0x1B, 0xE3, 0xDF, 0xE0, 0xD1, 0x6F, 0x19, 0x56, 0x83, 0xDD, 0x6B, 0x7B,
    0x3A, 0xDC, 0xB2, 0x2B, 0x05, 0x8F, 0xC6, 0xFE, 0x6F, 0x68, 0x8D, 0xC8, 0x3A, 0x42, 0xA0, 0xAE,
    0x87, 0xC9, 0x6B, 0x5C, 0xAA, 0x74, 0x49, 0xB4, 0x21, 0x63, 0x5C, 0xED, 0x7E, 0x9F, 0x91, 0x82,
    0x1C, 0xE0, 0x3B, 0xCF, 0xC8, 0xFB, 0xDA, 0x62, 0x2A, 0xC5, 0x8B, 0x74, 0x83, 0xED, 0xEA, 0x1F,
    0x23, 0xDC, 0xB6, 0x08, 0xA7, 0x42, 0x99, 0x09, 0xF6, 0xD9, 0x02, 0xB8, 0xC0, 0x4E, 0x91, 0x2C,
    0x6B, 0x9C, 0x35, 0x96, 0x9A, 0xF4, 0xB1, 0x9E, 0x85, 0xF8, 0x23, 0x92, 0x25, 0xA6, 0x1E, 0xCF,
    0x7F, 0x78, 0x46, 0x5D, 0xF3, 0xE4, 0xA8, 0xD2, 0x85, 0xE7, 0x7C, 0x4E, 0x0C, 0x92, 0xB9, 0x5C,
    0x87, 0x9D, 0xDB, 0x97, 0xBF, 0x1F, 0x91, 0x9F, 0xA1, 0x1E, 0x49, 0x1F, 0x1C, 0x0D, 0x65, 0x6D,
    0x72, 0xBA, 0x6D, 0x2E, 0x61, 0x9A, 0x12, 0x0C, 0x75, 0x04, 0x2A, 0xE3, 0xCF, 0x5D, 0x0E, 0x0C,
    0x73, 0x11, 0xB8, 0xB8, 0xB4, 0x7C, 0x16, 0x64, 0x77, 0xE9, 0x61, 0xE7, 0x67, 0xA7, 0x60, 0xD9,
    0xD7, 0x4E, 0xB1, 0x1D, 0x76, 0x19, 0xB1, 0xBB, 0xAD, 0xD4, 0x10, 0x11, 0x15, 0x94, 0x09, 0xC4,
    0xC8, 0xF1, 0xAE, 0xD8, 0x4B, 0xDE, 0xC1, 0x8B, 0x9A, 0x21, 0x17, 0x56, 0x56, 0x0E, 0x5C, 0xBB,
    0x61, 0xC8, 0x70, 0x21, 0x96, 0x1D, 0x49, 0x8B, 0x5A, 0xEF, 0x7A, 0xE8, 0xD6, 0x90, 0x3F, 0x01,
    0x2F, 0x88, 0x0C, 0x68, 0xE2, 0x70, 0x68, 0xBF, 0x1D, 0x58, 0x5B, 0x75, 0xF9, 0xDF, 0x9A, 0xE9,
    0xB4, 0x77, 0xE9, 0xA4, 0x2E, 0xF3, 0xD3, 0x01, 0x2E, 0x9B, 0x1C, 0xEA, 0x71, 0xC5, 0x3A, 0xF2,
    0xE8, 0x58, 0x0A, 0x5B, 0x35, 0xB0, 0xAA, 0xDE, 0x36, 0x4E, 0xAD, 0x08, 0x62, 0x2B, 0x22, 0x6A,
    0x67, 0xA9, 0x42, 0x30, 0xD8, 0xFB, 0x58, 0x78, 0xD9, 0xDE, 0xA0, 0xCF, 0x67, 0x43, 0x16, 0xE9,
    0x4B, 0x0E, 0x54, 0xF2, 0xA8, 0x5F, 0x05, 0x38, 0xF1, 0xE3, 0x49, 0x92, 0x28, 0x36, 0x01, 0x93,
    0xD9, 0x23, 0xF8, 0xFA, 0xDC, 0xE5, 0x28, 0x1A, 0xCC, 0xA0, 0x2C, 0x00, 0x72, 0x44, 0x6A, 0x7C,
    0xCB, 0x0C, 0xE9, 0x04, 0x55, 0x90, 0xFC, 0xC6, 0xCB, 0x60, 0xB1, 0x4D, 0xFA, 0x9A, 0x95, 0xC5,
    0xEE, 0xD7, 0xC0, 0xF0, 0x06, 0xD2, 0x8C, 0x04, 0x2D, 0x33, 0x27, 0xDE, 0xFB, 0xDF, 0x2E, 0x07,
    0x93, 0x80, 0xDF, 0x5D, 0x2F, 0xC6, 0x66, 0x81, 0x78, 0x83, 0xBB, 0x38, 0xF8, 0x09, 0x73, 0x6E,
    0x45, 0x26, 0x44, 0x5B, 0xA7, 0x7F, 0xDA, 0xBA, 0x53, 0x22, 0xD0, 0x56, 0xDE, 0xE3, 0x31, 0xCF,
    0xC2, 0xFF, 0x4E, 0xDA, 0x0A, 0xDB, 0x19, 0xC0, 0x79, 0xD3, 0x03, 0x5F, 0x50, 0x4F, 0x70, 0xA4,
    0x1B, 0xA1, 0xB0, 0x17, 0x06, 0xCE, 0x98, 0x61, 0x66, 0x07, 0x4F, 0xC1, 0x42, 0xD5, 0x6D, 0x1D,
    0x19, 0x41, 0xAB, 0x68, 0xC3, 0xFA, 0x77, 0xCE, 0x13, 0x03, 0x4E, 0xCD, 0xD6, 0x69, 0x4E, 0x3D,
    0xEC, 0x4F, 0xB7, 0x7D, 0x3A, 0xEB, 0x35, 0xCB, 0x43, 0x25, 0xE3, 0x28, 0x78, 0x92, 0xF9, 0x87,
    0x50, 0xB5, 0x2D, 0xAC, 0x1D, 0x58, 0x58, 0x10, 0xAC, 0x79, 0x40, 0x4E, 0x51, 0x0A, 0xF7, 0xA9,
    0x50, 0x12, 0x51, 0x9C, 0x89, 0xA5, 0x11, 0xE0, 0xF6, 0xAA, 0x5B, 0x23, 0x47, 0x1E, 0x1C, 0x2B,
    0x95, 0xFC, 0x09, 0x65, 0x6C, 0xE1, 0x77, 0xA8, 0xC6, 0xE7, 0x8B, 0x18, 0xE0, 0xC0, 0xCD, 0x73,
    0xED, 0x79, 0xE1, 0x60, 0x41, 0x3D, 0x9C, 0xEB, 0xEC, 0xBE, 0x34, 0x26, 0x2F, 0x27, 0x27, 0xE5,
    0x63, 0xCF, 0x2D, 0xD7, 0xE0, 0xD2, 0x97, 0x2E, 0x92, 0x1D, 0x1D, 0x13, 0xC1, 0x05, 0x11, 0x0D,
    0xC1, 0x5B, 0xD4, 0x6C, 0x69, 0xB1, 0x44, 0x08, 0x15, 0x01, 0xAD, 0x86, 0xE0, 0x6B, 0xBA, 0x0C,
    0xA0, 0xBD, 0x6F, 0x74, 0xC2, 0x26, 0x10, 0x76, 0x7D, 0xFA, 0xDA, 0xF1, 0x1C, 0x39, 0x9C, 0xF3,
    0x16, 0xC9, 0x3A, 0x46, 0x1D, 0x3B, 0x32, 0xD2, 0xE2, 0xD2, 0x1E, 0x07, 0x49, 0x95, 0xEE, 0x50,
    0xEF, 0x14, 0xE9, 0x72, 0xCE, 0x15, 0xC7, 0xB8, 0x21, 0xF3, 0xFA, 0xC2, 0x1C, 0x77, 0xCE, 0xE0,
    0x6A, 0x71, 0xD0, 0xAB, 0x2A, 0x5D, 0x45, 0x8B, 0x82, 0x30, 0x24, 0xD7, 0x94, 0x50, 0xB3, 0x60,
    0x37, 0xCA, 0xC5, 0xE9, 0x93, 0x59, 0xDB, 0xDB, 0xC2, 0xA8, 0xAD, 0x64, 0x33, 0x67, 0xCB, 0xD4,
    0x3C, 0x3D, 0xDE, 0x89, 0xE2, 0x9C, 0x72, 0x0B, 0x5E, 0x94, 0x43, 0x2B, 0x0F, 0x22, 0xB7, 0x22,
    0xB3, 0x85, 0x6A, 0xAA, 0x47, 0xA0, 0xDA, 0xF9, 0xAF, 0x4C, 0x16, 0x79, 0xE7, 0x2C, 0x3D, 0xC9,
    0x24, 0x24, 0xC2, 0x42, 0x2B, 0x83, 0xD9, 0x65, 0xCC, 0x34, 0x21, 0x80, 0x93, 0x90, 0xD8, 0x17,
    0x63, 0x5F, 0x50, 0xD4, 0xA5, 0x4B, 0xBB, 0x48, 0x19, 0x57, 0x73, 0x5A, 0xD6, 0x32, 0x04, 0x90,
    0x93, 0xC2, 0x57, 0x57, 0x2B, 0xD0, 0xC5, 0xF8, 0x4D, 0xBD, 0x48, 0x34, 0x69, 0x72, 0xAF, 0x76,
    0xD7, 0x6D, 0x3D, 0x77, 0x72, 0xC1, 0xCB, 0x75, 0xC8, 0xED, 0xAE, 0x23, 0xC2, 0x06, 0x6B, 0x66,
    0x4F, 0x7A, 0xB0, 0x6B, 0x1F, 0x26, 0x18, 0x7C, 0xAE, 0xF1, 0x87, 0x5E, 0x6B, 0x0B, 0x31, 0x33,
    0xB7, 0x58, 0x6E, 0x0D, 0xE5, 0xD6, 0xE3, 0x4A, 0x5F, 0x30, 0xE9, 0xB2, 0x9B, 0x19, 0xE6, 0x46,
    0x40, 0xB9, 0x58, 0xB8, 0x66, 0xEE, 0x30, 0xDE, 0x98, 0x05, 0xE9, 0x44, 0xD3, 0xA4, 0x92, 0x6F,
    0x3E, 0x2F, 0x14, 0xF3, 0xA8, 0x46, 0x51, 0x36, 0x86, 0x23, 0xA5, 0x56, 0x30, 0x86, 0x50, 0x21,
    0xE7, 0x77, 0xC4, 0xAA, 0x43, 0xCE, 0xAE, 0x8B, 0xD4, 0x47, 0x49, 0x7B, 0x47, 0xB6, 0x04, 0x4D,
    0xE6, 0xEB, 0x44, 0x80, 0x4C, 0x70, 0x87, 0xAC, 0x34, 0x4B, 0x29, 0xA6, 0x1D, 0x5D, 0x73, 0x0F,
    0x3C, 0xEE, 0xD7, 0x88, 0x0A, 0xAB, 0x8F, 0x13, 0x10, 0x45, 0x2A, 0xBD, 0x70, 0xF3, 0xF6, 0xC6,
    0x79, 0x7A, 0xBD, 0x39, 0x4E, 0x02, 0xE4, 0x70, 0xE0, 0xD7, 0x83, 0xAC, 0xE5, 0x67, 0x99, 0xFB,
    0x9D, 0xB5, 0xAC, 0x94, 0x90, 0x3D, 0x29, 0x24, 0x59, 0xE7, 0x46, 0x2D, 0x85, 0x7D, 0xCA, 0x78,
    0xBB, 0x8A, 0x7E, 0x10, 0xB2, 0xF6, 0xDA, 0xB3, 0x36, 0xF7, 0x99, 0x37, 0x1B, 0xF3, 0xBF, 0x67,
    0x4D, 0xED, 0xB7, 0xDF, 0x8C, 0x22, 0xEE, 0x12, 0x4B, 0xC9, 0x6D, 0x50, 0xF2, 0x24, 0xD7, 0xFC,
    0x4E, 0x45, 0x41, 0x0D, 0xDA, 0xA0, 0xD7, 0xB3, 0x38, 0x3C, 0xA4, 0x30, 0xC7, 0x67, 0x63, 0xB0,
    0x10, 0x40, 0x11, 0xBB, 0x11, 0x76, 0x40, 0xB9, 0x45, 0xFE, 0x56, 0x79, 0xDB, 0x6C, 0xB8, 0xD1,
    0xE9, 0x08, 0x89, 0xA6, 0x29, 0x81, 0x94, 0x59, 0xAA, 0xE2, 0x00, 0xE7, 0x13, 0xBA, 0xF8, 0x89,
    0x36, 0xE9, 0x01, 0x42, 0x47, 0x71, 0x1A, 0xAE, 0x46, 0x43, 0x93, 0xBA, 0x00, 0x5A, 0x26, 0x05,
    0x2D, 0x5E, 0xCD, 0x46, 0xF6, 0xD4, 0x37, 0x50, 0x9B, 0x32, 0xE1, 0x95, 0xB8, 0xC6, 0x0B, 0xD1,
    0xAC, 0xC1, 0x89, 0x48, 0x95, 0xB7, 0x8B, 0xE2, 0x8F, 0x53, 0xB0, 0xF2, 0xAA, 0xF0, 0xB8, 0x6E,
    0x50, 0x60, 0xDC, 0x67, 0x33, 0x7E, 0x0B, 0x5D, 0xB1, 0x0E, 0x61, 0xA9, 0x5B, 0x40, 0x22, 0x8A,
    0x85, 0x72, 0xEE, 0xE0, 0xBC, 0x79, 0xB6, 0x29, 0x74, 0x53, 0xE7, 0xA2, 0x08, 0xEA, 0x5F, 0x2F,
    0xA6, 0xD7, 0xAD, 0xAD, 0xE8, 0x3B, 0xA2, 0x72, 0xD7, 0xA5, 0x83, 0xF0, 0x22, 0xFE, 0x38, 0x6F,
    0xBA, 0xBD, 0xF9, 0x74, 0xB3, 0x75, 0x4E, 0xAE, 0x0B, 0xA0, 0x72, 0x79, 0x54, 0x74, 0xE2, 0xE3,
    0x4F, 0x71, 0x09, 0xC2, 0x35, 0xAB, 0x69, 0x66, 0xF4, 0x55, 0xEB, 0x35, 0x56, 0x11, 0xFC, 0x23,
    0xAD, 0xFD, 0x1D, 0x3D, 0x75, 0x0B, 0x93, 0xB7, 0x89, 0x8F, 0x36, 0xC5, 0x5C, 0xDA, 0x29, 0xC7,
    0xB3, 0x32, 0xC6, 0x79, 0x38, 0xB7, 0xAF, 0xDF, 0x09, 0xD8, 0xF7, 0xCD, 0x36, 0x8E, 0x23, 0x27,
    0x71, 0x1D, 0x7C, 0x0A, 0x1B, 0x86, 0x6E, 0x0C, 0xAD, 0x77, 0x87, 0xEF, 0xED, 0xED, 0xA0, 0x9A,
    0x57, 0x36, 0x6D, 0x3B, 0xF4, 0x8B, 0xAB, 0x59, 0xC0, 0x31, 0x35, 0xAD, 0xB3, 0x54, 0x93, 0x76,
    0x06, 0xD8, 0x80, 0x0C, 0x8A, 0x15, 0x55, 0x12, 0x22, 0x24, 0x54, 0xD8, 0xB2, 0x98, 0xB2, 0x91,
    0xC4, 0x1B, 0x2F, 0x05, 0xBD, 0xEA, 0x78, 0xC0, 0x4B, 0xE1, 0x56, 0xB3, 0xDB, 0x4B, 0xA8, 0x57,
    0x50, 0x82, 0xB4, 0x63, 0xBA, 0xE4, 0x36, 0x95, 0xBC, 0x3D, 0xDE, 0x6C, 0x8D, 0x31, 0xBC, 0x4E,
    0xA5, 0xF3, 0x73, 0xBE, 0x64, 0x2F, 0x6C, 0x7A, 0x07, 0xB9, 0x2F, 0x5A, 0xED, 0xC8, 0x71, 0xD3,
    0xB9, 0xC9, 0x1C, 0xAB, 0x92, 0xD9, 0x93, 0x81, 0x60, 0xBE, 0x62, 0xC5, 0xBA, 0x55, 0x43, 0x24,
    0x54, 0xAC, 0x50, 0xC8, 0x57, 0x4F, 0x2B, 0xC3, 0xCF, 0x86, 0xAC, 0x46, 0xA3, 0x85, 0xC6, 0xAB,
    0x62, 0xC6, 0x18, 0x14, 0x6B, 0xF5, 0xBC, 0xB2, 0x34, 0xEF, 0x1D, 0x98, 0x40, 0x99, 0x02, 0x61,
    0x03, 0x58, 0x70, 0x1C, 0x03, 0x08, 0x30, 0x44, 0x99, 0xCB, 0xBF, 0x3C, 0xEC, 0xD3, 0x11, 0xB2,
    0x63, 0x66, 0xCB, 0x26, 0x8B, 0xA2, 0xE3, 0x3E, 0xC6, 0x1E, 0x54, 0xF2, 0xD0, 0x68, 0xF6, 0x6E,
    0x3A, 0xF7, 0xEA, 0x97, 0xD4, 0x71, 0x24, 0xA7, 0x4B, 0xD7, 0x85, 0x46, 0x36, 0xE9, 0xAC, 0xE5,
    0x15, 0xA0, 0xC8, 0x1D, 0x49, 0xC8, 0x2A, 0x40, 0xE8, 0x9B, 0xD0, 0x3F, 0x38, 0x46, 0x59, 0x6B,
    0x6E, 0x1D, 0xA3, 0x98, 0x78, 0xD1, 0x74, 0x3F, 0x7F, 0xCC, 0x1F, 0x77, 0xD3, 0x2B, 0xC4, 0xB3,
    0x5F, 0x2C, 0xF3, 0x3A, 0x4D, 0x37, 0xAE, 0x58, 0xF4, 0x77, 0xA8, 0xB0, 0x1F, 0x0D, 0x2E, 0xFC,
    0x08, 0x0D, 0xBD, 0xDB, 0x65, 0x0D, 0x68, 0xAA, 0xEA, 0x6D, 0x74, 0x56, 0x61, 0x08, 0x4C, 0x55,
    0x55, 0x5E, 0x88, 0xF7, 0x7A, 0x9E, 0xCD, 0x9C, 0xD9, 0x37, 0x2C, 0x1B, 0x87, 0x28, 0xD3, 0x9E,
    0x86, 0x1F, 0x08, 0x48, 0x5B, 0xA3, 0x38, 0xD4, 0x21, 0xB3, 0x4C, 0x2E, 0x87, 0x64, 0x3B, 0xB5,
    0x33, 0xB0, 0x8C, 0x89, 0x16, 0x90, 0x7B, 0xD3, 0xA2, 0xA7, 0x78, 0x23, 0x2C, 0x9C, 0xCC, 0xCC,
    0xCE, 0x9A, 0xC6, 0xB9, 0x8C, 0x9A, 0x69, 0xE4, 0xCC, 0x7E, 0x3C, 0xC6, 0x9E, 0x66, 0x97, 0x21,
    0xF4, 0x38, 0x9B, 0x10, 0xBD, 0xF1, 0x0A, 0x95, 0x0B, 0x5F, 0xD6, 0x16, 0x1C, 0x42, 0x8C, 0x8C,
    0xAF, 0x76, 0x46, 0xE4, 0x60, 0xF2, 0x79, 0x3C, 0x9A, 0x69, 0xA6, 0xC3, 0x66, 0xCD, 0x9A, 0x69,
    0xA7, 0x18, 0x1D, 0xEB, 0xB1, 0x45, 0x25, 0x51, 0x38, 0x1A, 0x5D, 0x2E, 0x29, 0xA9, 0xA9, 0xA9,
    0xCF, 0x9C, 0x99, 0x32, 0x64, 0xE6, 0x2B, 0x2B, 0x2E, 0xED, 0x06, 0xC6, 0xC6, 0xC6, 0xC6, 0xC6,
    0xC2, 0x42, 0x42, 0x40, 0x90, 0x90, 0x0D, 0xEF, 0x26, 0xA6, 0xC4, 0xC0, 0xD0, 0xCF, 0x3B, 0x60,
    0xAD, 0xCC, 0xD7, 0x4B, 0x16, 0x2A, 0x87, 0x1D, 0xEA, 0x2A, 0x2A, 0x2A, 0x1D, 0xDF, 0xDF, 0x26,
    0x0A, 0x25, 0x63, 0x8C, 0x95, 0x42, 0x67, 0xDD, 0xEC, 0x75, 0x99, 0xEC, 0x93, 0x62, 0x8C, 0x53,
    0x75, 0x75, 0xE3, 0xA3, 0x27, 0x20, 0xD7, 0x93, 0xC9, 0xE4, 0xDA, 0x77, 0x42, 0x73, 0x3E, 0xE9,
    0x0E, 0xB2, 0x52, 0x52, 0x52, 0x52, 0x78, 0xC3, 0xE8, 0x35, 0x86, 0x66, 0x06, 0x55, 0x2B, 0xF5,
    0xCF, 0x7E, 0xF1, 0x03, 0xD3, 0xA3, 0x37, 0xAB, 0x8A, 0xB4, 0xF5, 0xC1, 0x7E, 0x3B, 0x21, 0x57,
    0x20, 0xB4, 0x85, 0x72, 0x39, 0x1C, 0x8E, 0x47, 0x0C, 0x03, 0xC2, 0x12, 0x39, 0x99, 0x43, 0x28,
    0x65, 0x7B, 0x98, 0x89, 0x6C, 0x41, 0x4D, 0x0C, 0x92, 0x49, 0x21, 0x4A, 0x52, 0x96, 0xDB, 0x6D,
    0x92, 0x52, 0xDB, 0x23, 0x72, 0x96, 0xB5, 0xA5, 0x01, 0x16, 0x96, 0xCB, 0x45, 0x14, 0x74, 0x37,
    0x43, 0x60, 0x26, 0xFC, 0x9D, 0x50, 0xD2, 0xA9, 0xDF, 0xAF, 0x15, 0x79, 0xF4, 0xA0, 0xA7, 0x15,
    0x24, 0xC5, 0x55, 0x75, 0x26, 0x3E, 0x0C, 0xC8, 0x7F, 0x93, 0x02, 0x6D, 0x95, 0xE9, 0xF1, 0xE8,
    0x2A, 0x97, 0x89, 0xB3, 0xA7, 0x9D, 0x3C, 0x25, 0xD1, 0x5F, 0x30, 0xC1, 0x74, 0xFB, 0xCA, 0x1D,
    0xDB, 0x7C, 0xA1, 0x12, 0x24, 0x21, 0x84, 0x29, 0x50, 0x68, 0x51, 0xA4, 0x6A, 0x25, 0x0F, 0xEA,
    0xD4, 0x00, 0x50, 0x50, 0x50, 0x52, 0x50, 0xB9, 0x00, 0x92, 0x24, 0x10, 0x04, 0x12, 0xA1, 0x2C,
    0x23, 0x09, 0x08, 0x41, 0x08, 0x92, 0xC8, 0xDF, 0xE8, 0x04, 0x97, 0xF0, 0xFD, 0x9C, 0x15, 0xF2,
    0x07, 0x61, 0x49, 0xF9, 0x18, 0x07, 0x78, 0xB5, 0xD8, 0x1D, 0x23, 0xB8, 0x39, 0xAC, 0xCE, 0x43,
    0x96, 0xDD, 0x93, 0x9F, 0x33, 0x53, 0x33, 0x7D, 0x57, 0x43, 0x40, 0x21, 0xF6, 0x86, 0x7A, 0x2C,
    0x68, 0x19, 0xCE, 0xA4, 0x76, 0x18, 0xB1, 0x56, 0xBD, 0x4A, 0x01, 0x00, 0x3E, 0xDE, 0xE3, 0x97,
    0x57, 0x57, 0x2A, 0x86, 0x65, 0x0C, 0x59, 0xA7, 0x0F, 0x0C, 0xB1, 0x0A, 0xAA, 0xD2, 0xCE, 0xC0,
    0xF1, 0xDC, 0x63, 0x88, 0x82, 0x0A, 0x24, 0x28, 0x59, 0x46, 0xF0, 0x6F, 0x92, 0x1F, 0x3B, 0xA9,
    0x90, 0xC1, 0x1B, 0x83, 0x5C, 0x1A, 0x98, 0x98, 0xCE, 0x3B, 0xD6, 0x83, 0xA7, 0x3A, 0x0C, 0xD0,
    0xD0, 0x92, 0x5B, 0x6D, 0xB6, 0xD2, 0xDB, 0x03, 0x4B, 0x71, 0xA2, 0xCB, 0x7C, 0x93, 0x5B, 0x4E,
    0xB9, 0x17, 0x59, 0x60, 0x8C, 0x59, 0x1E, 0xDF, 0x17, 0x07, 0x96, 0x41, 0xEF, 0xDF, 0xBB, 0x1F,
    0x5D, 0xEF, 0x7B, 0x6A, 0x17, 0x8E, 0x19, 0x21, 0x07, 0x97, 0x2B, 0x12, 0x7E, 0x22, 0x1B, 0xD7,
    0x36, 0x64, 0x86, 0x10, 0x38, 0x3C, 0x02, 0x50, 0x17, 0xCE, 0x6F, 0xF1, 0x12, 0xEE, 0xEE, 0xEE,
    0xEF, 0xF7, 0x52, 0x80, 0x77, 0x7B, 0xF6, 0x1D, 0x50, 0x68, 0x53, 0xF7, 0x18, 0x29, 0x00, 0x12,
    0x40, 0xB0, 0xB9, 0x81, 0x14, 0xCE, 0x5A, 0x3C, 0x43, 0x7F, 0xEC, 0xEE, 0xE5, 0x6A, 0xEA, 0xC0,
    0x54, 0x33, 0x21, 0x98, 0x56, 0xC0, 0x1C, 0xEE, 0xF7, 0xBE, 0xFB, 0x13, 0xB6, 0xAD, 0xC8, 0x9F,
    0x10, 0x18, 0x06, 0x94, 0x6B, 0x73, 0x63, 0xAD, 0x4E, 0xB4, 0x24, 0xDF, 0x32, 0xCE, 0x8F, 0x4F,
    0xA2, 0xD4, 0x27, 0x96, 0x9B, 0x76, 0x5B, 0x6B, 0x5F, 0xF6, 0xAB, 0xFD, 0x2C, 0xCA, 0xEC, 0xA7,
    0xD4, 0xBA, 0x76, 0x83, 0xB1, 0x7C, 0x8B, 0x86, 0xE9, 0x08, 0x84, 0x8C, 0xC4, 0x31, 0xF7, 0x4D,
    0xE7, 0x01, 0x02, 0x11, 0x2A, 0x19, 0xED, 0x29, 0x5D, 0x4E, 0xC5, 0x84, 0x8A, 0x88, 0x04, 0x36,
    0x0E, 0x0F, 0x07, 0x07, 0xEF, 0x59, 0xC0, 0xDC, 0x6C, 0x12, 0xA4, 0x62, 0x24, 0x44, 0x88, 0x93,
    0xC6, 0x2E, 0x44, 0x88, 0x97, 0xBB, 0xDE, 0x8D, 0x24, 0x4A, 0x48, 0x45, 0x47, 0x43, 0xF4, 0x56,
    0x4C, 0x4B, 0x90, 0x44, 0x18, 0x81, 0xF4, 0xED, 0x42, 0xA4, 0x82, 0x95, 0x54, 0x37, 0xD0, 0x9E,
    0xAE, 0x84, 0xC0, 0xC0, 0x51, 0xD8, 0x2E, 0xF7, 0xCB, 0x49, 0x63, 0xAB, 0x9B, 0x56, 0xAE, 0x6D,
    0x5A, 0x8B, 0xDE, 0xE6, 0xB7, 0x99, 0x55, 0x55, 0x55, 0x55, 0x5D, 0xFA, 0x37, 0xBD, 0xEF, 0x64,
    0x63, 0x18, 0xC4, 0x8C, 0x62, 0x46, 0x30, 0xE9, 0x0A, 0x05, 0x02, 0xB0, 0xD9, 0xEE, 0x4A, 0x1B,
    0x41, 0xBD, 0xB2, 0xDA, 0xEE, 0x83, 0x21, 0x0D, 0x24, 0x2F, 0x58, 0xBD, 0xD8, 0x5F, 0x3E, 0x16,
    0xF0, 0xF5, 0x93, 0xF8, 0x19, 0xAA, 0x1F, 0x6F, 0xB4, 0x37, 0xCE, 0xF5, 0x7B, 0xA0, 0xCB, 0x8F,
    0xAB, 0xB8, 0x1C, 0x49, 0x25, 0x7F, 0x5F, 0xF9, 0x1D, 0x9B, 0xF2, 0xC5, 0xDD, 0xEF, 0xB5, 0x5C,
    0x16, 0xB2, 0x6B, 0x58, 0x6E, 0x94, 0xB1, 0x10, 0xA2, 0x77, 0x9F, 0x55, 0x18, 0x5C, 0xD5, 0x85,
    0x93, 0x50, 0x13, 0x7C, 0x08, 0xD5, 0xC7, 0xCD, 0xAB, 0xB3, 0xBF, 0xD6, 0xC3, 0x6C, 0xDF, 0x5A,
    0xEB, 0xCC, 0x3C, 0x57, 0xBE, 0x3B, 0x5F, 0xA5, 0xCF, 0x29, 0xDB, 0x80, 0x43, 0x5E, 0x04, 0xF1,
    0x34, 0xB3, 0x03, 0x14, 0xF3, 0x7F, 0xDC, 0xDB, 0xB0, 0x35, 0xFD, 0x1A, 0x5C, 0xD5, 0xC7, 0x02,
    0xBB, 0x2E, 0x02, 0x1E, 0x38, 0x3C, 0x91, 0x88, 0xF7, 0x45, 0x07, 0x95, 0xE8, 0x85, 0x52, 0x67,
    0xCE, 0x92, 0x55, 0xCE, 0xB2, 0x47, 0x1E, 0x57, 0x99, 0xE0, 0x84, 0xCF, 0x3C, 0x50, 0x15, 0x58,
    0x24, 0x30, 0x17, 0x48, 0x48, 0x21, 0xDB, 0xB1, 0x90, 0x76, 0xD6, 0x19, 0x8B, 0x94, 0x0E, 0x15,
    0x45, 0x95, 0xC0, 0xA7, 0x08, 0x88, 0x82, 0x73, 0x7D, 0x39, 0x8C, 0x33, 0x4F, 0xC3, 0xAC, 0x4F,
    0xBD, 0x8A, 0xF0, 0x67, 0xE2, 0x44, 0x66, 0xF9, 0x08, 0xB4, 0x76, 0x27, 0x27, 0x79, 0x6A, 0x7E,
    0x0A, 0x1B, 0x46, 0xF0, 0x9B, 0x8D, 0x02, 0x23, 0x11, 0xC1, 0x7D, 0x06, 0x0C, 0x3C, 0x22, 0xE8,
    0x98, 0x63, 0x0A, 0xAB, 0xDA, 0x7A, 0x1B, 0x9C, 0x05, 0xD7, 0x82, 0xD7, 0x6B, 0x87, 0x75, 0xF0,
    0x96, 0x7C, 0x70, 0x7E, 0xC2, 0x67, 0xBC, 0xE2, 0xF1, 0x3D, 0x4B, 0x4E, 0xA2, 0xD8, 0xD4, 0x0D,
    0x09, 0xBA, 0x6A, 0x47, 0x99, 0x45, 0x0C, 0x20, 0xC2, 0x2E, 0x2D, 0x7C, 0x66, 0x52, 0x20, 0xAD,
    0x23, 0x6B, 0x16, 0x45, 0x33, 0xD6, 0xC2, 0x26, 0xDC, 0xA8, 0xAE, 0x3E, 0x49, 0xC7, 0x8D, 0x4D,
    0x61, 0x95, 0x5F, 0x97, 0x5D, 0x00, 0x6F, 0x86, 0x2D, 0xC1, 0x04, 0x06, 0xCE, 0xE7, 0xD1, 0x6B,
    0x27, 0xEE, 0xEA, 0x2A, 0xDF, 0x4D, 0xDE, 0x59, 0xC2, 0x0F, 0x22, 0xB6, 0xB4, 0xB1, 0x26, 0x10,
    0xC8, 0x36, 0xA2, 0x22, 0x35, 0x05, 0x01, 0x35, 0x4C, 0x51, 0x35, 0x4C, 0x51, 0x35, 0x4C, 0x51,
    0x44, 0x42, 0x67, 0x3B, 0x35, 0xBE, 0x33, 0xB5, 0xCB, 0xA9, 0xCD, 0xF5, 0xC9, 0xB2, 0x17, 0x0E,
    0x50, 0x0E, 0xFF, 0x52, 0x7B, 0xBF, 0x58, 0xFF, 0xA8, 0x7A, 0x0D, 0x87, 0xC7, 0x14, 0x77, 0xEB,
    0x25, 0x0D, 0xBE, 0xE8, 0xD0, 0x86, 0x00, 0x87, 0xE8, 0xA1, 0xE1, 0xEA, 0xF3, 0xE0, 0x21, 0x7E,
    0xDB, 0x14, 0x1B, 0xE1, 0xED, 0x1C, 0x64, 0xC8, 0x3A, 0x0E, 0x2D, 0x87, 0x14, 0xDC, 0x61, 0x90,
    0xB9, 0x2C, 0x39, 0x3E, 0xD5, 0xD5, 0xF6, 0x1E, 0xDA, 0xEB, 0x8D, 0x2E, 0x66, 0x21, 0xF0, 0xBC,
    0xED, 0xF0, 0x8E, 0x27, 0xA1, 0xFB, 0x19, 0x37, 0x36, 0xBC, 0x13, 0x48, 0x69, 0xF6, 0x0F, 0x31,
    0xCC, 0x21, 0x03, 0x34, 0x44, 0x94, 0x30, 0x81, 0x5B, 0xCA, 0x77, 0x7A, 0x6D, 0x9B, 0x08, 0x47,
    0x48, 0x4E, 0x48, 0x45, 0x90, 0x88, 0x08, 0xEA, 0xA1, 0x71, 0x4E, 0xDC, 0xA9, 0x54, 0x2A, 0xB1,
    0xF4, 0x44, 0x99, 0xD5, 0xB4, 0x6E, 0x81, 0x61, 0x80, 0xC0, 0x70, 0xC3, 0xFC, 0xF5, 0x10, 0x9A,
    0xBA, 0x36, 0x59, 0x19, 0x3D, 0xB1, 0x99, 0xE8, 0x64, 0x86, 0xC9, 0x3C, 0x3D, 0x7A, 0xC2, 0x55,
    0x22, 0x04, 0x50, 0x9B, 0x01, 0x54, 0xA1, 0xDA, 0xF5, 0xA6, 0xCD, 0x36, 0x28, 0x28, 0x1B, 0x8C,
    0x1E, 0x65, 0x8D, 0xF8, 0x47, 0x94, 0x84, 0xB1, 0x5C, 0xA0, 0x73, 0x31, 0x56, 0x13, 0x02, 0x9F,
    0xBB, 0x00, 0x35, 0x60, 0x06, 0x7B, 0xF8, 0x7C, 0x78, 0xBA, 0x6B, 0xAF, 0x6E, 0x8A, 0x25, 0x49,
    0x24, 0x90, 0x09, 0x00, 0x38, 0x6E, 0xC7, 0x63, 0x75, 0x49, 0x8A, 0x1A, 0xAD, 0x79, 0x09, 0x3C,
    0x95, 0xC0, 0x93, 0x66, 0xD7, 0x5E, 0x39, 0xCA, 0xE5, 0xCA, 0xAB, 0x53, 0x0C, 0x74, 0x9B, 0x1A,
    0x93, 0x34, 0xF1, 0xB4, 0xFD, 0xA4, 0xE2, 0x73, 0x33, 0xD5, 0xDF, 0xC2, 0xC1, 0xA9, 0xEA, 0x5D,
    0x61, 0x59, 0xC9, 0x26, 0x21, 0x4E, 0x9C, 0x3D, 0xAD, 0xB7, 0x04, 0xD3, 0x04, 0x70, 0xF8, 0xCE,
    0xA0, 0x14, 0xFD, 0x98, 0x7B, 0x5D, 0xBA, 0x3D, 0x04, 0x04, 0xDF, 0xAF, 0x4D, 0xBE, 0xC7, 0xDE,
    0xC3, 0xCE, 0x84, 0xBB, 0x52, 0x47, 0x6B, 0xDF, 0x6F, 0x3D, 0x59, 0x9D, 0x8E, 0x5B, 0xAE, 0xEB,
    0xC8, 0xBF, 0x1F, 0xB9, 0x1A, 0x7E, 0x75, 0x76, 0xCE, 0xA7, 0x6A, 0x72, 0x61, 0x59, 0x07, 0x8D,
    0x3B, 0xE4, 0xE4, 0xA7, 0xCE, 0x90, 0x36, 0xBD, 0xD2, 0xB6, 0xDA, 0x65, 0xD7, 0x7C, 0x77, 0x23,
    0x46, 0x6C, 0x0B, 0x55, 0xF5, 0xB5, 0xB0, 0x4F, 0x01, 0xFA, 0xEE, 0xDB, 0xD9, 0x2E, 0xA6, 0x64,
    0x61, 0x85, 0x81, 0x74, 0x6E, 0xBF, 0xF3, 0x74, 0xFC, 0x3B, 0x86, 0x29, 0xAB, 0x1D, 0xB9, 0xE5,
    0xA1, 0xA3, 0x73, 0x2A, 0x57, 0x40, 0x81, 0xA4, 0x08, 0xA5, 0x1E, 0xF4, 0x5F, 0x8D, 0xC8, 0xC1,
    0x0A, 0x14, 0xD0, 0xF8, 0x73, 0xEF, 0xC5, 0x46, 0x0D, 0xD5, 0x74, 0x4F, 0xC6, 0xDD, 0xDC, 0x49,
    0x26, 0x47, 0x4A, 0xD9, 0xD7, 0x69, 0x3C, 0xE8, 0x20, 0x79, 0x7B, 0x35, 0x88, 0x78, 0xA6, 0x56,
    0x51, 0x82, 0x2E, 0x60, 0x92, 0x62, 0x8C, 0x6D, 0x17, 0x28, 0xE0, 0xA4, 0x83, 0x40, 0x85, 0x50,
    0x8A, 0x12, 0x74, 0xE2, 0x34, 0x33, 0x9D, 0x52, 0x89, 0x09, 0xD9, 0x0B, 0x25, 0x55, 0x5F, 0x49,
    0xEC, 0x3F, 0x68, 0x32, 0x66, 0xF8, 0x99, 0x2D, 0x57, 0x77, 0xCF, 0xE6, 0xC9, 0x98, 0xBA, 0xD7,
    0xE0, 0x62, 0x5B, 0xDA, 0x79, 0xD3, 0xD3, 0xA1, 0xDE, 0xE8, 0x10, 0x07, 0x86, 0x83, 0xFD, 0x7B,
    0xB7, 0x09, 0xE5, 0xA5, 0x99, 0xDF, 0x96, 0x99, 0x5F, 0xC5, 0x38, 0xD1, 0x25, 0x20, 0x81, 0xDE,
    0x7C, 0x28, 0x4A, 0x32, 0x00, 0xA1, 0xB8, 0x2D, 0xBC, 0x4C, 0xCE, 0x1D, 0xD8, 0xD0, 0xB0, 0x4A,
    0x28, 0xC0, 0x85, 0x20, 0xDC, 0xCC, 0xEB, 0x34, 0xEC, 0x7E, 0xC0, 0xFB, 0x10, 0xF4, 0xC0, 0x8B,
    0x12, 0x03, 0x4A, 0xD2, 0xA8, 0x50, 0x21, 0x04, 0xA4, 0x51, 0x02, 0x14, 0x0F, 0xFE, 0x3F, 0x4F,
    0xFE, 0xBF, 0x4E, 0x67, 0xC0, 0x7E, 0x15, 0x03, 0xA4, 0x92, 0x23, 0x08, 0x4C, 0x44, 0xD4, 0x49,
    0x51, 0x40, 0x4D, 0x14, 0x92, 0x45, 0x54, 0x31, 0x55, 0x4C, 0xD2, 0xC9, 0xF6, 0x8B, 0x22, 0xA8,
    0x0B, 0xEA, 0x33, 0x06, 0x8B, 0x58, 0x81, 0x95, 0x66, 0x2A, 0xE4, 0x34, 0x2E, 0x12, 0x50, 0x16,
    0x62, 0x34, 0x14, 0x89, 0xFD, 0xCF, 0xAF, 0xE3, 0xEC, 0xE3, 0xCB, 0xE9, 0xF8, 0x3E, 0x51, 0x9C,
    0xFB, 0xFC, 0xAA, 0x4A, 0x9E, 0xDB, 0xC6, 0xFF, 0xBB, 0xA9, 0x77, 0x75, 0x50, 0x38, 0xF2, 0xEA,
    0x86, 0x3C, 0x3E, 0x36, 0x0E, 0xD9, 0xE5, 0xD4, 0x75, 0xE3, 0x0F, 0x58, 0xDF, 0x23, 0x06, 0xE6,
    0x98, 0xEF, 0x4E, 0x46, 0xEF, 0x23, 0x76, 0x30, 0x9F, 0x89, 0x60, 0x3A, 0x89, 0x1F, 0x8F, 0xF0,
    0x21, 0xDC, 0x87, 0x4A, 0x14, 0x75, 0x3E, 0xBB, 0x7D, 0x0B, 0x81, 0x72, 0xE7, 0x5E, 0xC6, 0x8F,
    0xFA, 0x78, 0xF1, 0x60, 0x40, 0xEB, 0x78, 0xAA, 0x6A, 0xE9, 0x7A, 0x7D, 0x2B, 0x99, 0x3A, 0xF0,
    0xCB, 0xB0, 0x87, 0x10, 0x28, 0xC5, 0x3C, 0xE8, 0x44, 0x1C, 0x10, 0x87, 0xE1, 0xF2, 0xFE, 0xB5,
    0xBB, 0x9E, 0x3F, 0xF6, 0xCD, 0x0F, 0x4C, 0xF9, 0x47, 0x5B, 0xC7, 0xDC, 0x02, 0x87, 0xAB, 0xAF,
    0x92, 0x1C, 0xD0, 0x7E, 0xEB, 0x06, 0x2C, 0x43, 0xB4, 0x89, 0xFC, 0x31, 0x91, 0x77, 0x66, 0x74,
    0x3B, 0xB4, 0x3E, 0xCD, 0xE6, 0x79, 0x43, 0x35, 0x24, 0x1F, 0x99, 0xA0, 0x2C, 0x45, 0x68, 0xB8,
    0x50, 0x64, 0xDB, 0xEC, 0xFA, 0xB9, 0x06, 0x71, 0x86, 0xFE, 0xBA, 0xAC, 0xD3, 0xBE, 0x0D, 0xE9,
    0x71, 0xDA, 0x18, 0x02, 0x7D, 0x9C, 0x33, 0x27, 0x1A, 0x89, 0x1A, 0xC9, 0xA0, 0xF1, 0x17, 0xBD,
    0xA8, 0xDF, 0xFC, 0xBF, 0x0A, 0x16, 0x60, 0xCE, 0xB0, 0x51, 0x95, 0x87, 0x77, 0xEA, 0xD3, 0xD7,
    0xDB, 0xAF, 0x13, 0x41, 0x17, 0x2D, 0x45, 0xB9, 0x24, 0x38, 0xC8, 0x67, 0x41, 0x66, 0xDE, 0x1E,
    0x7B, 0x78, 0xAC, 0xDD, 0xD2, 0xAC, 0x71, 0x53, 0xE9, 0x66, 0x7A, 0x21, 0xE2, 0xF4, 0x15, 0xC3,
    0x51, 0xAB, 0x70, 0xCF, 0x2D, 0x8D, 0xB2, 0x6C, 0x65, 0x59, 0x4B, 0xC2, 0xE4, 0x2A, 0x38, 0x8A,
    0x0D, 0xA0, 0xDE, 0x12, 0x45, 0x91, 0x9C, 0x38, 0xB8, 0x7A, 0xE9, 0xC4, 0x35, 0xAC, 0xD9, 0x16,
    0x18, 0xF1, 0x3D, 0x08, 0xB8, 0x89, 0x78, 0x20, 0x71, 0x6A, 0xA4, 0x51, 0xE1, 0x95, 0xF3, 0xB3,
    0x03, 0xB0, 0x4F, 0xDD, 0xF8, 0xD7, 0xC5, 0xC0, 0xA7, 0x43, 0x4C, 0x5E, 0x6B, 0xEF, 0x3B, 0x7C,
    0xD3, 0x3B, 0xBE, 0xFA, 0xEE, 0xED, 0xC0, 0x9C, 0x53, 0x76, 0x03, 0xC7, 0xA8, 0x28, 0x38, 0x9F,
    0x84, 0x26, 0x29, 0xA8, 0xCB, 0xFD, 0x6D, 0x25, 0x16, 0x4B, 0x30, 0x39, 0xDF, 0x6B, 0xB2, 0x49,
    0x0A, 0x5B, 0x47, 0x2D, 0x1C, 0xB4, 0x96, 0xD7, 0x6D, 0x09, 0x2D, 0xD4, 0x18, 0xD2, 0xD5, 0xC3,
    0xCE, 0xC5, 0xA4, 0x19, 0xD2, 0xB7, 0x21, 0x6A, 0x89, 0xB3, 0xF2, 0x78, 0x78, 0xDA, 0x49, 0x26,
    0x28, 0xB1, 0x1A, 0x80, 0xF8, 0x90, 0x4D, 0x4A, 0xA6, 0x04, 0x14, 0xB1, 0xDC, 0x18, 0x64, 0x1A,
    0x83, 0x64, 0x4B, 0x47, 0xF2, 0x3D, 0xEF, 0x16, 0xEC, 0x78, 0x97, 0x0C, 0xA8, 0x2C, 0x4E, 0xB8,
    0x7D, 0xB4, 0x4A, 0x3C, 0xDB, 0x27, 0x26, 0x54, 0xCD, 0x3F, 0xAF, 0xAF, 0x89, 0xAF, 0x1D, 0xB4,
    0xAD, 0xBE, 0xA2, 0x87, 0xDA, 0x08, 0xB0, 0xF8, 0xDE, 0x5E, 0x05, 0x95, 0xE6, 0x9A, 0x03, 0x24,
    0xDE, 0xDD, 0xAC, 0x3A, 0x0C, 0xBA, 0x1A, 0xD6, 0x1A, 0x20, 0xF9, 0x4B, 0x7A, 0xDE, 0xEE, 0x94,
    0x9D, 0xFA, 0x21, 0xAD, 0x1A, 0xE4, 0x65, 0x95, 0xCC, 0x44, 0x31, 0x03, 0x11, 0x01, 0xA4, 0x8B,
    0x0D, 0x02, 0xAA, 0xED, 0x25, 0xE3, 0x4E, 0x02, 0x1D, 0x8D, 0x8F, 0xB0, 0x30, 0xE8, 0xB7, 0x17,
    0xB5, 0xAB, 0x18, 0x8C, 0xEF, 0xAB, 0xB7, 0x87, 0xD9, 0xBC, 0x0A, 0xCB, 0x9B, 0x8A, 0x11, 0xE6,
    0x7B, 0x92, 0x4B, 0xD4, 0xF7, 0xE2, 0xF8, 0x21, 0x7C, 0x3A, 0x21, 0xE3, 0xA1, 0x9C, 0xF3, 0xD0,
    0xB2, 0x37, 0x6F, 0xAD, 0xA5, 0x4A, 0x11, 0x51, 0x40, 0xC2, 0x64, 0x26, 0xF1, 0x77, 0x41, 0xCD,
    0x04, 0x6F, 0x19, 0xF2, 0x22, 0x87, 0xA4, 0x01, 0xD2, 0x4B, 0x01, 0xF0, 0x14, 0x17, 0x20, 0x04,
    0x60, 0x0E, 0xF1, 0x7F, 0x81, 0xA3, 0x59, 0x5D, 0xE9, 0xC4, 0xC2, 0x46, 0x6E, 0xEA, 0x42, 0x0E,
    0xEE, 0xB1, 0x99, 0xC6, 0x22, 0x97, 0xD9, 0xCF, 0xB2, 0x2B, 0x1C, 0xAE, 0xAF, 0xE6, 0x0D, 0x11,
    0xF9, 0x2A, 0x8C, 0xC3, 0x1F, 0x3F, 0x62, 0xA3, 0xE3, 0x03, 0xAA, 0xBF, 0x7F, 0x7F, 0xE2, 0xED,
    0xB7, 0xD7, 0x79, 0x50, 0xA8, 0x1B, 0x2F, 0xF8, 0x36, 0xC9, 0x6D, 0x4C, 0xD0, 0x9C, 0x30, 0x2F,
    0x2A, 0x9C, 0xBD, 0x12, 0x41, 0x04, 0x9F, 0x8D, 0x41, 0xC2, 0x85, 0x2D, 0x05, 0x4E, 0x91, 0x96,
    0x74, 0x0B, 0xE2, 0x43, 0xC7, 0xB8, 0xCD, 0x5E, 0x83, 0x83, 0xE3, 0x65, 0x09, 0x62, 0x22, 0xF4,
    0xBF, 0x0E, 0x5B, 0xDC, 0xAD, 0x2A, 0x53, 0x43, 0x37, 0x51, 0x45, 0x03, 0xA6, 0xEA, 0x80, 0x04,
    0x1E, 0x72, 0xED, 0x4C, 0xCB, 0xEC, 0x96, 0x0C, 0xAA, 0x8D, 0x7E, 0x5A, 0x16, 0xD1, 0xE4, 0xE3,
    0x24, 0x93, 0x75, 0x82, 0x1B, 0x7C, 0x63, 0xD6, 0x20, 0x01, 0xB9, 0x0A, 0x15, 0xFE, 0x78, 0x0D,
    0x9D, 0xCE, 0xBC, 0x7D, 0xDD, 0x43, 0x8D, 0x53, 0x08, 0x1D, 0x1E, 0x6B, 0x59, 0x64, 0xB9, 0xF3,
    0x44, 0x19, 0x03, 0xCE, 0x6B, 0x3F, 0x74, 0xF0, 0x90, 0xB8, 0x5A, 0xF0, 0xA4, 0x2E, 0x31, 0x84,
    0xC1, 0x85, 0x40, 0x0E, 0xAE, 0x4E, 0xCE, 0x69, 0xC5, 0xE0, 0x7D, 0xCE, 0x16, 0xEB, 0xC9, 0x98,
    0x39, 0xC5, 0xA7, 0x9E, 0x3C, 0x3E, 0x5E, 0x2A, 0xAB, 0xE7, 0xEA, 0x6E, 0x81, 0x39, 0x37, 0x62,
    0x7E, 0x07, 0x47, 0xC3, 0xD1, 0xC3, 0x0F, 0x88, 0xCA, 0xAA, 0xAA, 0xB6, 0x40, 0x07, 0x81, 0xB9,
    0xF7, 0x44, 0xF6, 0x1F, 0xF8, 0x06, 0x85, 0xDF, 0xFF, 0x4A, 0x8F, 0x89, 0xF9, 0x53, 0xB0, 0xDD,
    0x51, 0xB0, 0x7A, 0x0F, 0x9D, 0x1A, 0xD8, 0x7F, 0x10, 0x96, 0x07, 0x90, 0xF5, 0xEE, 0xBE, 0xA2,
    0x13, 0xE0, 0xBF, 0x5B, 0xBD, 0x7D, 0x88, 0x1C, 0x67, 0xC2, 0xF2, 0x1E, 0x87, 0xDA, 0x0D, 0x05,
    0x4F, 0xF0, 0x10, 0x03, 0x70, 0x02, 0xE8, 0x04, 0x86, 0x23, 0x8A, 0x0A, 0xE8, 0xC6, 0x35, 0x5B,
    0x92, 0xAA, 0x2A, 0x88, 0xC2, 0xBE, 0x1C, 0xC6, 0xB5, 0x95, 0x55, 0xF4, 0x38, 0x70, 0xFF, 0x43,
    0xD3, 0x87, 0x29, 0xC8, 0x32, 0x70, 0x06, 0x59, 0x96, 0x45, 0x85, 0x81, 0x4E, 0x45, 0x4C, 0x06,
    0x06, 0x0E, 0xB8, 0xFB, 0x7E, 0x54, 0xF1, 0x1E, 0xF0, 0x29, 0xAF, 0xE6, 0xB9, 0x21, 0xF3, 0x7D,
    0x49, 0xB4, 0x24, 0xEE, 0x7E, 0xC0, 0xC3, 0xC9, 0x04, 0xEF, 0xF9, 0x91, 0xB0, 0xE3, 0xBF, 0x60,
    0xDC, 0xA4, 0x14, 0x80, 0xA3, 0x3B, 0x8D, 0x10, 0xF9, 0x10, 0x14, 0xE4, 0x26, 0x18, 0xA4, 0x6E,
    0x7C, 0xD2, 0x00, 0xC6, 0x42, 0x0C, 0xAA, 0x57, 0xF8, 0xD5, 0xE0, 0xE3, 0x70, 0x3D, 0xB6, 0x3A,
    0x18, 0xA9, 0xAD, 0xEC, 0xB4, 0xDC, 0x04, 0xB9, 0xB3, 0x71, 0x46, 0x74, 0x9F, 0x9A, 0x75, 0x29,
    0xA0, 0x1C, 0xD3, 0xBF, 0xA3, 0xDA, 0x4E, 0x26, 0x9C, 0xD1, 0xF2, 0x83, 0xDB, 0x1D, 0xEE, 0x2F,
    0xEF, 0x23, 0xC6, 0x0F, 0x98, 0xC4, 0x54, 0x35, 0x01, 0xEB, 0x82, 0x66, 0x53, 0x61, 0x37, 0x22,
    0xCA, 0x16, 0x95, 0x8D, 0x29, 0xC1, 0x7C, 0x67, 0xAA, 0x01, 0xDE, 0xC0, 0x6D, 0x3B, 0x10, 0x92,
    0x10, 0x49, 0x8E, 0xEB, 0xB6, 0x8B, 0x8A, 0x60, 0xE7, 0x03, 0xE9, 0x0F, 0x41, 0x18, 0x40, 0xE0,
    0x19, 0xB7, 0xD0, 0x0E, 0xCF, 0xD2, 0x48, 0x21, 0xED, 0xA4, 0x3A, 0x87, 0x00, 0x6A, 0x7F, 0x0D,
    0xFC, 0xCF, 0x70, 0x74, 0x74, 0x54, 0x73, 0x40, 0xC4, 0xBF, 0xAD, 0x03, 0x88, 0x47, 0xBD, 0xD1,
    0x51, 0xE1, 0xED, 0x03, 0xFA, 0xF0, 0x14, 0x05, 0x01, 0x40, 0x7C, 0xA7, 0x21, 0x98, 0xFF, 0xE7,
    0xA2, 0x1F, 0xDB, 0xB4, 0x42, 0x49, 0x7C, 0x19, 0x1C, 0xC1, 0xF8, 0x61, 0x4C, 0x23, 0x92, 0x1E,
    0x20, 0x34, 0x64, 0x7C, 0xF9, 0x78, 0x08, 0x5C, 0x81, 0x75, 0x0B, 0xC8, 0xE9, 0xF4, 0x1F, 0x6D,
    0xF5, 0x9D, 0x96, 0x52, 0x47, 0x23, 0x4E, 0x46, 0xE3, 0x8D, 0x49, 0x02, 0x32, 0x51, 0x39, 0x4E,
    0xFA, 0x66, 0x75, 0x1C, 0x1F, 0x58, 0x0D, 0xA5, 0xDB, 0x3B, 0x01, 0xC1, 0xDE, 0x6F, 0x60, 0x70,
    0x79, 0x77, 0x6D, 0x88, 0x6E, 0xE2, 0x1C, 0x19, 0x88, 0x93, 0xD8, 0x27, 0xA0, 0x01, 0x9F, 0x1F,
    0xC6, 0x21, 0xF4, 0x75, 0x78, 0x00, 0x3F, 0x54, 0x90, 0x47, 0xFC, 0x73, 0xE8, 0xED, 0x54, 0x7E,
    0x14, 0xEC, 0x7D, 0x23, 0xC0, 0x3F, 0x10, 0x9C, 0x0B, 0xE7, 0x03, 0xE6, 0x1F, 0x6D, 0x45, 0x14,
    0x44, 0x4C, 0x4C, 0x53, 0x44, 0x55, 0x44, 0x15, 0x57, 0xD2, 0x9C, 0xB8, 0x4A, 0xAF, 0x8F, 0x88,
    0x76, 0x07, 0xD7, 0x3D, 0xF4, 0x88, 0xC8, 0xC8, 0xC8, 0xDC, 0x1B, 0x3B, 0x09, 0x42, 0x7D, 0x16,
    0x81, 0x90, 0x0D, 0x1B, 0xC3, 0x67, 0x8B, 0xCC, 0x0E, 0x28, 0x66, 0x2E, 0x29, 0x3D, 0x92, 0x8D,
    0x55, 0xB2, 0xC4, 0xE8, 0xCD, 0xB7, 0xB0, 0x8F, 0x32, 0xE8, 0xA8, 0xD0, 0x84, 0x0B, 0x96, 0x28,
    0x8D, 0x9B, 0x25, 0x91, 0xBB, 0xB4, 0x9B, 0xB4, 0xAE, 0xBC, 0x03, 0xC9, 0xCF, 0xD4, 0x03, 0xCA,
    0x9E, 0xD3, 0xB5, 0x84, 0x48, 0xEC, 0x7B, 0xC1, 0xFB, 0x26, 0xE1, 0x36, 0xED, 0x61, 0x3B, 0xFD,
    0xFD, 0x56, 0x85, 0x4A, 0x96, 0x68, 0x7A, 0x28, 0x38, 0x32, 0x7E, 0x50, 0xEC, 0x38, 0x93, 0xED,
    0x7C, 0x94, 0xA1, 0x3B, 0x9C, 0xCF, 0x8B, 0x44, 0x28, 0x4E, 0xF7, 0xD3, 0xB4, 0xB6, 0x21, 0xCD,
    0xFC, 0x01, 0xB7, 0x6B, 0x93, 0xDC, 0xEC, 0x9E, 0x6F, 0x90, 0x24, 0x77, 0x89, 0x90, 0x45, 0x7E,
    0xCD, 0xD4, 0x4E, 0xE4, 0x22, 0x07, 0x72, 0x73, 0x5D, 0xA6, 0xCC, 0x4F, 0x88, 0x90, 0x90, 0x91,
    0x60, 0x1E, 0xA1, 0xF3, 0xFC, 0x27, 0xCA, 0x34, 0x1B, 0x07, 0x9E, 0x64, 0x2A, 0x8A, 0x2A, 0x88,
    0x8A, 0x2A, 0x22, 0x9A, 0x3D, 0x51, 0x92, 0x34, 0x05, 0x45, 0x77, 0xA8, 0x27, 0x71, 0x3C, 0x98,
    0x07, 0x22, 0x71, 0x34, 0x7A, 0xD8, 0x3D, 0xEC, 0x7D, 0xBB, 0x80, 0xEB, 0xD2, 0x86, 0x7E, 0x01,
    0x21, 0xAB, 0xCC, 0x6B, 0x9A, 0x01, 0x4E, 0x21, 0x1B, 0x78, 0xBE, 0xF0, 0x0A, 0x0E, 0x26, 0xF3,
    0x40, 0x4E, 0xD7, 0xA2, 0x50, 0x7C, 0xE0, 0x98, 0x21, 0x59, 0xFE, 0x3D, 0x0D, 0x81, 0x0D, 0xDD,
    0x52, 0x31, 0x92, 0x48, 0x42, 0xCA, 0x77, 0x7D, 0xEE, 0xFE, 0x20, 0x6F, 0x60, 0xE1, 0x90, 0x89,
    0xC2, 0xB2, 0x1B, 0xA9, 0x4F, 0x61, 0x51, 0xF3, 0x38, 0x27, 0x9F, 0xA0, 0x27, 0xB1, 0x3E, 0x74,
    0x3D, 0xE0, 0xDF, 0x4F, 0xB9, 0xAA, 0xB9, 0x29, 0x61, 0xF0, 0x3D, 0xA2, 0x77, 0xBC, 0x3B, 0x7C,
    0x40, 0xC8, 0x7C, 0x81, 0x48, 0x71, 0x1C, 0x50, 0x6B, 0x30, 0x27, 0xA1, 0x86, 0xDB, 0x0B, 0x49,
    0x95, 0xB0, 0x40, 0x6C, 0x0F, 0xC2, 0x50, 0x8B, 0x4C, 0x0F, 0xA4, 0x24, 0x08, 0x7F, 0xB9, 0xEE,
    0xD0, 0x1D, 0xC3, 0xB6, 0x29, 0x48, 0x6B, 0x1D, 0x94, 0x27, 0x43, 0x90, 0xC0, 0xA7, 0xDD, 0xAC,
    0xD1, 0x3A, 0x93, 0xF2, 0xEB, 0x32, 0x75, 0x3A, 0x8A, 0x5F, 0x9D, 0x03, 0xDD, 0x95, 0x77, 0xBE,
    0xC5, 0x48, 0x5E, 0x9A, 0xF4, 0xA3, 0x4D, 0xB6, 0x06, 0xAC, 0xFA, 0x22, 0xD2, 0x22, 0x64, 0x6F,
    0x34, 0x2D, 0x41, 0x52, 0x47, 0xB8, 0xD2, 0x6D, 0x7F, 0x3F, 0x6B, 0xF8, 0xFB, 0x77, 0x08, 0x3C,
    0x67, 0xFD, 0x33, 0xDD, 0x99, 0xC2, 0x1E, 0xC7, 0x0D, 0x4D, 0x27, 0xF9, 0x31, 0x01, 0x61, 0xE8,
    0x30, 0x18, 0xCF, 0x73, 0xBF, 0x9D, 0x0C, 0x0F, 0x4B, 0x6C, 0x47, 0xC5, 0x8D, 0xFE, 0x1F, 0xC0,
    0xCC, 0x7E, 0xDE, 0x8E, 0x6A, 0x83, 0xAC, 0xBD, 0x8F, 0x65, 0xF2, 0xC7, 0x9F, 0xD8, 0xF3, 0x82,
    0xFF, 0x65, 0xD8, 0x20, 0x6E, 0x81, 0x79, 0x08, 0xFA, 0x4F, 0xD2, 0xD3, 0xC2, 0xA7, 0xF5, 0x58,
    0x0F, 0xED, 0xEB, 0xD4, 0x89, 0x08, 0xF2, 0xB1, 0xFC, 0xCC, 0x07, 0xEB, 0x0F, 0x8A, 0x78, 0xA0,
    0xF8, 0xA0, 0x1F, 0x0F, 0xB7, 0xDA, 0x47, 0xCF, 0xF6, 0x7E, 0x3F, 0x30, 0xEB, 0x75, 0x27, 0x75,
    0xF8, 0xED, 0xE0, 0x9B, 0x76, 0xDC, 0xB5, 0x5A, 0xFB, 0x23, 0x25, 0xF6, 0x48, 0xF9, 0x41, 0xB2,
    0xFE, 0xE7, 0xD1, 0xF4, 0xD5, 0x55, 0x87, 0xC6, 0x67, 0xE1, 0x0F, 0x85, 0x36, 0x8E, 0x83, 0x49,
    0xE5, 0x1B, 0x2D, 0x85, 0xF1, 0x3F, 0x70, 0xF9, 0x0F, 0x91, 0xD4, 0x79, 0x5F, 0x8D, 0xFC, 0x39,
    0x09, 0xE4, 0x71, 0x4D, 0xA0, 0x58, 0x43, 0xE6, 0x42, 0x87, 0x06, 0xCA, 0x60, 0xFE, 0x07, 0x15,
    0xB4, 0x55, 0x21, 0x78, 0x12, 0x57, 0xBF, 0xE1, 0xF5, 0x55, 0x55, 0x6D, 0xEB, 0x2D, 0xDE, 0x9C,
    0xBD, 0xC9, 0xF5, 0x3F, 0x81, 0x0F, 0x7D, 0xB0, 0x99, 0xBC, 0x1C, 0x94, 0x8E, 0x6F, 0xEE, 0x86,
    0xBB, 0x1C, 0x9A, 0xCD, 0x30, 0xC4, 0xD2, 0xB8, 0xE9, 0x69, 0x6B, 0x5A, 0xD6, 0xB5, 0x31, 0xE5,
    0xD7, 0xE7, 0x3C, 0x00, 0xEC, 0xAE, 0xD8, 0xD0, 0x2E, 0xCF, 0x54, 0x63, 0x71, 0xA8, 0x38, 0xC6,
    0xE4, 0x91, 0xC6, 0x3E, 0x1F, 0xAD, 0x80, 0x60, 0xBC, 0x44, 0x43, 0x41, 0xD0, 0x27, 0x21, 0xA0,
    0x88, 0xA1, 0x32, 0xA8, 0x62, 0x53, 0x41, 0xF7, 0x24, 0x5F, 0xCC, 0x87, 0x6C, 0x30, 0x92, 0x87,
    0x1A, 0x4E, 0x40, 0xEC, 0x09, 0x70, 0x46, 0x24, 0xE1, 0xD0, 0x77, 0x20, 0xCE, 0x21, 0xCA, 0x18,
    0x9E, 0x40, 0x4D, 0x1B, 0x29, 0x68, 0x48, 0x38, 0x07, 0xBA, 0xED, 0xFF, 0x34, 0xE5, 0x93, 0x99,
    0x45, 0xB0, 0x91, 0x91, 0xFA, 0xDD, 0x47, 0x10, 0x38, 0x40, 0xEF, 0xC0, 0xE0, 0x03, 0xB8, 0x7B,
    0xD2, 0x66, 0xE0, 0x30, 0x13, 0x13, 0xBF, 0x28, 0xA2, 0x25, 0x78, 0x5E, 0x15, 0x51, 0xE8, 0x51,
    0x15, 0x50, 0xC0, 0xA9, 0x24, 0x28, 0xF1, 0x83, 0x8B, 0xDC, 0x62, 0x06, 0xC9, 0x86, 0x08, 0x1F,
    0xAA, 0xE0, 0x8E, 0x30, 0xDB, 0xF4, 0xD8, 0x62, 0x18, 0x11, 0x37, 0x9A, 0xA2, 0x94, 0xA1, 0x10,
    0xCC, 0x54, 0x28, 0x8B, 0x81, 0xAC, 0x62, 0x89, 0x98, 0x96, 0x13, 0xE6, 0x0D, 0x37, 0x48, 0x61,
    0x62, 0x88, 0xA5, 0x45, 0x2A, 0xB2, 0xCE, 0x13, 0x8E, 0x98, 0x3D, 0x13, 0x90, 0x09, 0x1A, 0x02,
    0x82, 0x24, 0x49, 0x99, 0x82, 0x14, 0x8F, 0xDD, 0xD4, 0xD5, 0x11, 0x11, 0xC7, 0x6D, 0x55, 0x55,
    0x55, 0x45, 0x4C, 0xBC, 0x6A, 0x84, 0xB0, 0x31, 0x3B, 0x84, 0x27, 0x64, 0xFE, 0x33, 0xBD, 0x3B,
    0x08, 0x89, 0x00, 0xE4, 0x0F, 0x22, 0x2F, 0x08, 0xC9, 0x27, 0x68, 0xC1, 0x0F, 0xD8, 0xE4, 0xE0,
    0x35, 0x15, 0xD7, 0x32, 0xCC, 0xCC, 0x9C, 0x32, 0x10, 0xED, 0x07, 0x40, 0xCC, 0x76, 0x5B, 0x82,
    0x19, 0xAE, 0x10, 0x7A, 0xEC, 0x9B, 0x03, 0xC0, 0x29, 0xE6, 0x09, 0x10, 0x0C, 0x8D, 0x1C, 0x70,
    0x30, 0xFB, 0x2D, 0xC1, 0x54, 0x53, 0x67, 0x9F, 0x32, 0x70, 0x33, 0x18, 0xB0, 0xEE, 0x43, 0x1A,
    0x63, 0x03, 0x15, 0xC9, 0x3F, 0xB8, 0xB8, 0x57, 0x0A, 0x76, 0x0E, 0xF1, 0xC0, 0xAD, 0x98, 0x84,
    0x08, 0x20, 0x17, 0xB2, 0x21, 0xDC, 0x60, 0x38, 0xF9, 0x61, 0x22, 0x68, 0x31, 0x42, 0x36, 0x00,
    0x3D, 0x92, 0x8B, 0x4A, 0xA5, 0x2B, 0xB2, 0xBC, 0xB1, 0x99, 0x8E, 0x19, 0x52, 0x26, 0x86, 0x07,
    0xB4, 0x3B, 0xD3, 0x1E, 0xCA, 0x88, 0xAA, 0x83, 0x91, 0x01, 0x60, 0x05, 0x73, 0xB1, 0xA2, 0x04,
    0xC1, 0x6E, 0xB1, 0x79, 0x48, 0xC0, 0xD4, 0x25, 0x2D, 0x38, 0x84, 0xB7, 0xDE, 0xFD, 0xC6, 0xFA,
    0x1F, 0xB8, 0x84, 0x27, 0xE8, 0x02, 0x4A, 0x14, 0xA2, 0x48, 0xF3, 0xE4, 0x36, 0x17, 0x48, 0x26,
    0xAD, 0x81, 0x98, 0x62, 0x06, 0x2A, 0xFB, 0x95, 0xC5, 0x9E, 0x7B, 0x38, 0x71, 0x4D, 0x5B, 0x2F,
    0xC1, 0x7C, 0xE7, 0x55, 0xF7, 0xD4, 0x4D, 0xBF, 0xA7, 0xE4, 0xD2, 0xA7, 0x22, 0x70, 0x7A, 0xCB,
    0xD0, 0xFB, 0x61, 0x92, 0x82, 0x22, 0x90, 0x38, 0x84, 0xC2, 0x51, 0x29, 0x44, 0x88, 0x6D, 0x6A,
    0xF4, 0x4B, 0x10, 0xCD, 0xAF, 0x38, 0x94, 0xAC, 0xF0, 0xE3, 0x62, 0x6A, 0x5C, 0xB8, 0xD1, 0xC0,
    0x0F, 0x99, 0x1C, 0xF6, 0x76, 0x68, 0x33, 0xCA, 0xB6, 0x98, 0xD4, 0x27, 0x7D, 0x82, 0xC8, 0x04,
    0x1B, 0x88, 0x90, 0x21, 0x71, 0x96, 0x38, 0x94, 0xFE, 0xBB, 0x05, 0x0E, 0x3A, 0x88, 0x3C, 0x3D,
    0x93, 0x14, 0x6F, 0xE8, 0x1E, 0x3F, 0x21, 0x95, 0x61, 0x75, 0xB8, 0x04, 0x5D, 0xA6, 0xB9, 0xE8,
    0xDC, 0xAA, 0x3F, 0xBB, 0x15, 0xA1, 0x46, 0xE8, 0x8D, 0xBB, 0x0E, 0x27, 0x7C, 0x15, 0x11, 0x45,
    0x14, 0x45, 0x22, 0x64, 0xD9, 0x8A, 0xA7, 0x6B, 0xFB, 0xA8, 0x73, 0x34, 0xEC, 0x4A, 0x08, 0x0F,
    0xEA, 0x8B, 0x20, 0x53, 0x96, 0xCC, 0xF8, 0xB9, 0xCB, 0x9F, 0xCE, 0x38, 0xD5, 0xF0, 0x83, 0x60,
    0xD3, 0xFC, 0xBA, 0x71, 0xD3, 0x5C, 0x86, 0x55, 0x79, 0x59, 0x8E, 0xEB, 0xE4, 0x36, 0x1E, 0x61,
    0x14, 0x09, 0xA2, 0x2D, 0xD5, 0x0E, 0x98, 0x48, 0x42, 0x28, 0x80, 0x50, 0x77, 0x87, 0x8D, 0xE7,
    0xD0, 0x85, 0x08, 0x92, 0x08, 0x87, 0x61, 0xE3, 0x0E, 0x2A, 0x43, 0x87, 0x38, 0xBA, 0x16, 0x0A,
    0x60, 0x5C, 0x70, 0x8C, 0x23, 0x48, 0x40, 0x52, 0xCB, 0xBF, 0x5C, 0x0D, 0x32, 0x50, 0x7B, 0x97,
    0x06, 0xD1, 0x13, 0xF0, 0x8D, 0xCE, 0xFB, 0xE4, 0xA0, 0x7B, 0xA0, 0x89, 0xD1, 0x18, 0x23, 0x9C,
    0x05, 0xA2, 0xE6, 0x46, 0x90, 0xEE, 0xA0, 0x74, 0xB5, 0x8A, 0x19, 0xEA, 0x9C, 0xB0, 0x22, 0xA8,
    0xBD, 0x20, 0xA5, 0x91, 0x81, 0x61, 0xCB, 0xB1, 0x0D, 0xE6, 0x06, 0xB4, 0x56, 0x46, 0x94, 0x32,
    0x96, 0x9A, 0x0B, 0xF3, 0xC7, 0x00, 0x6B, 0xC7, 0x06, 0x70, 0xDF, 0xE5, 0xE1, 0x6D, 0x3A, 0x96,
    0x66, 0x5D, 0x75, 0x77, 0x90, 0x90, 0xD2, 0x05, 0x76, 0x50, 0x5A, 0x10, 0x80, 0xF8, 0x9D, 0x5F,
    0x59, 0x43, 0x43, 0x8B, 0x81, 0x94, 0x0B, 0x3B, 0xB8, 0x07, 0x87, 0xB7, 0x1D, 0xEF, 0x64, 0xF4,
    0xB2, 0x7A, 0xA6, 0xD2, 0x92, 0xAA, 0x32, 0x12, 0x48, 0x10, 0x02, 0x41, 0x1E, 0x69, 0x15, 0x42,
    0x40, 0x18, 0x31, 0x0E, 0xB4, 0x4F, 0x05, 0xDD, 0x7A, 0x39, 0xCE, 0x52, 0x8E, 0x5D, 0x85, 0x58,
    0xB4, 0x0B, 0x31, 0x93, 0xBA, 0x26, 0x2E, 0x86, 0x0E, 0xB2, 0xEF, 0xD8, 0x1E, 0x01, 0x00, 0x4D,
    0x07, 0xDD, 0x34, 0xFA, 0x37, 0x6B, 0x55, 0x5A, 0x9A, 0x94, 0x4E, 0x6A, 0x04, 0xC6, 0x74, 0xDA,
    0x21, 0x37, 0xEE, 0xCA, 0x13, 0x31, 0xC0, 0x72, 0xA0, 0x4F, 0xBB, 0xB3, 0xB3, 0xA0, 0xF5, 0xA6,
    0x43, 0xF1, 0xEF, 0x4C, 0x77, 0x1D, 0x19, 0x02, 0x57, 0x97, 0x30, 0xA6, 0x07, 0x0C, 0x4A, 0x28,
    0x38, 0x00, 0x4A, 0x13, 0xA2, 0x10, 0x48, 0x3C, 0x18, 0x44, 0xEE, 0x46, 0x8D, 0xFA, 0x75, 0x87,
    0xD9, 0xD3, 0x27, 0x21, 0x03, 0x30, 0x29, 0x30, 0x19, 0x8A, 0x67, 0x3A, 0xB8, 0x41, 0xFC, 0xFE,
    0x1E, 0x3C, 0x44, 0x4E, 0xA8, 0x1F, 0x44, 0x0D, 0x00, 0x02, 0x0F, 0x12, 0x9B, 0xAF, 0x61, 0xDA,
    0x75, 0x6D, 0xBF, 0xE3, 0xD4, 0x26, 0x23, 0x15, 0x48, 0x7E, 0x9F, 0xAB, 0xFC, 0x6E, 0x85, 0xC0,
    0x80, 0x86, 0x81, 0xC0, 0xB4, 0x02, 0x75, 0x20, 0x45, 0x35, 0xED, 0x34, 0x03, 0x4C, 0x70, 0x35,
    0x43, 0x73, 0x02, 0x10, 0xF4, 0x7D, 0x45, 0x2F, 0xE7, 0xC0, 0x1F, 0x35, 0x9A, 0x61, 0x94, 0x0C,
    0x8B, 0x34, 0x41, 0xE3, 0x25, 0x83, 0x4E, 0x03, 0x60, 0xDA, 0x5B, 0xA0, 0x1E, 0xA0, 0xBA, 0x3F,
    0x3F, 0x9F, 0xE6, 0xC3, 0xD6, 0xD0, 0xDA, 0x30, 0xD0, 0x20, 0x41, 0x22, 0xBF, 0x0E, 0x61, 0x07,
    0xE9, 0x9D, 0xA7, 0x3D, 0x7A, 0xF5, 0xBE, 0xC7, 0x20, 0x7C, 0x90, 0x57, 0xF0, 0x5E, 0x41, 0x22,
    0x13, 0x49, 0x43, 0x3D, 0x82, 0x14, 0x9D, 0xE1, 0x10, 0xE6, 0x77, 0x94, 0x19, 0x42, 0x30, 0x39,
    0xE1, 0xC4, 0x07, 0xC3, 0xEF, 0xB8, 0xFB, 0xC4, 0xDB, 0xE4, 0x47, 0xDD, 0xA6, 0x83, 0x91, 0xA2,
    0x21, 0xF6, 0xED, 0x9F, 0xD2, 0x08, 0x58, 0x63, 0x7D, 0xE8, 0x39, 0x99, 0x0F, 0x79, 0x1D, 0x56,
    0xED, 0x60, 0x10, 0xC6, 0x89, 0xE8, 0x66, 0xE1, 0xFC, 0x5B, 0x97, 0xF2, 0xD7, 0xC0, 0xEA, 0xD7,
    0x16, 0xA6, 0x10, 0x29, 0x52, 0xAC, 0xD2, 0xB2, 0x8A, 0x5C, 0xFC, 0x13, 0x01, 0xB7, 0x03, 0x03,
    0x1A, 0x71, 0x8E, 0x1D, 0xAB, 0x8F, 0x31, 0x6B, 0x19, 0x40, 0x5C, 0xA2, 0xBE, 0xC9, 0x03, 0x79,
    0xB2, 0x97, 0x99, 0x01, 0xC9, 0x33, 0x42, 0x2A, 0x10, 0x58, 0xA0, 0x60, 0x3D, 0xC3, 0xCD, 0x32,
    0x41, 0x25, 0xB2, 0x02, 0x09, 0x7B, 0x9C, 0x62, 0x16, 0x3A, 0xD9, 0x51, 0x64, 0xE7, 0x3D, 0xEA,
    0x04, 0xB3, 0x89, 0x07, 0x3F, 0xA8, 0x2E, 0x29, 0x9A, 0x30, 0x8F, 0x50, 0x49, 0x58, 0xC3, 0xFA,
    0x1B, 0xDE, 0x27, 0x89, 0x77, 0x68, 0x30, 0x1C, 0x94, 0x0B, 0xA9, 0x06, 0x92, 0x40, 0x26, 0x91,
    0xAC, 0x34, 0x07, 0x80, 0x46, 0xF0, 0xE5, 0x8A, 0x22, 0x65, 0x85, 0xB1, 0x0E, 0xA0, 0xC2, 0x4C,
    0x1A, 0x8D, 0xF0, 0x47, 0x23, 0xE9, 0x14, 0x86, 0xB9, 0xF3, 0x8E, 0xA0, 0x40, 0xD7, 0x27, 0xAF,
    0x05, 0x1C, 0xD8, 0xF8, 0x07, 0x60, 0x78, 0x9E, 0x75, 0xE7, 0x52, 0xA7, 0x53, 0xD5, 0x5F, 0x06,
    0xB3, 0x55, 0x46, 0x53, 0x76, 0x73, 0x9A, 0x27, 0x79, 0xFC, 0xAB, 0x88, 0x77, 0xEC, 0xB8, 0x87,
    0x65, 0xB1, 0xEC, 0x0B, 0x08, 0xDC, 0x99, 0x37, 0x85, 0x9C, 0xE1, 0x82, 0xEE, 0xE7, 0x7B, 0xD5,
    0x0C, 0xC5, 0xC3, 0x86, 0xD8, 0x30, 0xB4, 0x53, 0xCD, 0xC1, 0x69, 0xA8, 0x09, 0x6A, 0x19, 0x16,
    0x46, 0x25, 0x9B, 0xA1, 0x82, 0x26, 0xB5, 0xCB, 0x95, 0x8A, 0x0A, 0xB4, 0x6B, 0x07, 0x11, 0x10,
    0x11, 0x85, 0xDE, 0x06, 0xAE, 0x27, 0x79, 0x62, 0xB9, 0x84, 0x78, 0x63, 0xEF, 0x84, 0x1B, 0xE9,
    0x51, 0x13, 0x35, 0x80, 0x7D, 0x69, 0x2E, 0xC2, 0xEE, 0x51, 0xD9, 0x13, 0x46, 0xE0, 0xEB, 0x40,
    0xB0, 0x34, 0x45, 0x43, 0x46, 0x86, 0x96, 0xAC, 0xA4, 0xC2, 0xE3, 0x81, 0xA4, 0x70, 0xC5, 0x70,
    0x39, 0x58, 0x51, 0xDA, 0x84, 0x73, 0xB0, 0xC2, 0x58, 0x36, 0x1C, 0x1B, 0x0D, 0xAC, 0x1B, 0x43,
    0x71, 0xC1, 0x5E, 0xBE, 0xAD, 0xB9, 0x4F, 0xE1, 0x91, 0xA1, 0x4F, 0x2F, 0x22, 0xE8, 0xCC, 0x13,
    0xAF, 0x04, 0xB2, 0xC4, 0x37, 0x29, 0xB0, 0x84, 0x0E, 0xF8, 0x6F, 0x86, 0x38, 0x27, 0xD6, 0x10,
    0x11, 0xB7, 0xA8, 0x2A, 0x24, 0x12, 0xA3, 0xA5, 0x18, 0x0B, 0x6F, 0xB4, 0x0E, 0x92, 0x96, 0x51,
    0x7B, 0xD8, 0x12, 0xA8, 0xD7, 0x60, 0xA4, 0x7C, 0x66, 0x6A, 0x0E, 0x4C, 0x50, 0x0E, 0x70, 0x54,
    0x2C, 0x6B, 0x35, 0x1B, 0x29, 0xE1, 0x93, 0x4B, 0x94, 0xA7, 0xBA, 0x9A, 0x48, 0x54, 0x55, 0x2F,
    0x6A, 0x51, 0x76, 0x3E, 0x9D, 0x0B, 0x21, 0x2F, 0xE5, 0xAF, 0x85, 0xD0, 0xB9, 0xC1, 0x4F, 0x48,
    0x93, 0x34, 0xDB, 0x86, 0xF4, 0x4D, 0x99, 0x6B, 0x23, 0x8B, 0x0E, 0x20, 0x2F, 0x0D, 0x79, 0x6E,
    0xC8, 0xB6, 0x26, 0xCD, 0xB3, 0xBF, 0x49, 0xDE, 0x25, 0x9A, 0x02, 0xA3, 0x31, 0x60, 0x96, 0xDD,
    0x0B, 0x84, 0x64, 0x2E, 0xC0, 0xC7, 0x8C, 0x0F, 0x3B, 0xC2, 0x8A, 0x2E, 0x71, 0x1E, 0x47, 0x80,
    0x4B, 0x33, 0x65, 0xC1, 0xB7, 0xD9, 0x7A, 0xFC, 0xBB, 0xC4, 0xD3, 0x5C, 0x50, 0xC2, 0x4D, 0x96,
    0x4D, 0x39, 0x0C, 0xA9, 0x34, 0x17, 0xEC, 0x2F, 0x6D, 0x14, 0x88, 0xD7, 0x27, 0x56, 0x0A, 0x55,
    0x4D, 0xBE, 0x81, 0x72, 0x86, 0x6E, 0xD0, 0xE8, 0x36, 0x24, 0xCD, 0xB6, 0x25, 0x58, 0xA6, 0xB7,
    0xD5, 0xF2, 0x66, 0xF8, 0x8A, 0x90, 0x8C, 0x11, 0xA4, 0x32, 0xAA, 0x23, 0x31, 0x1B, 0x68, 0x97,
    0x88, 0x3A, 0x4B, 0x32, 0xE0, 0xAA, 0x09, 0x9B, 0x3B, 0xA0, 0x53, 0xA6, 0x57, 0x80, 0x8B, 0x19,
    0xF0, 0xDA, 0xF2, 0x64, 0x58, 0x30, 0x5B, 0x03, 0x57, 0xD6, 0x17, 0xCA, 0x9D, 0xD0, 0x6C, 0x1F,
    0x6E, 0xAE, 0x70, 0x0B, 0x91, 0x09, 0x04, 0x46, 0x69, 0x43, 0x23, 0x69, 0x6B, 0x5D, 0x84, 0x0D,
    0x0A, 0x68, 0x93, 0x84, 0xD3, 0x41, 0xA6, 0x84, 0x6A, 0xAA, 0x2D, 0x72, 0xC5, 0x09, 0x46, 0x04,
    0x04, 0xD0, 0x30, 0x2C, 0x01, 0x0C, 0x85, 0x08, 0x71, 0x7A, 0xC3, 0xC8, 0x22, 0xB5, 0x14, 0xB4,
    0x2F, 0x00, 0x26, 0xB8, 0x53, 0x45, 0xB5, 0xB6, 0xEB, 0x5C, 0x0E, 0x65, 0xC6, 0x6F, 0x24, 0x05,
    0xD8, 0xE4, 0xD1, 0x81, 0xB3, 0x00, 0xC3, 0x3B, 0x02, 0x20, 0x1C, 0x9D, 0x66, 0xB4, 0x0C, 0xF6,
    0xD4, 0x6D, 0x92, 0x0F, 0x08, 0x80, 0x18, 0x8A, 0x21, 0xB8, 0x88, 0x02, 0x58, 0x74, 0x4D, 0x2F,
    0x52, 0x68, 0xC6, 0xC3, 0x4B, 0xBF, 0x85, 0x07, 0x27, 0x0D, 0x01, 0x80, 0x85, 0x0F, 0x11, 0x29,
    0x68, 0xD3, 0x2C, 0xD3, 0x05, 0xE3, 0x1D, 0x08, 0x1D, 0xB7, 0x49, 0xF2, 0xC8, 0x72, 0x02, 0x9C,
    0x90, 0x3D, 0x09, 0xA0, 0x03, 0x49, 0x40, 0x3A, 0x0D, 0x31, 0x60, 0x56, 0xC8, 0x66, 0x50, 0x64,
    0x58, 0x6B, 0x18, 0xC3, 0x70, 0xC6, 0xBA, 0xE1, 0xBB, 0x9B, 0xBB, 0x36, 0xC8, 0x37, 0x34, 0xA4,
    0x66, 0xEA, 0x02, 0xC8, 0xDC, 0x00, 0xA1, 0x40, 0xD5, 0x80, 0x96, 0xAD, 0xD5, 0x83, 0x44, 0xDA,
    0xD4, 0xE4, 0xC0, 0x46, 0xBC, 0x77, 0x6E, 0xCE, 0x4D, 0x44, 0x6E, 0xE1, 0xC2, 0x6A, 0x62, 0x6D,
    0xBB, 0x0B, 0x66, 0xC8, 0x86, 0x38, 0x81, 0x90, 0x6C, 0xC1, 0xA0, 0xE9, 0xA3, 0xAB, 0x53, 0x24,
    0x92, 0x09, 0x88, 0x11, 0xC7, 0x4C, 0xD0, 0xBE, 0x65, 0x42, 0x51, 0xA2, 0x26, 0x29, 0x8D, 0x19,
    0x98, 0x99, 0x00, 0x3B, 0x04, 0xC4, 0x33, 0x81, 0x00, 0x0E, 0xE0, 0x04, 0x1A, 0x05, 0x31, 0x68,
    0x44, 0xC6, 0xC2, 0xC4, 0x30, 0xE2, 0xC2, 0xDC, 0x28, 0x10, 0xA1, 0x70, 0xA5, 0xF1, 0x58, 0xB8,
    0x68, 0x01, 0xC0, 0x72, 0x2C, 0x6E, 0x1B, 0xA1, 0x58, 0x64, 0x34, 0x8A, 0x62, 0xC0, 0x07, 0x17,
    0x4D, 0xA1, 0x12, 0x16, 0x41, 0xB8, 0xF6, 0x91, 0x0A, 0x6E, 0x24, 0x60, 0xD9, 0x1D, 0xDE, 0xF5,
    0xC3, 0x63, 0x12, 0x41, 0xDE, 0x47, 0x5A, 0x40, 0x3E, 0xD4, 0xDD, 0xBC, 0x76, 0x0F, 0xA5, 0x88,
    0xE0, 0x2F, 0x65, 0x22, 0xF1, 0x23, 0x39, 0x52, 0x4E, 0x55, 0x2B, 0x90, 0x3C, 0x90, 0x64, 0x45,
    0xDC, 0x61, 0x7F, 0x34, 0xF6, 0x47, 0x60, 0xA3, 0x43, 0x51, 0xFC, 0xC0, 0xA4, 0x25, 0xF8, 0x00,
    0xED, 0x97, 0xB2, 0x72, 0xF2, 0xF2, 0xAC, 0xC8, 0x17, 0xCE, 0xF4, 0x74, 0xE5, 0x46, 0xFA, 0x56,
    0xF6, 0x12, 0xF7, 0xB8, 0x41, 0x25, 0xB1, 0x8C, 0x54, 0x86, 0x69, 0xB4, 0x42, 0xF6, 0xCB, 0x0B,
    0x42, 0x64, 0x8A, 0x15, 0xA8, 0xEC, 0xB2, 0x54, 0x05, 0x5D, 0x65, 0x6D, 0x89, 0xC9, 0x43, 0x4E,
    0xF3, 0x30, 0xEF, 0xB3, 0x41, 0x53, 0x58, 0x15, 0x86, 0x95, 0xE0, 0x31, 0xB3, 0x39, 0x16, 0x0D,
    0x80, 0x58, 0xA8, 0x5E, 0x81, 0x36, 0x40, 0x22, 0xBB, 0x3A, 0xEF, 0xC6, 0xAB, 0x59, 0xF4, 0x0B,
    0x80, 0x71, 0x05, 0x6F, 0x28, 0x60, 0x88, 0xA4, 0x5E, 0xC7, 0x52, 0xB2, 0x78, 0x17, 0x44, 0x0B,
    0x09, 0x3B, 0xD1, 0xA6, 0x3D, 0x4B, 0x88, 0x72, 0x26, 0x90, 0x1F, 0x4E, 0xA1, 0xE0, 0x1E, 0x1E,
    0xE1, 0x81, 0x5F, 0x22, 0x25, 0x1A, 0x19, 0xA3, 0x61, 0x0B, 0x2F, 0x0C, 0x63, 0x75, 0x86, 0x6C,
    0x6E, 0x8F, 0x01, 0xF8, 0xA5, 0x6F, 0xBB, 0x24, 0x52, 0xAC, 0x68, 0x99, 0x2F, 0xC0, 0x30, 0x35,
    0x67, 0x29, 0x28, 0xF4, 0xD8, 0x43, 0x28, 0x05, 0x9F, 0x5B, 0x3D, 0x7D, 0x92, 0x5F, 0x5A, 0x2B,
    0xA7, 0x3F, 0xC6, 0xF1, 0x7A, 0xE1, 0x21, 0x00, 0xEE, 0xFF, 0x7F, 0xB4, 0xDB, 0x52, 0xF2, 0x8A,
    0x86, 0x9D, 0x69, 0xF8, 0x38, 0x7C, 0xCB, 0xDE, 0x23, 0x10, 0x3D, 0x83, 0xCB, 0xA8, 0xF3, 0xCA,
    0xC0, 0x5E, 0x5A, 0x24, 0x0B, 0x79, 0xD8, 0x64, 0x81, 0x5B, 0xF8, 0x2C, 0x51, 0x12, 0xEA, 0x67,
    0x13, 0xCC, 0x28, 0xC7, 0x80, 0x21, 0xF2, 0xE9, 0xB1, 0xAE, 0xAE, 0x0C, 0xBD, 0x91, 0x0F, 0x0E,
    0x08, 0x19, 0x08, 0x19, 0x65, 0x6C, 0x03, 0xBE, 0xDE, 0x71, 0x68, 0x88, 0x9B, 0xB2, 0x36, 0x46,
    0x12, 0x93, 0x99, 0x41, 0xA6, 0xD3, 0x62, 0x72, 0x2D, 0x8C, 0x5A, 0x7A, 0xD1, 0x72, 0x8C, 0x46,
    0xC5, 0xE3, 0x7F, 0x6E, 0x90, 0xBA, 0xD1, 0x6B, 0x9B, 0x51, 0x4F, 0x49, 0x23, 0x9B, 0x80, 0x28,
    0x0D, 0x80, 0x64, 0xE4, 0x55, 0x41, 0x95, 0xA1, 0xA3, 0x11, 0x0F, 0x4D, 0x72, 0x60, 0x25, 0xDB,
    0xD5, 0x8D, 0x9C, 0x06, 0x22, 0x0E, 0x62, 0x14, 0x1B, 0x52, 0x16, 0x40, 0x88, 0x58, 0x69, 0x35,
    0x43, 0x3A, 0x6D, 0x10, 0x8B, 0x15, 0x2C, 0x04, 0x51, 0xA5, 0x63, 0x00, 0x48, 0x50, 0x14, 0x10,
    0x0A, 0xEE, 0xD7, 0x47, 0x30, 0x4D, 0xB0, 0x16, 0xC9, 0x85, 0x4B, 0x26, 0x3C, 0xEE, 0xC0, 0x52,
    0x76, 0x84, 0x1A, 0x85, 0xDE, 0xEB, 0xB1, 0x14, 0xE1, 0x4B, 0xA8, 0x23, 0x65, 0x66, 0x16, 0x48,
    0x50, 0x05, 0x24, 0x1D, 0x00, 0xA8, 0x07, 0xAD, 0x12, 0x46, 0x04, 0x24, 0xA5, 0xDC, 0x52, 0xE3,
    0xC7, 0x12, 0x1A, 0x7C, 0xB5, 0xBF, 0x39, 0x43, 0xA2, 0x38, 0x10, 0xCC, 0x57, 0x9A, 0xE4, 0x8F,
    0x36, 0x92, 0x27, 0xBF, 0x6D, 0x68, 0xD1, 0x41, 0x27, 0x85, 0x6E, 0xB4, 0x1F, 0x54, 0x20, 0x52,
    0xD6, 0x6D, 0x7D, 0x39, 0xB9, 0x7B, 0x4B, 0x6E, 0x07, 0x38, 0xE2, 0xB5, 0xBD, 0x45, 0x54, 0x3F,
    0x5C, 0xB2, 0x5E, 0x21, 0x34, 0xE8, 0x6C, 0xE5, 0xBE, 0x94, 0xA9, 0x4E, 0x66, 0x34, 0x77, 0x5A,
    0x43, 0x58, 0xF9, 0x4F, 0x49, 0x2A, 0x77, 0x3E, 0x5B, 0x00, 0x48, 0xDA, 0xBA, 0xF2, 0xCA, 0x12,
    0x30, 0x50, 0x93, 0x08, 0x87, 0xD4, 0x41, 0xA6, 0x11, 0xD8, 0xF7, 0x27, 0xD8, 0x82, 0xBF, 0x3A,
    0xB1, 0x3B, 0xF1, 0x0C, 0x90, 0x00, 0xE4, 0x50, 0x72, 0xE3, 0xFB, 0x9E, 0xE2, 0xC9, 0xED, 0xCE,
    0xB7, 0xAF, 0xB3, 0x77, 0x95, 0x9F, 0x12, 0x48, 0x42, 0x0C, 0x44, 0x50, 0x40, 0x94, 0xAC, 0x0D,
    0xC0, 0xE2, 0x84, 0x97, 0x71, 0xEA, 0x07, 0xF7, 0x19, 0x75, 0x00, 0xEC, 0xF8, 0xF4, 0x03, 0xFD,
    0x42, 0x4A, 0x0A, 0x50, 0x60, 0x08, 0x48, 0x12, 0x51, 0x03, 0xBD, 0x75, 0x3F, 0x8B, 0x0F, 0x12,
    0x28, 0x84, 0x20, 0xBB, 0x50, 0x79, 0x85, 0x95, 0x08, 0x15, 0xD9, 0x6A, 0x1C, 0x11, 0x5B, 0x8D,
    0x09, 0xB1, 0xB7, 0xE8, 0xC6, 0xC9, 0x90, 0x42, 0xC9, 0x56, 0xF8, 0x22, 0x4F, 0x0F, 0x9B, 0x3C,
    0x70, 0xB0, 0xAF, 0x77, 0x50, 0xCA, 0x72, 0xA0, 0xA6, 0xD8, 0x98, 0x0E, 0x7E, 0x1F, 0x85, 0x41,
    0x4E, 0x48, 0x0E, 0xC0, 0x4F, 0xA4, 0xA5, 0xA5, 0x95, 0x86, 0x02, 0x65, 0x5D, 0x29, 0xD5, 0xED,
    0x03, 0xA4, 0x04, 0x76, 0x00, 0x50, 0x8A, 0x27, 0xC1, 0x00, 0x52, 0x83, 0x06, 0x0C, 0x28, 0x36,
    0x50, 0x0F, 0x24, 0x72, 0xA2, 0x3F, 0x6D, 0xA3, 0x20, 0x74, 0x81, 0xA3, 0xA1, 0xBE, 0x11, 0x34,
    0xE6, 0x63, 0x2B, 0x8C, 0x07, 0xD3, 0x20, 0x7E, 0xCA, 0x6B, 0x10, 0xA2, 0x90, 0x20, 0x66, 0x4A,
    0xD8, 0x05, 0xCF, 0xC1, 0x01, 0x97, 0x14, 0xC4, 0x00, 0x36, 0x70, 0x3D, 0xFA, 0x63, 0x0D, 0x67,
    0xBB, 0xCE, 0xE6, 0x33, 0x5A, 0x4D, 0x34, 0x28, 0x0E, 0x34, 0x41, 0xD8, 0x7D, 0xA1, 0x1B, 0x09,
    0x88, 0xA3, 0x19, 0x17, 0x6E, 0x8A, 0x02, 0x79, 0x90, 0x18, 0x38, 0x46, 0x42, 0xE7, 0xE8, 0x09,
    0xEF, 0x03, 0x4A, 0x2B, 0xE5, 0xCD, 0x1A, 0x38, 0x93, 0x42, 0x1E, 0xFF, 0x2B, 0x9C, 0x22, 0xA0,
    0x7B, 0xB9, 0x20, 0x54, 0x40, 0x84, 0x15, 0x84, 0x16, 0xB4, 0x4C, 0xE6, 0x61, 0xBA, 0x87, 0x68,
    0xC0, 0x1F, 0xF2, 0x7D, 0xE6, 0x9F, 0x36, 0x4D, 0x09, 0x18, 0x09, 0xB8, 0xD0, 0x44, 0xD5, 0x63,
    0x5A, 0x11, 0xCD, 0xA0, 0xF9, 0xE3, 0x14, 0xF7, 0x31, 0xDE, 0xA0, 0x1A, 0x5C, 0x16, 0x12, 0x3B,
    0x0F, 0x3B, 0xA3, 0x53, 0x94, 0x14, 0x91, 0xA7, 0x39, 0x73, 0x01, 0xAF, 0x7D, 0xEE, 0xA4, 0x51,
    0xB1, 0x38, 0xD4, 0x39, 0xC5, 0x2B, 0xA0, 0xE3, 0x01, 0xB4, 0x35, 0x8C, 0x8B, 0x0E, 0xA1, 0x09,
    0x04, 0x90, 0x2D, 0x01, 0xF6, 0x84, 0xC0, 0x5D, 0x1D, 0xA7, 0xB3, 0xDC, 0x72, 0x11, 0x12, 0x3D,
    0xA3, 0xE6, 0xD2, 0x38, 0xF7, 0x62, 0x26, 0xE4, 0x52, 0x81, 0x88, 0x4A, 0x1A, 0x42, 0x95, 0x37,
    0xBE, 0x62, 0x20, 0xF0, 0xF0, 0x33, 0x84, 0xF9, 0x08, 0x51, 0xA6, 0xC4, 0xAC, 0x0A, 0x0E, 0xDF,
    0x03, 0x03, 0xB2, 0x38, 0x24, 0x38, 0x3F, 0x1E, 0xB4, 0x3C, 0xB2, 0x9C, 0x45, 0x2F, 0x0F, 0x62,
    0x40, 0x50, 0xDF, 0xC3, 0x81, 0xFA, 0x98, 0x2D, 0x99, 0xF9, 0x58, 0x9F, 0x97, 0xF9, 0x23, 0xF5,
    0xD8, 0x70, 0x3A, 0x5A, 0x35, 0x39, 0xE9, 0xB2, 0xE1, 0xCA, 0xDB, 0x7D, 0x84, 0x23, 0xC0, 0x85,
    0x55, 0x4A, 0xAE, 0x59, 0x99, 0x32, 0xE4, 0x4B, 0x11, 0x1E, 0xB4, 0x42, 0xD5, 0xEF, 0x64, 0x03,
    0xE1, 0x43, 0xEE, 0x7C, 0x47, 0xED, 0x08, 0x83, 0xE5, 0xC1, 0x3C, 0xD4, 0x03, 0x42, 0xD5, 0x9D,
    0xAD, 0xBC, 0x81, 0x63, 0xE5, 0x20, 0x84, 0xBF, 0xCB, 0xAA, 0xD0, 0xFC, 0x04, 0x05, 0xCC, 0xD5,
    0x48, 0x3B, 0x85, 0x9C, 0x04, 0x03, 0x16, 0x4C, 0x83, 0x35, 0x3A, 0xB2, 0x69, 0x43, 0x60, 0x08,
    0xB8, 0x09, 0xBE, 0x02, 0xA1, 0xF7, 0x66, 0x0F, 0xE6, 0x85, 0x0B, 0xB2, 0x32, 0x12, 0x12, 0x05,
    0x1F, 0x14, 0x6C, 0x18, 0x39, 0xA7, 0x30, 0xCA, 0xAE, 0x02, 0xFA, 0x47, 0x8F, 0x4F, 0xE5, 0x1A,
    0x06, 0x9A, 0x65, 0xEF, 0x03, 0xEB, 0xBF, 0xCD, 0x48, 0x71, 0x20, 0x94, 0xEC, 0xE1, 0x12, 0x44,
    0x19, 0x17, 0x6E, 0x63, 0x41, 0xCC, 0x1C, 0xF9, 0x9B, 0x8F, 0x73, 0xAF, 0x41, 0xDB, 0x89, 0x48,
    0x10, 0x4E, 0x6B, 0x55, 0x40, 0xA4, 0x8D, 0xC1, 0x01, 0xB6, 0x1B, 0xD8, 0x3D, 0x29, 0xB6, 0x4E,
    0xF6, 0x90, 0x70, 0x33, 0xC9, 0xBE, 0x86, 0xCC, 0x02, 0x41, 0x6B, 0xB8, 0x92, 0x06, 0x86, 0xB9,
    0x9B, 0x1A, 0x29, 0x20, 0x59, 0x6A, 0x8E, 0x8C, 0x48, 0x63, 0x0A, 0x8E, 0xDD, 0x03, 0x5A, 0x57,
    0x15, 0x7B, 0x63, 0xEE, 0xC2, 0x41, 0xAC, 0xB2, 0xE2, 0xC8, 0x12, 0x11, 0x21, 0x07, 0x90, 0x9B,
    0xC6, 0xE6, 0xF3, 0xCB, 0xD0, 0xBB, 0x72, 0x40, 0x9B, 0x1B, 0x6D, 0x08, 0x49, 0x0F, 0x83, 0x43,
    0xE0, 0x42, 0xC8, 0x49, 0x1C, 0xE7, 0x25, 0x3F, 0x40, 0xC5, 0x00, 0x91, 0x44, 0xB9, 0xAA, 0xAA,
    0x27, 0x75, 0xA1, 0xF9, 0x02, 0xAC, 0xA4, 0x26, 0x48, 0x26, 0x39, 0x09, 0xC7, 0xB6, 0xBC, 0xA7,
    0x4A, 0x27, 0x46, 0xCF, 0x7C, 0x5A, 0x9D, 0xB6, 0x2C, 0x9C, 0x3D, 0x4C, 0x67, 0x1B, 0xD5, 0x18,
    0xD6, 0xB4, 0x08, 0x7E, 0x58, 0x1A, 0x04, 0x31, 0x8A, 0x9E, 0x3F, 0xB9, 0xDA, 0xDB, 0xA7, 0x6F,
    0x5E, 0x5A, 0x66, 0x81, 0xAA, 0x0A, 0xE9, 0x2A, 0x6C, 0x19, 0x51, 0x1D, 0x81, 0x13, 0x08, 0x02,
    0x6E, 0x79, 0xCF, 0x8B, 0xB0, 0xD7, 0xBA, 0x46, 0x79, 0x27, 0x6F, 0x71, 0x03, 0x2A, 0x45, 0x28,
    0x08, 0x0B, 0x04, 0xFD, 0x5E, 0xFA, 0xE7, 0xFA, 0xCB, 0x0C, 0x2D, 0xBD, 0x9B, 0xF9, 0x61, 0x72,
    0x1D, 0x42, 0x73, 0x70, 0x9B, 0x27, 0x29, 0x0D, 0xC2, 0x06, 0x10, 0x1F, 0x05, 0x54, 0x91, 0x54,
    0x53, 0x01, 0x84, 0xBA, 0x2C, 0x6D, 0x66, 0x4F, 0xFE, 0xF4, 0x19, 0xA7, 0x21, 0xC2, 0xD8, 0xC1,
    0xE8, 0x09, 0x75, 0xCF, 0x6E, 0x68, 0xEA, 0xCA, 0x11, 0x35, 0x54, 0x11, 0x54, 0xCC, 0x10, 0x52,
    0x10, 0x44, 0x49, 0x41, 0x59, 0x38, 0x15, 0x08, 0xC4, 0xD5, 0x50, 0x45, 0x53, 0x33, 0x01, 0x13,
    0x49, 0x46, 0x4E, 0x12, 0x04, 0x4D, 0x55, 0x05, 0x45, 0x32, 0x34, 0x25, 0x7E, 0xBD, 0xAB, 0x54,
    0x44, 0x30, 0x23, 0x43, 0x4D, 0x62, 0x7C, 0xAC, 0xFB, 0xCA, 0x1D, 0x59, 0x02, 0x20, 0xA5, 0x00,
    0x29, 0x62, 0x4A, 0x10, 0x02, 0x82, 0xF8, 0x3C, 0x5D, 0x27, 0x87, 0x76, 0x72, 0x49, 0x03, 0xA7,
    0xE6, 0x36, 0x13, 0xBD, 0x00, 0x37, 0x07, 0x9C, 0x13, 0xCE, 0xA5, 0x30, 0x84, 0x60, 0xC0, 0x4C,
    0xC2, 0x74, 0x7C, 0x7B, 0x11, 0x11, 0x02, 0x71, 0x23, 0x22, 0xB6, 0xF2, 0x3B, 0x33, 0xCF, 0x2C,
    0x39, 0x15, 0x6A, 0x72, 0x60, 0xC6, 0x34, 0xDD, 0xD5, 0xCC, 0x6B, 0x81, 0x3A, 0xB9, 0xA6, 0x07,
    0xB2, 0x2C, 0xDC, 0x30, 0x61, 0x65, 0x22, 0x23, 0x2B, 0x32, 0x00, 0x9A, 0x48, 0x3C, 0x21, 0x1E,
    0x20, 0x1C, 0xA1, 0xD4, 0x89, 0x9A, 0x11, 0x78, 0x71, 0x50, 0xCE, 0x48, 0x3C, 0x88, 0x2C, 0x82,
    0x29, 0x30, 0x85, 0x1C, 0x01, 0xDC, 0x4E, 0xC2, 0x0B, 0xBA, 0xC2, 0x62, 0x7B, 0x84, 0x4D, 0x77,
    0xF6, 0xD4, 0xF3, 0x8F, 0x59, 0x07, 0x54, 0x4C, 0x19, 0x6C, 0xDF, 0x4B, 0x6F, 0xC3, 0x4C, 0xAA,
    0xE2, 0x4F, 0x3C, 0x52, 0xAD, 0x34, 0x2B, 0x5A, 0xA7, 0x74, 0x24, 0x64, 0x63, 0x63, 0x50, 0xD7,
    0x97, 0xA0, 0xF9, 0x9C, 0x6F, 0x8E, 0x4C, 0x84, 0xFD, 0xB1, 0x8A, 0x52, 0x97, 0x40, 0x88, 0x87,
    0x3D, 0x43, 0x2B, 0x62, 0x78, 0x46, 0x10, 0xD3, 0xCE, 0x2E, 0x92, 0x00, 0x88, 0x96, 0xBB, 0xB5,
    0xE9, 0xD0, 0x26, 0x1D, 0x63, 0x65, 0x30, 0xE2, 0x2C, 0x89, 0xA6, 0x8C, 0x5A, 0x0B, 0x6D, 0x50,
    0xC3, 0x31, 0x05, 0x02, 0x38, 0x35, 0x07, 0x54, 0x8C, 0x60, 0x5A, 0xD9, 0xA1, 0xE1, 0x8D, 0xC7,
    0x0A, 0xDC, 0x68, 0x1C, 0x51, 0x31, 0xDF, 0x8C, 0xB4, 0x94, 0x14, 0xB4, 0x8C, 0x42, 0x83, 0x89,
    0x02, 0xA2, 0x71, 0x20, 0x23, 0x80, 0xCA, 0x95, 0x11, 0x42, 0xA9, 0xB6, 0x0A, 0x10, 0x04, 0xC2,
    0x89, 0x44, 0x43, 0x4F, 0x3C, 0xF9, 0x9E, 0xD3, 0xB4, 0x3A, 0xFA, 0xE9, 0x4B, 0x22, 0x67, 0xE9,
    0x65, 0x42, 0xD0, 0xA3, 0x15, 0x97, 0x65, 0xC0, 0xEC, 0x50, 0xC9, 0xFA, 0x85, 0xD0, 0xD0, 0xC2,
    0x51, 0xBC, 0xA6, 0xBC, 0xA0, 0x57, 0x63, 0xAD, 0xB7, 0x8C, 0xDE, 0xF4, 0x1E, 0x74, 0x4A, 0x51,
    0x91, 0x0A, 0x5A, 0x82, 0x48, 0x2D, 0x03, 0x8F, 0x11, 0x37, 0x61, 0x73, 0x84, 0x02, 0x08, 0x41,
    0x82, 0x43, 0x89, 0x9E, 0x16, 0x40, 0xBD, 0x1C, 0xAA, 0x82, 0xA0, 0x49, 0x20, 0x80, 0xF9, 0xC2,
    0xDB, 0x1C, 0xFB, 0x37, 0xE4, 0xC8, 0xF6, 0x56, 0xBB, 0x81, 0xE0, 0xA4, 0x32, 0xDB, 0x03, 0x00,
    0xDC, 0x64, 0x89, 0x8F, 0xBE, 0x22, 0x1E, 0x99, 0x42, 0xE5, 0x73, 0x85, 0xF8, 0xA5, 0x1D, 0xFD,
    0x54, 0x6D, 0x83, 0x10, 0x91, 0xE6, 0x1D, 0x83, 0xAD, 0x60, 0x4E, 0x07, 0x76, 0x43, 0x6E, 0xB6,
    0xE2, 0x2C, 0x47, 0x59, 0xD4, 0x85, 0xD0, 0xEB, 0xE6, 0x51, 0x31, 0xEF, 0x2F, 0x13, 0xF2, 0x66,
    0xA0, 0xFC, 0x55, 0xFE, 0x3F, 0xC9, 0xA3, 0xF7, 0xA7, 0x83, 0xE6, 0x22, 0x30, 0x3F, 0x3C, 0x76,
    0x81, 0x7B, 0xFE, 0xDF, 0xBF, 0x53, 0x50, 0x8A, 0xC0, 0x08, 0x80, 0x07, 0x9F, 0x7F, 0xE9, 0x08,
    0x92, 0x32, 0x46, 0x10, 0xF1, 0xE6, 0x68, 0x6A, 0x09, 0xBE, 0xBF, 0x4C, 0xA7, 0x52, 0x7A, 0xC4,
    0x05, 0x60, 0x90, 0xB3, 0xE6, 0x62, 0x5E, 0x10, 0xC5, 0x44, 0xF4, 0xC2, 0xDE, 0x5E, 0xA3, 0xA3,
    0xB5, 0xEA, 0xF7, 0x00, 0xE7, 0xED, 0x43, 0x53, 0x34, 0xCE, 0x35, 0x24, 0xF7, 0x0C, 0x05, 0xA1,
    0xFA, 0x80, 0x3B, 0x91, 0x08, 0x21, 0x10, 0x08, 0x54, 0xC7, 0x98, 0xF8, 0x80, 0x2F, 0x56, 0x26,
    0x77, 0x81, 0x0B, 0xE9, 0x85, 0x15, 0x80, 0x91, 0x37, 0x00, 0xB3, 0x3C, 0x12, 0x33, 0x8B, 0x9B,
    0xE2, 0x84, 0x84, 0x56, 0x59, 0xD8, 0xC0, 0x60, 0xA3, 0x20, 0xF5, 0x03, 0x66, 0xDF, 0x0A, 0x07,
    0x46, 0xD0, 0x8F, 0x05, 0x1C, 0x25, 0x29, 0x6A, 0x81, 0x42, 0x3D, 0xC8, 0x4B, 0xB2, 0x97, 0x73,
    0xBE, 0xE7, 0xF3, 0xE0, 0xBB, 0x1E, 0x82, 0x82, 0xE8, 0x59, 0x37, 0x3A, 0x15, 0xDE, 0x96, 0x46,
    0x8F, 0xC2, 0xBB, 0xC1, 0xA8, 0x41, 0x32, 0x04, 0xBB, 0xC1, 0x89, 0x41, 0x38, 0x28, 0x95, 0x24,
    0x90, 0x44, 0x5B, 0x44, 0x5B, 0xE3, 0x87, 0x8D, 0xA0, 0x46, 0xB7, 0x69, 0x99, 0xE1, 0x55, 0x39,
    0x96, 0x4E, 0x31, 0x01, 0x24, 0x92, 0x64, 0x98, 0xA1, 0x5B, 0x13, 0x58, 0xD7, 0xF4, 0x7D, 0x7F,
    0xFD, 0x16, 0x8F, 0xCB, 0x36, 0xC7, 0x47, 0xBB, 0x60, 0x4C, 0x23, 0x69, 0x7D, 0x86, 0xD6, 0xEB,
    0xFA, 0x6F, 0xAE, 0x1C, 0x53, 0x92, 0xEE, 0xBE, 0x0E, 0x64, 0x5D, 0x89, 0xF7, 0x6F, 0x0D, 0x02,
    0x08, 0x6B, 0xD2, 0x95, 0x46, 0x92, 0xC3, 0x8A, 0x41, 0x5E, 0x3D, 0xBA, 0xB7, 0x41, 0x93, 0xD4,
    0x48, 0x1E, 0x4F, 0x92, 0xD6, 0x42, 0x1D, 0x8E, 0x1F, 0x90, 0x6E, 0x9B, 0x06, 0x24, 0x8E, 0x1C,
    0x38, 0x4C, 0x14, 0x63, 0x53, 0x89, 0x21, 0x48, 0xC8, 0x35, 0x18, 0x36, 0xD3, 0x76, 0x2C, 0x16,
    0x31, 0x36, 0x87, 0x0B, 0x1D, 0x91, 0x22, 0x45, 0xC9, 0xCB, 0x2B, 0x32, 0x2C, 0x2C, 0xAA, 0xDD,
    0x2B, 0x21, 0x1B, 0x68, 0x32, 0x62, 0xCC, 0x41, 0xB5, 0x40, 0x0A, 0x89, 0x8C, 0x62, 0x03, 0x0A,
    0x65, 0xE4, 0xA1, 0x14, 0x20, 0x89, 0x81, 0xD8, 0x8C, 0xA1, 0x94, 0x1B, 0x4D, 0xDB, 0x8C, 0x0F,
    0x0E, 0x63, 0x18, 0xC1, 0x86, 0x10, 0xB4, 0x1B, 0x02, 0x48, 0x63, 0x3A, 0x06, 0xCD, 0xE9, 0xD9,
    0x1B, 0x9A, 0x46, 0x60, 0x1D, 0x3A, 0xF6, 0x9B, 0x07, 0x8D, 0x86, 0x6D, 0x01, 0xC0, 0x98, 0x95,
    0xB3, 0x13, 0x19, 0x04, 0xD4, 0x2E, 0xBC, 0xE6, 0x0E, 0x49, 0x6F, 0x2A, 0x15, 0x46, 0xD4, 0x16,
    0x8F, 0xDB, 0x90, 0x14, 0x0E, 0x26, 0x85, 0x54, 0x7C, 0xB6, 0x0A, 0xCD, 0x08, 0x00, 0x40, 0x0F,
    0xC9, 0xD3, 0x4F, 0x39, 0x95, 0xB4, 0x4D, 0x62, 0x0C, 0x89, 0x00, 0x12, 0x61, 0x95, 0x11, 0x16,
    0x2E, 0xBA, 0x60, 0x69, 0xC2, 0xEF, 0x3B, 0x02, 0x0F, 0x4B, 0x98, 0x50, 0x8F, 0xED, 0xA3, 0xE2,
    0x0E, 0xCA, 0xD6, 0x33, 0x0E, 0x21, 0x4C, 0xC8, 0x48, 0xC8, 0xE0, 0xEB, 0x43, 0x83, 0x32, 0xBA,
    0xCC, 0xAA, 0xAC, 0x0C, 0x06, 0x50, 0x99, 0x49, 0x94, 0x98, 0x06, 0x83, 0xAF, 0xDE, 0x1D, 0x3B,
    0x07, 0xED, 0xB2, 0x1D, 0xCB, 0xDC, 0x26, 0x79, 0x34, 0xEB, 0xA6, 0x31, 0x58, 0x07, 0x94, 0x44,
    0x33, 0x53, 0x09, 0x04, 0x02, 0x41, 0x69, 0x03, 0x04, 0x1D, 0x05, 0xF2, 0x80, 0xB9, 0x9A, 0x70,
    0x7C, 0xC3, 0x95, 0x04, 0xA5, 0x08, 0xE9, 0x4F, 0x4C, 0x24, 0xA1, 0x04, 0xAC, 0x88, 0x98, 0x09,
    0xE5, 0xCC, 0x05, 0x1C, 0x58, 0xC4, 0x8C, 0x08, 0x58, 0x8A, 0x58, 0xE9, 0x82, 0x80, 0x99, 0x1F,
    0x80, 0x01, 0x97, 0xB1, 0x25, 0x28, 0x82, 0x84, 0x76, 0xF1, 0x87, 0x3C, 0x87, 0x49, 0x3A, 0x81,
    0xBB, 0x01, 0x73, 0xDC, 0x04, 0x04, 0x71, 0x03, 0x61, 0x95, 0x05, 0x58, 0x85, 0x5C, 0x49, 0x12,
    0x84, 0x19, 0x13, 0x95, 0x5E, 0xF1, 0xC1, 0xD0, 0x75, 0xFA, 0xE1, 0x96, 0xC4, 0xAE, 0x5A, 0x58,
    0xC0, 0x42, 0x88, 0x0C, 0x59, 0x92, 0x9B, 0x48, 0xED, 0x6E, 0x9B, 0x00, 0xFB, 0xEA, 0x6F, 0x8D,
    0x72, 0x9B, 0xF2, 0xD7, 0x82, 0x85, 0xD4, 0x39, 0x46, 0x10, 0x8E, 0x35, 0x70, 0x10, 0x39, 0x2C,
    0x04, 0x20, 0x41, 0x20, 0x41, 0x35, 0x31, 0x14, 0x51, 0x13, 0x10, 0x92, 0x92, 0x10, 0x78, 0x69,
    0x1E, 0xFF, 0x58, 0x4A, 0x73, 0x79, 0xA4, 0x0D, 0x6C, 0xED, 0x1D, 0x2A, 0x75, 0xE7, 0x36, 0x6C,
    0xC0, 0x0D, 0x84, 0x0A, 0x1D, 0x61, 0x47, 0x02, 0x2C, 0x9E, 0x37, 0x96, 0x71, 0xA0, 0x70, 0xB5,
    0x00, 0x62, 0x66, 0x4C, 0xBB, 0xB2, 0x13, 0x7B, 0x30, 0xD4, 0xE4, 0x86, 0x6B, 0x5A, 0xD4, 0x96,
    0x58, 0x25, 0x00, 0x50, 0x06, 0x13, 0x10, 0x2C, 0x43, 0x32, 0xEE, 0xA4, 0x31, 0x85, 0x21, 0xCC,
    0xAA, 0xAA, 0xA1, 0x76, 0xEB, 0x1D, 0xD6, 0x64, 0x61, 0xCE, 0x81, 0x15, 0xC0, 0xD9, 0x8A, 0x9B,
    0x50, 0x34, 0x60, 0x29, 0x0F, 0x20, 0xE8, 0x61, 0xD2, 0xB0, 0xE8, 0xC3, 0x21, 0xB4, 0x2E, 0x93,
    0x46, 0xB1, 0x11, 0x4D, 0x0B, 0x4B, 0x15, 0x01, 0x20, 0x10, 0x21, 0x06, 0x2B, 0xA4, 0x0A, 0x0D,
    0x1E, 0xB6, 0x09, 0x9A, 0x01, 0x96, 0x2D, 0xA1, 0xCF, 0xC6, 0x1E, 0x4E, 0xBD, 0xA8, 0xD7, 0xEA,
    0xEB, 0x2F, 0x2A, 0xCC, 0x1E, 0x26, 0x0F, 0x10, 0x5B, 0xC3, 0xC9, 0x73, 0xBD, 0xF0, 0x19, 0xA9,
    0xF4, 0xDC, 0x09, 0x16, 0x58, 0x5F, 0x7F, 0xDD, 0xA2, 0xBA, 0x6F, 0xDB, 0x21, 0x02, 0x43, 0xF9,
    0xFB, 0xC5, 0x64, 0x06, 0xC6, 0x9F, 0xA1, 0x08, 0x11, 0x61, 0x02, 0x20, 0x88, 0x18, 0x11, 0x26,
    0x44, 0x07, 0xEE, 0xF9, 0x31, 0x35, 0x33, 0x15, 0x55, 0x11, 0x22, 0x07, 0xD2, 0x80, 0x45, 0x50,
    0xE3, 0xF9, 0xD7, 0xF6, 0x30, 0x5C, 0x02, 0x01, 0xD1, 0xF8, 0x27, 0x8C, 0x10, 0xDA, 0xB6, 0x7E,
    0x61, 0x91, 0x08, 0xBB, 0x94, 0xEA, 0x5D, 0x28, 0xF0, 0xCB, 0x53, 0x17, 0x9D, 0x80, 0x61, 0x6A,
    0x1D, 0x83, 0x08, 0xD2, 0x15, 0x54, 0x34, 0xD8, 0x0C, 0x48, 0xAB, 0xB7, 0x89, 0x34, 0xF8, 0x17,
    0x80, 0xF3, 0x00, 0xC8, 0xD4, 0x3D, 0xFF, 0x4B, 0x2C, 0x11, 0xE4, 0x0F, 0x9A, 0x5F, 0xAC, 0x8F,
    0x6C, 0x6C, 0x0F, 0x41, 0xB7, 0xB8, 0x81, 0x3F, 0x7A, 0x78, 0x2B, 0x78, 0x1A, 0x85, 0x69, 0xA2,
    0xF5, 0x7E, 0xA2, 0x50, 0x27, 0x9D, 0x25, 0x4E, 0x66, 0x8C, 0x8E, 0x92, 0xAA, 0x6A, 0x40, 0xA1,
    0x3E, 0xB7, 0xB6, 0xCA, 0x08, 0x54, 0x54, 0x1E, 0xBD, 0x56, 0x65, 0x7C, 0xE8, 0x81, 0x61, 0x9C,
    0xC2, 0x07, 0x87, 0xC7, 0x82, 0xC1, 0x53, 0x41, 0x5E, 0xA1, 0xDE, 0x8C, 0xA4, 0x40, 0x44, 0x15,
    0x54, 0x2C, 0xC0, 0x52, 0x09, 0x00, 0x51, 0x84, 0x82, 0xC4, 0x08, 0x60, 0x21, 0x0F, 0x90, 0x2D,
    0x4B, 0xA6, 0xED, 0x7E, 0xF0, 0x8F, 0x55, 0xAD, 0x8A, 0x38, 0x8F, 0x00, 0x33, 0x93, 0x9F, 0x01,
    0xA1, 0xC0, 0x34, 0x7C, 0xB0, 0xB5, 0x16, 0xCE, 0xFF, 0x2F, 0x9E, 0x92, 0x52, 0x1B, 0x11, 0x30,
    0x29, 0x52, 0xC3, 0xA3, 0x4B, 0x0A, 0xC0, 0x1B, 0x8D, 0x04, 0x92, 0x38, 0x98, 0x94, 0x20, 0x7A,
    0x6F, 0xA3, 0x41, 0xB8, 0xF3, 0xBB, 0x67, 0x37, 0x32, 0x26, 0x92, 0xA0, 0x82, 0x72, 0xE2, 0xBE,
    0xE8, 0xF1, 0x8E, 0xEE, 0xC9, 0x43, 0xB8, 0xEF, 0x19, 0x34, 0x43, 0xB3, 0xCD, 0xCB, 0xFF, 0xB7,
    0x5F, 0x30, 0xDC, 0xFC, 0xD3, 0x35, 0x50, 0x1D, 0x3B, 0x11, 0xF1, 0x18, 0x7C, 0x0E, 0x8B, 0xEC,
    0x0E, 0xAC, 0x06, 0xFB, 0xCF, 0x13, 0xAA, 0x86, 0xDE, 0x3C, 0x7E, 0xF6, 0x9A, 0x29, 0x49, 0x94,
    0x16, 0x61, 0x38, 0x63, 0x6A, 0x7F, 0x62, 0x02, 0xE9, 0x8E, 0x10, 0x9B, 0x68, 0x75, 0xC6, 0x40,
    0x60, 0xC4, 0x77, 0x1E, 0x7F, 0x4F, 0x73, 0xF7, 0xE3, 0xB5, 0xE0, 0xF2, 0xC1, 0xA1, 0xBA, 0xE4,
    0x4E, 0x65, 0xDD, 0xE0, 0x5C, 0x57, 0xDA, 0x3C, 0xB2, 0xD4, 0xFC, 0x64, 0xDD, 0x1A, 0x16, 0xBB,
    0xC9, 0x12, 0xCC, 0x00, 0x89, 0x01, 0x62, 0x66, 0x62, 0x1D, 0xA0, 0x1D, 0xA8, 0x6D, 0x28, 0xB7,
    0x21, 0xCB, 0x8D, 0x97, 0x70, 0xF0, 0xC1, 0x21, 0xC9, 0x1B, 0xC4, 0xE9, 0x6F, 0xDE, 0x9D, 0x00,
    0x9C, 0x03, 0x8A, 0x68, 0x67, 0xE8, 0xD8, 0xFD, 0x14, 0x4A, 0xA4, 0xFF, 0x34, 0x68, 0x22, 0x4D,
    0x35, 0x13, 0x21, 0x60, 0xE7, 0x4F, 0x72, 0x89, 0xC7, 0x8F, 0x89, 0x31, 0x82, 0x41, 0xF9, 0x72,
    0x8C, 0x45, 0x9F, 0x00, 0x0F, 0x03, 0x03, 0x9F, 0x32, 0x23, 0xEB, 0x3B, 0x48, 0x52, 0x40, 0x06,
    0x45, 0x4B, 0x2F, 0xD5, 0x1F, 0xD3, 0x2C, 0xA0, 0x68, 0x71, 0xD1, 0x33, 0x49, 0x71, 0xF0, 0x13,
    0x63, 0xBB, 0x65, 0xE6, 0x2C, 0x27, 0x08, 0x32, 0x82, 0x18, 0xA0, 0x7F, 0x9D, 0xBF, 0x14, 0x8E,
    0xC2, 0x00, 0x02, 0x8D, 0x90, 0x84, 0xD9, 0x8A, 0xF3, 0x51, 0x61, 0xC3, 0xA2, 0x0E, 0x01, 0x85,
    0x63, 0x9A, 0xB7, 0xF8, 0xBE, 0xC9, 0x4A, 0x6C, 0x08, 0x0B, 0x76, 0x54, 0x60, 0x30, 0x80, 0xC0,
    0x19, 0x04, 0xA7, 0xF6, 0x88, 0xD0, 0xF6, 0x0F, 0xA7, 0x87, 0xD9, 0x0F, 0xE3, 0xF8, 0xAF, 0x4B,
    0x70, 0x39, 0xD6, 0x31, 0xE9, 0x50, 0x33, 0x69, 0xFD, 0x3A, 0x4E, 0x65, 0x67, 0x77, 0x1E, 0x34,
    0x37, 0xC3, 0x7B, 0x1F, 0x33, 0x05, 0x06, 0xD8, 0xC0, 0xC6, 0xEE, 0xB6, 0xB0, 0x48, 0x51, 0x05,
    0x55, 0x52, 0x2C, 0x84, 0x33, 0x0B, 0xC8, 0xAC, 0x39, 0x25, 0x31, 0x14, 0x40, 0x45, 0x34, 0xD1,
    0x43, 0x12, 0x2C, 0x0C, 0x44, 0x76, 0x21, 0xF9, 0xBF, 0x65, 0xED, 0x20, 0x22, 0x3B, 0x31, 0x1F,
    0x27, 0x8A, 0x1E, 0x1A, 0x15, 0xE8, 0xE4, 0xE2, 0x51, 0xD9, 0xAB, 0x4E, 0xA6, 0x68, 0x81, 0xA0,
    0xAD, 0xD8, 0x4D, 0xB8, 0x70, 0x8B, 0xCD, 0x86, 0x35, 0x12, 0x6B, 0x02, 0xCC, 0x48, 0xA6, 0x49,
    0xA4, 0x25, 0xA7, 0x09, 0xC6, 0x86, 0xDC, 0xD2, 0x64, 0xB3, 0x48, 0x10, 0xD4, 0x90, 0x45, 0x56,
    0xB0, 0x5C, 0x94, 0x72, 0x50, 0xCA, 0x80, 0x93, 0xF9, 0x78, 0x64, 0x51, 0x6B, 0x0F, 0x57, 0x1B,
    0xD0, 0x81, 0x24, 0x40, 0x44, 0xAB, 0x09, 0xCC, 0x81, 0xA0, 0x84, 0x1A, 0x14, 0x58, 0x18, 0x12,
    0x10, 0x17, 0xA6, 0x7C, 0xFF, 0x3B, 0x04, 0x4F, 0x22, 0x86, 0x1B, 0x0D, 0x9C, 0x00, 0x16, 0xF2,
    0xDF, 0x8E, 0xC3, 0xC9, 0x7A, 0x66, 0x12, 0x30, 0x22, 0x6B, 0x93, 0x41, 0xA9, 0x24, 0x07, 0xC0,
    0xE0, 0x26, 0x43, 0x61, 0xC9, 0x43, 0x68, 0x4C, 0x13, 0xCD, 0x24, 0xA5, 0x81, 0x28, 0x9A, 0x92,
    0x51, 0xB3, 0xD9, 0xC0, 0x51, 0xB3, 0x16, 0x06, 0xF6, 0x66, 0x45, 0x8E, 0x3B, 0x0D, 0x06, 0x0E,
    0x11, 0x8B, 0x46, 0xA0, 0xAA, 0x47, 0x4C, 0x82, 0x2F, 0xBC, 0xE5, 0x1F, 0x8D, 0x89, 0xB4, 0x7E,
    0xD2, 0x27, 0xCB, 0xE1, 0x77, 0x89, 0xC9, 0x0E, 0x8B, 0x6D, 0x49, 0xD9, 0xDC, 0x72, 0xE7, 0x54,
    0xF1, 0xEA, 0xA6, 0xDB, 0xF0, 0xB1, 0x6A, 0xCB, 0xE5, 0x43, 0x95, 0x75, 0xD8, 0x88, 0x40, 0x7F,
    0x99, 0x8E, 0x21, 0x99, 0xAA, 0x6A, 0x9B, 0x30, 0x13, 0x0D, 0x12, 0x46, 0x42, 0xD6, 0x53, 0xB0,
    0x20, 0xE4, 0x78, 0x22, 0x6C, 0x72, 0xBF, 0x9C, 0xF6, 0x03, 0x77, 0xE9, 0xAB, 0x51, 0x19, 0x20,
    0x01, 0x21, 0x08, 0xA3, 0x1B, 0x10, 0x80, 0xA1, 0x97, 0xF0, 0x66, 0x2E, 0x66, 0x2E, 0x66, 0x2D,
    0xF9, 0x7C, 0x99, 0xC3, 0x47, 0x90, 0x2E, 0x7D, 0xDC, 0xD3, 0x71, 0x16, 0xFE, 0xA3, 0xD4, 0x69,
    0xE2, 0x6F, 0xA5, 0xE8, 0x9B, 0xF3, 0x25, 0x2E, 0xD6, 0xFA, 0x04, 0x21, 0xDB, 0xC3, 0x2E, 0x79,
    0x88, 0xD1, 0x04, 0x6E, 0x80, 0x05, 0x04, 0x33, 0x52, 0xA3, 0xF0, 0x1E, 0x3E, 0x28, 0xF8, 0x81,
    0xE9, 0xC1, 0x77, 0x77, 0x89, 0xA2, 0x56, 0x87, 0xB0, 0xED, 0x53, 0xCC, 0x58, 0x97, 0x33, 0x33,
    0xE8, 0xBC, 0x0E, 0x31, 0xEB, 0x23, 0x5D, 0x45, 0x09, 0x68, 0x4A, 0x4C, 0x9A, 0x5A, 0x20, 0x94,
    0x7D, 0xA8, 0x01, 0x9A, 0x9D, 0x43, 0x28, 0xE2, 0xE4, 0x81, 0xD6, 0x88, 0x69, 0xF2, 0xE1, 0x6F,
    0x0C, 0x15, 0x53, 0x00, 0x54, 0x6C, 0xB0, 0x04, 0x4E, 0x56, 0x4A, 0x36, 0x39, 0xAA, 0x20, 0x1E,
    0x30, 0xF2, 0xAA, 0xBC, 0xB2, 0x09, 0x1E, 0xB3, 0xF1, 0xD7, 0x1C, 0x5C, 0x30, 0x4B, 0xB7, 0x5B,
    0x5F, 0x24, 0x06, 0x64, 0xB4, 0xA2, 0x3D, 0x53, 0x4C, 0x85, 0x37, 0x12, 0x55, 0x52, 0x69, 0x52,
    0xCA, 0x1D, 0x41, 0xC9, 0x00, 0x4A, 0x47, 0x99, 0x51, 0xDD, 0x6A, 0x94, 0xF0, 0xC8, 0x82, 0x31,
    0x80, 0xDA, 0x52, 0x88, 0xBC, 0x87, 0x50, 0xA2, 0xC1, 0xA2, 0x54, 0x69, 0x2F, 0x56, 0x36, 0xD2,
    0x82, 0xB3, 0xAC, 0x4B, 0x85, 0x65, 0x5C, 0xCA, 0x99, 0x0C, 0xA2, 0x24, 0xF7, 0xD9, 0x6A, 0x03,
    0x0C, 0x06, 0xBE, 0xA9, 0x18, 0x0C, 0x29, 0x8A, 0x82, 0x21, 0x0D, 0x51, 0x13, 0x21, 0xE2, 0xED,
    0xA6, 0x84, 0xE0, 0x37, 0x2E, 0x95, 0x17, 0x28, 0x6C, 0x12, 0xD8, 0xC2, 0xC3, 0xC7, 0x03, 0x0F,
    0x10, 0xF8, 0x18, 0x10, 0x26, 0x6D, 0x19, 0xD5, 0xF5, 0xA0, 0x94, 0x37, 0xC6, 0x58, 0xDC, 0xDC,
    0x35, 0xC8, 0x66, 0x27, 0x4B, 0xB3, 0x32, 0xB8, 0x8E, 0x94, 0x68, 0xB3, 0xAA, 0xB4, 0x58, 0xAF,
    0x19, 0x64, 0xA0, 0x36, 0xFC, 0xC6, 0xB0, 0x35, 0xC0, 0x99, 0x4D, 0xD3, 0x31, 0x67, 0x32, 0x8B,
    0x6E, 0x99, 0xF2, 0xD9, 0xBA, 0x8A, 0x6D, 0xEB, 0x56, 0x1A, 0x8D, 0x67, 0x81, 0x1A, 0xE5, 0x38,
    0x8D, 0xA8, 0xC7, 0x61, 0x61, 0xCE, 0x8A, 0x34, 0x39, 0x15, 0xEF, 0xFD, 0xEC, 0xB3, 0x47, 0x45,
    0xC2, 0x50, 0xEF, 0xDB, 0x15, 0xC7, 0xA8, 0xD3, 0x27, 0x43, 0x1B, 0x58, 0xCA, 0xA6, 0x95, 0xAE,
    0x64, 0x81, 0x92, 0x6D, 0x22, 0x58, 0x0C, 0x84, 0x4B, 0x0F, 0x4A, 0xD0, 0x8F, 0x94, 0xAA, 0xAA,
    0x82, 0x52, 0x49, 0x25, 0x48, 0x58, 0x78, 0x3C, 0xEB, 0x8A, 0xF3, 0xC8, 0x3E, 0x0A, 0x11, 0xEF,
    0x87, 0xBA, 0x7D, 0xCF, 0x43, 0x12, 0xF8, 0xB1, 0xC0, 0x2A, 0x9D, 0x27, 0xB3, 0x5A, 0xC9, 0x1C,
    0x48, 0x58, 0x18, 0x34, 0x10, 0x63, 0x98, 0xC9, 0x93, 0x98, 0x73, 0x62, 0x93, 0x05, 0xAA, 0x87,
    0x22, 0xBD, 0x4E, 0x72, 0x4B, 0x05, 0x93, 0xCD, 0x3F, 0xFD, 0x39, 0x9B, 0xB7, 0xF6, 0x88, 0x6A,
    0x35, 0xBC, 0x23, 0xE5, 0x57, 0x84, 0x1E, 0x1D, 0xB3, 0x03, 0x61, 0xD0, 0x74, 0xD1, 0x53, 0xAB,
    0x46, 0x13, 0x4A, 0x99, 0x8D, 0x83, 0x7A, 0xF0, 0x7A, 0xBA, 0xF7, 0xDD, 0x0E, 0xB2, 0x1A, 0xF5,
    0xED, 0xA0, 0x25, 0xC4, 0x35, 0x39, 0x2E, 0xFE, 0x2B, 0xA7, 0x0D, 0x3D, 0x54, 0x4D, 0x50, 0x08,
    0xDE, 0x02, 0x6A, 0xFF, 0x8A, 0x94, 0x0C, 0x80, 0xD3, 0x61, 0xA8, 0x22, 0x60, 0x79, 0xC0, 0x8A,
    0x41, 0xA6, 0x39, 0x9C, 0xB2, 0xDD, 0x0B, 0xDF, 0x79, 0x91, 0x60, 0xD0, 0x3E, 0x27, 0x03, 0x7D,
    0x06, 0x41, 0xB8, 0x51, 0x0B, 0xE2, 0x07, 0x1F, 0x14, 0x25, 0x47, 0xD9, 0x18, 0xF0, 0xB6, 0xD5,
    0x53, 0x95, 0x01, 0x88, 0x9E, 0xC5, 0x65, 0x55, 0x03, 0x02, 0x08, 0x24, 0x18, 0x59, 0x30, 0x61,
    0x28, 0x0C, 0x40, 0x20, 0x85, 0x61, 0x71, 0x08, 0x41, 0x88, 0x53, 0x00, 0x25, 0x54, 0x5E, 0xF9,
    0x4D, 0x8C, 0x4E, 0xAA, 0x8A, 0x23, 0x15, 0x9F, 0x0D, 0xC6, 0xBA, 0x07, 0x4C, 0xC1, 0x43, 0xEF,
    0x72, 0x78, 0xF4, 0xC3, 0x86, 0xE6, 0x72, 0x8B, 0xCD, 0x7F, 0xCA, 0xF1, 0x4A, 0xF8, 0xF8, 0x5E,
    0xEF, 0x3E, 0x21, 0x41, 0x42, 0x18, 0x97, 0xD1, 0xA3, 0x5A, 0x6F, 0x49, 0x87, 0x74, 0x3B, 0xA6,
    0x2A, 0xBB, 0x44, 0x2C, 0x0A, 0xDE, 0xA4, 0x34, 0x61, 0x96, 0x87, 0x59, 0xAD, 0x3A, 0x69, 0xD6,
    0x63, 0x12, 0x6E, 0x73, 0x87, 0x1C, 0xAF, 0x10, 0x07, 0x04, 0xCA, 0xA2, 0x29, 0x92, 0x2B, 0xB2,
    0xF2, 0x54, 0x39, 0x95, 0x9E, 0xAA, 0x80, 0x6A, 0x85, 0x83, 0x01, 0xA2, 0x05, 0x3E, 0x01, 0x6C,
    0x06, 0x9B, 0x6F, 0x1D, 0x54, 0xBE, 0x78, 0x2D, 0x8E, 0x5B, 0x60, 0x1D, 0x17, 0xFA, 0xB0, 0x68,
    0x87, 0x88, 0x45, 0xD4, 0xB2, 0x68, 0x64, 0x50, 0x37, 0x48, 0x46, 0x0C, 0x42, 0x6E, 0xD4, 0x76,
    0x57, 0xBE, 0xE8, 0x72, 0xD2, 0x8F, 0xD8, 0x4D, 0xB3, 0x98, 0xA2, 0xC5, 0x8C, 0xAD, 0x29, 0x83,
    0x10, 0xAB, 0xD7, 0x0D, 0x96, 0x2B, 0x71, 0xEF, 0x04, 0xA5, 0x4C, 0x21, 0xB9, 0x2C, 0x97, 0x5E,
    0xCA, 0xB0, 0xC3, 0x89, 0x93, 0xEB, 0x08, 0x56, 0x5E, 0xC1, 0x51, 0x5D, 0x96, 0xE4, 0x36, 0xF6,
    0xCB, 0xAE, 0xB7, 0x65, 0xAE, 0x6B, 0x9D, 0x9B, 0xD9, 0xE9, 0xC7, 0x83, 0x7A, 0xE0, 0x39, 0x9F,
    0x92, 0x04, 0x89, 0x26, 0x6E, 0x7A, 0xB4, 0x16, 0xF9, 0x28, 0x02, 0x86, 0xFA, 0xE7, 0x9E, 0x0D,
    0x72, 0x2F, 0x2C, 0xE2, 0xD5, 0x04, 0xB0, 0xD3, 0x4C, 0x0B, 0x12, 0x2C, 0x14, 0x56, 0x69, 0x84,
    0xF6, 0xC4, 0x6F, 0x4D, 0x6B, 0xBB, 0x6B, 0x29, 0x1E, 0xB0, 0xE4, 0xD6, 0x0B, 0x71, 0x51, 0xB6,
    0xB9, 0x5E, 0x47, 0x63, 0x79, 0x49, 0xB5, 0xB0, 0x18, 0xCC, 0xCF, 0x2D, 0x62, 0x48, 0x17, 0x89,
    0x81, 0x93, 0xDB, 0xC6, 0x4C, 0x63, 0x3A, 0x33, 0x44, 0x33, 0x51, 0x98, 0x2C, 0x66, 0xB4, 0x2E,
    0x70, 0xA2, 0x66, 0x74, 0x0C, 0x63, 0x1A, 0x5A, 0x01, 0xB8, 0x1B, 0x18, 0x1E, 0x90, 0x64, 0xE8,
    0x8C, 0x8C, 0x65, 0x88, 0x98, 0x19, 0x87, 0x13, 0x71, 0xC8, 0x6F, 0x6E, 0xD8, 0x28, 0x89, 0xDB,
    0x50, 0x9C, 0x53, 0x3A, 0xD9, 0x98, 0x56, 0x83, 0x08, 0xA0, 0x8A, 0x17, 0xD1, 0x35, 0x53, 0x98,
    0xC0, 0x69, 0x96, 0xD9, 0xD4, 0xD8, 0x86, 0x1A, 0x22, 0x80, 0xC0, 0x9B, 0x13, 0x13, 0x64, 0xDB,
    0xC2, 0x3A, 0xC6, 0x61, 0xCD, 0xC5, 0xDD, 0x32, 0xB2, 0x45, 0xA4, 0xDB, 0x85, 0x20, 0x11, 0x70,
    0xD9, 0xA1, 0x16, 0x0A, 0x52, 0x11, 0x02, 0x3C, 0x84, 0x29, 0x11, 0x02, 0x12, 0x9F, 0x50, 0x2F,
    0x40, 0xE5, 0xD4, 0x07, 0x55, 0x41, 0x9B, 0xB3, 0x11, 0x65, 0xD5, 0x6B, 0xCF, 0xDF, 0xC3, 0xD9,
    0xB3, 0x02, 0xC8, 0x4A, 0x00, 0xA8, 0xA6, 0x88, 0x88, 0x9A, 0x8A, 0x13, 0x52, 0x19, 0x2A, 0x52,
    0x44, 0x69, 0xC0, 0xC0, 0xA2, 0x60, 0x28, 0x46, 0xA2, 0x99, 0x88, 0x98, 0x56, 0x86, 0x23, 0xC3,
    0x4D, 0x9A, 0xA2, 0x29, 0xA4, 0x92, 0x00, 0x9A, 0x29, 0x98, 0x89, 0x84, 0x69, 0x6A, 0x2A, 0xA0,
    0xD1, 0xCC, 0x53, 0x86, 0x38, 0x96, 0xB4, 0x70, 0x42, 0x85, 0x20, 0xA5, 0xCA, 0x50, 0x37, 0x1A,
    0x86, 0xA0, 0x39, 0xA5, 0xF0, 0x16, 0x01, 0xA8, 0xD0, 0x03, 0x86, 0xC0, 0xA6, 0xE2, 0xC1, 0xB8,
    0x06, 0xE3, 0x41, 0x90, 0x38, 0x10, 0xC2, 0x99, 0x59, 0x24, 0x62, 0x96, 0x0C, 0x12, 0x4D, 0x0E,
    0x2E, 0xD4, 0xDA, 0x4E, 0xD9, 0x1D, 0x21, 0xD4, 0x76, 0xF8, 0x2B, 0xA1, 0xE8, 0x9A, 0x1C, 0x70,
    0x3A, 0x0E, 0x21, 0xA0, 0x24, 0x9E, 0x0D, 0x14, 0x91, 0x14, 0x44, 0x48, 0x62, 0xB4, 0x89, 0xCD,
    0x4B, 0xDF, 0x60, 0x89, 0xB9, 0xD6, 0x38, 0x94, 0xD3, 0x4E, 0xC2, 0x90, 0xAB, 0xA0, 0x21, 0x71,
    0x74, 0x68, 0xC4, 0x60, 0xDC, 0x88, 0x19, 0xB8, 0xB0, 0x73, 0x5A, 0x1A, 0x23, 0x54, 0xAC, 0xA6,
    0xC0, 0x6E, 0x11, 0x5A, 0x43, 0xE7, 0x60, 0x46, 0x86, 0x86, 0x6E, 0x91, 0xE9, 0x23, 0x4B, 0x0C,
    0xB1, 0x89, 0x5C, 0x85, 0x27, 0x10, 0xE5, 0x58, 0xAC, 0x93, 0x3D, 0x4A, 0xC0, 0xFB, 0x94, 0x27,
    0x54, 0xBE, 0x66, 0xC1, 0xCF, 0x23, 0x5A, 0xC9, 0x0B, 0xDF, 0x44, 0x2E, 0x03, 0xCF, 0x43, 0x58,
    0x1C, 0x1C, 0xF2, 0xE0, 0x25, 0x49, 0x54, 0xF0, 0x11, 0xED, 0xEB, 0xEF, 0x79, 0x89, 0x51, 0xE3,
    0xB5, 0x9B, 0x42, 0x23, 0x0C, 0x14, 0xCF, 0x65, 0x99, 0x11, 0xC0, 0x18, 0x00, 0x44, 0x27, 0xB7,
    0xF5, 0xB8, 0x35, 0xAD, 0x54, 0x18, 0x88, 0x7B, 0x11, 0x1F, 0xBE, 0x92, 0xBC, 0x9C, 0xE3, 0x01,
    0xE0, 0x78, 0x87, 0xAA, 0x6A, 0x24, 0x7E, 0x60, 0x36, 0x08, 0x62, 0x08, 0x32, 0x0A, 0xB8, 0x57,
    0x04, 0x04, 0x28, 0x4A, 0x20, 0xE1, 0x5E, 0xA1, 0xEB, 0x96, 0x13, 0xE0, 0x5A, 0x8B, 0xC4, 0xF4,
    0x77, 0x92, 0x83, 0xD9, 0xD2, 0xB1, 0xDC, 0xBD, 0x9B, 0xC8, 0x8C, 0x0D, 0x68, 0x30, 0x6A, 0x40,
    0x82, 0x44, 0xEB, 0xF6, 0x23, 0x0D, 0x36, 0x1A, 0x80, 0xC3, 0xB5, 0x05, 0x46, 0x10, 0x92, 0x41,
    0x92, 0x0D, 0xC6, 0x37, 0x34, 0x1A, 0x50, 0x35, 0x02, 0x38, 0x1A, 0x0D, 0x69, 0xC5, 0x02, 0x4C,
    0x41, 0x99, 0x17, 0x49, 0x39, 0x69, 0xE9, 0x45, 0x32, 0x4B, 0x4A, 0x84, 0x02, 0xD3, 0x72, 0x60,
    0xA4, 0x98, 0x98, 0xC5, 0x28, 0x59, 0x0D, 0xAF, 0x53, 0x4D, 0x40, 0xBC, 0x16, 0x45, 0xDF, 0xF6,
    0x1F, 0x4F, 0x41, 0x8E, 0x19, 0x42, 0x1A, 0x2C, 0x79, 0xA2, 0x29, 0x77, 0xA6, 0x41, 0x12, 0x2D,
    0x37, 0x0C, 0x1A, 0x90, 0xCF, 0x7A, 0xA3, 0x0F, 0x2B, 0x27, 0xCE, 0xB6, 0x0D, 0x00, 0xE1, 0x01,
    0x76, 0x98, 0xF0, 0x89, 0x74, 0x45, 0x3A, 0x90, 0xD0, 0x52, 0x6F, 0x1F, 0x2B, 0x68, 0xCB, 0x33,
    0x24, 0xB2, 0x8C, 0xB3, 0x32, 0xED, 0xCD, 0x6B, 0xC7, 0x0C, 0x2F, 0x3F, 0xEA, 0x0F, 0x1E, 0x5E,
    0x38, 0x1F, 0x2C, 0xE1, 0x6E, 0x03, 0x29, 0xB3, 0x27, 0x20, 0x88, 0x86, 0x28, 0xC1, 0x12, 0x54,
    0xC6, 0x02, 0x02, 0x14, 0x27, 0x33, 0x4A, 0x1D, 0x0B, 0xA9, 0xD3, 0xE3, 0x34, 0xDD, 0x70, 0x7C,
    0xCE, 0x32, 0x21, 0x89, 0x20, 0x0B, 0x90, 0xD5, 0x72, 0xA0, 0x07, 0x7C, 0x13, 0xF1, 0x7C, 0x8F,
    0x72, 0x1E, 0x09, 0xB3, 0xE0, 0xF6, 0x66, 0x39, 0x18, 0xE1, 0x65, 0x78, 0x1A, 0x34, 0x44, 0xF9,
    0xD7, 0x01, 0x81, 0x87, 0x64, 0xA1, 0x46, 0x24, 0x35, 0xBC, 0x0E, 0x02, 0xF6, 0xBB, 0x3E, 0xB7,
    0xAF, 0xE5, 0x7A, 0xB6, 0x18, 0x68, 0x6D, 0x8C, 0x5E, 0x50, 0xCC, 0x8F, 0xD4, 0x3A, 0x67, 0xAB,
    0x57, 0x67, 0x05, 0x5A, 0x5C, 0x5E, 0x82, 0xEA, 0x8F, 0x04, 0x62, 0xCC, 0xE8, 0x3B, 0xB9, 0x20,
    0x1B, 0x69, 0x6C, 0xD2, 0x91, 0xAB, 0x5F, 0x04, 0x1C, 0x00, 0x7F, 0x11, 0x13, 0xFE, 0x01, 0xEB,
    0x09, 0x38, 0x4F, 0x74, 0x13, 0xDA, 0x5A, 0x7C, 0x70, 0x1F, 0x6F, 0xAB, 0x4A, 0x3F, 0x20, 0xAD,
    0xC5, 0x34, 0x8A, 0xAA, 0xE4, 0x43, 0x00, 0x74, 0x27, 0xB1, 0x1F, 0xD8, 0x85, 0x82, 0x00, 0x35,
    0xFD, 0x25, 0x4F, 0xBB, 0x2C, 0x31, 0x15, 0x0C, 0xB2, 0x30, 0x93, 0x04, 0x23, 0x24, 0x4C, 0x08,
    0xC0, 0x36, 0x1D, 0x28, 0xF8, 0x4B, 0x9F, 0xC7, 0x13, 0x3C, 0x47, 0xFB, 0x9F, 0xA6, 0xFB, 0x9F,
    0xF6, 0x46, 0x77, 0x58, 0x2F, 0x65, 0x84, 0xEB, 0xC1, 0x42, 0x4E, 0xCB, 0xAF, 0x36, 0x40, 0x7C,
    0x84, 0x81, 0xF5, 0x47, 0xF8, 0x9E, 0x11, 0xCD, 0x16, 0x4B, 0x44, 0x1F, 0xAC, 0x99, 0x8F, 0x50,
    0x8C, 0x7A, 0xA8, 0xB2, 0x02, 0xB2, 0x32, 0x08, 0x3E, 0x82, 0xA9, 0x00, 0x39, 0x44, 0xE6, 0xE9,
    0x3B, 0xC7, 0x7C, 0x7D, 0x24, 0xE8, 0xF9, 0xC3, 0xC1, 0xF7, 0xE7, 0x67, 0xDA, 0xDE, 0xAE, 0xA5,
    0x35, 0xAF, 0xA9, 0xB1, 0xD8, 0x44, 0x89, 0x85, 0x96, 0xFA, 0x67, 0xEB, 0xC0, 0x10, 0xD7, 0xB5,
    0xDE, 0xA7, 0xAE, 0xFB, 0x7F, 0x16, 0x65, 0x53, 0x35, 0x87, 0xA4, 0x33, 0xD8, 0x47, 0xAC, 0xD2,
    0x6D, 0xD6, 0xED, 0x96, 0x88, 0x2A, 0x5E, 0x32, 0xC2, 0xC3, 0x51, 0xC2, 0x3E, 0xF1, 0x60, 0x75,
    0x03, 0xD7, 0x1F, 0xB1, 0x08, 0xF9, 0xD6, 0x3E, 0x41, 0x86, 0x5C, 0x91, 0x10, 0x39, 0x22, 0x80,
    0x1E, 0xCF, 0xE2, 0xC3, 0x56, 0x7C, 0xED, 0x42, 0x21, 0xA1, 0x8A, 0x7C, 0x90, 0x44, 0xDB, 0xD2,
    0x60, 0x76, 0xFA, 0x04, 0x3F, 0x14, 0x9F, 0x52, 0x1E, 0x5E, 0x0E, 0xBE, 0x11, 0xE3, 0x18, 0x66,
    0x59, 0x96, 0x12, 0x38, 0x30, 0x92, 0x80, 0xE5, 0x49, 0x4D, 0xB8, 0xB3, 0xCD, 0x4C, 0x95, 0x30,
    0xFE, 0xA6, 0x20, 0x39, 0x82, 0x0C, 0xC3, 0xD3, 0xAF, 0xF6, 0xFA, 0x93, 0xC0, 0x66, 0x0E, 0xE2,
    0x60, 0x41, 0xC6, 0x00, 0x32, 0x40, 0x0C, 0x71, 0x31, 0x52, 0x60, 0x83, 0xE3, 0x23, 0x42, 0x71,
    0x94, 0xF1, 0xE0, 0xAA, 0x2D, 0x7B, 0xE6, 0x64, 0x64, 0x84, 0x84, 0x19, 0x01, 0x37, 0xDA, 0xBC,
    0x56, 0xB5, 0xAC, 0x5A, 0xAD, 0x88, 0x07, 0x5B, 0xEE, 0x5E, 0x01, 0x88, 0x9C, 0x53, 0x91, 0x56,
    0xA3, 0xD5, 0xBC, 0x25, 0xF4, 0x1E, 0x3A, 0xFA, 0x59, 0xB4, 0x4F, 0x8A, 0xE7, 0xEE, 0x06, 0x9D,
    0x62, 0x84, 0x4B, 0x71, 0xBC, 0xBC, 0x4C, 0xDB, 0x78, 0x20, 0x0C, 0x6F, 0xC2, 0xBA, 0x7C, 0xA6,
    0x6A, 0xC0, 0x0F, 0xE0, 0xFD, 0xE7, 0x90, 0x01, 0xD7, 0x63, 0xE4, 0x37, 0x6C, 0x8E, 0xFF, 0x54,
    0xC2, 0xD9, 0x39, 0xC7, 0x98, 0x10, 0x34, 0x22, 0xDA, 0x02, 0x74, 0x4F, 0xDE, 0xFF, 0x06, 0x81,
    0xBB, 0x07, 0x2D, 0x53, 0xA6, 0x8B, 0x72, 0xFD, 0x7D, 0x79, 0x0B, 0xD9, 0x8E, 0x2B, 0xF9, 0xF2,
    0xCC, 0x18, 0xF7, 0x40, 0xCE, 0x7D, 0xB9, 0x0D, 0xB1, 0x2F, 0x2B, 0x13, 0xA5, 0x89, 0xC8, 0x57,
    0x75, 0xBD, 0x0E, 0x47, 0x98, 0x38, 0x84, 0xC4, 0x30, 0xB0, 0xEE, 0xC7, 0x53, 0xD2, 0x72, 0xA8,
    0xA4, 0xC6, 0x60, 0x0C, 0xE6, 0xB8, 0x5F, 0xED, 0x9E, 0xC7, 0xC0, 0x6D, 0x3C, 0x5F, 0x6E, 0xC5,
    0xD8, 0x40, 0xB9, 0x51, 0x66, 0x05, 0x19, 0xA8, 0xC6, 0x06, 0x86, 0x2E, 0xCB, 0x9A, 0x64, 0x0F,
    0x98, 0x70, 0xDD, 0x7A, 0x34, 0x15, 0x42, 0xD7, 0x8B, 0x19, 0x05, 0xA3, 0x89, 0x75, 0xDA, 0xAD,
    0xC4, 0x9F, 0xBF, 0x29, 0x84, 0x79, 0xD3, 0x89, 0x20, 0x64, 0x88, 0xA8, 0xF5, 0x09, 0xE1, 0x7F,
    0x1C, 0xA7, 0x27, 0x1D, 0x86, 0x9E, 0x89, 0xF9, 0x3F, 0x9F, 0xEB, 0xD0, 0x26, 0x10, 0x27, 0xED,
    0x4D, 0x34, 0x27, 0x80, 0xCE, 0x5F, 0x8E, 0x3E, 0x69, 0xD6, 0xB0, 0x77, 0xB3, 0x1D, 0x42, 0x5F,
    0x36, 0x07, 0x16, 0xA0, 0xA0, 0xA0, 0xCB, 0x24, 0xA3, 0x33, 0x06, 0x82, 0x92, 0x82, 0x82, 0x86,
    0x92, 0x82, 0x87, 0x21, 0x32, 0x56, 0x92, 0x83, 0x88, 0xFB, 0x84, 0x71, 0x3A, 0x83, 0x72, 0x14,
    0x14, 0x61, 0x2A, 0x39, 0x27, 0x12, 0xF8, 0x2C, 0x7D, 0x92, 0x35, 0x26, 0x92, 0xD1, 0x64, 0x9A,
    0xE3, 0x13, 0x49, 0x6D, 0x24, 0x5E, 0x23, 0x71, 0x93, 0x54, 0x94, 0x53, 0x47, 0x58, 0x32, 0x69,
    0xA4, 0xA2, 0x87, 0x88, 0xFB, 0x50, 0x9E, 0x41, 0x63, 0x51, 0xBF, 0xBE, 0x71, 0xAE, 0x94, 0xDB,
    0x49, 0x65, 0x9B, 0x60, 0x10, 0x3D, 0x66, 0xA7, 0x88, 0xE6, 0xF6, 0x44, 0xCC, 0xC0, 0x38, 0xE9,
    0x16, 0x32, 0xC3, 0x34, 0x0C, 0xD4, 0x09, 0x84, 0x51, 0x42, 0x3D, 0xB2, 0x94, 0x14, 0xBE, 0x10,
    0xA5, 0x0B, 0x92, 0x65, 0x92, 0x65, 0x92, 0x65, 0x92, 0x65, 0x92, 0x64, 0x1D, 0x84, 0x3A, 0x82,
    0x9E, 0x6A, 0xF1, 0xFD, 0xAC, 0x7A, 0x42, 0xF3, 0xC6, 0x80, 0xD6, 0xA4, 0x70, 0x89, 0xA3, 0xAE,
    0x7E, 0xDC, 0xBB, 0x28, 0x8A, 0x16, 0xE3, 0x80, 0x33, 0x48, 0x44, 0xE4, 0x33, 0x83, 0x0A, 0x8C,
    0x4B, 0x16, 0x81, 0x28, 0x11, 0x36, 0x2C, 0x10, 0x48, 0xD5, 0x83, 0x68, 0xD5, 0xD9, 0x98, 0xA6,
    0xA1, 0xF0, 0xF0, 0x1C, 0x67, 0x66, 0x02, 0x0C, 0x00, 0x9F, 0x9F, 0x0F, 0x64, 0x51, 0xFE, 0xE8,
    0x76, 0x95, 0x55, 0x24, 0x0C, 0x9D, 0x20, 0xA7, 0xBB, 0xD0, 0xA7, 0xD6, 0x7D, 0x84, 0xFB, 0x4F,
    0xA2, 0x0A, 0x3E, 0x66, 0x50, 0x06, 0x3B, 0x66, 0x14, 0x2C, 0x5E, 0xA6, 0xF9, 0x14, 0x46, 0x42,
    0xF5, 0x8F, 0xDF, 0x06, 0xF6, 0x34, 0x08, 0xD7, 0x70, 0x77, 0x45, 0xAE, 0x44, 0xD4, 0xE7, 0x36,
    0x46, 0x28, 0xA5, 0x28, 0x5D, 0xBE, 0x29, 0x0B, 0x32, 0x14, 0x85, 0x44, 0x2A, 0x43, 0x32, 0xD8,
    0x1B, 0x13, 0x0B, 0x21, 0xE4, 0x4A, 0x54, 0x64, 0x1D, 0x57, 0x78, 0x3F, 0x86, 0xBE, 0x07, 0x19,
    0xB5, 0x8C, 0xE9, 0xFA, 0xEF, 0x7C, 0x69, 0xB2, 0xF0, 0xD3, 0xEC, 0xCA, 0xDA, 0xD6, 0x79, 0x28,
    0x96, 0x48, 0x8A, 0xBD, 0x43, 0xF8, 0x3E, 0xEF, 0x93, 0xA8, 0x07, 0xE6, 0x3A, 0x0A, 0x44, 0x11,
    0x22, 0x84, 0x45, 0x44, 0x44, 0x10, 0x23, 0x19, 0x97, 0x01, 0xBF, 0xB8, 0x7B, 0xCC, 0x9C, 0xA7,
    0x92, 0x00, 0x67, 0x92, 0x4D, 0xDF, 0x5C, 0xE3, 0x8E, 0xF8, 0x71, 0x86, 0xD4, 0x92, 0x49, 0x27,
    0x2D, 0xEF, 0x3E, 0x88, 0x07, 0x40, 0x09, 0x94, 0x5B, 0x52, 0x80, 0x9E, 0x83, 0xBE, 0xE7, 0xCF,
    0x1F, 0xBF, 0x0C, 0x0E, 0xCA, 0xBF, 0x41, 0xF3, 0x68, 0xA0, 0x44, 0xC8, 0x0C, 0xB4, 0x8E, 0x18,
    0x9A, 0x70, 0x75, 0x1A, 0x21, 0x93, 0x4A, 0x9F, 0xFC, 0x5D, 0xC9, 0x14, 0xE1, 0x42, 0x41, 0x1D,
    0xEC, 0x8F, 0x3C, 0x00, 0x00, 0x00, 0x00, 0x00, 0x00, 0x00, 0x00, 0x00, 0x00, 0x00, 0x00, 0x00,
    0x00, 0x00, 0x00, 0x00, 0x00, 0x00, 0x00, 0x00, 0x00, 0x00, 0x00, 0x00, 0x00, 0x00, 0x00, 0x00,
    0x00, 0x00, 0x00, 0x00, 0x00, 0x00, 0x00, 0x00, 0x00, 0x00, 0x00, 0x00, 0x00, 0x00, 0x00, 0x00,
    0x00, 0x00, 0x00, 0x00, 0x00, 0x00, 0x00, 0x00, 0x00, 0x00, 0x00, 0x00, 0x00, 0x00, 0x00, 0x00,
    0x00, 0x00, 0x00, 0x00, 0x00, 0x00, 0x00, 0x00, 0x00, 0x00, 0x00, 0x00, 0x00, 0x00, 0x00, 0x00,
    0x00, 0x00, 0x00, 0x00, 0x00, 0x00, 0x00, 0x00, 0x00, 0x00, 0x00, 0x00, 0x00, 0x00, 0x00, 0x00,
    0x00, 0x00, 0x00, 0x00, 0x00, 0x00, 0x00, 0x00, 0x00, 0x00, 0x00, 0x00, 0x00, 0x00, 0x00, 0x00,
    0x00, 0x00, 0x00, 0x00, 0x00, 0x00, 0x00, 0x00, 0x00, 0x00, 0x00, 0x00, 0x00, 0x00, 0x00, 0x00,
    0x00, 0x00, 0x00, 0x00, 0x00, 0x00, 0x00, 0x00, 0x00, 0x00, 0x00, 0x00, 0x00, 0x00, 0x00, 0x00,
    0x00, 0x00, 0x00, 0x00, 0x00, 0x00, 0x00, 0x00, 0x00, 0x00, 0x00, 0x00, 0x00, 0x00, 0x00, 0x00,
    0x00, 0x00, 0x00, 0x00, 0x00, 0x00, 0x00, 0x00, 0x00, 0x00, 0x00, 0x00, 0x00, 0x00, 0x00, 0x00,
    0x00, 0x00, 0x00, 0x00, 0x00, 0x00, 0x00, 0x00, 0x00, 0x00, 0x00, 0x00, 0x00, 0x00, 0x00, 0x00,
    0x00, 0x00, 0x00, 0x00, 0x00, 0x00, 0x00, 0x00, 0x00, 0x00, 0x00, 0x00, 0x00, 0x00, 0x00, 0x00,
    0x00, 0x00, 0x00, 0x00, 0x00, 0x00, 0x00, 0x00, 0x00, 0x00, 0x00, 0x00, 0x00, 0x00, 0x00, 0x00,
    0x00, 0x00, 0x00, 0x00, 0x00, 0x00, 0x00, 0x00, 0x00, 0x00, 0x00, 0x00, 0x00, 0x00, 0x00, 0x00,
    0x00, 0x00, 0x00, 0x00, 0x00, 0x00, 0x00, 0x00, 0x00, 0x00, 0x00, 0x00, 0x00, 0x00, 0x00, 0x00,
    0x00, 0x00, 0x00, 0x00, 0x00, 0x00, 0x00, 0x00, 0x00, 0x00, 0x00, 0x00, 0x00, 0x00, 0x00, 0x00,
    0x00, 0x00, 0x00, 0x00, 0x00, 0x00, 0x00, 0x00, 0x00, 0x00, 0x00, 0x00, 0x00, 0x00, 0x00, 0x00,
    0x00, 0x00, 0x00, 0x00, 0x00, 0x00, 0x00, 0x00, 0x00, 0x00, 0x00, 0x00, 0x00, 0x00, 0x00, 0x00,
    0x00, 0x00, 0x00, 0x00, 0x00, 0x00, 0x00, 0x00, 0x00, 0x00, 0x00, 0x00, 0x00, 0x00, 0x00, 0x00,
    0x00, 0x00, 0x00, 0x00, 0x00, 0x00, 0x00, 0x00, 0x00, 0x00, 0x00, 0x00, 0x00, 0x00, 0x00, 0x00,
    0x00, 0x00, 0x00, 0x00, 0x00, 0x00, 0x00, 0x00, 0x00, 0x00, 0x00, 0x00, 0x00, 0x00, 0x00, 0x00,
    0x00, 0x00, 0x00, 0x00, 0x00, 0x00, 0x00, 0x00, 0x00, 0x00, 0x00, 0x00, 0x00, 0x00, 0x00, 0x00,
    0x00, 0x00, 0x00, 0x00, 0x00, 0x00, 0x00, 0x00, 0x00, 0x00, 0x00, 0x00, 0x00, 0x00, 0x00, 0x00,
    0x00, 0x00, 0x00, 0x00, 0x00, 0x00, 0x00, 0x00, 0x00, 0x00, 0x00, 0x00, 0x00, 0x00, 0x00, 0x00,
    0x00, 0x00, 0x00, 0x00, 0x00, 0x00, 0x00, 0x00, 0x00, 0x00, 0x00, 0x00, 0x00, 0x00, 0x00, 0x00,
    0x00, 0x00, 0x00, 0x00, 0x00, 0x00, 0x00, 0x00, 0x00, 0x00, 0x00, 0x00, 0x00, 0x00, 0x00, 0x00,
    0x00, 0x00, 0x00, 0x00, 0x00, 0x00, 0x00, 0x00, 0x00, 0x00, 0x00, 0x00, 0x00, 0x00, 0x00, 0x00,
    0x00, 0x00, 0x00, 0x00, 0x00, 0x00, 0x00, 0x00, 0x00, 0x00, 0x00, 0x00, 0x00, 0x00, 0x00, 0x00,
    0x00, 0x00, 0x00, 0x00, 0x00, 0x00, 0x00, 0x00, 0x00, 0x00, 0x00, 0x00, 0x00, 0x00, 0x00, 0x00,
    0x00, 0x00, 0x00, 0x00, 0x00, 0x00, 0x00, 0x00, 0x00, 0x00, 0x00, 0x00, 0x00, 0x00, 0x00, 0x00,
    0x00, 0x00, 0x00, 0x00, 0x00, 0x00, 0x00, 0x00, 0x00, 0x00, 0x00, 0x00, 0x00, 0x00, 0x00, 0x00,
    0x00, 0x00, 0x00, 0x00, 0x00, 0x00, 0x00, 0x00, 0x00, 0x00, 0x00, 0x00, 0x00, 0x00, 0x00, 0x00,
    0x00, 0x00, 0x00, 0x00, 0x00, 0x00, 0x00, 0x00, 0x00, 0x00, 0x00, 0x00, 0x00, 0x00, 0x00, 0x00,
    0x00, 0x00, 0x00, 0x00, 0x00, 0x00, 0x00, 0x00, 0x00, 0x00, 0x00, 0x00, 0x00, 0x00, 0x00, 0x00,
    0x00, 0x00, 0x00, 0x00, 0x00, 0x00, 0x00, 0x00, 0x00, 0x00, 0x00, 0x00, 0x00, 0x00, 0x00, 0x00,
    0x00, 0x00, 0x00, 0x00, 0x00, 0x00, 0x00, 0x00, 0x00, 0x00, 0x00, 0x00, 0x00, 0x00, 0x00, 0x00,
    0x00, 0x00, 0x00, 0x00, 0x00, 0x00, 0x00, 0x00, 0x00, 0x00, 0x00, 0x00, 0x00, 0x00, 0x00, 0x00,
    0x00, 0x00, 0x00, 0x00, 0x00, 0x00, 0x00, 0x00, 0x00, 0x00, 0x00, 0x00, 0x00, 0x00, 0x00, 0x00,
    0x00, 0x00, 0x00, 0x00, 0x00, 0x00, 0x00, 0x00, 0x00, 0x00, 0x00, 0x00, 0x00, 0x00, 0x00, 0x00,
    0x00, 0x00, 0x00, 0x00, 0x00, 0x00, 0x00, 0x00, 0x00, 0x00, 0x00, 0x00, 0x00, 0x00, 0x00, 0x00,
    0x00, 0x00, 0x00, 0x00, 0x00, 0x00, 0x00, 0x00, 0x00, 0x00, 0x00, 0x00, 0x00, 0x00, 0x00, 0x00,
    0x00, 0x00, 0x00, 0x00, 0x00, 0x00, 0x00, 0x00, 0x00, 0x00, 0x00, 0x00, 0x00, 0x00, 0x00, 0x00,
    0x00, 0x00, 0x00, 0x00, 0x00, 0x00, 0x00, 0x00, 0x00, 0x00, 0x00, 0x00, 0x00, 0x00, 0x00, 0x00,
    0x00, 0x00, 0x00, 0x00, 0x00, 0x00, 0x00, 0x00, 0x00, 0x00, 0x00, 0x00, 0x00, 0x00, 0x00, 0x00,
    0x00, 0x00, 0x00, 0x00, 0x00, 0x00, 0x00, 0x00, 0x00, 0x00, 0x00, 0x00, 0x00, 0x00, 0x00, 0x00,
    0x00, 0x00, 0x00, 0x00, 0x00, 0x00, 0x00, 0x00, 0x00, 0x00, 0x00, 0x00, 0x00, 0x00, 0x00, 0x00,
    0x00, 0x00, 0x00, 0x00, 0x00, 0x00, 0x00, 0x00, 0x00, 0x00, 0x00, 0x00, 0x00, 0x00, 0x00, 0x00,
    0x00, 0x00, 0x00, 0x00, 0x00, 0x00, 0x00, 0x00, 0x00, 0x00, 0x00, 0x00, 0x00, 0x00, 0x00, 0x00,
    0x00, 0x00, 0x00, 0x00, 0x00, 0x00, 0x00, 0x00, 0x00, 0x00, 0x00, 0x00, 0x00, 0x00, 0x00, 0x00,
    0x00, 0x00, 0x00, 0x00, 0x00, 0x00, 0x00, 0x00, 0x00, 0x00, 0x00, 0x00, 0x00, 0x00, 0x00, 0x00,
    0x00, 0x00, 0x00, 0x00, 0x00, 0x00, 0x00, 0x00, 0x00, 0x00, 0x00, 0x00, 0x00, 0x00, 0x00, 0x00,
    0x00, 0x00, 0x00, 0x00, 0x00, 0x00, 0x00, 0x00, 0x00, 0x00, 0x00, 0x00, 0x00, 0x00, 0x00, 0x00,
    0x00, 0x00, 0x00, 0x00, 0x00, 0x00, 0x00, 0x00, 0x00, 0x00, 0x00, 0x00, 0x00, 0x00, 0x00, 0x00,
    0x00, 0x00, 0x00, 0x00, 0x00, 0x00, 0x00, 0x00, 0x00, 0x00, 0x00, 0x00, 0x00, 0x00, 0x00, 0x00,
    0x00, 0x00, 0x00, 0x00, 0x00, 0x00, 0x00, 0x00, 0x00, 0x00, 0x00, 0x00, 0x00, 0x00, 0x00, 0x00,
    0x00, 0x00, 0x00, 0x00, 0x00, 0x00, 0x00, 0x00, 0x00, 0x00, 0x00, 0x00, 0x00, 0x00, 0x00, 0x00,
    0x00, 0x00, 0x00, 0x00, 0x00, 0x00, 0x00, 0x00, 0x00, 0x00, 0x00, 0x00, 0x00, 0x00, 0x00, 0x00,
    0x00, 0x00, 0x00, 0x00, 0x00, 0x00, 0x00, 0x00, 0x00, 0x00, 0x00, 0x00, 0x00, 0x00, 0x00, 0x00,
    0x00, 0x00, 0x00, 0x00, 0x00, 0x00, 0x00, 0x00, 0x00, 0x00, 0x00, 0x00, 0x00, 0x00, 0x00, 0x00,
    0x00, 0x00, 0x00, 0x00, 0x00, 0x00, 0x00, 0x00, 0x00, 0x00, 0x00, 0x00, 0x00, 0x00, 0x00, 0x00,
    0x00, 0x00, 0x00, 0x00, 0x00, 0x00, 0x00, 0x00, 0x00, 0x00, 0x00, 0x00, 0x00, 0x00, 0x00, 0x00,
    0x00, 0x00, 0x00, 0x00, 0x00, 0x00, 0x00, 0x00, 0x00, 0x00, 0x00, 0x00, 0x00, 0x00, 0x00, 0x00,
    0x00, 0x00, 0x00, 0x00, 0x00, 0x00, 0x00, 0x00, 0x00, 0x00, 0x00, 0x00, 0x00, 0x00, 0x00, 0x00,
    0x00, 0x00, 0x00, 0x00, 0x00, 0x00, 0x00, 0x00, 0x00, 0x00, 0x00, 0x00, 0x00, 0x00, 0x00, 0x00,
    0x00, 0x00, 0x00, 0x00, 0x00, 0x00, 0x00, 0x00, 0x00, 0x00, 0x00, 0x00, 0x00, 0x00, 0x00, 0x00,
    0x00, 0x00, 0x00, 0x00, 0x00, 0x00, 0x00, 0x00, 0x00, 0x00, 0x00, 0x00, 0x00, 0x00, 0x00, 0x00,
    0x00, 0x00, 0x00, 0x00, 0x00, 0x00, 0x00, 0x00, 0x00, 0x00, 0x00, 0x00, 0x00, 0x00, 0x00, 0x00,
    0x00, 0x00, 0x00, 0x00, 0x00, 0x00, 0x00, 0x00, 0x00, 0x00, 0x00, 0x00, 0x00, 0x00, 0x00, 0x00,
    0x00, 0x00, 0x00, 0x00, 0x00, 0x00, 0x00, 0x00, 0x00, 0x00, 0x00, 0x00, 0x00, 0x00, 0x00, 0x00,
    0x00, 0x00, 0x00, 0x00, 0x00, 0x00, 0x00, 0x00, 0x00, 0x00, 0x00, 0x00, 0x00, 0x00, 0x00, 0x00,
    0x00, 0x00, 0x00, 0x00, 0x00, 0x00, 0x00, 0x00, 0x00, 0x00, 0x00, 0x00, 0x00, 0x00, 0x00, 0x00,
    0x00, 0x00, 0x00, 0x00, 0x00, 0x00, 0x00, 0x00, 0x00, 0x00, 0x00, 0x00, 0x00, 0x00, 0x00, 0x00,
    0x00, 0x00, 0x00, 0x00, 0x00, 0x00, 0x00, 0x00, 0x00, 0x00, 0x00, 0x00, 0x00, 0x00, 0x00, 0x00,
    0x00, 0x00, 0x00, 0x00, 0x00, 0x00, 0x00, 0x00, 0x00, 0x00, 0x00, 0x00, 0x00, 0x00, 0x00, 0x00,
    0x00, 0x00, 0x00, 0x00, 0x00, 0x00, 0x00, 0x00, 0x00, 0x00, 0x00, 0x00, 0x00, 0x00, 0x00, 0x00,
    0x00, 0x00, 0x00, 0x00, 0x00, 0x00, 0x00, 0x00, 0x00, 0x00, 0x00, 0x00, 0x00, 0x00, 0x00, 0x00,
    0x00, 0x00, 0x00, 0x00, 0x00, 0x00, 0x00, 0x00, 0x00, 0x00, 0x00, 0x00, 0x00, 0x00, 0x00, 0x00,
    0x00, 0x00, 0x00, 0x00, 0x00, 0x00, 0x00, 0x00, 0x00, 0x00, 0x00, 0x00, 0x00, 0x00, 0x00, 0x00,
    0x00, 0x00, 0x00, 0x00, 0x00, 0x00, 0x00, 0x00, 0x00, 0x00, 0x00, 0x00, 0x00, 0x00, 0x00, 0x00,
    0x00, 0x00, 0x00, 0x00, 0x00, 0x00, 0x00, 0x00, 0x00, 0x00, 0x00, 0x00, 0x00, 0x00, 0x00, 0x00,
    0x00, 0x00, 0x00, 0x00, 0x00, 0x00, 0x00, 0x00, 0x00, 0x00, 0x00, 0x00, 0x00, 0x00, 0x00, 0x00,
    0x00, 0x00, 0x00, 0x00, 0x00, 0x00, 0x00, 0x00, 0x00, 0x00, 0x00, 0x00, 0x00, 0x00, 0x00, 0x00,
    0x00, 0x00, 0x00, 0x00, 0x00, 0x00, 0x00, 0x00, 0x00, 0x00, 0x00, 0x00, 0x00, 0x00, 0x00, 0x00,
    0x00, 0x00, 0x00, 0x00, 0x00, 0x00, 0x00, 0x00, 0x00, 0x00, 0x00, 0x00, 0x00, 0x00, 0x00, 0x00,
    0x00, 0x00, 0x00, 0x00, 0x00, 0x00, 0x00, 0x00, 0x00, 0x00, 0x00, 0x00, 0x00, 0x00, 0x00, 0x00,
    0x00, 0x00, 0x00, 0x00, 0x00, 0x00, 0x00, 0x00, 0x00, 0x00, 0x00, 0x00, 0x00, 0x00, 0x00, 0x00,
    0x00, 0x00, 0x00, 0x00, 0x00, 0x00, 0x00, 0x00, 0x00, 0x00, 0x00, 0x00, 0x00, 0x00, 0x00, 0x00,
    0x00, 0x00, 0x00, 0x00, 0x00, 0x00, 0x00, 0x00, 0x00, 0x00, 0x00, 0x00, 0x00, 0x00, 0x00, 0x00,
    0x00, 0x00, 0x00, 0x00, 0x00, 0x00, 0x00, 0x00, 0x00, 0x00, 0x00, 0x00, 0x00, 0x00, 0x00, 0x00,
    0x00, 0x00, 0x00, 0x00, 0x00, 0x00, 0x00, 0x00, 0x00, 0x00, 0x00, 0x00, 0x00, 0x00, 0x00, 0x00,
    0x00, 0x00, 0x00, 0x00, 0x00, 0x00, 0x00, 0x00, 0x00, 0x00, 0x00, 0x00, 0x00, 0x00, 0x00, 0x00,
    0x00, 0x00, 0x00, 0x00, 0x00, 0x00, 0x00, 0x00, 0x00, 0x00, 0x00, 0x00, 0x00, 0x00, 0x00, 0x00,
    0x00, 0x00, 0x00, 0x00, 0x00, 0x00, 0x00, 0x00, 0x00, 0x00, 0x00, 0x00, 0x00, 0x00, 0x00, 0x00,
    0x00, 0x00, 0x00, 0x00, 0x00, 0x00, 0x00, 0x00, 0x00, 0x00, 0x00, 0x00, 0x00, 0x00, 0x00, 0x00,
    0x00, 0x00, 0x00, 0x00, 0x00, 0x00, 0x00, 0x00, 0x00, 0x00, 0x00, 0x00, 0x00, 0x00, 0x00, 0x00,
    0x00, 0x00, 0x00, 0x00, 0x00, 0x00, 0x00, 0x00, 0x00, 0x00, 0x00, 0x00, 0x00, 0x00, 0x00, 0x00,
    0x00, 0x00, 0x00, 0x00, 0x00, 0x00, 0x00, 0x00, 0x00, 0x00, 0x00, 0x00, 0x00, 0x00, 0x00, 0x00,
    0x00, 0x00, 0x00, 0x00, 0x00, 0x00, 0x00, 0x00, 0x00, 0x00, 0x00, 0x00, 0x00, 0x00, 0x00, 0x00,
    0x00, 0x00, 0x00, 0x00, 0x00, 0x00, 0x00, 0x00, 0x00, 0x00, 0x00, 0x00, 0x00, 0x00, 0x00, 0x00,
    0x00, 0x00, 0x00, 0x00, 0x00, 0x00, 0x00, 0x00, 0x00, 0x00, 0x00, 0x00, 0x00, 0x00, 0x00, 0x00,
    0x00, 0x00, 0x00, 0x00, 0x00, 0x00, 0x00, 0x00, 0x00, 0x00, 0x00, 0x00, 0x00, 0x00, 0x00, 0x00,
    0x00, 0x00, 0x00, 0x00, 0x00, 0x00, 0x00, 0x00, 0x00, 0x00, 0x00, 0x00, 0x00, 0x00, 0x00, 0x00,
    0x00, 0x00, 0x00, 0x00, 0x00, 0x00, 0x00, 0x00, 0x00, 0x00, 0x00, 0x00, 0x00, 0x00, 0x00, 0x00,
    0x00, 0x00, 0x00, 0x00, 0x00, 0x00, 0x00, 0x00, 0x00, 0x00, 0x00, 0x00, 0x00, 0x00, 0x00, 0x00,
    0x00, 0x00, 0x00, 0x00, 0x00, 0x00, 0x00, 0x00, 0x00, 0x00, 0x00, 0x00, 0x00, 0x00, 0x00, 0x00,
    0x00, 0x00, 0x00, 0x00, 0x00, 0x00, 0x00, 0x00, 0x00, 0x00, 0x00, 0x00, 0x00, 0x00, 0x00, 0x00,
    0x00, 0x00, 0x00, 0x00, 0x00, 0x00, 0x00, 0x00, 0x00, 0x00, 0x00, 0x00, 0x00, 0x00, 0x00, 0x00,
    0x00, 0x00, 0x00, 0x00, 0x00, 0x00, 0x00, 0x00, 0x00, 0x00, 0x00, 0x00, 0x00, 0x00, 0x00, 0x00,
    0x00, 0x00, 0x00, 0x00, 0x00, 0x00, 0x00, 0x00, 0x00, 0x00, 0x00, 0x00, 0x00, 0x00, 0x00, 0x00,
    0x00, 0x00, 0x00, 0x00, 0x00, 0x00, 0x00, 0x00, 0x00, 0x00, 0x00, 0x00, 0x00, 0x00, 0x00, 0x00,
    0x00, 0x00, 0x00, 0x00, 0x00, 0x00, 0x00, 0x00, 0x00, 0x00, 0x00, 0x00, 0x00, 0x00, 0x00, 0x00,
    0x00, 0x00, 0x00, 0x00, 0x00, 0x00, 0x00, 0x00, 0x00, 0x00, 0x00, 0x00, 0x00, 0x00, 0x00, 0x00,
    0x00, 0x00, 0x00, 0x00, 0x00, 0x00, 0x00, 0x00, 0x00, 0x00, 0x00, 0x00, 0x00, 0x00, 0x00, 0x00,
    0x00, 0x00, 0x00, 0x00, 0x00, 0x00, 0x00, 0x00, 0x00, 0x00, 0x00, 0x00, 0x00, 0x00, 0x00, 0x00,
    0x00, 0x00, 0x00, 0x00, 0x00, 0x00, 0x00, 0x00, 0x00, 0x00, 0x00, 0x00, 0x00, 0x00, 0x00, 0x00,
    0x00, 0x00, 0x00, 0x00, 0x00, 0x00, 0x00, 0x00, 0x00, 0x00, 0x00, 0x00, 0x00, 0x00, 0x00, 0x00,
    0x00, 0x00, 0x00, 0x00, 0x00, 0x00, 0x00, 0x00, 0x00, 0x00, 0x00, 0x00, 0x00, 0x00, 0x00, 0x00,
    0x00, 0x00, 0x00, 0x00, 0x00, 0x00, 0x00, 0x00, 0x00, 0x00, 0x00, 0x00, 0x00, 0x00, 0x00, 0x00,
    0x00, 0x00, 0x00, 0x00, 0x00, 0x00, 0x00, 0x00, 0x00, 0x00, 0x00, 0x00, 0x00, 0x00, 0x00, 0x00,
    0x00, 0x00, 0x00, 0x00, 0x00, 0x00, 0x00, 0x00, 0x00, 0x00, 0x00, 0x00, 0x00, 0x00, 0x00, 0x00,
    0x00, 0x00, 0x00, 0x00, 0x00, 0x00, 0x00, 0x00, 0x00, 0x00, 0x00, 0x00, 0x00, 0x00, 0x00, 0x00,
    0x00, 0x00, 0x00, 0x00, 0x00, 0x00, 0x00, 0x00, 0x00, 0x00, 0x00, 0x00, 0x00, 0x00, 0x00, 0x00,
    0x00, 0x00, 0x00, 0x00, 0x00, 0x00, 0x00, 0x00, 0x00, 0x00, 0x00, 0x00, 0x00, 0x00, 0x00, 0x00,
    0x00, 0x00, 0x00, 0x00, 0x00, 0x00, 0x00, 0x00, 0x00, 0x00, 0x00, 0x00, 0x00, 0x00, 0x00, 0x00,
    0x00, 0x00, 0x00, 0x00, 0x00, 0x00, 0x00, 0x00, 0x00, 0x00, 0x00, 0x00, 0x00, 0x00, 0x00, 0x00,
    0x00, 0x00, 0x00, 0x00, 0x00, 0x00, 0x00, 0x00, 0x00, 0x00, 0x00, 0x00, 0x00, 0x00, 0x00, 0x00,
    0x00, 0x00, 0x00, 0x00, 0x00, 0x00, 0x00, 0x00, 0x00, 0x00, 0x00, 0x00, 0x00, 0x00, 0x00, 0x00,
    0x00, 0x00, 0x00, 0x00, 0x00, 0x00, 0x00, 0x00, 0x00, 0x00, 0x00, 0x00, 0x00, 0x00, 0x00, 0x00,
    0x00, 0x00, 0x00, 0x00, 0x00, 0x00, 0x00, 0x00, 0x00, 0x00, 0x00, 0x00, 0x00, 0x00, 0x00, 0x00,
    0x00, 0x00, 0x00, 0x00, 0x00, 0x00, 0x00, 0x00, 0x00, 0x00, 0x00, 0x00, 0x00, 0x00, 0x00, 0x00,
    0x00, 0x00, 0x00, 0x00, 0x00, 0x00, 0x00, 0x00, 0x00, 0x00, 0x00, 0x00, 0x00, 0x00, 0x00, 0x00,
    0x00, 0x00, 0x00, 0x00, 0x00, 0x00, 0x00, 0x00, 0x00, 0x00, 0x00, 0x00, 0x00, 0x00, 0x00, 0x00,
    0x00, 0x00, 0x00, 0x00, 0x00, 0x00, 0x00, 0x00, 0x00, 0x00, 0x00, 0x00, 0x00, 0x00, 0x00, 0x00,
    0x00, 0x00, 0x00, 0x00, 0x00, 0x00, 0x00, 0x00, 0x00, 0x00, 0x00, 0x00, 0x00, 0x00, 0x00, 0x00,
    0x00, 0x00, 0x00, 0x00, 0x00, 0x00, 0x00, 0x00, 0x00, 0x00, 0x00, 0x00, 0x00, 0x00, 0x00, 0x00,
    0x00, 0x00, 0x00, 0x00, 0x00, 0x00, 0x00, 0x00, 0x00, 0x00, 0x00, 0x00, 0x00, 0x00, 0x00, 0x00,
    0x00, 0x00, 0x00, 0x00, 0x00, 0x00, 0x00, 0x00, 0x00, 0x00, 0x00, 0x00, 0x00, 0x00, 0x00, 0x00,
    0x00, 0x00, 0x00, 0x00, 0x00, 0x00, 0x00, 0x00, 0x00, 0x00, 0x00, 0x00, 0x00, 0x00, 0x00, 0x00,
    0x00, 0x00, 0x00, 0x00, 0x00, 0x00, 0x00, 0x00, 0x00, 0x00, 0x00, 0x00, 0x00, 0x00, 0x00, 0x00,
    0x00, 0x00, 0x00, 0x00, 0x00, 0x00, 0x00, 0x00, 0x00, 0x00, 0x00, 0x00, 0x00, 0x00, 0x00, 0x00,
    0x00, 0x00, 0x00, 0x00, 0x00, 0x00, 0x00, 0x00, 0x00, 0x00, 0x00, 0x00, 0x00, 0x00, 0x00, 0x00,
    0x00, 0x00, 0x00, 0x00, 0x00, 0x00, 0x00, 0x00, 0x00, 0x00, 0x00, 0x00, 0x00, 0x00, 0x00, 0x00,
    0x00, 0x00, 0x00, 0x00, 0x00, 0x00, 0x00, 0x00, 0x00, 0x00, 0x00, 0x00, 0x00, 0x00, 0x00, 0x00,
    0x00, 0x00, 0x00, 0x00, 0x00, 0x00, 0x00, 0x00, 0x00, 0x00, 0x00, 0x00, 0x00, 0x00, 0x00, 0x00,
    0x00, 0x00, 0x00, 0x00, 0x00, 0x00, 0x00, 0x00, 0x00, 0x00, 0x00, 0x00, 0x00, 0x00, 0x00, 0x00,
    0x00, 0x00, 0x00, 0x00, 0x00, 0x00, 0x00, 0x00, 0x00, 0x00, 0x00, 0x00, 0x00, 0x00, 0x00, 0x00,
    0x00, 0x00, 0x00, 0x00, 0x00, 0x00, 0x00, 0x00, 0x00, 0x00, 0x00, 0x00, 0x00, 0x00, 0x00, 0x00,
    0x00, 0x00, 0x00, 0x00, 0x00, 0x00, 0x00, 0x00, 0x00, 0x00, 0x00, 0x00, 0x00, 0x00, 0x00, 0x00,
    0x00, 0x00, 0x00, 0x00, 0x00, 0x00, 0x00, 0x00, 0x00, 0x00, 0x00, 0x00, 0x00, 0x00, 0x00, 0x00,
    0x00, 0x00, 0x00, 0x00, 0x00, 0x00, 0x00, 0x00, 0x00, 0x00, 0x00, 0x00, 0x00, 0x00, 0x00, 0x00,
    0x00, 0x00, 0x00, 0x00, 0x00, 0x00, 0x00, 0x00, 0x00, 0x00, 0x00, 0x00, 0x00, 0x00, 0x00, 0x00,
    0x00, 0x00, 0x00, 0x00, 0x00, 0x00, 0x00, 0x00, 0x00, 0x00, 0x00, 0x00, 0x00, 0x00, 0x00, 0x00,
    0x00, 0x00, 0x00, 0x00, 0x00, 0x00, 0x00, 0x00, 0x00, 0x00, 0x00, 0x00, 0x00, 0x00, 0x00, 0x00,
    0x00, 0x00, 0x00, 0x00, 0x00, 0x00, 0x00, 0x00, 0x00, 0x00, 0x00, 0x00, 0x00, 0x00, 0x00, 0x00,
    0x00, 0x00, 0x00, 0x00, 0x00, 0x00, 0x00, 0x00, 0x00, 0x00, 0x00, 0x00, 0x00, 0x00, 0x00, 0x00,
    0x00, 0x00, 0x00, 0x00, 0x00, 0x00, 0x00, 0x00, 0x00, 0x00, 0x00, 0x00, 0x00, 0x00, 0x00, 0x00,
    0x00, 0x00, 0x00, 0x00, 0x00, 0x00, 0x00, 0x00, 0x00, 0x00, 0x00, 0x00, 0x00, 0x00, 0x00, 0x00,
    0x00, 0x00, 0x00, 0x00, 0x00, 0x00, 0x00, 0x00, 0x00, 0x00, 0x00, 0x00, 0x00, 0x00, 0x00, 0x00,
    0x00, 0x00, 0x00, 0x00, 0x00, 0x00, 0x00, 0x00, 0x00, 0x00, 0x00, 0x00, 0x00, 0x00, 0x00, 0x00,
    0x00, 0x00, 0x00, 0x00, 0x00, 0x00, 0x00, 0x00, 0x00, 0x00, 0x00, 0x00, 0x00, 0x00, 0x00, 0x00,
    0x00, 0x00, 0x00, 0x00, 0x00, 0x00, 0x00, 0x00, 0x00, 0x00, 0x00, 0x00, 0x00, 0x00, 0x00, 0x00,
    0x00, 0x00, 0x00, 0x00, 0x00, 0x00, 0x00, 0x00, 0x00, 0x00, 0x00, 0x00, 0x00, 0x00, 0x00, 0x00,
    0x00, 0x00, 0x00, 0x00, 0x00, 0x00, 0x00, 0x00, 0x00, 0x00, 0x00, 0x00, 0x00, 0x00, 0x00, 0x00,
    0x00, 0x00, 0x00, 0x00, 0x00, 0x00, 0x00, 0x00, 0x00, 0x00, 0x00, 0x00, 0x00, 0x00, 0x00, 0x00,
    0x00, 0x00, 0x00, 0x00, 0x00, 0x00, 0x00, 0x00, 0x00, 0x00, 0x00, 0x00, 0x00, 0x00, 0x00, 0x00,
    0x00, 0x00, 0x00, 0x00, 0x00, 0x00, 0x00, 0x00, 0x00, 0x00, 0x00, 0x00, 0x00, 0x00, 0x00, 0x00,
    0x00, 0x00, 0x00, 0x00, 0x00, 0x00, 0x00, 0x00, 0x00, 0x00, 0x00, 0x00, 0x00, 0x00, 0x00, 0x00,
    0x00, 0x00, 0x00, 0x00, 0x00, 0x00, 0x00, 0x00, 0x00, 0x00, 0x00, 0x00, 0x00, 0x00, 0x00, 0x00,
    0x00, 0x00, 0x00, 0x00, 0x00, 0x00, 0x00, 0x00, 0x00, 0x00, 0x00, 0x00, 0x00, 0x00, 0x00, 0x00,
    0x00, 0x00, 0x00, 0x00, 0x00, 0x00, 0x00, 0x00, 0x00, 0x00, 0x00, 0x00, 0x00, 0x00, 0x00, 0x00,
    0x00, 0x00, 0x00, 0x00, 0x00, 0x00, 0x00, 0x00, 0x00, 0x00, 0x00, 0x00, 0x00, 0x00, 0x00, 0x00,
    0x00, 0x00, 0x00, 0x00, 0x00, 0x00, 0x00, 0x00, 0x00, 0x00, 0x00, 0x00, 0x00, 0x00, 0x00, 0x00,
    0x00, 0x00, 0x00, 0x00, 0x00, 0x00, 0x00, 0x00, 0x00, 0x00, 0x00, 0x00, 0x00, 0x00, 0x00, 0x00,
    0x00, 0x00, 0x00, 0x00, 0x00, 0x00, 0x00, 0x00, 0x00, 0x00, 0x00, 0x00, 0x00, 0x00, 0x00, 0x00,
    0x00, 0x00, 0x00, 0x00, 0x00, 0x00, 0x00, 0x00, 0x00, 0x00, 0x00, 0x00, 0x00, 0x00, 0x00, 0x00,
    0x00, 0x00, 0x00, 0x00, 0x00, 0x00, 0x00, 0x00, 0x00, 0x00, 0x00, 0x00, 0x00, 0x00, 0x00, 0x00,
    0x00, 0x00, 0x00, 0x00, 0x00, 0x00, 0x00, 0x00, 0x00, 0x00, 0x00, 0x00, 0x00, 0x00, 0x00, 0x00,
    0x00, 0x00, 0x00, 0x00, 0x00, 0x00, 0x00, 0x00, 0x00, 0x00, 0x00, 0x00, 0x00, 0x00, 0x00, 0x00,
    0x00, 0x00, 0x00, 0x00, 0x00, 0x00, 0x00, 0x00, 0x00, 0x00, 0x00, 0x00, 0x00, 0x00, 0x00, 0x00,
    0x00, 0x00, 0x00, 0x00, 0x00, 0x00, 0x00, 0x00, 0x00, 0x00, 0x00, 0x00, 0x00, 0x00, 0x00, 0x00,
    0x00, 0x00, 0x00, 0x00, 0x00, 0x00, 0x00, 0x00, 0x00, 0x00, 0x00, 0x00, 0x00, 0x00, 0x00, 0x00,
    0x00, 0x00, 0x00, 0x00, 0x00, 0x00, 0x00, 0x00, 0x00, 0x00, 0x00, 0x00, 0x00, 0x00, 0x00, 0x00,
    0x00, 0x00, 0x00, 0x00, 0x00, 0x00, 0x00, 0x00, 0x00, 0x00, 0x00, 0x00, 0x00, 0x00, 0x00, 0x00,
    0x00, 0x00, 0x00, 0x00, 0x00, 0x00, 0x00, 0x00, 0x00, 0x00, 0x00, 0x00, 0x00, 0x00, 0x00, 0x00,
    0x00, 0x00, 0x00, 0x00, 0x00, 0x00, 0x00, 0x00, 0x00, 0x00, 0x00, 0x00, 0x00, 0x00, 0x00, 0x00,
    0x00, 0x00, 0x00, 0x00, 0x00, 0x00, 0x00, 0x00, 0x00, 0x00, 0x00, 0x00, 0x00, 0x00, 0x00, 0x00,
    0x00, 0x00, 0x00, 0x00, 0x00, 0x00, 0x00, 0x00, 0x00, 0x00, 0x00, 0x00, 0x00, 0x00, 0x00, 0x00,
    0x00, 0x00, 0x00, 0x00, 0x00, 0x00, 0x00, 0x00, 0x00, 0x00, 0x00, 0x00, 0x00, 0x00, 0x00, 0x00,
    0x00, 0x00, 0x00, 0x00, 0x00, 0x00, 0x00, 0x00, 0x00, 0x00, 0x00, 0x00, 0x00, 0x00, 0x00, 0x00,
    0x00, 0x00, 0x00, 0x00, 0x00, 0x00, 0x00, 0x00, 0x00, 0x00, 0x00, 0x00, 0x00, 0x00, 0x00, 0x00,
    0x00, 0x00, 0x00, 0x00, 0x00, 0x00, 0x00, 0x00, 0x00, 0x00, 0x00, 0x00, 0x00, 0x00, 0x00, 0x00,
    0x00, 0x00, 0x00, 0x00, 0x00, 0x00, 0x00, 0x00, 0x00, 0x00, 0x00, 0x00, 0x00, 0x00, 0x00, 0x00,
    0x00, 0x00, 0x00, 0x00, 0x00, 0x00, 0x00, 0x00, 0x00, 0x00, 0x00, 0x00, 0x00, 0x00, 0x00, 0x00,
    0x00, 0x00, 0x00, 0x00, 0x00, 0x00, 0x00, 0x00, 0x00, 0x00, 0x00, 0x00, 0x00, 0x00, 0x00, 0x00,
    0x00, 0x00, 0x00, 0x00, 0x00, 0x00, 0x00, 0x00, 0x00, 0x00, 0x00, 0x00, 0x00, 0x00, 0x00, 0x00,
    0x00, 0x00, 0x00, 0x00, 0x00, 0x00, 0x00, 0x00, 0x00, 0x00, 0x00, 0x00, 0x00, 0x00, 0x00, 0x00,
    0x00, 0x00, 0x00, 0x00, 0x00, 0x00, 0x00, 0x00, 0x00, 0x00, 0x00, 0x00, 0x00, 0x00, 0x00, 0x00,
    0x00, 0x00, 0x00, 0x00, 0x00, 0x00, 0x00, 0x00, 0x00, 0x00, 0x00, 0x00, 0x00, 0x00, 0x00, 0x00,
    0x00, 0x00, 0x00, 0x00, 0x00, 0x00, 0x00, 0x00, 0x00, 0x00, 0x00, 0x00, 0x00, 0x00, 0x00, 0x00,
    0x00, 0x00, 0x00, 0x00, 0x00, 0x00, 0x00, 0x00, 0x00, 0x00, 0x00, 0x00, 0x00, 0x00, 0x00, 0x00,
    0x00, 0x00, 0x00, 0x00, 0x00, 0x00, 0x00, 0x00, 0x00, 0x00, 0x00, 0x00, 0x00, 0x00, 0x00, 0x00,
    0x00, 0x00, 0x00, 0x00, 0x00, 0x00, 0x00, 0x00, 0x00, 0x00, 0x00, 0x00, 0x00, 0x00, 0x00, 0x00,
    0x00, 0x00, 0x00, 0x00, 0x00, 0x00, 0x00, 0x00, 0x00, 0x00, 0x00, 0x00, 0x00, 0x00, 0x00, 0x00,
    0x00, 0x00, 0x00, 0x00, 0x00, 0x00, 0x00, 0x00, 0x00, 0x00, 0x00, 0x00, 0x00, 0x00, 0x00, 0x00,
    0x00, 0x00, 0x00, 0x00, 0x00, 0x00, 0x00, 0x00, 0x00, 0x00, 0x00, 0x00, 0x00, 0x00, 0x00, 0x00,
    0x00, 0x00, 0x00, 0x00, 0x00, 0x00, 0x00, 0x00, 0x00, 0x00, 0x00, 0x00, 0x00, 0x00, 0x00, 0x00,
    0x00, 0x00, 0x00, 0x00, 0x00, 0x00, 0x00, 0x00, 0x00, 0x00, 0x00, 0x00, 0x00, 0x00, 0x00, 0x00,
    0x00, 0x00, 0x00, 0x00, 0x00, 0x00, 0x00, 0x00, 0x00, 0x00, 0x00, 0x00, 0x00, 0x00, 0x00, 0x00,
    0x00, 0x00, 0x00, 0x00, 0x00, 0x00, 0x00, 0x00, 0x00, 0x00, 0x00, 0x00, 0x00, 0x00, 0x00, 0x00,
    0x00, 0x00, 0x00, 0x00, 0x00, 0x00, 0x00, 0x00, 0x00, 0x00, 0x00, 0x00, 0x00, 0x00, 0x00, 0x00,
    0x00, 0x00, 0x00, 0x00, 0x00, 0x00, 0x00, 0x00, 0x00, 0x00, 0x00, 0x00, 0x00, 0x00, 0x00, 0x00,
    0x00, 0x00, 0x00, 0x00, 0x00, 0x00, 0x00, 0x00, 0x00, 0x00, 0x00, 0x00, 0x00, 0x00, 0x00, 0x00,
    0x00, 0x00, 0x00, 0x00, 0x00, 0x00, 0x00, 0x00, 0x00, 0x00, 0x00, 0x00, 0x00, 0x00, 0x00, 0x00,
    0x00, 0x00, 0x00, 0x00, 0x00, 0x00, 0x00, 0x00, 0x00, 0x00, 0x00, 0x00, 0x00, 0x00, 0x00, 0x00,
    0x00, 0x00, 0x00, 0x00, 0x00, 0x00, 0x00, 0x00, 0x00, 0x00, 0x00, 0x00, 0x00, 0x00, 0x00, 0x00,
    0x00, 0x00, 0x00, 0x00, 0x00, 0x00, 0x00, 0x00, 0x00, 0x00, 0x00, 0x00, 0x00, 0x00, 0x00, 0x00,
    0x00, 0x00, 0x00, 0x00, 0x00, 0x00, 0x00, 0x00, 0x00, 0x00, 0x00, 0x00, 0x00, 0x00, 0x00, 0x00,
    0x00, 0x00, 0x00, 0x00, 0x00, 0x00, 0x00, 0x00, 0x00, 0x00, 0x00, 0x00, 0x00, 0x00, 0x00, 0x00,
    0x00, 0x00, 0x00, 0x00, 0x00, 0x00, 0x00, 0x00, 0x00, 0x00, 0x00, 0x00, 0x00, 0x00, 0x00, 0x00,
    0x00, 0x00, 0x00, 0x00, 0x00, 0x00, 0x00, 0x00, 0x00, 0x00, 0x00, 0x00, 0x00, 0x00, 0x00, 0x00,
    0x00, 0x00, 0x00, 0x00, 0x00, 0x00, 0x00, 0x00, 0x00, 0x00, 0x00, 0x00, 0x00, 0x00, 0x00, 0x00,
    0x00, 0x00, 0x00, 0x00, 0x00, 0x00, 0x00, 0x00, 0x00, 0x00, 0x00, 0x00, 0x00, 0x00, 0x00, 0x00,
    0x00, 0x00, 0x00, 0x00, 0x00, 0x00, 0x00, 0x00, 0x00, 0x00, 0x00, 0x00, 0x00, 0x00, 0x00, 0x00,
    0x00, 0x00, 0x00, 0x00, 0x00, 0x00, 0x00, 0x00, 0x00, 0x00, 0x00, 0x00, 0x00, 0x00, 0x00, 0x00,
    0x00, 0x00, 0x00, 0x00, 0x00, 0x00, 0x00, 0x00, 0x00, 0x00, 0x00, 0x00, 0x00, 0x00, 0x00, 0x00,
    0x00, 0x00, 0x00, 0x00, 0x00, 0x00, 0x00, 0x00, 0x00, 0x00, 0x00, 0x00, 0x00, 0x00, 0x00, 0x00,
    0x00, 0x00, 0x00, 0x00, 0x00, 0x00, 0x00, 0x00, 0x00, 0x00, 0x00, 0x00, 0x00, 0x00, 0x00, 0x00,
    0x00, 0x00, 0x00, 0x00, 0x00, 0x00, 0x00, 0x00, 0x00, 0x00, 0x00, 0x00, 0x00, 0x00, 0x00, 0x00,
    0x00, 0x00, 0x00, 0x00, 0x00, 0x00, 0x00, 0x00, 0x00, 0x00, 0x00, 0x00, 0x00, 0x00, 0x00, 0x00,
    0x00, 0x00, 0x00, 0x00, 0x00, 0x00, 0x00, 0x00, 0x00, 0x00, 0x00, 0x00, 0x00, 0x00, 0x00, 0x00,
    0x00, 0x00, 0x00, 0x00, 0x00, 0x00, 0x00, 0x00, 0x00, 0x00, 0x00, 0x00, 0x00, 0x00, 0x00, 0x00,
    0x00, 0x00, 0x00, 0x00, 0x00, 0x00, 0x00, 0x00, 0x00, 0x00, 0x00, 0x00, 0x00, 0x00, 0x00, 0x00,
    0x00, 0x00, 0x00, 0x00, 0x00, 0x00, 0x00, 0x00, 0x00, 0x00, 0x00, 0x00, 0x00, 0x00, 0x00, 0x00,
    0x00, 0x00, 0x00, 0x00, 0x00, 0x00, 0x00, 0x00, 0x00, 0x00, 0x00, 0x00, 0x00, 0x00, 0x00, 0x00,
    0x00, 0x00, 0x00, 0x00, 0x00, 0x00, 0x00, 0x00, 0x00, 0x00, 0x00, 0x00, 0x00, 0x00, 0x00, 0x00,
    0x00, 0x00, 0x00, 0x00, 0x00, 0x00, 0x00, 0x00, 0x00, 0x00, 0x00, 0x00, 0x00, 0x00, 0x00, 0x00,
    0x00, 0x00, 0x00, 0x00, 0x00, 0x00, 0x00, 0x00, 0x00, 0x00, 0x00, 0x00, 0x00, 0x00, 0x00, 0x00,
    0x00, 0x00, 0x00, 0x00, 0x00, 0x00, 0x00, 0x00, 0x00, 0x00, 0x00, 0x00, 0x00, 0x00, 0x00, 0x00,
    0x00, 0x00, 0x00, 0x00, 0x00, 0x00, 0x00, 0x00, 0x00, 0x00, 0x00, 0x00, 0x00, 0x00, 0x00, 0x00,
    0x00, 0x00, 0x00, 0x00, 0x00, 0x00, 0x00, 0x00, 0x00, 0x00, 0x00, 0x00, 0x00, 0x00, 0x00, 0x00,
    0x00, 0x00, 0x00, 0x00, 0x00, 0x00, 0x00, 0x00, 0x00, 0x00, 0x00, 0x00, 0x00, 0x00, 0x00, 0x00,
    0x00, 0x00, 0x00, 0x00, 0x00, 0x00, 0x00, 0x00, 0x00, 0x00, 0x00, 0x00, 0x00, 0x00, 0x00, 0x00,
    0x00, 0x00, 0x00, 0x00, 0x00, 0x00, 0x00, 0x00, 0x00, 0x00, 0x00, 0x00, 0x00, 0x00, 0x00, 0x00,
    0x00, 0x00, 0x00, 0x00, 0x00, 0x00, 0x00, 0x00, 0x00, 0x00, 0x00, 0x00, 0x00, 0x00, 0x00, 0x00,
    0x00, 0x00, 0x00, 0x00, 0x00, 0x00, 0x00, 0x00, 0x00, 0x00, 0x00, 0x00, 0x00, 0x00, 0x00, 0x00,
    0x00, 0x00, 0x00, 0x00, 0x00, 0x00, 0x00, 0x00, 0x00, 0x00, 0x00, 0x00, 0x00, 0x00, 0x00, 0x00,
    0x00, 0x00, 0x00, 0x00, 0x00, 0x00, 0x00, 0x00, 0x00, 0x00, 0x00, 0x00, 0x00, 0x00, 0x00, 0x00,
    0x00, 0x00, 0x00, 0x00, 0x00, 0x00, 0x00, 0x00, 0x00, 0x00, 0x00, 0x00, 0x00, 0x00, 0x00, 0x00,
    0x00, 0x00, 0x00, 0x00, 0x00, 0x00, 0x00, 0x00, 0x00, 0x00, 0x00, 0x00, 0x00, 0x00, 0x00, 0x00,
    0x00, 0x00, 0x00, 0x00, 0x00, 0x00, 0x00, 0x00, 0x00, 0x00, 0x00, 0x00, 0x00, 0x00, 0x00, 0x00,
    0x00, 0x00, 0x00, 0x00, 0x00, 0x00, 0x00, 0x00, 0x00, 0x00, 0x00, 0x00, 0x00, 0x00, 0x00, 0x00,
    0x00, 0x00, 0x00, 0x00, 0x00, 0x00, 0x00, 0x00, 0x00, 0x00, 0x00, 0x00, 0x00, 0x00, 0x00, 0x00,
    0x00, 0x00, 0x00, 0x00, 0x00, 0x00, 0x00, 0x00, 0x00, 0x00, 0x00, 0x00, 0x00, 0x00, 0x00, 0x00,
    0x00, 0x00, 0x00, 0x00, 0x00, 0x00, 0x00, 0x00, 0x00, 0x00, 0x00, 0x00, 0x00, 0x00, 0x00, 0x00,
    0x00, 0x00, 0x00, 0x00, 0x00, 0x00, 0x00, 0x00, 0x00, 0x00, 0x00, 0x00, 0x00, 0x00, 0x00, 0x00,
    0x00, 0x00, 0x00, 0x00, 0x00, 0x00, 0x00, 0x00, 0x00, 0x00, 0x00, 0x00, 0x00, 0x00, 0x00, 0x00,
    0x00, 0x00, 0x00, 0x00, 0x00, 0x00, 0x00, 0x00, 0x00, 0x00, 0x00, 0x00, 0x00, 0x00, 0x00, 0x00,
    0x00, 0x00, 0x00, 0x00, 0x00, 0x00, 0x00, 0x00, 0x00, 0x00, 0x00, 0x00, 0x00, 0x00, 0x00, 0x00,
    0x00, 0x00, 0x00, 0x00, 0x00, 0x00, 0x00, 0x00, 0x00, 0x00, 0x00, 0x00, 0x00, 0x00, 0x00, 0x00,
    0x00, 0x00, 0x00, 0x00, 0x00, 0x00, 0x00, 0x00, 0x00, 0x00, 0x00, 0x00, 0x00, 0x00, 0x00, 0x00,
    0x00, 0x00, 0x00, 0x00, 0x00, 0x00, 0x00, 0x00, 0x00, 0x00, 0x00, 0x00, 0x00, 0x00, 0x00, 0x00,
    0x00, 0x00, 0x00, 0x00, 0x00, 0x00, 0x00, 0x00, 0x00, 0x00, 0x00, 0x00, 0x00, 0x00, 0x00, 0x00,
    0x00, 0x00, 0x00, 0x00, 0x00, 0x00, 0x00, 0x00, 0x00, 0x00, 0x00, 0x00, 0x00, 0x00, 0x00, 0x00,
    0x00, 0x00, 0x00, 0x00, 0x00, 0x00, 0x00, 0x00, 0x00, 0x00, 0x00, 0x00, 0x00, 0x00, 0x00, 0x00,
    0x00, 0x00, 0x00, 0x00, 0x00, 0x00, 0x00, 0x00, 0x00, 0x00, 0x00, 0x00, 0x00, 0x00, 0x00, 0x00,
    0x00, 0x00, 0x00, 0x00, 0x00, 0x00, 0x00, 0x00, 0x00, 0x00, 0x00, 0x00, 0x00, 0x00, 0x00, 0x00,
    0x00, 0x00, 0x00, 0x00, 0x00, 0x00, 0x00, 0x00, 0x00, 0x00, 0x00, 0x00, 0x00, 0x00, 0x00, 0x00,
    0x00, 0x00, 0x00, 0x00, 0x00, 0x00, 0x00, 0x00, 0x00, 0x00, 0x00, 0x00, 0x00, 0x00, 0x00, 0x00,
    0x00, 0x00, 0x00, 0x00, 0x00, 0x00, 0x00, 0x00, 0x00, 0x00, 0x00, 0x00, 0x00, 0x00, 0x00, 0x00,
    0x00, 0x00, 0x00, 0x00, 0x00, 0x00, 0x00, 0x00, 0x00, 0x00, 0x00, 0x00, 0x00, 0x00, 0x00, 0x00,
    0x00, 0x00, 0x00, 0x00, 0x00, 0x00, 0x00, 0x00, 0x00, 0x00, 0x00, 0x00, 0x00, 0x00, 0x00, 0x00,
    0x00, 0x00, 0x00, 0x00, 0x00, 0x00, 0x00, 0x00, 0x00, 0x00, 0x00, 0x00, 0x00, 0x00, 0x00, 0x00,
    0x00, 0x00, 0x00, 0x00, 0x00, 0x00, 0x00, 0x00, 0x00, 0x00, 0x00, 0x00, 0x00, 0x00, 0x00, 0x00,
    0x00, 0x00, 0x00, 0x00, 0x00, 0x00, 0x00, 0x00, 0x00, 0x00, 0x00, 0x00, 0x00, 0x00, 0x00, 0x00,
    0x00, 0x00, 0x00, 0x00, 0x00, 0x00, 0x00, 0x00, 0x00, 0x00, 0x00, 0x00, 0x00, 0x00, 0x00, 0x00,
    0x00, 0x00, 0x00, 0x00, 0x00, 0x00, 0x00, 0x00, 0x00, 0x00, 0x00, 0x00, 0x00, 0x00, 0x00, 0x00,
    0x00, 0x00, 0x00, 0x00, 0x00, 0x00, 0x00, 0x00, 0x00, 0x00, 0x00, 0x00, 0x00, 0x00, 0x00, 0x00,
    0x00, 0x00, 0x00, 0x00, 0x00, 0x00, 0x00, 0x00, 0x00, 0x00, 0x00, 0x00, 0x00, 0x00, 0x00, 0x00,
    0x00, 0x00, 0x00, 0x00, 0x00, 0x00, 0x00, 0x00, 0x00, 0x00, 0x00, 0x00, 0x00, 0x00, 0x00, 0x00,
    0x00, 0x00, 0x00, 0x00, 0x00, 0x00, 0x00, 0x00, 0x00, 0x00, 0x00, 0x00, 0x00, 0x00, 0x00, 0x00,
    0x00, 0x00, 0x00, 0x00, 0x00, 0x00, 0x00, 0x00, 0x00, 0x00, 0x00, 0x00, 0x00, 0x00, 0x00, 0x00,
    0x00, 0x00, 0x00, 0x00, 0x00, 0x00, 0x00, 0x00, 0x00, 0x00, 0x00, 0x00, 0x00, 0x00, 0x00, 0x00,
    0x00, 0x00, 0x00, 0x00, 0x00, 0x00, 0x00, 0x00, 0x00, 0x00, 0x00, 0x00, 0x00, 0x00, 0x00, 0x00,
    0x00, 0x00, 0x00, 0x00, 0x00, 0x00, 0x00, 0x00, 0x00, 0x00, 0x00, 0x00, 0x00, 0x00, 0x00, 0x00,
    0x00, 0x00, 0x00, 0x00, 0x00, 0x00, 0x00, 0x00, 0x00, 0x00, 0x00, 0x00, 0x00, 0x00, 0x00, 0x00,
    0x00, 0x00, 0x00, 0x00, 0x00, 0x00, 0x00, 0x00, 0x00, 0x00, 0x00, 0x00, 0x00, 0x00, 0x00, 0x00,
    0x00, 0x00, 0x00, 0x00, 0x00, 0x00, 0x00, 0x00, 0x00, 0x00, 0x00, 0x00, 0x00, 0x00, 0x00, 0x00,
    0x00, 0x00, 0x00, 0x00, 0x00, 0x00, 0x00, 0x00, 0x00, 0x00, 0x00, 0x00, 0x00, 0x00, 0x00, 0x00,
    0x00, 0x00, 0x00, 0x00, 0x00, 0x00, 0x00, 0x00, 0x00, 0x00, 0x00, 0x00, 0x00, 0x00, 0x00, 0x00,
    0x00, 0x00, 0x00, 0x00, 0x00, 0x00, 0x00, 0x00, 0x00, 0x00, 0x00, 0x00, 0x00, 0x00, 0x00, 0x00,
    0x00, 0x00, 0x00, 0x00, 0x00, 0x00, 0x00, 0x00, 0x00, 0x00, 0x00, 0x00, 0x00, 0x00, 0x00, 0x00,
    0x00, 0x00, 0x00, 0x00, 0x00, 0x00, 0x00, 0x00, 0x00, 0x00, 0x00, 0x00, 0x00, 0x00, 0x00, 0x00,
    0x00, 0x00, 0x00, 0x00, 0x00, 0x00, 0x00, 0x00, 0x00, 0x00, 0x00, 0x00, 0x00, 0x00, 0x00, 0x00,
    0x00, 0x00, 0x00, 0x00, 0x00, 0x00, 0x00, 0x00, 0x00, 0x00, 0x00, 0x00, 0x00, 0x00, 0x00, 0x00,
    0x00, 0x00, 0x00, 0x00, 0x00, 0x00, 0x00, 0x00, 0x00, 0x00, 0x00, 0x00, 0x00, 0x00, 0x00, 0x00,
    0x00, 0x00, 0x00, 0x00, 0x00, 0x00, 0x00, 0x00, 0x00, 0x00, 0x00, 0x00, 0x00, 0x00, 0x00, 0x00,
    0x00, 0x00, 0x00, 0x00, 0x00, 0x00, 0x00, 0x00, 0x00, 0x00, 0x00, 0x00, 0x00, 0x00, 0x00, 0x00,
    0x00, 0x00, 0x00, 0x00, 0x00, 0x00, 0x00, 0x00, 0x00, 0x00, 0x00, 0x00, 0x00, 0x00, 0x00, 0x00,
    0x00, 0x00, 0x00, 0x00, 0x00, 0x00, 0x00, 0x00, 0x00, 0x00, 0x00, 0x00, 0x00, 0x00, 0x00, 0x00,
    0x00, 0x00, 0x00, 0x00, 0x00, 0x00, 0x00, 0x00, 0x00, 0x00, 0x00, 0x00, 0x00, 0x00, 0x00, 0x00,
    0x00, 0x00, 0x00, 0x00, 0x00, 0x00, 0x00, 0x00, 0x00, 0x00, 0x00, 0x00, 0x00, 0x00, 0x00, 0x00,
    0x00, 0x00, 0x00, 0x00, 0x00, 0x00, 0x00, 0x00, 0x00, 0x00, 0x00, 0x00, 0x00, 0x00, 0x00, 0x00,
    0x00, 0x00, 0x00, 0x00, 0x00, 0x00, 0x00, 0x00, 0x00, 0x00, 0x00, 0x00, 0x00, 0x00, 0x00, 0x00,
    0x00, 0x00, 0x00, 0x00, 0x00, 0x00, 0x00, 0x00, 0x00, 0x00, 0x00, 0x00, 0x00, 0x00, 0x00, 0x00,
    0x00, 0x00, 0x00, 0x00, 0x00, 0x00, 0x00, 0x00, 0x00, 0x00, 0x00, 0x00, 0x00, 0x00, 0x00, 0x00,
    0x00, 0x00, 0x00, 0x00, 0x00, 0x00, 0x00, 0x00, 0x00, 0x00, 0x00, 0x00, 0x00, 0x00, 0x00, 0x00,
    0x00, 0x00, 0x00, 0x00, 0x00, 0x00, 0x00, 0x00, 0x00, 0x00, 0x00, 0x00, 0x00, 0x00, 0x00, 0x00,
    0x00, 0x00, 0x00, 0x00, 0x00, 0x00, 0x00, 0x00, 0x00, 0x00, 0x00, 0x00, 0x00, 0x00, 0x00, 0x00,
    0x00, 0x00, 0x00, 0x00, 0x00, 0x00, 0x00, 0x00, 0x00, 0x00, 0x00, 0x00, 0x00, 0x00, 0x00, 0x00,
    0x00, 0x00, 0x00, 0x00, 0x00, 0x00, 0x00, 0x00, 0x00, 0x00, 0x00, 0x00, 0x00, 0x00, 0x00, 0x00,
    0x00, 0x00, 0x00, 0x00, 0x00, 0x00, 0x00, 0x00, 0x00, 0x00, 0x00, 0x00, 0x00, 0x00, 0x00, 0x00,
    0x00, 0x00, 0x00, 0x00, 0x00, 0x00, 0x00, 0x00, 0x00, 0x00, 0x00, 0x00, 0x00, 0x00, 0x00, 0x00,
    0x00, 0x00, 0x00, 0x00, 0x00, 0x00, 0x00, 0x00, 0x00, 0x00, 0x00, 0x00, 0x00, 0x00, 0x00, 0x00,
    0x00, 0x00, 0x00, 0x00, 0x00, 0x00, 0x00, 0x00, 0x00, 0x00, 0x00, 0x00, 0x00, 0x00, 0x00, 0x00,
    0x00, 0x00, 0x00, 0x00, 0x00, 0x00, 0x00, 0x00, 0x00, 0x00, 0x00, 0x00, 0x00, 0x00, 0x00, 0x00,
    0x00, 0x00, 0x00, 0x00, 0x00, 0x00, 0x00, 0x00, 0x00, 0x00, 0x00, 0x00, 0x00, 0x00, 0x00, 0x00,
    0x00, 0x00, 0x00, 0x00, 0x00, 0x00, 0x00, 0x00, 0x00, 0x00, 0x00, 0x00, 0x00, 0x00, 0x00, 0x00,
    0x00, 0x00, 0x00, 0x00, 0x00, 0x00, 0x00, 0x00, 0x00, 0x00, 0x00, 0x00, 0x00, 0x00, 0x00, 0x00,
    0x00, 0x00, 0x00, 0x00, 0x00, 0x00, 0x00, 0x00, 0x00, 0x00, 0x00, 0x00, 0x00, 0x00, 0x00, 0x00,
    0x00, 0x00, 0x00, 0x00, 0x00, 0x00, 0x00, 0x00, 0x00, 0x00, 0x00, 0x00, 0x00, 0x00, 0x00, 0x00,
    0x00, 0x00, 0x00, 0x00, 0x00, 0x00, 0x00, 0x00, 0x00, 0x00, 0x00, 0x00, 0x00, 0x00, 0x00, 0x00,
    0x00, 0x00, 0x00, 0x00, 0x00, 0x00, 0x00, 0x00, 0x00, 0x00, 0x00, 0x00, 0x00, 0x00, 0x00, 0x00,
    0x00, 0x00, 0x00, 0x00, 0x00, 0x00, 0x00, 0x00, 0x00, 0x00, 0x00, 0x00, 0x00, 0x00, 0x00, 0x00,
    0x00, 0x00, 0x00, 0x00, 0x00, 0x00, 0x00, 0x00, 0x00, 0x00, 0x00, 0x00, 0x00, 0x00, 0x00, 0x00,
    0x00, 0x00, 0x00, 0x00, 0x00, 0x00, 0x00, 0x00, 0x00, 0x00, 0x00, 0x00, 0x00, 0x00, 0x00, 0x00,
    0x00, 0x00, 0x00, 0x00, 0x00, 0x00, 0x00, 0x00, 0x00, 0x00, 0x00, 0x00, 0x00, 0x00, 0x00, 0x00,
    0x00, 0x00, 0x00, 0x00, 0x00, 0x00, 0x00, 0x00, 0x00, 0x00, 0x00, 0x00, 0x00, 0x00, 0x00, 0x00,
    0x00, 0x00, 0x00, 0x00, 0x00, 0x00, 0x00, 0x00, 0x00, 0x00, 0x00, 0x00, 0x00, 0x00, 0x00, 0x00,
    0x00, 0x00, 0x00, 0x00, 0x00, 0x00, 0x00, 0x00, 0x00, 0x00, 0x00, 0x00, 0x00, 0x00, 0x00, 0x00,
    0x00, 0x00, 0x00, 0x00, 0x00, 0x00, 0x00, 0x00, 0x00, 0x00, 0x00, 0x00, 0x00, 0x00, 0x00, 0x00,
    0x00, 0x00, 0x00, 0x00, 0x00, 0x00, 0x00, 0x00, 0x00, 0x00, 0x00, 0x00, 0x00, 0x00, 0x00, 0x00,
    0x00, 0x00, 0x00, 0x00, 0x00, 0x00, 0x00, 0x00, 0x00, 0x00, 0x00, 0x00, 0x00, 0x00, 0x00, 0x00,
    0x00, 0x00, 0x00, 0x00, 0x00, 0x00, 0x00, 0x00, 0x00, 0x00, 0x00, 0x00, 0x00, 0x00, 0x00, 0x00,
    0x00, 0x00, 0x00, 0x00, 0x00, 0x00, 0x00, 0x00, 0x00, 0x00, 0x00, 0x00, 0x00, 0x00, 0x00, 0x00,
    0x00, 0x00, 0x00, 0x00, 0x00, 0x00, 0x00, 0x00, 0x00, 0x00, 0x00, 0x00, 0x00, 0x00, 0x00, 0x00,
    0x00, 0x00, 0x00, 0x00, 0x00, 0x00, 0x00, 0x00, 0x00, 0x00, 0x00, 0x00, 0x00, 0x00, 0x00, 0x00,
    0x00, 0x00, 0x00, 0x00, 0x00, 0x00, 0x00, 0x00, 0x00, 0x00, 0x00, 0x00, 0x00, 0x00, 0x00, 0x00,
    0x00, 0x00, 0x00, 0x00, 0x00, 0x00, 0x00, 0x00, 0x00, 0x00, 0x00, 0x00, 0x00, 0x00, 0x00, 0x00,
    0x00, 0x00, 0x00, 0x00, 0x00, 0x00, 0x00, 0x00, 0x00, 0x00, 0x00, 0x00, 0x00, 0x00, 0x00, 0x00,
    0x00, 0x00, 0x00, 0x00, 0x00, 0x00, 0x00, 0x00, 0x00, 0x00, 0x00, 0x00, 0x00, 0x00, 0x00, 0x00,
    0x00, 0x00, 0x00, 0x00, 0x00, 0x00, 0x00, 0x00, 0x00, 0x00, 0x00, 0x00, 0x00, 0x00, 0x00, 0x00,
    0x00, 0x00, 0x00, 0x00, 0x00, 0x00, 0x00, 0x00, 0x00, 0x00, 0x00, 0x00, 0x00, 0x00, 0x00, 0x00,
    0x00, 0x00, 0x00, 0x00, 0x00, 0x00, 0x00, 0x00, 0x00, 0x00, 0x00, 0x00, 0x00, 0x00, 0x00, 0x00,
    0x00, 0x00, 0x00, 0x00, 0x00, 0x00, 0x00, 0x00, 0x00, 0x00, 0x00, 0x00, 0x00, 0x00, 0x00, 0x00,
    0x00, 0x00, 0x00, 0x00, 0x00, 0x00, 0x00, 0x00, 0x00, 0x00, 0x00, 0x00, 0x00, 0x00, 0x00, 0x00,
    0x00, 0x00, 0x00, 0x00, 0x00, 0x00, 0x00, 0x00, 0x00, 0x00, 0x00, 0x00, 0x00, 0x00, 0x00, 0x00,
    0x00, 0x00, 0x00, 0x00, 0x00, 0x00, 0x00, 0x00, 0x00, 0x00, 0x00, 0x00, 0x00, 0x00, 0x00, 0x00,
    0x00, 0x00, 0x00, 0x00, 0x00, 0x00, 0x00, 0x00, 0x00, 0x00, 0x00, 0x00, 0x00, 0x00, 0x00, 0x00,
    0x00, 0x00, 0x00, 0x00, 0x00, 0x00, 0x00, 0x00, 0x00, 0x00, 0x00, 0x00, 0x00, 0x00, 0x00, 0x00,
    0x00, 0x00, 0x00, 0x00, 0x00, 0x00, 0x00, 0x00, 0x00, 0x00, 0x00, 0x00, 0x00, 0x00, 0x00, 0x00,
    0x00, 0x00, 0x00, 0x00, 0x00, 0x00, 0x00, 0x00, 0x00, 0x00, 0x00, 0x00, 0x00, 0x00, 0x00, 0x00,
    0x00, 0x00, 0x00, 0x00, 0x00, 0x00, 0x00, 0x00, 0x00, 0x00, 0x00, 0x00, 0x00, 0x00, 0x00, 0x00,
    0x00, 0x00, 0x00, 0x00, 0x00, 0x00, 0x00, 0x00, 0x00, 0x00, 0x00, 0x00, 0x00, 0x00, 0x00, 0x00,
    0x00, 0x00, 0x00, 0x00, 0x00, 0x00, 0x00, 0x00, 0x00, 0x00, 0x00, 0x00, 0x00, 0x00, 0x00, 0x00,
    0x00, 0x00, 0x00, 0x00, 0x00, 0x00, 0x00, 0x00, 0x00, 0x00, 0x00, 0x00, 0x00, 0x00, 0x00, 0x00,
    0x00, 0x00, 0x00, 0x00, 0x00, 0x00, 0x00, 0x00, 0x00, 0x00, 0x00, 0x00, 0x00, 0x00, 0x00, 0x00,
    0x00, 0x00, 0x00, 0x00, 0x00, 0x00, 0x00, 0x00, 0x00, 0x00, 0x00, 0x00, 0x00, 0x00, 0x00, 0x00,
    0x00, 0x00, 0x00, 0x00, 0x00, 0x00, 0x00, 0x00, 0x00, 0x00, 0x00, 0x00, 0x00, 0x00, 0x00, 0x00,
    0x00, 0x00, 0x00, 0x00, 0x00, 0x00, 0x00, 0x00, 0x00, 0x00, 0x00, 0x00, 0x00, 0x00, 0x00, 0x00,
    0x00, 0x00, 0x00, 0x00, 0x00, 0x00, 0x00, 0x00, 0x00, 0x00, 0x00, 0x00, 0x00, 0x00, 0x00, 0x00,
    0x00, 0x00, 0x00, 0x00, 0x00, 0x00, 0x00, 0x00, 0x00, 0x00, 0x00, 0x00, 0x00, 0x00, 0x00, 0x00,
    0x00, 0x00, 0x00, 0x00, 0x00, 0x00, 0x00, 0x00, 0x00, 0x00, 0x00, 0x00, 0x00, 0x00, 0x00, 0x00,
    0x00, 0x00, 0x00, 0x00, 0x00, 0x00, 0x00, 0x00, 0x00, 0x00, 0x00, 0x00, 0x00, 0x00, 0x00, 0x00,
    0x00, 0x00, 0x00, 0x00, 0x00, 0x00, 0x00, 0x00, 0x00, 0x00, 0x00, 0x00, 0x00, 0x00, 0x00, 0x00,
    0x00, 0x00, 0x00, 0x00, 0x00, 0x00, 0x00, 0x00, 0x00, 0x00, 0x00, 0x00, 0x00, 0x00, 0x00, 0x00,
    0x00, 0x00, 0x00, 0x00, 0x00, 0x00, 0x00, 0x00, 0x00, 0x00, 0x00, 0x00, 0x00, 0x00, 0x00, 0x00,
    0x00, 0x00, 0x00, 0x00, 0x00, 0x00, 0x00, 0x00, 0x00, 0x00, 0x00, 0x00, 0x00, 0x00, 0x00, 0x00,
    0x00, 0x00, 0x00, 0x00, 0x00, 0x00, 0x00, 0x00, 0x00, 0x00, 0x00, 0x00, 0x00, 0x00, 0x00, 0x00,
    0x00, 0x00, 0x00, 0x00, 0x00, 0x00, 0x00, 0x00, 0x00, 0x00, 0x00, 0x00, 0x00, 0x00, 0x00, 0x00,
    0x00, 0x00, 0x00, 0x00, 0x00, 0x00, 0x00, 0x00, 0x00, 0x00, 0x00, 0x00, 0x00, 0x00, 0x00, 0x00,
    0x00, 0x00, 0x00, 0x00, 0x00, 0x00, 0x00, 0x00, 0x00, 0x00, 0x00, 0x00, 0x00, 0x00, 0x00, 0x00,
    0x00, 0x00, 0x00, 0x00, 0x00, 0x00, 0x00, 0x00, 0x00, 0x00, 0x00, 0x00, 0x00, 0x00, 0x00, 0x00,
    0x00, 0x00, 0x00, 0x00, 0x00, 0x00, 0x00, 0x00, 0x00, 0x00, 0x00, 0x00, 0x00, 0x00, 0x00, 0x00,
    0x00, 0x00, 0x00, 0x00, 0x00, 0x00, 0x00, 0x00, 0x00, 0x00, 0x00, 0x00, 0x00, 0x00, 0x00, 0x00,
    0x00, 0x00, 0x00, 0x00, 0x00, 0x00, 0x00, 0x00, 0x00, 0x00, 0x00, 0x00, 0x00, 0x00, 0x00, 0x00,
    0x00, 0x00, 0x00, 0x00, 0x00, 0x00, 0x00, 0x00, 0x00, 0x00, 0x00, 0x00, 0x00, 0x00, 0x00, 0x00,
    0x00, 0x00, 0x00, 0x00, 0x00, 0x00, 0x00, 0x00, 0x00, 0x00, 0x00, 0x00, 0x00, 0x00, 0x00, 0x00,
    0x00, 0x00, 0x00, 0x00, 0x00, 0x00, 0x00, 0x00, 0x00, 0x00, 0x00, 0x00, 0x00, 0x00, 0x00, 0x00,
    0x00, 0x00, 0x00, 0x00, 0x00, 0x00, 0x00, 0x00, 0x00, 0x00, 0x00, 0x00, 0x00, 0x00, 0x00, 0x00,
    0x00, 0x00, 0x00, 0x00, 0x00, 0x00, 0x00, 0x00, 0x00, 0x00, 0x00, 0x00, 0x00, 0x00, 0x00, 0x00,
    0x00, 0x00, 0x00, 0x00, 0x00, 0x00, 0x00, 0x00, 0x00, 0x00, 0x00, 0x00, 0x00, 0x00, 0x00, 0x00,
    0x00, 0x00, 0x00, 0x00, 0x00, 0x00, 0x00, 0x00, 0x00, 0x00, 0x00, 0x00, 0x00, 0x00, 0x00, 0x00,
    0x00, 0x00, 0x00, 0x00, 0x00, 0x00, 0x00, 0x00, 0x00, 0x00, 0x00, 0x00, 0x00, 0x00, 0x00, 0x00,
    0x00, 0x00, 0x00, 0x00, 0x00, 0x00, 0x00, 0x00, 0x00, 0x00, 0x00, 0x00, 0x00, 0x00, 0x00, 0x00,
    0x00, 0x00, 0x00, 0x00, 0x00, 0x00, 0x00, 0x00, 0x00, 0x00, 0x00, 0x00, 0x00, 0x00, 0x00, 0x00,
    0x00, 0x00, 0x00, 0x00, 0x00, 0x00, 0x00, 0x00, 0x00, 0x00, 0x00, 0x00, 0x00, 0x00, 0x00, 0x00,
    0x00, 0x00, 0x00, 0x00, 0x00, 0x00, 0x00, 0x00, 0x00, 0x00, 0x00, 0x00, 0x00, 0x00, 0x00, 0x00,
    0x00, 0x00, 0x00, 0x00, 0x00, 0x00, 0x00, 0x00, 0x00, 0x00, 0x00, 0x00, 0x00, 0x00, 0x00, 0x00,
    0x00, 0x00, 0x00, 0x00, 0x00, 0x00, 0x00, 0x00, 0x00, 0x00, 0x00, 0x00, 0x00, 0x00, 0x00, 0x00,
    0x00, 0x00, 0x00, 0x00, 0x00, 0x00, 0x00, 0x00, 0x00, 0x00, 0x00, 0x00, 0x00, 0x00, 0x00, 0x00,
    0x00, 0x00, 0x00, 0x00, 0x00, 0x00, 0x00, 0x00, 0x00, 0x00, 0x00, 0x00, 0x00, 0x00, 0x00, 0x00,
    0x00, 0x00, 0x00, 0x00, 0x00, 0x00, 0x00, 0x00, 0x00, 0x00, 0x00, 0x00, 0x00, 0x00, 0x00, 0x00,
    0x00, 0x00, 0x00, 0x00, 0x00, 0x00, 0x00, 0x00, 0x00, 0x00, 0x00, 0x00, 0x00, 0x00, 0x00, 0x00,
    0x00, 0x00, 0x00, 0x00, 0x00, 0x00, 0x00, 0x00, 0x00, 0x00, 0x00, 0x00, 0x00, 0x00, 0x00, 0x00,
    0x00, 0x00, 0x00, 0x00, 0x00, 0x00, 0x00, 0x00, 0x00, 0x00, 0x00, 0x00, 0x00, 0x00, 0x00, 0x00,
    0x00, 0x00, 0x00, 0x00, 0x00, 0x00, 0x00, 0x00, 0x00, 0x00, 0x00, 0x00, 0x00, 0x00, 0x00, 0x00,
    0x00, 0x45, 0x4E, 0x44, 0x54,
};
