// Generated with `xb buildshaders`.
const uint8_t texture_load_r5g5b6_b5g6r5_swizzle_rbga_cs_metallib[] = {
    0x4D, 0x54, 0x4C, 0x42, 0x01, 0x80, 0x02, 0x00, 0x09, 0x00, 0x00, 0x81, 0x1A, 0x00, 0x00, 0x00,
    0x8D, 0xA0, 0x00, 0x00, 0x00, 0x00, 0x00, 0x00, 0x58, 0x00, 0x00, 0x00, 0x00, 0x00, 0x00, 0x00,
    0x8E, 0x00, 0x00, 0x00, 0x00, 0x00, 0x00, 0x00, 0x04, 0x01, 0x00, 0x00, 0x00, 0x00, 0x00, 0x00,
    0x08, 0x00, 0x00, 0x00, 0x00, 0x00, 0x00, 0x00, 0x0C, 0x01, 0x00, 0x00, 0x00, 0x00, 0x00, 0x00,
    0xE3, 0x00, 0x00, 0x00, 0x00, 0x00, 0x00, 0x00, 0xEF, 0x01, 0x00, 0x00, 0x00, 0x00, 0x00, 0x00,
    0xD0, 0x24, 0x00, 0x00, 0x00, 0x00, 0x00, 0x00, 0x01, 0x00, 0x00, 0x00, 0x8E, 0x00, 0x00, 0x00,
    0x4E, 0x41, 0x4D, 0x45, 0x0B, 0x00, 0x78, 0x65, 0x73, 0x6C, 0x5F, 0x65, 0x6E, 0x74, 0x72, 0x79,
    0x00, 0x54, 0x59, 0x50, 0x45, 0x01, 0x00, 0x02, 0x48, 0x41, 0x53, 0x48, 0x20, 0x00, 0x04, 0x97,
    0x65, 0xF0, 0x6E, 0x9A, 0xB0, 0x3F, 0xAE, 0x4D, 0x48, 0x1E, 0xD7, 0xF1, 0x4F, 0x8D, 0xB5, 0x7D,
    0xA6, 0x78, 0x84, 0xB1, 0x47, 0xEB, 0xC8, 0x57, 0xF8, 0x5A, 0xCD, 0x68, 0xC3, 0x48, 0x4D, 0x44,
    0x53, 0x5A, 0x08, 0x00, 0xD0, 0x24, 0x00, 0x00, 0x00, 0x00, 0x00, 0x00, 0x4F, 0x46, 0x46, 0x54,
    0x18, 0x00, 0x00, 0x00, 0x00, 0x00, 0x00, 0x00, 0x00, 0x00, 0x00, 0x00, 0x00, 0x00, 0x00, 0x00,
    0x00, 0x00, 0x00, 0x00, 0x00, 0x00, 0x00, 0x00, 0x00, 0x00, 0x56, 0x45, 0x52, 0x53, 0x08, 0x00,
    0x02, 0x00, 0x08, 0x00, 0x03, 0x00, 0x00, 0x00, 0x53, 0x4F, 0x46, 0x46, 0x08, 0x00, 0x97, 0x01,
    0x00, 0x00, 0x00, 0x00, 0x00, 0x00, 0x45, 0x4E, 0x44, 0x54, 0x48, 0x53, 0x52, 0x44, 0x10, 0x00,
    0xBF, 0x26, 0x00, 0x00, 0x00, 0x00, 0x00, 0x00, 0xCE, 0x79, 0x00, 0x00, 0x00, 0x00, 0x00, 0x00,
    0x45, 0x4E, 0x44, 0x54, 0x04, 0x00, 0x00, 0x00, 0x45, 0x4E, 0x44, 0x54, 0xDF, 0x00, 0x00, 0x00,
    0x44, 0x45, 0x42, 0x49, 0x7B, 0x00, 0x10, 0x00, 0x00, 0x00, 0x2F, 0x55, 0x73, 0x65, 0x72, 0x73,
    0x2F, 0x77, 0x6D, 0x61, 0x72, 0x74, 0x69, 0x2F, 0x44, 0x6F, 0x63, 0x75, 0x6D, 0x65, 0x6E, 0x74,
    0x73, 0x2F, 0x78, 0x65, 0x6E, 0x69, 0x61, 0x2D, 0x6D, 0x61, 0x63, 0x2F, 0x73, 0x63, 0x72, 0x61,
    0x74, 0x63, 0x68, 0x2F, 0x77, 0x6F, 0x72, 0x6B, 0x74, 0x72, 0x65, 0x65, 0x73, 0x2F, 0x78, 0x65,
    0x6E, 0x69, 0x61, 0x2D, 0x63, 0x61, 0x6E, 0x61, 0x72, 0x79, 0x2D, 0x72, 0x65, 0x62, 0x61, 0x73,
    0x65, 0x2F, 0x73, 0x72, 0x63, 0x2F, 0x78, 0x65, 0x6E, 0x69, 0x61, 0x2F, 0x67, 0x70, 0x75, 0x2F,
    0x73, 0x68, 0x61, 0x64, 0x65, 0x72, 0x73, 0x2F, 0x74, 0x65, 0x78, 0x74, 0x75, 0x72, 0x65, 0x5F,
    0x6C, 0x6F, 0x61, 0x64, 0x5F, 0x31, 0x36, 0x62, 0x70, 0x62, 0x2E, 0x78, 0x65, 0x73, 0x6C, 0x69,
    0x00, 0x44, 0x45, 0x50, 0x46, 0x54, 0x00, 0x73, 0x72, 0x63, 0x2F, 0x78, 0x65, 0x6E, 0x69, 0x61,
    0x2F, 0x67, 0x70, 0x75, 0x2F, 0x73, 0x68, 0x61, 0x64, 0x65, 0x72, 0x73, 0x2F, 0x62, 0x79, 0x74,
    0x65, 0x63, 0x6F, 0x64, 0x65, 0x2F, 0x6D, 0x65, 0x74, 0x61, 0x6C, 0x2F, 0x74, 0x65, 0x78, 0x74,
    0x75, 0x72, 0x65, 0x5F, 0x6C, 0x6F, 0x61, 0x64, 0x5F, 0x72, 0x35, 0x67, 0x35, 0x62, 0x36, 0x5F,
    0x62, 0x35, 0x67, 0x36, 0x72, 0x35, 0x5F, 0x73, 0x77, 0x69, 0x7A, 0x7A, 0x6C, 0x65, 0x5F, 0x72,
    0x62, 0x67, 0x61, 0x5F, 0x63, 0x73, 0x2E, 0x61, 0x69, 0x72, 0x00, 0x45, 0x4E, 0x44, 0x54, 0xDE,
    0xC0, 0x17, 0x0B, 0x00, 0x00, 0x00, 0x00, 0x14, 0x00, 0x00, 0x00, 0xBC, 0x24, 0x00, 0x00, 0xFF,
    0xFF, 0xFF, 0xFF, 0x42, 0x43, 0xC0, 0xDE, 0x35, 0x14, 0x00, 0x00, 0x03, 0x00, 0x00, 0x00, 0x62,
    0x0C, 0x30, 0x24, 0x80, 0x10, 0x05, 0xC8, 0x14, 0x00, 0x00, 0x00, 0x21, 0x0C, 0x00, 0x00, 0xCD,
    0x08, 0x00, 0x00, 0x0B, 0x02, 0x21, 0x00, 0x02, 0x00, 0x00, 0x00, 0x16, 0x00, 0x00, 0x00, 0x07,
    0x81, 0x23, 0x91, 0x41, 0xC8, 0x04, 0x49, 0x06, 0x10, 0x32, 0x39, 0x92, 0x01, 0x84, 0x0C, 0x25,
    0x05, 0x08, 0x19, 0x1E, 0x04, 0x8B, 0x62, 0x80, 0x14, 0x45, 0x02, 0x42, 0x92, 0x0B, 0x42, 0xA4,
    0x10, 0x32, 0x14, 0x38, 0x08, 0x18, 0x4B, 0x0A, 0x32, 0x52, 0x88, 0x48, 0x70, 0xC4, 0x21, 0x23,
    0x44, 0x12, 0x87, 0x8C, 0x10, 0x41, 0x92, 0x02, 0x64, 0xC8, 0x08, 0xB1, 0x14, 0x20, 0x43, 0x46,
    0x88, 0x20, 0xC9, 0x01, 0x32, 0x52, 0x84, 0x18, 0x2A, 0x28, 0x2A, 0x90, 0x31, 0x7C, 0xB0, 0x5C,
    0x91, 0x20, 0xC5, 0xC8, 0x00, 0x00, 0x00, 0x89, 0x20, 0x00, 0x00, 0x29, 0x00, 0x00, 0x00, 0x32,
    0x22, 0x48, 0x09, 0x20, 0x62, 0x46, 0x00, 0x21, 0x2B, 0x24, 0x98, 0x14, 0x21, 0x25, 0x24, 0x98,
    0x14, 0x19, 0x27, 0x0C, 0x85, 0xA4, 0x90, 0x60, 0x52, 0x64, 0x5C, 0x20, 0x24, 0x65, 0x82, 0x40,
    0x1B, 0x01, 0x98, 0x23, 0x00, 0x83, 0x61, 0x84, 0x21, 0xC0, 0x3B, 0x90, 0xA6, 0x88, 0x12, 0x26,
    0xFF, 0x22, 0xA4, 0xE5, 0x47, 0x86, 0x5F, 0x70, 0x1A, 0x69, 0x02, 0x9A, 0x69, 0xA3, 0x8A, 0x82,
    0x88, 0xFE, 0x8B, 0xF8, 0x27, 0xE2, 0x9A, 0xA8, 0x88, 0xF8, 0x17, 0x07, 0x18, 0x7E, 0xC1, 0x69,
    0xA4, 0x09, 0x68, 0x26, 0x29, 0x21, 0x21, 0x84, 0x20, 0x42, 0x08, 0x83, 0x08, 0x83, 0x30, 0x8C,
    0x40, 0x04, 0x83, 0x08, 0x45, 0x60, 0x0A, 0x40, 0x8C, 0x11, 0x74, 0xCC, 0x10, 0x42, 0xA0, 0x34,
    0x47, 0x80, 0x0C, 0x23, 0x08, 0x81, 0x79, 0xC2, 0x5A, 0x81, 0x85, 0x10, 0x44, 0x08, 0x41, 0x84,
    0x40, 0x6D, 0x8E, 0x20, 0x18, 0x46, 0x10, 0x1E, 0x23, 0x3C, 0x48, 0x71, 0x20, 0x40, 0x05, 0xC2,
    0x1C, 0x01, 0x28, 0x0C, 0x22, 0x08, 0xC2, 0x30, 0xC2, 0xF0, 0x4C, 0x01, 0x0C, 0x22, 0x04, 0x02,
    0x00, 0x00, 0x00, 0x51, 0x18, 0x00, 0x00, 0xDD, 0x00, 0x00, 0x00, 0x1B, 0xF6, 0x23, 0xF8, 0xFF,
    0xFF, 0xFF, 0xFF, 0x01, 0x68, 0x03, 0x60, 0x0D, 0x00, 0x53, 0x00, 0xFC, 0x00, 0xF8, 0x03, 0x40,
    0x02, 0xFA, 0x80, 0x08, 0x07, 0x78, 0x80, 0x07, 0x79, 0x78, 0x07, 0x7C, 0x68, 0x03, 0x73, 0xA8,
    0x07, 0x77, 0x18, 0x87, 0x36, 0x30, 0x07, 0x78, 0x68, 0x83, 0x76, 0x08, 0x07, 0x7A, 0x40, 0x07,
    0x80, 0x1E, 0xE4, 0xA1, 0x1E, 0xCA, 0x01, 0x20, 0xCC, 0x41, 0x1E, 0xC2, 0xA1, 0x1D, 0xCA, 0xA1,
    0x0D, 0xE0, 0xE1, 0x1D, 0xD2, 0xC1, 0x1D, 0xE8, 0xA1, 0x1C, 0xE4, 0x01, 0x08, 0x07, 0x76, 0x60,
    0x07, 0x80, 0x68, 0x87, 0x74, 0x70, 0x87, 0x36, 0x60, 0x87, 0x72, 0x38, 0x87, 0x70, 0x60, 0x87,
    0x36, 0xB0, 0x87, 0x72, 0x18, 0x07, 0x7A, 0x78, 0x07, 0x79, 0x68, 0x83, 0x7B, 0x48, 0x07, 0x72,
    0xA0, 0x07, 0x74, 0x00, 0xE2, 0x40, 0x0E, 0xF0, 0x00, 0x18, 0xDC, 0xE1, 0x1D, 0xDA, 0x40, 0x1C,
    0xEA, 0x21, 0x1D, 0xD8, 0x81, 0x1E, 0xD2, 0xC1, 0x1D, 0xE6, 0x01, 0x20, 0xDC, 0xE1, 0x1D, 0xDA,
    0x20, 0x1D, 0xDC, 0xC1, 0x1C, 0xE6, 0xA1, 0x0D, 0xCC, 0x01, 0x1E, 0xDA, 0xA0, 0x1D, 0xC2, 0x81,
    0x1E, 0xD0, 0x01, 0xA0, 0x07, 0x79, 0xA8, 0x87, 0x72, 0x00, 0x08, 0x77, 0x78, 0x87, 0x36, 0x70,
    0x87, 0x70, 0x70, 0x87, 0x79, 0x68, 0x03, 0x73, 0x80, 0x87, 0x36, 0x68, 0x87, 0x70, 0xA0, 0x07,
    0x74, 0x00, 0xE8, 0x41, 0x1E, 0xEA, 0xA1, 0x1C, 0x00, 0xC2, 0x1D, 0xDE, 0xA1, 0x0D, 0xE6, 0x21,
    0x1D, 0xCE, 0xC1, 0x1D, 0xCA, 0x81, 0x1C, 0xDA, 0x40, 0x1F, 0xCA, 0x41, 0x1E, 0xDE, 0x61, 0x1E,
    0xDA, 0xC0, 0x1C, 0xE0, 0xA1, 0x0D, 0xDA, 0x21, 0x1C, 0xE8, 0x01, 0x1D, 0x00, 0x7A, 0x90, 0x87,
    0x7A, 0x28, 0x07, 0x80, 0x70, 0x87, 0x77, 0x68, 0x03, 0x7A, 0x90, 0x87, 0x70, 0x80, 0x07, 0x78,
    0x48, 0x07, 0x77, 0x38, 0x87, 0x36, 0x68, 0x87, 0x70, 0xA0, 0x07, 0x74, 0x00, 0xE8, 0x41, 0x1E,
    0xEA, 0xA1, 0x1C, 0x00, 0x62, 0x1E, 0xE8, 0x21, 0x1C, 0xC6, 0x61, 0x1D, 0xDA, 0x00, 0x1E, 0xE4,
    0xE1, 0x1D, 0xE8, 0xA1, 0x1C, 0xC6, 0x81, 0x1E, 0xDE, 0x41, 0x1E, 0xDA, 0x40, 0x1C, 0xEA, 0xC1,
    0x1C, 0xCC, 0xA1, 0x1C, 0xE4, 0xA1, 0x0D, 0xE6, 0x21, 0x1D, 0xF4, 0xA1, 0x1C, 0x00, 0x3C, 0x00,
    0x88, 0x7A, 0x70, 0x87, 0x79, 0x08, 0x07, 0x73, 0x28, 0x87, 0x36, 0x30, 0x07, 0x78, 0x68, 0x83,
    0x76, 0x08, 0x07, 0x7A, 0x40, 0x07, 0x80, 0x1E, 0xE4, 0xA1, 0x1E, 0xCA, 0x01, 0xD8, 0x10, 0x06,
    0x42, 0x00, 0x2C, 0x40, 0x15, 0x04, 0x50, 0x90, 0x06, 0x70, 0x30, 0x84, 0x43, 0x3A, 0xC8, 0x43,
    0x1B, 0x88, 0x43, 0x3D, 0x98, 0x83, 0x39, 0x94, 0x83, 0x3C, 0xB4, 0x81, 0x3B, 0xBC, 0x43, 0x1B,
    0x84, 0x03, 0x3B, 0xA4, 0x43, 0x38, 0xCC, 0x03, 0xB0, 0x61, 0x1B, 0x04, 0x60, 0x01, 0xE8, 0x60,
    0x08, 0x87, 0x74, 0x90, 0x87, 0x36, 0x10, 0x87, 0x7A, 0x30, 0x07, 0x73, 0x28, 0x07, 0x79, 0x68,
    0x03, 0x77, 0x78, 0x87, 0x36, 0x08, 0x07, 0x76, 0x48, 0x87, 0x70, 0x98, 0x07, 0x60, 0xC3, 0x46,
    0x0C, 0xC0, 0x02, 0x54, 0x43, 0x38, 0xA4, 0x83, 0x3C, 0xB4, 0x81, 0x38, 0xD4, 0x83, 0x39, 0x98,
    0x43, 0x39, 0xC8, 0x43, 0x1B, 0xB8, 0xC3, 0x3B, 0xB4, 0x41, 0x38, 0xB0, 0x43, 0x3A, 0x84, 0xC3,
    0x3C, 0x00, 0x1B, 0x9C, 0xE2, 0xFF, 0xFF, 0xFF, 0xFF, 0x07, 0xC0, 0x14, 0x00, 0x3F, 0x00, 0xFE,
    0x00, 0x90, 0x00, 0x0A, 0xE8, 0x83, 0x0D, 0xFA, 0x61, 0xFC, 0xFF, 0xFF, 0xFF, 0xFF, 0x00, 0x98,
    0x02, 0xE0, 0x07, 0x00, 0x1C, 0x00, 0x7F, 0x00, 0x48, 0x00, 0x05, 0xF4, 0x01, 0x11, 0x0E, 0xF0,
    0x00, 0x0F, 0xF2, 0xF0, 0x0E, 0xF8, 0xD0, 0x06, 0xE6, 0x50, 0x0F, 0xEE, 0x30, 0x0E, 0x6D, 0x60,
    0x0E, 0xF0, 0xD0, 0x06, 0xED, 0x10, 0x0E, 0xF4, 0x80, 0x0E, 0x00, 0x3D, 0xC8, 0x43, 0x3D, 0x94,
    0x03, 0x40, 0x98, 0x83, 0x3C, 0x84, 0x43, 0x3B, 0x94, 0x43, 0x1B, 0xC0, 0xC3, 0x3B, 0xA4, 0x83,
    0x3B, 0xD0, 0x43, 0x39, 0xC8, 0x03, 0x10, 0x0E, 0xEC, 0xC0, 0x0E, 0x00, 0xD1, 0x0E, 0xE9, 0xE0,
    0x0E, 0x6D, 0xC0, 0x0E, 0xE5, 0x70, 0x0E, 0xE1, 0xC0, 0x0E, 0x6D, 0x60, 0x0F, 0xE5, 0x30, 0x0E,
    0xF4, 0xF0, 0x0E, 0xF2, 0xD0, 0x06, 0xF7, 0x90, 0x0E, 0xE4, 0x40, 0x0F, 0xE8, 0x00, 0xE4, 0x81,
    0x1D, 0x00, 0x83, 0x3B, 0xBC, 0x43, 0x1B, 0x88, 0x43, 0x3D, 0xA4, 0x03, 0x3B, 0xD0, 0x43, 0x3A,
    0xB8, 0xC3, 0x3C, 0x00, 0x84, 0x3B, 0xBC, 0x43, 0x1B, 0xA4, 0x83, 0x3B, 0x98, 0xC3, 0x3C, 0xB4,
    0x81, 0x39, 0xC0, 0x43, 0x1B, 0xB4, 0x43, 0x38, 0xD0, 0x03, 0x3A, 0x00, 0xF4, 0x20, 0x0F, 0xF5,
    0x50, 0x0E, 0x00, 0xE1, 0x0E, 0xEF, 0xD0, 0x06, 0xEE, 0x10, 0x0E, 0xEE, 0x30, 0x0F, 0x6D, 0x60,
    0x0E, 0xF0, 0xD0, 0x06, 0xED, 0x10, 0x0E, 0xF4, 0x80, 0x0E, 0x00, 0x3D, 0xC8, 0x43, 0x3D, 0x94,
    0x03, 0x40, 0xB8, 0xC3, 0x3B, 0xB4, 0xC1, 0x3C, 0xA4, 0xC3, 0x39, 0xB8, 0x43, 0x39, 0x90, 0x43,
    0x1B, 0xE8, 0x43, 0x39, 0xC8, 0xC3, 0x3B, 0xCC, 0x43, 0x1B, 0x98, 0x03, 0x3C, 0xB4, 0x41, 0x3B,
    0x84, 0x03, 0x3D, 0xA0, 0x03, 0x40, 0x0F, 0xF2, 0x50, 0x0F, 0xE5, 0x00, 0x10, 0xEE, 0xF0, 0x0E,
    0x6D, 0x40, 0x0F, 0xF2, 0x10, 0x0E, 0xF0, 0x00, 0x0F, 0xE9, 0xE0, 0x0E, 0xE7, 0xD0, 0x06, 0xED,
    0x10, 0x0E, 0xF4, 0x80, 0x0E, 0x00, 0x3D, 0xC8, 0x43, 0x3D, 0x94, 0x03, 0x40, 0xCC, 0x03, 0x3D,
    0x84, 0xC3, 0x38, 0xAC, 0x43, 0x1B, 0xC0, 0x83, 0x3C, 0xBC, 0x03, 0x3D, 0x94, 0xC3, 0x38, 0xD0,
    0xC3, 0x3B, 0xC8, 0x43, 0x1B, 0x88, 0x43, 0x3D, 0x98, 0x83, 0x39, 0x94, 0x83, 0x3C, 0xB4, 0xC1,
    0x3C, 0xA4, 0x83, 0x3E, 0x94, 0x03, 0x80, 0x07, 0x00, 0x51, 0x0F, 0xEE, 0x30, 0x0F, 0xE1, 0x60,
    0x0E, 0xE5, 0xD0, 0x06, 0xE6, 0x00, 0x0F, 0x6D, 0xD0, 0x0E, 0xE1, 0x40, 0x0F, 0xE8, 0x00, 0xD0,
    0x83, 0x3C, 0xD4, 0x43, 0x39, 0x00, 0x1B, 0x90, 0xE3, 0xFF, 0xFF, 0xFF, 0xFF, 0x07, 0x40, 0x02,
    0x28, 0xA0, 0x0F, 0x36, 0x44, 0xC8, 0xFF, 0xFF, 0xFF, 0xFF, 0x0F, 0x80, 0x32, 0xB8, 0xC3, 0x3B,
    0xB4, 0x81, 0x38, 0xD4, 0x43, 0x3A, 0xB0, 0x03, 0x3D, 0xA4, 0x83, 0x3B, 0xCC, 0x03, 0x00, 0x49,
    0x18, 0x00, 0x00, 0x04, 0x00, 0x00, 0x00, 0x13, 0x88, 0x40, 0x18, 0x88, 0x09, 0x41, 0x31, 0x21,
    0x30, 0x26, 0x04, 0xC7, 0x84, 0x00, 0x01, 0x13, 0xB8, 0x70, 0x48, 0x07, 0x79, 0xB0, 0x03, 0x3A,
    0xF8, 0x05, 0x7B, 0x90, 0x03, 0x3C, 0x68, 0x83, 0x70, 0x80, 0x07, 0x78, 0x60, 0x87, 0x72, 0x68,
    0x83, 0x76, 0x08, 0x87, 0x71, 0x78, 0x87, 0x79, 0xC0, 0x07, 0x39, 0xB0, 0x03, 0x37, 0x80, 0x03,
    0x37, 0x80, 0x83, 0x0D, 0xB7, 0x51, 0x0E, 0x6D, 0x00, 0x0F, 0x7A, 0x60, 0x07, 0x74, 0xA0, 0x07,
    0x76, 0x40, 0x07, 0x7A, 0x60, 0x07, 0x74, 0xD0, 0x06, 0xE9, 0x10, 0x07, 0x7A, 0x80, 0x07, 0x7A,
    0x80, 0x07, 0x6D, 0x90, 0x0E, 0x78, 0xA0, 0x07, 0x78, 0xA0, 0x07, 0x78, 0xD0, 0x06, 0xE9, 0x10,
    0x07, 0x76, 0xA0, 0x07, 0x71, 0x60, 0x07, 0x7A, 0x10, 0x07, 0x76, 0xD0, 0x06, 0xE9, 0x30, 0x07,
    0x72, 0xA0, 0x07, 0x73, 0x20, 0x07, 0x7A, 0x30, 0x07, 0x72, 0xD0, 0x06, 0xE9, 0x60, 0x07, 0x74,
    0xA0, 0x07, 0x76, 0x40, 0x07, 0x7A, 0x60, 0x07, 0x74, 0xD0, 0x06, 0xE6, 0x30, 0x07, 0x72, 0xA0,
    0x07, 0x73, 0x20, 0x07, 0x7A, 0x30, 0x07, 0x72, 0xD0, 0x06, 0xE6, 0x60, 0x07, 0x74, 0xA0, 0x07,
    0x76, 0x40, 0x07, 0x7A, 0x60, 0x07, 0x74, 0xD0, 0x06, 0xF6, 0x10, 0x07, 0x76, 0xA0, 0x07, 0x71,
    0x60, 0x07, 0x7A, 0x10, 0x07, 0x76, 0xD0, 0x06, 0xF6, 0x20, 0x07, 0x74, 0xA0, 0x07, 0x73, 0x20,
    0x07, 0x7A, 0x30, 0x07, 0x72, 0xD0, 0x06, 0xF6, 0x30, 0x07, 0x72, 0xA0, 0x07, 0x73, 0x20, 0x07,
    0x7A, 0x30, 0x07, 0x72, 0xD0, 0x06, 0xF6, 0x40, 0x07, 0x78, 0xA0, 0x07, 0x76, 0x40, 0x07, 0x7A,
    0x60, 0x07, 0x74, 0xD0, 0x06, 0xF6, 0x60, 0x07, 0x74, 0xA0, 0x07, 0x76, 0x40, 0x07, 0x7A, 0x60,
    0x07, 0x74, 0xD0, 0x06, 0xF6, 0x90, 0x07, 0x76, 0xA0, 0x07, 0x71, 0x20, 0x07, 0x78, 0xA0, 0x07,
    0x71, 0x20, 0x07, 0x78, 0xD0, 0x06, 0xF6, 0x10, 0x07, 0x72, 0x80, 0x07, 0x7A, 0x10, 0x07, 0x72,
    0x80, 0x07, 0x7A, 0x10, 0x07, 0x72, 0x80, 0x07, 0x6D, 0x60, 0x0F, 0x71, 0x90, 0x07, 0x72, 0xA0,
    0x07, 0x72, 0x50, 0x07, 0x76, 0xA0, 0x07, 0x72, 0x50, 0x07, 0x76, 0xD0, 0x06, 0xF6, 0x20, 0x07,
    0x75, 0x60, 0x07, 0x7A, 0x20, 0x07, 0x75, 0x60, 0x07, 0x7A, 0x20, 0x07, 0x75, 0x60, 0x07, 0x6D,
    0x60, 0x0F, 0x75, 0x10, 0x07, 0x72, 0xA0, 0x07, 0x75, 0x10, 0x07, 0x72, 0xA0, 0x07, 0x75, 0x10,
    0x07, 0x72, 0xD0, 0x06, 0xF6, 0x10, 0x07, 0x70, 0x20, 0x07, 0x74, 0xA0, 0x07, 0x71, 0x00, 0x07,
    0x72, 0x40, 0x07, 0x7A, 0x10, 0x07, 0x70, 0x20, 0x07, 0x74, 0xD0, 0x06, 0xEE, 0x80, 0x07, 0x7A,
    0x10, 0x07, 0x76, 0xA0, 0x07, 0x73, 0x20, 0x07, 0x1A, 0x21, 0x0C, 0xA9, 0x5C, 0x84, 0xB4, 0xFC,
    0x44, 0x33, 0x45, 0xD8, 0x90, 0x0A, 0x50, 0x0E, 0x00, 0x00, 0x02, 0x00, 0x00, 0x00, 0x01, 0x00,
    0x00, 0x00, 0x00, 0x00, 0x05, 0x18, 0x52, 0x29, 0x4D, 0x02, 0x04, 0x80, 0x00, 0x00, 0x00, 0x20,
    0x00, 0x00, 0x00, 0x00, 0x00, 0xA0, 0x00, 0x43, 0xAA, 0x6B, 0x0F, 0x1A, 0x04, 0x18, 0x06, 0x00,
    0x00, 0x80, 0x00, 0x00, 0x00, 0x00, 0x08, 0x00, 0x05, 0x18, 0x52, 0xC9, 0x02, 0x13, 0x01, 0x01,
    0x20, 0x00, 0x00, 0x00, 0x08, 0x00, 0x00, 0x00, 0x00, 0x00, 0x28, 0x80, 0xC4, 0x06, 0x81, 0xA2,
    0xCF, 0x08, 0x00, 0x00, 0x59, 0x20, 0x00, 0x0F, 0x00, 0x00, 0x00, 0x32, 0x1E, 0x98, 0x14, 0x19,
    0x11, 0x4C, 0x90, 0x8C, 0x09, 0x26, 0x47, 0xC6, 0x04, 0x43, 0x0A, 0x45, 0x50, 0x0E, 0x85, 0x50,
    0x06, 0x25, 0x50, 0x3E, 0x05, 0x28, 0x50, 0x10, 0x05, 0x32, 0x02, 0x50, 0x60, 0x85, 0x51, 0x40,
    0x85, 0x54, 0x50, 0x54, 0x47, 0x00, 0x0A, 0xA1, 0x20, 0x0A, 0xA3, 0x40, 0x0A, 0xA8, 0x90, 0x0A,
    0x8A, 0xE8, 0x58, 0x82, 0x26, 0x00, 0x00, 0xB1, 0x18, 0x00, 0x00, 0xA5, 0x00, 0x00, 0x00, 0x33,
    0x08, 0x80, 0x1C, 0xC4, 0xE1, 0x1C, 0x66, 0x14, 0x01, 0x3D, 0x88, 0x43, 0x38, 0x84, 0xC3, 0x8C,
    0x42, 0x80, 0x07, 0x79, 0x78, 0x07, 0x73, 0x98, 0x71, 0x0C, 0xE6, 0x00, 0x0F, 0xED, 0x10, 0x0E,
    0xF4, 0x80, 0x0E, 0x33, 0x0C, 0x42, 0x1E, 0xC2, 0xC1, 0x1D, 0xCE, 0xA1, 0x1C, 0x66, 0x30, 0x05,
    0x3D, 0x88, 0x43, 0x38, 0x84, 0x83, 0x1B, 0xCC, 0x03, 0x3D, 0xC8, 0x43, 0x3D, 0x8C, 0x03, 0x3D,
    0xCC, 0x78, 0x8C, 0x74, 0x70, 0x07, 0x7B, 0x08, 0x07, 0x79, 0x48, 0x87, 0x70, 0x70, 0x07, 0x7A,
    0x70, 0x03, 0x76, 0x78, 0x87, 0x70, 0x20, 0x87, 0x19, 0xCC, 0x11, 0x0E, 0xEC, 0x90, 0x0E, 0xE1,
    0x30, 0x0F, 0x6E, 0x30, 0x0F, 0xE3, 0xF0, 0x0E, 0xF0, 0x50, 0x0E, 0x33, 0x10, 0xC4, 0x1D, 0xDE,
    0x21, 0x1C, 0xD8, 0x21, 0x1D, 0xC2, 0x61, 0x1E, 0x66, 0x30, 0x89, 0x3B, 0xBC, 0x83, 0x3B, 0xD0,
    0x43, 0x39, 0xB4, 0x03, 0x3C, 0xBC, 0x83, 0x3C, 0x84, 0x03, 0x3B, 0xCC, 0xF0, 0x14, 0x76, 0x60,
    0x07, 0x7B, 0x68, 0x07, 0x37, 0x68, 0x87, 0x72, 0x68, 0x07, 0x37, 0x80, 0x87, 0x70, 0x90, 0x87,
    0x70, 0x60, 0x07, 0x76, 0x28, 0x07, 0x76, 0xF8, 0x05, 0x76, 0x78, 0x87, 0x77, 0x80, 0x87, 0x5F,
    0x08, 0x87, 0x71, 0x18, 0x87, 0x72, 0x98, 0x87, 0x79, 0x98, 0x81, 0x2C, 0xEE, 0xF0, 0x0E, 0xEE,
    0xE0, 0x0E, 0xF5, 0xC0, 0x0E, 0xEC, 0x30, 0x03, 0x62, 0xC8, 0xA1, 0x1C, 0xE4, 0xA1, 0x1C, 0xCC,
    0xA1, 0x1C, 0xE4, 0xA1, 0x1C, 0xDC, 0x61, 0x1C, 0xCA, 0x21, 0x1C, 0xC4, 0x81, 0x1D, 0xCA, 0x61,
    0x06, 0xD6, 0x90, 0x43, 0x39, 0xC8, 0x43, 0x39, 0x98, 0x43, 0x39, 0xC8, 0x43, 0x39, 0xB8, 0xC3,
    0x38, 0x94, 0x43, 0x38, 0x88, 0x03, 0x3B, 0x94, 0xC3, 0x2F, 0xBC, 0x83, 0x3C, 0xFC, 0x82, 0x3B,
    0xD4, 0x03, 0x3B, 0xB0, 0xC3, 0x0C, 0xC7, 0x69, 0x87, 0x70, 0x58, 0x87, 0x72, 0x70, 0x83, 0x74,
    0x68, 0x07, 0x78, 0x60, 0x87, 0x74, 0x18, 0x87, 0x74, 0xA0, 0x87, 0x19, 0xCE, 0x53, 0x0F, 0xEE,
    0x00, 0x0F, 0xF2, 0x50, 0x0E, 0xE4, 0x90, 0x0E, 0xE3, 0x40, 0x0F, 0xE1, 0x20, 0x0E, 0xEC, 0x50,
    0x0E, 0x33, 0x20, 0x28, 0x1D, 0xDC, 0xC1, 0x1E, 0xC2, 0x41, 0x1E, 0xD2, 0x21, 0x1C, 0xDC, 0x81,
    0x1E, 0xDC, 0xE0, 0x1C, 0xE4, 0xE1, 0x1D, 0xEA, 0x01, 0x1E, 0x66, 0x18, 0x51, 0x38, 0xB0, 0x43,
    0x3A, 0x9C, 0x83, 0x3B, 0xCC, 0x50, 0x24, 0x76, 0x60, 0x07, 0x7B, 0x68, 0x07, 0x37, 0x60, 0x87,
    0x77, 0x78, 0x07, 0x78, 0x98, 0x51, 0x4C, 0xF4, 0x90, 0x0F, 0xF0, 0x50, 0x0E, 0x33, 0x1E, 0x6A,
    0x1E, 0xCA, 0x61, 0x1C, 0xE8, 0x21, 0x1D, 0xDE, 0xC1, 0x1D, 0x7E, 0x01, 0x1E, 0xE4, 0xA1, 0x1C,
    0xCC, 0x21, 0x1D, 0xF0, 0x61, 0x06, 0x54, 0x85, 0x83, 0x38, 0xCC, 0xC3, 0x3B, 0xB0, 0x43, 0x3D,
    0xD0, 0x43, 0x39, 0xFC, 0xC2, 0x3C, 0xE4, 0x43, 0x3B, 0x88, 0xC3, 0x3B, 0xB0, 0xC3, 0x8C, 0xC5,
    0x0A, 0x87, 0x79, 0x98, 0x87, 0x77, 0x18, 0x87, 0x74, 0x08, 0x07, 0x7A, 0x28, 0x07, 0x72, 0x98,
    0x81, 0x5C, 0xE3, 0x10, 0x0E, 0xEC, 0xC0, 0x0E, 0xE5, 0x50, 0x0E, 0xF3, 0x30, 0x23, 0xC1, 0xD2,
    0x41, 0x1E, 0xE4, 0xE1, 0x17, 0xD8, 0xE1, 0x1D, 0xDE, 0x01, 0x1E, 0x66, 0x48, 0x19, 0x3B, 0xB0,
    0x83, 0x3D, 0xB4, 0x83, 0x1B, 0x84, 0xC3, 0x38, 0x8C, 0x43, 0x39, 0xCC, 0xC3, 0x3C, 0xB8, 0xC1,
    0x39, 0xC8, 0xC3, 0x3B, 0xD4, 0x03, 0x3C, 0xCC, 0x48, 0xB4, 0x71, 0x08, 0x07, 0x76, 0x60, 0x07,
    0x71, 0x08, 0x87, 0x71, 0x58, 0x87, 0x19, 0xDB, 0xC6, 0x0E, 0xEC, 0x60, 0x0F, 0xED, 0xE0, 0x06,
    0xF0, 0x20, 0x0F, 0xE5, 0x30, 0x0F, 0xE5, 0x20, 0x0F, 0xF6, 0x50, 0x0E, 0x6E, 0x10, 0x0E, 0xE3,
    0x30, 0x0E, 0xE5, 0x30, 0x0F, 0xF3, 0xE0, 0x06, 0xE9, 0xE0, 0x0E, 0xE4, 0x50, 0x0E, 0xF8, 0x30,
    0x23, 0xE2, 0xEC, 0x61, 0x1C, 0xC2, 0x81, 0x1D, 0xD8, 0xE1, 0x17, 0xEC, 0x21, 0x1D, 0xE6, 0x21,
    0x1D, 0xC4, 0x21, 0x1D, 0xD8, 0x21, 0x1D, 0xE8, 0x21, 0x1F, 0x66, 0x20, 0x9D, 0x3B, 0xBC, 0x43,
    0x3D, 0xB8, 0x03, 0x39, 0x94, 0x83, 0x39, 0xCC, 0x58, 0xBC, 0x70, 0x70, 0x07, 0x77, 0x78, 0x07,
    0x7A, 0x08, 0x07, 0x7A, 0x48, 0x87, 0x77, 0x70, 0x87, 0x19, 0xCE, 0x87, 0x0E, 0xE5, 0x10, 0x0E,
    0xF0, 0x10, 0x0E, 0xEC, 0xC0, 0x0E, 0xEF, 0x30, 0x0E, 0xF3, 0x90, 0x0E, 0xF4, 0x50, 0x0E, 0x33,
    0x28, 0x30, 0x08, 0x87, 0x74, 0x90, 0x07, 0x37, 0x30, 0x87, 0x7A, 0x70, 0x87, 0x71, 0xA0, 0x87,
    0x74, 0x78, 0x07, 0x77, 0xF8, 0x85, 0x73, 0x90, 0x87, 0x77, 0xA8, 0x07, 0x78, 0x98, 0x07, 0x00,
    0x00, 0x00, 0x00, 0x79, 0x20, 0x00, 0x00, 0x40, 0x02, 0x00, 0x00, 0x72, 0x1E, 0x48, 0x20, 0x43,
    0x88, 0x0C, 0x19, 0x09, 0x72, 0x32, 0x48, 0x20, 0x23, 0x81, 0x8C, 0x91, 0x91, 0xD1, 0x44, 0xA0,
    0x10, 0x28, 0x64, 0x3C, 0x31, 0x32, 0x42, 0x8E, 0x90, 0x21, 0xA3, 0x88, 0x07, 0x74, 0x30, 0xCB,
    0x01, 0x00, 0x00, 0xA5, 0x70, 0x0A, 0x74, 0xB0, 0x5C, 0x6B, 0xA1, 0x30, 0x71, 0x20, 0x0E, 0xCE,
    0xD2, 0x48, 0x4A, 0x63, 0x61, 0x1B, 0xB4, 0x41, 0xC5, 0xC6, 0x91, 0x81, 0xF2, 0x48, 0x48, 0x44,
    0x11, 0x68, 0xC0, 0x8D, 0x41, 0x1C, 0x14, 0xDB, 0xA6, 0x75, 0xD1, 0x15, 0xC1, 0x01, 0x93, 0x39,
    0x05, 0x65, 0x6D, 0x17, 0x1A, 0xAC, 0x01, 0x73, 0x72, 0x63, 0x2F, 0x78, 0x65, 0x6E, 0x69, 0x61,
    0x2F, 0x67, 0x70, 0x75, 0x2F, 0x73, 0x68, 0x61, 0x64, 0x65, 0x72, 0x73, 0x2F, 0x74, 0x65, 0x78,
    0x74, 0x75, 0x72, 0x65, 0x5F, 0x6C, 0x6F, 0x61, 0x64, 0x5F, 0x72, 0x35, 0x67, 0x35, 0x62, 0x36,
    0x5F, 0x62, 0x35, 0x67, 0x36, 0x72, 0x35, 0x5F, 0x73, 0x77, 0x69, 0x7A, 0x7A, 0x6C, 0x65, 0x5F,
    0x72, 0x62, 0x67, 0x61, 0x2E, 0x63, 0x73, 0x2E, 0x78, 0x65, 0x73, 0x6C, 0x2F, 0x55, 0x73, 0x65,
    0x72, 0x73, 0x2F, 0x77, 0x6D, 0x61, 0x72, 0x74, 0x69, 0x2F, 0x44, 0x6F, 0x63, 0x75, 0x6D, 0x65,
    0x6E, 0x74, 0x73, 0x2F, 0x78, 0x65, 0x6E, 0x69, 0x61, 0x2D, 0x6D, 0x61, 0x63, 0x2F, 0x73, 0x63,
    0x72, 0x61, 0x74, 0x63, 0x68, 0x2F, 0x77, 0x6F, 0x72, 0x6B, 0x74, 0x72, 0x65, 0x65, 0x73, 0x2F,
    0x78, 0x65, 0x6E, 0x69, 0x61, 0x2D, 0x63, 0x61, 0x6E, 0x61, 0x72, 0x79, 0x2D, 0x72, 0x65, 0x62,
    0x61, 0x73, 0x65, 0x41, 0x70, 0x70, 0x6C, 0x65, 0x20, 0x6D, 0x65, 0x74, 0x61, 0x6C, 0x20, 0x76,
    0x65, 0x72, 0x73, 0x69, 0x6F, 0x6E, 0x20, 0x33, 0x32, 0x30, 0x32, 0x33, 0x2E, 0x38, 0x35, 0x30,
    0x20, 0x28, 0x6D, 0x65, 0x74, 0x61, 0x6C, 0x66, 0x65, 0x2D, 0x33, 0x32, 0x30, 0x32, 0x33, 0x2E,
    0x38, 0x35, 0x30, 0x2E, 0x31, 0x30, 0x29, 0x6D, 0x65, 0x74, 0x61, 0x6C, 0x5F, 0x74, 0x79, 0x70,
    0x65, 0x73, 0x22, 0x2D, 0x44, 0x58, 0x45, 0x53, 0x4C, 0x5F, 0x4C, 0x41, 0x4E, 0x47, 0x55, 0x41,
    0x47, 0x45, 0x5F, 0x4D, 0x53, 0x4C, 0x3D, 0x31, 0x22, 0x2F, 0x70, 0x72, 0x69, 0x76, 0x61, 0x74,
    0x65, 0x2F, 0x76, 0x61, 0x72, 0x2F, 0x72, 0x75, 0x6E, 0x2F, 0x63, 0x6F, 0x6D, 0x2E, 0x61, 0x70,
    0x70, 0x6C, 0x65, 0x2E, 0x73, 0x65, 0x63, 0x75, 0x72, 0x69, 0x74, 0x79, 0x2E, 0x63, 0x72, 0x79,
    0x70, 0x74, 0x65, 0x78, 0x64, 0x2F, 0x6D, 0x6E, 0x74, 0x2F, 0x63, 0x6F, 0x6D, 0x2E, 0x61, 0x70,
    0x70, 0x6C, 0x65, 0x2E, 0x4D, 0x6F, 0x62, 0x69, 0x6C, 0x65, 0x41, 0x73, 0x73, 0x65, 0x74, 0x2E,
    0x4D, 0x65, 0x74, 0x61, 0x6C, 0x54, 0x6F, 0x6F, 0x6C, 0x63, 0x68, 0x61, 0x69, 0x6E, 0x2D, 0x76,
    0x31, 0x37, 0x2E, 0x33, 0x2E, 0x34, 0x38, 0x2E, 0x30, 0x2E, 0x35, 0x33, 0x73, 0x38, 0x75, 0x67,
    0x2F, 0x4D, 0x65, 0x74, 0x61, 0x6C, 0x2E, 0x78, 0x63, 0x74, 0x6F, 0x6F, 0x6C, 0x63, 0x68, 0x61,
    0x69, 0x6E, 0x2F, 0x75, 0x73, 0x72, 0x2F, 0x6D, 0x65, 0x74, 0x61, 0x6C, 0x2F, 0x33, 0x32, 0x30,
    0x32, 0x33, 0x2F, 0x6C, 0x69, 0x62, 0x2F, 0x63, 0x6C, 0x61, 0x6E, 0x67, 0x2F, 0x33, 0x32, 0x30,
    0x32, 0x33, 0x2E, 0x38, 0x35, 0x30, 0x2F, 0x69, 0x6E, 0x63, 0x6C, 0x75, 0x64, 0x65, 0x2F, 0x6D,
    0x65, 0x74, 0x61, 0x6C, 0x3C, 0x62, 0x75, 0x69, 0x6C, 0x74, 0x2D, 0x69, 0x6E, 0x3E, 0x6D, 0x65,
    0x74, 0x61, 0x6C, 0x5F, 0x73, 0x74, 0x64, 0x6C, 0x69, 0x62, 0x73, 0x72, 0x63, 0x2F, 0x78, 0x65,
    0x6E, 0x69, 0x61, 0x2F, 0x67, 0x70, 0x75, 0x2F, 0x73, 0x68, 0x61, 0x64, 0x65, 0x72, 0x73, 0x2F,
    0x2E, 0x2E, 0x2F, 0x2E, 0x2E, 0x2F, 0x75, 0x69, 0x2F, 0x73, 0x68, 0x61, 0x64, 0x65, 0x72, 0x73,
    0x2F, 0x78, 0x65, 0x73, 0x6C, 0x2E, 0x78, 0x65, 0x73, 0x6C, 0x69, 0x2F, 0x41, 0x70, 0x70, 0x6C,
    0x69, 0x63, 0x61, 0x74, 0x69, 0x6F, 0x6E, 0x73, 0x2F, 0x58, 0x63, 0x6F, 0x64, 0x65, 0x2E, 0x61,
    0x70, 0x70, 0x2F, 0x43, 0x6F, 0x6E, 0x74, 0x65, 0x6E, 0x74, 0x73, 0x2F, 0x44, 0x65, 0x76, 0x65,
    0x6C, 0x6F, 0x70, 0x65, 0x72, 0x2F, 0x50, 0x6C, 0x61, 0x74, 0x66, 0x6F, 0x72, 0x6D, 0x73, 0x2F,
    0x4D, 0x61, 0x63, 0x4F, 0x53, 0x58, 0x2E, 0x70, 0x6C, 0x61, 0x74, 0x66, 0x6F, 0x72, 0x6D, 0x2F,
    0x44, 0x65, 0x76, 0x65, 0x6C, 0x6F, 0x70, 0x65, 0x72, 0x2F, 0x53, 0x44, 0x4B, 0x73, 0x2F, 0x4D,
    0x61, 0x63, 0x4F, 0x53, 0x58, 0x32, 0x36, 0x2E, 0x32, 0x2E, 0x73, 0x64, 0x6B, 0x4D, 0x61, 0x63,
    0x4F, 0x53, 0x58, 0x32, 0x36, 0x2E, 0x32, 0x2E, 0x73, 0x64, 0x6B, 0x53, 0x44, 0x4B, 0x20, 0x56,
    0x65, 0x72, 0x73, 0x69, 0x6F, 0x6E, 0x44, 0x77, 0x61, 0x72, 0x66, 0x20, 0x56, 0x65, 0x72, 0x73,
    0x69, 0x6F, 0x6E, 0x44, 0x65, 0x62, 0x75, 0x67, 0x20, 0x49, 0x6E, 0x66, 0x6F, 0x20, 0x56, 0x65,
    0x72, 0x73, 0x69, 0x6F, 0x6E, 0x77, 0x63, 0x68, 0x61, 0x72, 0x5F, 0x73, 0x69, 0x7A, 0x65, 0x66,
    0x72, 0x61, 0x6D, 0x65, 0x2D, 0x70, 0x6F, 0x69, 0x6E, 0x74, 0x65, 0x72, 0x61, 0x69, 0x72, 0x2E,
    0x6D, 0x61, 0x78, 0x5F, 0x64, 0x65, 0x76, 0x69, 0x63, 0x65, 0x5F, 0x62, 0x75, 0x66, 0x66, 0x65,
    0x72, 0x73, 0x61, 0x69, 0x72, 0x2E, 0x6D, 0x61, 0x78, 0x5F, 0x63, 0x6F, 0x6E, 0x73, 0x74, 0x61,
    0x6E, 0x74, 0x5F, 0x62, 0x75, 0x66, 0x66, 0x65, 0x72, 0x73, 0x61, 0x69, 0x72, 0x2E, 0x6D, 0x61,
    0x78, 0x5F, 0x74, 0x68, 0x72, 0x65, 0x61, 0x64, 0x67, 0x72, 0x6F, 0x75, 0x70, 0x5F, 0x62, 0x75,
    0x66, 0x66, 0x65, 0x72, 0x73, 0x61, 0x69, 0x72, 0x2E, 0x6D, 0x61, 0x78, 0x5F, 0x74, 0x65, 0x78,
    0x74, 0x75, 0x72, 0x65, 0x73, 0x61, 0x69, 0x72, 0x2E, 0x6D, 0x61, 0x78, 0x5F, 0x72, 0x65, 0x61,
    0x64, 0x5F, 0x77, 0x72, 0x69, 0x74, 0x65, 0x5F, 0x74, 0x65, 0x78, 0x74, 0x75, 0x72, 0x65, 0x73,
    0x61, 0x69, 0x72, 0x2E, 0x6D, 0x61, 0x78, 0x5F, 0x73, 0x61, 0x6D, 0x70, 0x6C, 0x65, 0x72, 0x73,
    0x4D, 0x65, 0x74, 0x61, 0x6C, 0x61, 0x69, 0x72, 0x2E, 0x63, 0x6F, 0x6D, 0x70, 0x69, 0x6C, 0x65,
    0x2E, 0x64, 0x65, 0x6E, 0x6F, 0x72, 0x6D, 0x73, 0x5F, 0x64, 0x69, 0x73, 0x61, 0x62, 0x6C, 0x65,
    0x61, 0x69, 0x72, 0x2E, 0x63, 0x6F, 0x6D, 0x70, 0x69, 0x6C, 0x65, 0x2E, 0x66, 0x61, 0x73, 0x74,
    0x5F, 0x6D, 0x61, 0x74, 0x68, 0x5F, 0x65, 0x6E, 0x61, 0x62, 0x6C, 0x65, 0x61, 0x69, 0x72, 0x2E,
    0x63, 0x6F, 0x6D, 0x70, 0x69, 0x6C, 0x65, 0x2E, 0x66, 0x72, 0x61, 0x6D, 0x65, 0x62, 0x75, 0x66,
    0x66, 0x65, 0x72, 0x5F, 0x66, 0x65, 0x74, 0x63, 0x68, 0x5F, 0x65, 0x6E, 0x61, 0x62, 0x6C, 0x65,
    0x61, 0x69, 0x72, 0x2E, 0x62, 0x75, 0x66, 0x66, 0x65, 0x72, 0x61, 0x69, 0x72, 0x2E, 0x62, 0x75,
    0x66, 0x66, 0x65, 0x72, 0x5F, 0x73, 0x69, 0x7A, 0x65, 0x61, 0x69, 0x72, 0x2E, 0x6C, 0x6F, 0x63,
    0x61, 0x74, 0x69, 0x6F, 0x6E, 0x5F, 0x69, 0x6E, 0x64, 0x65, 0x78, 0x61, 0x69, 0x72, 0x2E, 0x72,
    0x65, 0x61, 0x64, 0x61, 0x69, 0x72, 0x2E, 0x61, 0x64, 0x64, 0x72, 0x65, 0x73, 0x73, 0x5F, 0x73,
    0x70, 0x61, 0x63, 0x65, 0x61, 0x69, 0x72, 0x2E, 0x73, 0x74, 0x72, 0x75, 0x63, 0x74, 0x5F, 0x74,
    0x79, 0x70, 0x65, 0x5F, 0x69, 0x6E, 0x66, 0x6F, 0x75, 0x69, 0x6E, 0x74, 0x78, 0x65, 0x5F, 0x74,
    0x65, 0x78, 0x74, 0x75, 0x72, 0x65, 0x5F, 0x6C, 0x6F, 0x61, 0x64, 0x5F, 0x69, 0x73, 0x5F, 0x74,
    0x69, 0x6C, 0x65, 0x64, 0x5F, 0x33, 0x64, 0x5F, 0x65, 0x6E, 0x64, 0x69, 0x61, 0x6E, 0x5F, 0x73,
    0x63, 0x61, 0x6C, 0x65, 0x78, 0x65, 0x5F, 0x74, 0x65, 0x78, 0x74, 0x75, 0x72, 0x65, 0x5F, 0x6C,
    0x6F, 0x61, 0x64, 0x5F, 0x67, 0x75, 0x65, 0x73, 0x74, 0x5F, 0x6F, 0x66, 0x66, 0x73, 0x65, 0x74,
    0x78, 0x65, 0x5F, 0x74, 0x65, 0x78, 0x74, 0x75, 0x72, 0x65, 0x5F, 0x6C, 0x6F, 0x61, 0x64, 0x5F,
    0x67, 0x75, 0x65, 0x73, 0x74, 0x5F, 0x70, 0x69, 0x74, 0x63, 0x68, 0x5F, 0x61, 0x6C, 0x69, 0x67,
    0x6E, 0x65, 0x64, 0x78, 0x65, 0x5F, 0x74, 0x65, 0x78, 0x74, 0x75, 0x72, 0x65, 0x5F, 0x6C, 0x6F,
    0x61, 0x64, 0x5F, 0x67, 0x75, 0x65, 0x73, 0x74, 0x5F, 0x7A, 0x5F, 0x73, 0x74, 0x72, 0x69, 0x64,
    0x65, 0x5F, 0x62, 0x6C, 0x6F, 0x63, 0x6B, 0x5F, 0x72, 0x6F, 0x77, 0x73, 0x5F, 0x61, 0x6C, 0x69,
    0x67, 0x6E, 0x65, 0x64, 0x75, 0x69, 0x6E, 0x74, 0x33, 0x78, 0x65, 0x5F, 0x74, 0x65, 0x78, 0x74,
    0x75, 0x72, 0x65, 0x5F, 0x6C, 0x6F, 0x61, 0x64, 0x5F, 0x73, 0x69, 0x7A, 0x65, 0x5F, 0x62, 0x6C,
    0x6F, 0x63, 0x6B, 0x73, 0x78, 0x65, 0x5F, 0x74, 0x65, 0x78, 0x74, 0x75, 0x72, 0x65, 0x5F, 0x6C,
    0x6F, 0x61, 0x64, 0x5F, 0x68, 0x6F, 0x73, 0x74, 0x5F, 0x6F, 0x66, 0x66, 0x73, 0x65, 0x74, 0x78,
    0x65, 0x5F, 0x74, 0x65, 0x78, 0x74, 0x75, 0x72, 0x65, 0x5F, 0x6C, 0x6F, 0x61, 0x64, 0x5F, 0x68,
    0x6F, 0x73, 0x74, 0x5F, 0x70, 0x69, 0x74, 0x63, 0x68, 0x78, 0x65, 0x5F, 0x74, 0x65, 0x78, 0x74,
    0x75, 0x72, 0x65, 0x5F, 0x6C, 0x6F, 0x61, 0x64, 0x5F, 0x68, 0x65, 0x69, 0x67, 0x68, 0x74, 0x5F,
    0x74, 0x65, 0x78, 0x65, 0x6C, 0x73, 0x61, 0x69, 0x72, 0x2E, 0x61, 0x72, 0x67, 0x5F, 0x74, 0x79,
    0x70, 0x65, 0x5F, 0x73, 0x69, 0x7A, 0x65, 0x61, 0x69, 0x72, 0x2E, 0x61, 0x72, 0x67, 0x5F, 0x74,
    0x79, 0x70, 0x65, 0x5F, 0x61, 0x6C, 0x69, 0x67, 0x6E, 0x5F, 0x73, 0x69, 0x7A, 0x65, 0x61, 0x69,
    0x72, 0x2E, 0x61, 0x72, 0x67, 0x5F, 0x74, 0x79, 0x70, 0x65, 0x5F, 0x6E, 0x61, 0x6D, 0x65, 0x78,
    0x65, 0x73, 0x6C, 0x5F, 0x69, 0x64, 0x5F, 0x63, 0x6F, 0x6E, 0x73, 0x74, 0x61, 0x6E, 0x74, 0x42,
    0x75, 0x66, 0x66, 0x65, 0x72, 0x5F, 0x78, 0x65, 0x5F, 0x74, 0x65, 0x78, 0x74, 0x75, 0x72, 0x65,
    0x5F, 0x6C, 0x6F, 0x61, 0x64, 0x5F, 0x63, 0x6F, 0x6E, 0x73, 0x74, 0x61, 0x6E, 0x74, 0x73, 0x61,
    0x69, 0x72, 0x2E, 0x61, 0x72, 0x67, 0x5F, 0x6E, 0x61, 0x6D, 0x65, 0x78, 0x65, 0x5F, 0x74, 0x65,
    0x78, 0x74, 0x75, 0x72, 0x65, 0x5F, 0x6C, 0x6F, 0x61, 0x64, 0x5F, 0x63, 0x6F, 0x6E, 0x73, 0x74,
    0x61, 0x6E, 0x74, 0x73, 0x61, 0x69, 0x72, 0x2E, 0x72, 0x65, 0x61, 0x64, 0x5F, 0x77, 0x72, 0x69,
    0x74, 0x65, 0x75, 0x69, 0x6E, 0x74, 0x34, 0x78, 0x65, 0x5F, 0x74, 0x65, 0x78, 0x74, 0x75, 0x72,
    0x65, 0x5F, 0x6C, 0x6F, 0x61, 0x64, 0x5F, 0x64, 0x65, 0x73, 0x74, 0x78, 0x65, 0x5F, 0x74, 0x65,
    0x78, 0x74, 0x75, 0x72, 0x65, 0x5F, 0x6C, 0x6F, 0x61, 0x64, 0x5F, 0x73, 0x6F, 0x75, 0x72, 0x63,
    0x65, 0x61, 0x69, 0x72, 0x2E, 0x74, 0x68, 0x72, 0x65, 0x61, 0x64, 0x5F, 0x70, 0x6F, 0x73, 0x69,
    0x74, 0x69, 0x6F, 0x6E, 0x5F, 0x69, 0x6E, 0x5F, 0x67, 0x72, 0x69, 0x64, 0x78, 0x65, 0x73, 0x6C,
    0x5F, 0x47, 0x6C, 0x6F, 0x62, 0x61, 0x6C, 0x49, 0x6E, 0x76, 0x6F, 0x63, 0x61, 0x74, 0x69, 0x6F,
    0x6E, 0x49, 0x44, 0x73, 0x72, 0x63, 0x2F, 0x78, 0x65, 0x6E, 0x69, 0x61, 0x2F, 0x67, 0x70, 0x75,
    0x2F, 0x73, 0x68, 0x61, 0x64, 0x65, 0x72, 0x73, 0x2F, 0x74, 0x65, 0x78, 0x74, 0x75, 0x72, 0x65,
    0x5F, 0x6C, 0x6F, 0x61, 0x64, 0x2E, 0x78, 0x65, 0x73, 0x6C, 0x69, 0x73, 0x72, 0x63, 0x2F, 0x78,
    0x65, 0x6E, 0x69, 0x61, 0x2F, 0x67, 0x70, 0x75, 0x2F, 0x73, 0x68, 0x61, 0x64, 0x65, 0x72, 0x73,
    0x2F, 0x74, 0x65, 0x78, 0x74, 0x75, 0x72, 0x65, 0x5F, 0x61, 0x64, 0x64, 0x72, 0x65, 0x73, 0x73,
    0x2E, 0x78, 0x65, 0x73, 0x6C, 0x69, 0x00, 0x66, 0xCF, 0x00, 0x00, 0x00, 0x00, 0x00, 0x00, 0x30,
    0x82, 0x10, 0x10, 0x23, 0x08, 0xD4, 0x36, 0x82, 0x10, 0x14, 0x23, 0x08, 0x81, 0x31, 0x82, 0x10,
    0x1C, 0x23, 0x08, 0x01, 0x32, 0x82, 0x10, 0x24, 0x23, 0x08, 0x81, 0x32, 0x82, 0x10, 0x2C, 0x23,
    0x08, 0x01, 0x33, 0x82, 0x10, 0x34, 0x23, 0x08, 0x08, 0x30, 0x82, 0x10, 0x38, 0x23, 0x08, 0xC1,
    0x33, 0x82, 0x10, 0x40, 0x23, 0x08, 0x41, 0x34, 0x82, 0x10, 0x48, 0x43, 0x59, 0x41, 0x1F, 0xAC,
    0xC2, 0x10, 0x00, 0x00, 0x20, 0x00, 0x00, 0x00, 0xC8, 0x02, 0x00, 0x00, 0x80, 0x00, 0x28, 0xCB,
    0x40, 0x05, 0x10, 0x08, 0x00, 0x30, 0x60, 0x90, 0x00, 0x00, 0x40, 0x14, 0x06, 0x00, 0x00, 0x03,
    0x15, 0xC0, 0x21, 0x00, 0xC0, 0x7C, 0x08, 0x80, 0xA8, 0x02, 0x2B, 0x04, 0x40, 0x2B, 0x00, 0x03,
    0x06, 0x09, 0x00, 0x00, 0x48, 0x61, 0x00, 0x00, 0x30, 0x50, 0x01, 0x24, 0x02, 0x00, 0xCC, 0x87,
    0x00, 0x88, 0x2A, 0xBC, 0xC2, 0x18, 0x00, 0xB0, 0x00, 0xCC, 0x20, 0xB8, 0x42, 0x2C, 0xCC, 0x30,
    0xE4, 0x01, 0xA3, 0x07, 0x33, 0x0C, 0x7B, 0xD0, 0xF0, 0xC1, 0x0C, 0x43, 0x1E, 0x38, 0x7D, 0x30,
    0xC3, 0xE0, 0x07, 0x0F, 0x1F, 0xCC, 0x30, 0xEC, 0x01, 0x94, 0x07, 0x33, 0x0C, 0x7B, 0x10, 0xFD,
    0xC1, 0x0C, 0xC3, 0x1E, 0x48, 0x7F, 0x30, 0xC3, 0xB0, 0x07, 0xD3, 0x1F, 0xCC, 0x30, 0xEC, 0x01,
    0x05, 0x0A, 0x33, 0x0C, 0x7B, 0x50, 0x85, 0xC2, 0x0C, 0xC3, 0x1E, 0x58, 0xA2, 0x30, 0x43, 0x30,
    0xCC, 0x30, 0xE4, 0x41, 0x28, 0x8C, 0xC2, 0x0C, 0xC4, 0xD5, 0x07, 0xA3, 0x30, 0x0A, 0x33, 0x04,
    0xD8, 0x0C, 0x41, 0x36, 0x43, 0xA0, 0xCD, 0x00, 0xCC, 0x80, 0x06, 0xA3, 0xC0, 0x07, 0xA3, 0x10,
    0x06, 0x62, 0xC0, 0x07, 0x7C, 0x30, 0x0A, 0x61, 0x30, 0x06, 0xA1, 0xC0, 0x07, 0xA3, 0x10, 0x06,
    0x64, 0x60, 0x0A, 0x7C, 0x30, 0x0A, 0x61, 0x50, 0x06, 0xA2, 0x20, 0x0A, 0xA3, 0x60, 0x06, 0x67,
    0x70, 0x0A, 0x7C, 0x30, 0x0A, 0x61, 0x80, 0x06, 0xA8, 0xC0, 0x07, 0xA3, 0x10, 0x06, 0x69, 0x90,
    0x0A, 0x7C, 0x30, 0x0A, 0x61, 0xA0, 0x06, 0x33, 0x50, 0xA3, 0xB0, 0x71, 0xA5, 0xD0, 0x8D, 0x82,
    0x1F, 0x78, 0x5F, 0x1E, 0x80, 0x41, 0x39, 0xAC, 0x41, 0x29, 0xB0, 0x81, 0x28, 0xB4, 0x81, 0x1B,
    0xBC, 0x01, 0x1C, 0xCC, 0x00, 0xF9, 0xC1, 0xD6, 0xF9, 0x81, 0x1F, 0xC4, 0xC1, 0xE7, 0x07, 0x6B,
    0x20, 0x0A, 0x6C, 0x20, 0x0A, 0x6D, 0x20, 0x07, 0x6F, 0x30, 0x07, 0x33, 0x40, 0x79, 0xB0, 0x75,
    0x79, 0xE0, 0x07, 0xDE, 0xE7, 0x07, 0x6B, 0x20, 0x0A, 0x6C, 0x20, 0x0A, 0x6D, 0x20, 0x07, 0x6F,
    0x40, 0x07, 0x33, 0x18, 0x7D, 0x50, 0x07, 0x6D, 0x60, 0x06, 0x6F, 0x60, 0x07, 0x33, 0x10, 0xE6,
    0x70, 0x0E, 0xE8, 0x90, 0x0E, 0x33, 0x0C, 0xA4, 0x40, 0x0E, 0xEA, 0x30, 0x13, 0x21, 0x00, 0xE4,
    0x00, 0x0C, 0x54, 0x00, 0x77, 0x20, 0x00, 0xC0, 0x40, 0x05, 0x80, 0x07, 0x02, 0x00, 0x9C, 0x1D,
    0x00, 0x1C, 0xC7, 0x71, 0x1C, 0xC7, 0x71, 0x1C, 0xC7, 0x71, 0x1C, 0xC7, 0x71, 0x9C, 0x59, 0xB8,
    0x01, 0x2B, 0xB8, 0x81, 0x2C, 0xB0, 0x82, 0x1B, 0xE0, 0x02, 0x1A, 0xB8, 0x81, 0x1B, 0xB8, 0x81,
    0x1B, 0xB8, 0x81, 0x1B, 0xB8, 0x81, 0x1B, 0xB8, 0x81, 0x1B, 0xB8, 0x81, 0x45, 0x07, 0x7A, 0x60,
    0x59, 0x16, 0x64, 0x3F, 0xE2, 0xE1, 0x17, 0x78, 0x81, 0x0B, 0xA0, 0x40, 0x07, 0x6E, 0x40, 0x07,
    0x32, 0x12, 0x98, 0xA0, 0x5C, 0xD8, 0xD8, 0xEC, 0xDA, 0x5C, 0xC8, 0xC4, 0xCE, 0x5C, 0xC6, 0xEA,
    0x46, 0x09, 0x52, 0x21, 0x23, 0x36, 0x36, 0xBB, 0x36, 0x97, 0xB6, 0x37, 0xB2, 0x3A, 0xB6, 0x32,
    0x17, 0x33, 0xB6, 0xB0, 0xB3, 0xB9, 0x51, 0x16, 0x59, 0x98, 0x05, 0x5A, 0xA8, 0x05, 0x5B, 0xB8,
    0x05, 0x5C, 0xC8, 0x05, 0x5D, 0xD8, 0x05, 0x5E, 0x48, 0x85, 0x8D, 0xCD, 0xAE, 0xCD, 0x25, 0x8D,
    0xAC, 0xCC, 0x8D, 0x6E, 0x94, 0xA0, 0x17, 0x72, 0x09, 0x4B, 0x93, 0x73, 0xB1, 0x2B, 0x93, 0x9B,
    0x4B, 0x7B, 0x73, 0x1B, 0x25, 0xF0, 0x85, 0xA4, 0xC2, 0xD2, 0xE4, 0x5C, 0xD8, 0xC2, 0xDC, 0xCE,
    0xEA, 0xC2, 0xCE, 0xCA, 0xBE, 0xEC, 0xCA, 0xE4, 0xE6, 0xD2, 0xDE, 0xDC, 0x46, 0x09, 0x7E, 0x21,
    0xA7, 0xB0, 0x34, 0x39, 0x97, 0xB1, 0xB7, 0x36, 0xB8, 0x34, 0xB6, 0xB2, 0xAF, 0x37, 0x38, 0xBA,
    0xB4, 0x37, 0xB7, 0xB9, 0x51, 0x06, 0x70, 0x08, 0x07, 0x71, 0x48, 0x25, 0x2C, 0x4D, 0xCE, 0x65,
    0xAD, 0x4C, 0xCE, 0xAD, 0x8C, 0x6D, 0x94, 0x40, 0x1D, 0x00, 0x00, 0xA9, 0x18, 0x00, 0x00, 0x25,
    0x00, 0x00, 0x00, 0x0B, 0x0A, 0x72, 0x28, 0x87, 0x77, 0x80, 0x07, 0x7A, 0x58, 0x70, 0x98, 0x43,
    0x3D, 0xB8, 0xC3, 0x38, 0xB0, 0x43, 0x39, 0xD0, 0xC3, 0x82, 0xE6, 0x1C, 0xC6, 0xA1, 0x0D, 0xE8,
    0x41, 0x1E, 0xC2, 0xC1, 0x1D, 0xE6, 0x21, 0x1D, 0xE8, 0x21, 0x1D, 0xDE, 0xC1, 0x1D, 0x16, 0x34,
    0xE3, 0x60, 0x0E, 0xE7, 0x50, 0x0F, 0xE1, 0x20, 0x0F, 0xE4, 0x40, 0x0F, 0xE1, 0x20, 0x0F, 0xE7,
    0x50, 0x0E, 0xF4, 0xB0, 0x80, 0x81, 0x07, 0x79, 0x28, 0x87, 0x70, 0x60, 0x07, 0x76, 0x78, 0x87,
    0x71, 0x08, 0x07, 0x7A, 0x28, 0x07, 0x72, 0x58, 0x70, 0x9C, 0xC3, 0x38, 0xB4, 0x01, 0x3B, 0xA4,
    0x83, 0x3D, 0x94, 0xC3, 0x02, 0x6B, 0x1C, 0xD8, 0x21, 0x1C, 0xDC, 0xE1, 0x1C, 0xDC, 0x20, 0x1C,
    0xE4, 0x61, 0x1C, 0xDC, 0x20, 0x1C, 0xE8, 0x81, 0x1E, 0xC2, 0x61, 0x1C, 0xD0, 0xA1, 0x1C, 0xC8,
    0x61, 0x1C, 0xC2, 0x81, 0x1D, 0xD8, 0x61, 0xC1, 0x01, 0x0F, 0xF4, 0x20, 0x0F, 0xE1, 0x50, 0x0F,
    0xF4, 0x80, 0x0E, 0x00, 0x00, 0x00, 0x00, 0xD1, 0x10, 0x00, 0x00, 0x06, 0x00, 0x00, 0x00, 0x07,
    0xCC, 0x3C, 0xA4, 0x83, 0x3B, 0x9C, 0x03, 0x3B, 0x94, 0x03, 0x3D, 0xA0, 0x83, 0x3C, 0x94, 0x43,
    0x38, 0x90, 0xC3, 0x01, 0x00, 0x00, 0x00, 0x61, 0x20, 0x00, 0x00, 0x77, 0x02, 0x00, 0x00, 0x13,
    0x04, 0x45, 0x2C, 0x10, 0x00, 0x00, 0x00, 0x21, 0x00, 0x00, 0x00, 0x14, 0x66, 0x00, 0x8A, 0xA1,
    0x14, 0x48, 0x8C, 0x35, 0x10, 0x00, 0x30, 0x03, 0x40, 0x65, 0x2C, 0x02, 0x41, 0x10, 0x64, 0x2C,
    0x02, 0xC4, 0xFF, 0x10, 0xFE, 0x07, 0x10, 0xFF, 0x43, 0xF8, 0x1F, 0x40, 0xFC, 0x0F, 0xE1, 0x7F,
    0x00, 0xF1, 0x3F, 0x84, 0xFF, 0x61, 0x2C, 0xE2, 0x3F, 0x41, 0xFF, 0xF9, 0x4F, 0xD0, 0x7F, 0xFE,
    0x13, 0xF4, 0x9F, 0xFF, 0x04, 0xFD, 0x67, 0x2C, 0x62, 0x59, 0x96, 0x65, 0x2C, 0x02, 0x04, 0xFD,
    0x10, 0xE4, 0x07, 0x10, 0xF4, 0x43, 0x90, 0x1F, 0x40, 0xD0, 0x0F, 0x41, 0x7E, 0x00, 0x41, 0x3F,
    0x04, 0xF9, 0x61, 0x2C, 0xA2, 0x28, 0x8A, 0x62, 0x2C, 0xE2, 0xFF, 0x43, 0xFF, 0x1F, 0xFE, 0x3F,
    0xF4, 0xFF, 0xE1, 0xFF, 0x43, 0xFF, 0x1F, 0xFE, 0x3F, 0xF4, 0xFF, 0x81, 0x56, 0x09, 0x8C, 0x00,
    0x10, 0x1B, 0x4B, 0x00, 0x82, 0x19, 0x00, 0xAA, 0x25, 0x50, 0x04, 0x74, 0x47, 0x03, 0x00, 0xF1,
    0x30, 0x00, 0x00, 0x5D, 0x01, 0x00, 0x00, 0x22, 0x47, 0xC8, 0x90, 0x51, 0x5A, 0x58, 0xBC, 0x01,
    0x00, 0x00, 0x00, 0x6E, 0xA0, 0x50, 0xCF, 0xC3, 0x59, 0x96, 0xC5, 0x17, 0x83, 0x1D, 0x0C, 0x99,
    0x18, 0x38, 0x69, 0xF0, 0xA5, 0x41, 0x5E, 0x0C, 0x63, 0x00, 0x00, 0x73, 0x72, 0x63, 0x2F, 0x78,
    0x65, 0x6E, 0x69, 0x61, 0x2F, 0x67, 0x70, 0x75, 0x2F, 0x73, 0x68, 0x61, 0x64, 0x65, 0x72, 0x73,
    0x2F, 0x74, 0x65, 0x78, 0x74, 0x75, 0x72, 0x65, 0x5F, 0x6C, 0x6F, 0x61, 0x64, 0x5F, 0x31, 0x36,
    0x62, 0x70, 0x62, 0x2E, 0x78, 0x65, 0x73, 0x6C, 0x69, 0x78, 0x65, 0x73, 0x6C, 0x5F, 0x65, 0x6E,
    0x74, 0x72, 0x79, 0x58, 0x65, 0x54, 0x65, 0x78, 0x74, 0x75, 0x72, 0x65, 0x4C, 0x6F, 0x61, 0x64,
    0x47, 0x65, 0x74, 0x49, 0x6E, 0x66, 0x6F, 0x6F, 0x6D, 0x6E, 0x69, 0x70, 0x6F, 0x74, 0x65, 0x6E,
    0x74, 0x20, 0x63, 0x68, 0x61, 0x72, 0x53, 0x69, 0x6D, 0x70, 0x6C, 0x65, 0x20, 0x43, 0x2B, 0x2B,
    0x20, 0x54, 0x42, 0x41, 0x41, 0x61, 0x69, 0x72, 0x2D, 0x61, 0x6C, 0x69, 0x61, 0x73, 0x2D, 0x73,
    0x63, 0x6F, 0x70, 0x65, 0x73, 0x28, 0x78, 0x65, 0x73, 0x6C, 0x5F, 0x65, 0x6E, 0x74, 0x72, 0x79,
    0x29, 0x61, 0x69, 0x72, 0x2D, 0x61, 0x6C, 0x69, 0x61, 0x73, 0x2D, 0x73, 0x63, 0x6F, 0x70, 0x65,
    0x2D, 0x61, 0x72, 0x67, 0x28, 0x30, 0x29, 0x61, 0x69, 0x72, 0x2D, 0x61, 0x6C, 0x69, 0x61, 0x73,
    0x2D, 0x73, 0x63, 0x6F, 0x70, 0x65, 0x2D, 0x61, 0x72, 0x67, 0x28, 0x32, 0x29, 0x61, 0x69, 0x72,
    0x2D, 0x61, 0x6C, 0x69, 0x61, 0x73, 0x2D, 0x73, 0x63, 0x6F, 0x70, 0x65, 0x2D, 0x61, 0x72, 0x67,
    0x28, 0x31, 0x29, 0x2F, 0x70, 0x72, 0x69, 0x76, 0x61, 0x74, 0x65, 0x2F, 0x76, 0x61, 0x72, 0x2F,
    0x72, 0x75, 0x6E, 0x2F, 0x63, 0x6F, 0x6D, 0x2E, 0x61, 0x70, 0x70, 0x6C, 0x65, 0x2E, 0x73, 0x65,
    0x63, 0x75, 0x72, 0x69, 0x74, 0x79, 0x2E, 0x63, 0x72, 0x79, 0x70, 0x74, 0x65, 0x78, 0x64, 0x2F,
    0x6D, 0x6E, 0x74, 0x2F, 0x63, 0x6F, 0x6D, 0x2E, 0x61, 0x70, 0x70, 0x6C, 0x65, 0x2E, 0x4D, 0x6F,
    0x62, 0x69, 0x6C, 0x65, 0x41, 0x73, 0x73, 0x65, 0x74, 0x2E, 0x4D, 0x65, 0x74, 0x61, 0x6C, 0x54,
    0x6F, 0x6F, 0x6C, 0x63, 0x68, 0x61, 0x69, 0x6E, 0x2D, 0x76, 0x31, 0x37, 0x2E, 0x33, 0x2E, 0x34,
    0x38, 0x2E, 0x30, 0x2E, 0x35, 0x33, 0x73, 0x38, 0x75, 0x67, 0x2F, 0x4D, 0x65, 0x74, 0x61, 0x6C,
    0x2E, 0x78, 0x63, 0x74, 0x6F, 0x6F, 0x6C, 0x63, 0x68, 0x61, 0x69, 0x6E, 0x2F, 0x75, 0x73, 0x72,
    0x2F, 0x6D, 0x65, 0x74, 0x61, 0x6C, 0x2F, 0x33, 0x32, 0x30, 0x32, 0x33, 0x2F, 0x6C, 0x69, 0x62,
    0x2F, 0x63, 0x6C, 0x61, 0x6E, 0x67, 0x2F, 0x33, 0x32, 0x30, 0x32, 0x33, 0x2E, 0x38, 0x35, 0x30,
    0x2F, 0x69, 0x6E, 0x63, 0x6C, 0x75, 0x64, 0x65, 0x2F, 0x6D, 0x65, 0x74, 0x61, 0x6C, 0x2F, 0x6D,
    0x65, 0x74, 0x61, 0x6C, 0x5F, 0x72, 0x65, 0x6C, 0x61, 0x74, 0x69, 0x6F, 0x6E, 0x61, 0x6C, 0x61,
    0x6E, 0x79, 0x5F, 0x5A, 0x54, 0x53, 0x34, 0x38, 0x78, 0x65, 0x73, 0x6C, 0x5F, 0x69, 0x64, 0x5F,
    0x63, 0x6F, 0x6E, 0x73, 0x74, 0x61, 0x6E, 0x74, 0x42, 0x75, 0x66, 0x66, 0x65, 0x72, 0x5F, 0x78,
    0x65, 0x5F, 0x74, 0x65, 0x78, 0x74, 0x75, 0x72, 0x65, 0x5F, 0x6C, 0x6F, 0x61, 0x64, 0x5F, 0x63,
    0x6F, 0x6E, 0x73, 0x74, 0x61, 0x6E, 0x74, 0x73, 0x69, 0x6E, 0x74, 0x58, 0x65, 0x54, 0x65, 0x78,
    0x74, 0x75, 0x72, 0x65, 0x48, 0x6F, 0x73, 0x74, 0x4C, 0x69, 0x6E, 0x65, 0x61, 0x72, 0x4F, 0x66,
    0x66, 0x73, 0x65, 0x74, 0x73, 0x72, 0x63, 0x2F, 0x78, 0x65, 0x6E, 0x69, 0x61, 0x2F, 0x67, 0x70,
    0x75, 0x2F, 0x73, 0x68, 0x61, 0x64, 0x65, 0x72, 0x73, 0x2F, 0x65, 0x6E, 0x64, 0x69, 0x61, 0x6E,
    0x2E, 0x78, 0x65, 0x73, 0x6C, 0x69, 0x58, 0x65, 0x45, 0x6E, 0x64, 0x69, 0x61, 0x6E, 0x53, 0x77,
    0x61, 0x70, 0x31, 0x36, 0x73, 0x72, 0x63, 0x2F, 0x78, 0x65, 0x6E, 0x69, 0x61, 0x2F, 0x67, 0x70,
    0x75, 0x2F, 0x73, 0x68, 0x61, 0x64, 0x65, 0x72, 0x73, 0x2F, 0x70, 0x69, 0x78, 0x65, 0x6C, 0x5F,
    0x66, 0x6F, 0x72, 0x6D, 0x61, 0x74, 0x73, 0x2E, 0x78, 0x65, 0x73, 0x6C, 0x69, 0x58, 0x65, 0x52,
    0x35, 0x47, 0x35, 0x42, 0x36, 0x54, 0x6F, 0x42, 0x35, 0x47, 0x36, 0x52, 0x35, 0x57, 0x69, 0x74,
    0x68, 0x52, 0x42, 0x47, 0x41, 0x53, 0x77, 0x69, 0x7A, 0x7A, 0x6C, 0x65, 0x58, 0x65, 0x54, 0x65,
    0x78, 0x74, 0x75, 0x72, 0x65, 0x4C, 0x6F, 0x61, 0x64, 0x52, 0x69, 0x67, 0x68, 0x74, 0x43, 0x6F,
    0x6E, 0x73, 0x65, 0x63, 0x75, 0x74, 0x69, 0x76, 0x65, 0x42, 0x6C, 0x6F, 0x63, 0x6B, 0x73, 0x4F,
    0x66, 0x66, 0x73, 0x65, 0x74, 0x2F, 0x70, 0x72, 0x69, 0x76, 0x61, 0x74, 0x65, 0x2F, 0x76, 0x61,
    0x72, 0x2F, 0x72, 0x75, 0x6E, 0x2F, 0x63, 0x6F, 0x6D, 0x2E, 0x61, 0x70, 0x70, 0x6C, 0x65, 0x2E,
    0x73, 0x65, 0x63, 0x75, 0x72, 0x69, 0x74, 0x79, 0x2E, 0x63, 0x72, 0x79, 0x70, 0x74, 0x65, 0x78,
    0x64, 0x2F, 0x6D, 0x6E, 0x74, 0x2F, 0x63, 0x6F, 0x6D, 0x2E, 0x61, 0x70, 0x70, 0x6C, 0x65, 0x2E,
    0x4D, 0x6F, 0x62, 0x69, 0x6C, 0x65, 0x41, 0x73, 0x73, 0x65, 0x74, 0x2E, 0x4D, 0x65, 0x74, 0x61,
    0x6C, 0x54, 0x6F, 0x6F, 0x6C, 0x63, 0x68, 0x61, 0x69, 0x6E, 0x2D, 0x76, 0x31, 0x37, 0x2E, 0x33,
    0x2E, 0x34, 0x38, 0x2E, 0x30, 0x2E, 0x35, 0x33, 0x73, 0x38, 0x75, 0x67, 0x2F, 0x4D, 0x65, 0x74,
    0x61, 0x6C, 0x2E, 0x78, 0x63, 0x74, 0x6F, 0x6F, 0x6C, 0x63, 0x68, 0x61, 0x69, 0x6E, 0x2F, 0x75,
    0x73, 0x72, 0x2F, 0x6D, 0x65, 0x74, 0x61, 0x6C, 0x2F, 0x33, 0x32, 0x30, 0x32, 0x33, 0x2F, 0x6C,
    0x69, 0x62, 0x2F, 0x63, 0x6C, 0x61, 0x6E, 0x67, 0x2F, 0x33, 0x32, 0x30, 0x32, 0x33, 0x2E, 0x38,
    0x35, 0x30, 0x2F, 0x69, 0x6E, 0x63, 0x6C, 0x75, 0x64, 0x65, 0x2F, 0x6D, 0x65, 0x74, 0x61, 0x6C,
    0x2F, 0x6D, 0x65, 0x74, 0x61, 0x6C, 0x5F, 0x69, 0x6E, 0x74, 0x65, 0x67, 0x65, 0x72, 0x6D, 0x69,
    0x6E, 0x58, 0x65, 0x54, 0x65, 0x78, 0x74, 0x75, 0x72, 0x65, 0x54, 0x69, 0x6C, 0x65, 0x64, 0x43,
    0x6F, 0x6E, 0x73, 0x65, 0x63, 0x75, 0x74, 0x69, 0x76, 0x65, 0x42, 0x6C, 0x6F, 0x63, 0x6B, 0x73,
    0x4C, 0x6F, 0x67, 0x32, 0x00, 0x00, 0x00, 0x13, 0x84, 0x6A, 0x9A, 0x20, 0x54, 0xD4, 0x04, 0xA1,
    0xAA, 0x26, 0x08, 0x95, 0x35, 0x41, 0xA8, 0xAE, 0x09, 0x42, 0x85, 0x4D, 0x10, 0xAA, 0x6C, 0x82,
    0x50, 0x69, 0xAB, 0xA8, 0x83, 0x2C, 0xE0, 0x01, 0x20, 0x0B, 0x88, 0x1D, 0x32, 0x00, 0x03, 0x40,
    0x14, 0x04, 0x41, 0x48, 0x15, 0x00, 0x80, 0x1C, 0x00, 0x00, 0x00, 0x56, 0x51, 0x47, 0x3B, 0xC4,
    0x03, 0xD0, 0x0E, 0xA7, 0xC0, 0x0E, 0xA8, 0x00, 0x60, 0x00, 0x88, 0x82, 0x20, 0x08, 0xA9, 0x02,
    0x00, 0x90, 0x03, 0x00, 0x00, 0x80, 0xCE, 0x03, 0x09, 0x64, 0x08, 0x91, 0x21, 0x23, 0xA1, 0xB9,
    0x10, 0x96, 0x00, 0xAC, 0x10, 0x60, 0x82, 0x1E, 0x56, 0x0C, 0x31, 0x01, 0x13, 0xF5, 0xB0, 0x62,
    0x90, 0x09, 0x98, 0xB0, 0x87, 0x15, 0xC3, 0x4C, 0xC0, 0xC4, 0x3D, 0xAC, 0xA2, 0x0E, 0xB5, 0xC8,
    0x07, 0x40, 0x2D, 0xD4, 0x8B, 0x1D, 0xD6, 0x0B, 0xC0, 0x00, 0x10, 0x05, 0x41, 0x10, 0x52, 0x05,
    0x00, 0x20, 0x07, 0x00, 0x00, 0x80, 0x06, 0x83, 0x03, 0x96, 0x00, 0xAC, 0xA2, 0x0E, 0x77, 0xE0,
    0x07, 0xC0, 0x1D, 0xD2, 0x82, 0x1D, 0xD2, 0x02, 0xC0, 0x00, 0x10, 0x05, 0x41, 0x10, 0x52, 0x05,
    0x00, 0x20, 0x07, 0x00, 0x00, 0x80, 0x26, 0x03, 0x04, 0x96, 0x00, 0xAC, 0xA2, 0x8E, 0xBA, 0xF0,
    0x07, 0xA0, 0x2E, 0xC6, 0x80, 0x1D, 0xC6, 0x00, 0xC0, 0x00, 0x10, 0x05, 0x41, 0x10, 0x52, 0x05,
    0x00, 0x20, 0x07, 0x00, 0x00, 0x80, 0x4E, 0x83, 0x0E, 0x96, 0x00, 0xAC, 0xA2, 0x0E, 0xBB, 0x00,
    0x09, 0xC0, 0x2E, 0x68, 0x86, 0x1D, 0x68, 0x06, 0xC0, 0x00, 0x10, 0x05, 0x41, 0x10, 0x52, 0x05,
    0x00, 0x20, 0x07, 0x00, 0x00, 0x80, 0x66, 0x83, 0x01, 0x96, 0x00, 0xAC, 0xA2, 0x8E, 0x76, 0x08,
    0x09, 0xA0, 0x1D, 0x62, 0x82, 0x1D, 0x64, 0x02, 0xC0, 0x00, 0x10, 0x05, 0x41, 0x10, 0x52, 0x05,
    0x00, 0x20, 0x07, 0x00, 0x00, 0x80, 0x86, 0x83, 0x03, 0x96, 0x00, 0xAC, 0xA2, 0x8E, 0xBC, 0x18,
    0x09, 0x20, 0x2F, 0x72, 0x70, 0x60, 0x07, 0x1D, 0x1C, 0x00, 0x0C, 0x00, 0x51, 0x10, 0x04, 0x21,
    0x55, 0x00, 0x00, 0x72, 0x00, 0x00, 0x00, 0x58, 0x45, 0x1D, 0xEE, 0x40, 0x12, 0x80, 0x3B, 0xE0,
    0x01, 0x3B, 0xE0, 0x01, 0x80, 0x01, 0x20, 0x0A, 0x82, 0x20, 0xA4, 0x0A, 0x00, 0x40, 0x0E, 0x00,
    0x00, 0x00, 0x9D, 0x13, 0x09, 0x3B, 0xD1, 0x13, 0xBA, 0x0F, 0x14, 0x7C, 0x02, 0x2C, 0xB4, 0x1C,
    0x48, 0xB0, 0x04, 0xA0, 0xEB, 0x60, 0x80, 0x25, 0x00, 0x83, 0x0A, 0xE0, 0x1D, 0x04, 0x00, 0xD8,
    0x10, 0xCC, 0xC3, 0x86, 0x41, 0x1E, 0xCA, 0xA2, 0x24, 0x36, 0x0C, 0x66, 0x61, 0x16, 0x25, 0xB1,
    0x21, 0x88, 0x89, 0x0D, 0xC2, 0x4C, 0xC8, 0xC4, 0xA0, 0x02, 0xC0, 0x07, 0x00, 0x00, 0x36, 0x0C,
    0xFB, 0x60, 0x16, 0x25, 0xB1, 0x21, 0xD2, 0x87, 0xB5, 0x28, 0x89, 0xB5, 0x30, 0x89, 0xB5, 0x38,
    0x89, 0xB5, 0x40, 0x09, 0xB3, 0x48, 0x89, 0xB5, 0x50, 0x89, 0xB5, 0x58, 0x89, 0xB5, 0x60, 0x89,
    0x0D, 0x03, 0x5B, 0xAC, 0xC5, 0x4A, 0x6C, 0x18, 0xD8, 0x62, 0x2D, 0x54, 0x62, 0xC3, 0xC0, 0x16,
    0x6B, 0x81, 0x12, 0x1B, 0x06, 0xB6, 0x58, 0x8B, 0x93, 0xD8, 0x30, 0xB0, 0xC5, 0x5A, 0x98, 0xC4,
    0x86, 0x81, 0x2D, 0xD6, 0xA2, 0x24, 0x36, 0x04, 0x32, 0xB1, 0x41, 0x88, 0x89, 0x99, 0x18, 0x54,
    0x00, 0xFD, 0x20, 0x00, 0xC0, 0xA0, 0x02, 0xF8, 0x07, 0x01, 0x00, 0x36, 0x04, 0x33, 0xB1, 0x41,
    0x88, 0x09, 0x99, 0x18, 0x54, 0x00, 0x22, 0x01, 0x00, 0x00, 0x00, 0x7D, 0x0C, 0x17, 0x18, 0xB4,
    0xC1, 0x8C, 0x41, 0x31, 0x0E, 0x87, 0x4B, 0xBC, 0x04, 0x40, 0x81, 0x28, 0x13, 0x06, 0xC0, 0x59,
    0xD2, 0xCD, 0x18, 0x14, 0x1E, 0x1D, 0xB4, 0x04, 0x00, 0x0C, 0x37, 0x04, 0xC2, 0x18, 0xCC, 0x18,
    0x14, 0x60, 0xB0, 0xB4, 0x04, 0x00, 0x0C, 0x32, 0x04, 0x45, 0x32, 0x61, 0x00, 0x8C, 0x18, 0x14,
    0x44, 0x08, 0x82, 0x41, 0x54, 0x07, 0xC1, 0x8C, 0x41, 0xC1, 0x5E, 0x0A, 0x4D, 0xD4, 0x04, 0x30,
    0xCB, 0x40, 0x04, 0xC1, 0x8C, 0x41, 0x01, 0x06, 0x47, 0x4B, 0x00, 0x40, 0x1F, 0x43, 0x67, 0x06,
    0xD8, 0x8C, 0x41, 0x71, 0x0E, 0x87, 0x4B, 0xBC, 0x04, 0x40, 0x41, 0x18, 0x13, 0x06, 0x40, 0x1F,
    0xC3, 0x87, 0x06, 0xD9, 0x8C, 0x41, 0x51, 0x0E, 0x87, 0x4B, 0xBC, 0x04, 0x40, 0x41, 0x28, 0x13,
    0x06, 0x40, 0x1F, 0x43, 0x18, 0xA8, 0x81, 0x1D, 0xCC, 0x18, 0x14, 0xE0, 0x70, 0xB8, 0xC4, 0x4B,
    0x00, 0x14, 0x84, 0x31, 0x61, 0x00, 0xF4, 0x31, 0x8C, 0x01, 0x1B, 0xEC, 0xC1, 0x8C, 0x41, 0xD1,
    0x0B, 0x63, 0xE0, 0x12, 0x2F, 0x01, 0x50, 0x10, 0xC8, 0x84, 0x01, 0xD0, 0xC7, 0x50, 0x06, 0x6E,
    0x90, 0x07, 0x33, 0x06, 0x05, 0x2F, 0x1C, 0x2E, 0xF1, 0x12, 0x00, 0x05, 0x61, 0x4C, 0x18, 0x00,
    0x7D, 0x0C, 0x67, 0x00, 0x07, 0x76, 0x30, 0x63, 0x50, 0xA8, 0xC2, 0x18, 0xB8, 0xC4, 0x4B, 0x00,
    0x14, 0x84, 0x32, 0x61, 0x00, 0x64, 0xB0, 0x60, 0xC6, 0xA0, 0x88, 0x05, 0xCC, 0x25, 0x5E, 0x02,
    0xB8, 0x40, 0xC3, 0x19, 0x83, 0x62, 0x16, 0x26, 0x97, 0x78, 0x09, 0xE0, 0x82, 0x4D, 0x27, 0x0C,
    0x80, 0x1B, 0x38, 0x9D, 0x31, 0x28, 0x62, 0x01, 0x73, 0x89, 0x97, 0x00, 0xC6, 0x10, 0xAA, 0x6C,
    0xC6, 0xA0, 0x28, 0x03, 0x31, 0x68, 0x09, 0x00, 0x18, 0x43, 0xA8, 0xEE, 0x60, 0xC6, 0xA0, 0x50,
    0x0B, 0xC5, 0x26, 0x6E, 0x02, 0xC0, 0x60, 0x14, 0x4E, 0x60, 0xC6, 0xA0, 0x50, 0x0B, 0xC7, 0x26,
    0x6E, 0x02, 0x18, 0x43, 0xB8, 0xB6, 0x19, 0x83, 0x42, 0x2D, 0x38, 0x9B, 0xB8, 0x09, 0x00, 0x89,
    0x40, 0x04, 0x66, 0x0C, 0x0A, 0xB5, 0x00, 0x03, 0x9B, 0xB8, 0x09, 0x60, 0x0C, 0x21, 0xF3, 0x66,
    0x0C, 0x0A, 0xB5, 0x80, 0x03, 0x9B, 0xB8, 0x09, 0x00, 0x85, 0x00, 0x04, 0x66, 0x0C, 0x0A, 0xB5,
    0x70, 0x03, 0x9B, 0xB8, 0x09, 0x00, 0xAD, 0x40, 0x04, 0x66, 0x0C, 0x0A, 0xB5, 0xA8, 0x03, 0x9B,
    0xB8, 0x09, 0x00, 0x03, 0x03, 0x04, 0x66, 0x0C, 0x0A, 0xB5, 0xC8, 0x6C, 0xE2, 0x26, 0x80, 0x0B,
    0x2C, 0x98, 0x31, 0x28, 0xCA, 0xE0, 0x0F, 0x5A, 0x02, 0x00, 0x2E, 0x68, 0x05, 0x9C, 0x31, 0x28,
    0xCC, 0xE0, 0x6B, 0x09, 0x00, 0x18, 0x31, 0x90, 0x8A, 0x18, 0x04, 0x83, 0x46, 0x16, 0x98, 0x86,
    0x0E, 0xCA, 0x40, 0xA2, 0x2C, 0x38, 0xA0, 0x03, 0x3A, 0xA0, 0x83, 0x0F, 0x16, 0x58, 0x61, 0xC6,
    0xA0, 0x40, 0x83, 0xA3, 0x25, 0x00, 0xE0, 0x82, 0x57, 0xC0, 0x19, 0x83, 0x02, 0x0D, 0x4A, 0xA1,
    0x25, 0x00, 0x20, 0x83, 0x1A, 0x33, 0x06, 0x85, 0x1A, 0x1C, 0x2D, 0x01, 0x00, 0xBD, 0x08, 0x79,
    0x10, 0x4C, 0x18, 0x00, 0x14, 0x94, 0x32, 0x61, 0x00, 0x5C, 0xA5, 0x0A, 0x3A, 0x63, 0x50, 0x8C,
    0x41, 0x80, 0x13, 0x39, 0x01, 0x0C, 0x37, 0x04, 0xB4, 0x00, 0x06, 0x13, 0x06, 0xC0, 0x0D, 0x76,
    0x70, 0x13, 0x06, 0xC0, 0x05, 0x76, 0xA0, 0x13, 0x06, 0xC0, 0x15, 0x78, 0x80, 0x13, 0x06, 0xC0,
    0x05, 0x77, 0xA0, 0x13, 0x06, 0xC0, 0x0D, 0xC1, 0x4E, 0x18, 0x00, 0xD3, 0x0D, 0x01, 0x62, 0x4C,
    0x18, 0x00, 0x17, 0xE4, 0xC1, 0xCD, 0x18, 0x14, 0x35, 0x93, 0x06, 0x3A, 0xB1, 0x13, 0xC0, 0x05,
    0x79, 0xA0, 0x13, 0x06, 0xC0, 0x0D, 0x79, 0x80, 0x33, 0x06, 0x85, 0xCD, 0xA4, 0x81, 0x4E, 0xEC,
    0x04, 0x70, 0x41, 0x1E, 0xE8, 0x84, 0x01, 0x70, 0x43, 0xB0, 0x33, 0x06, 0x45, 0xCD, 0xC4, 0x81,
    0x4E, 0xEC, 0x04, 0x90, 0x53, 0x8D, 0x19, 0x83, 0x82, 0x0D, 0x86, 0x96, 0x00, 0x80, 0x5E, 0x04,
    0x55, 0x08, 0x26, 0x0C, 0x80, 0x61, 0x03, 0x22, 0x18, 0x0A, 0x60, 0xC2, 0x00, 0xC0, 0x0A, 0x1C,
    0x60, 0x60, 0xC6, 0xA0, 0x70, 0x83, 0xA1, 0x25, 0x00, 0x60, 0xB8, 0x21, 0x0C, 0xF8, 0x00, 0x0C,
    0x66, 0x0C, 0x0A, 0x9D, 0x28, 0x03, 0x9E, 0xE8, 0x09, 0x60, 0x96, 0x41, 0x18, 0x82, 0x19, 0x83,
    0x42, 0x27, 0x36, 0x9E, 0xE8, 0x09, 0x60, 0xC4, 0xC0, 0x20, 0x42, 0x10, 0x0C, 0x92, 0x74, 0x18,
    0x87, 0x71, 0x98, 0x31, 0x28, 0x76, 0x70, 0x50, 0x7C, 0x22, 0x2C, 0x80, 0x0B, 0xC6, 0x01, 0x66,
    0x0C, 0x8A, 0x9E, 0x78, 0x03, 0x9E, 0xE8, 0x09, 0xE0, 0x82, 0x71, 0xD0, 0x19, 0x83, 0xA2, 0x27,
    0x26, 0x9E, 0xE8, 0x09, 0x00, 0xCB, 0x21, 0xB8, 0x80, 0x09, 0x03, 0xE0, 0x02, 0x74, 0xC0, 0x59,
    0x82, 0x61, 0xA0, 0x22, 0x10, 0x04, 0xD9, 0x08, 0x30, 0xD8, 0x60, 0x60, 0xC6, 0xA0, 0x78, 0x03,
    0xAB, 0x25, 0x00, 0x20, 0x83, 0x1A, 0x33, 0x06, 0xC5, 0x1C, 0x1C, 0x2D, 0x01, 0x00, 0xBD, 0x08,
    0xB4, 0x10, 0x4C, 0x18, 0x00, 0x14, 0x94, 0x32, 0x61, 0x00, 0x5C, 0xF0, 0x0A, 0x37, 0x63, 0x50,
    0x8C, 0x41, 0x80, 0x13, 0x62, 0x01, 0x5C, 0xF0, 0x0A, 0x3A, 0x61, 0x00, 0xDC, 0x10, 0x0B, 0x38,
    0x61, 0x00, 0x5C, 0x00, 0x0B, 0x3A, 0x61, 0x00, 0xDC, 0x10, 0xEC, 0x84, 0x01, 0x30, 0xDD, 0x10,
    0x18, 0xDF, 0x84, 0x01, 0x70, 0x81, 0x2C, 0xDC, 0x8C, 0x41, 0x51, 0x33, 0x69, 0xA0, 0x13, 0x63,
    0x01, 0x5C, 0x20, 0x0B, 0x3A, 0x61, 0x00, 0xDC, 0x20, 0x0B, 0x38, 0x63, 0x50, 0xD8, 0x4C, 0x1A,
    0xE8, 0xC4, 0x58, 0x00, 0x17, 0xC8, 0x82, 0x4E, 0x18, 0x00, 0x37, 0x04, 0x3B, 0x63, 0x50, 0xD4,
    0x4C, 0x1C, 0xE8, 0xC4, 0x58, 0x00, 0x79, 0xD5, 0x98, 0x31, 0x28, 0xEA, 0x60, 0x68, 0x09, 0x00,
    0xE8, 0x45, 0x18, 0x87, 0x60, 0xC2, 0x00, 0x18, 0x36, 0x20, 0x82, 0xA1, 0x00, 0x26, 0x0C, 0x80,
    0x59, 0x02, 0x62, 0xC6, 0xA0, 0xB8, 0x83, 0xA0, 0x25, 0x00, 0x40, 0x27, 0x0C, 0x80, 0x80, 0x18,
    0x00, 0x00, 0x00, 0x1C, 0x00, 0x00, 0x00, 0x5B, 0x04, 0x80, 0x25, 0xB6, 0x1C, 0x41, 0x60, 0x16,
    0xC7, 0x59, 0x20, 0x68, 0xB1, 0xE5, 0x40, 0x02, 0xB6, 0x38, 0xCE, 0x02, 0x41, 0x8B, 0x2D, 0x87,
    0x12, 0xB4, 0xC5, 0x71, 0x16, 0x08, 0x5A, 0x6C, 0x39, 0x98, 0xC0, 0x2D, 0x8E, 0xB3, 0x40, 0xD0,
    0x62, 0xCB, 0xE1, 0x04, 0x6F, 0x71, 0x9C, 0x05, 0x82, 0x16, 0x5B, 0x0E, 0x28, 0x80, 0x8B, 0xE3,
    0x2C, 0x10, 0xB4, 0xD8, 0x72, 0x48, 0x41, 0x5C, 0x1C, 0x67, 0x81, 0xA0, 0xC5, 0x96, 0xC3, 0x0C,
    0x02, 0xB3, 0x38, 0xE4, 0x02, 0x99, 0x8B, 0x2D, 0x87, 0x1D, 0x04, 0x66, 0x71, 0xD8, 0x05, 0x72,
    0x17, 0x5B, 0x0E, 0x52, 0x08, 0xCC, 0xE2, 0x90, 0x0B, 0x64, 0x2E, 0xB6, 0x1C, 0xB2, 0x10, 0x98,
    0xC5, 0x61, 0x17, 0xC8, 0x5D, 0x00, 0x00, 0x00, 0x00, 0x00, 0x00, 0x61, 0x20, 0x00, 0x00, 0x87,
    0x01, 0x00, 0x00, 0x13, 0x04, 0x46, 0x2C, 0x10, 0x00, 0x00, 0x00, 0x0B, 0x00, 0x00, 0x00, 0x14,
    0x4A, 0xA1, 0x18, 0xCA, 0xA3, 0xE0, 0x2A, 0x10, 0xA8, 0xFC, 0x8A, 0xFF, 0xFF, 0xFF, 0x7F, 0xA0,
    0x60, 0x0A, 0xFC, 0xFF, 0xFF, 0xFF, 0xA1, 0x82, 0x0A, 0x10, 0xA4, 0x00, 0x39, 0x0A, 0x70, 0x80,
    0x56, 0x09, 0x8C, 0x00, 0x50, 0x2D, 0x81, 0x22, 0x00, 0x00, 0x00, 0xF1, 0x30, 0x00, 0x00, 0x3E,
    0x00, 0x00, 0x00, 0x22, 0x47, 0xC8, 0x90, 0x51, 0x12, 0xC4, 0x39, 0x00, 0x00, 0x00, 0x00, 0x9D,
    0x65, 0x69, 0x00, 0x58, 0x65, 0x54, 0x65, 0x78, 0x74, 0x75, 0x72, 0x65, 0x4C, 0x6F, 0x61, 0x64,
    0x47, 0x75, 0x65, 0x73, 0x74, 0x42, 0x6C, 0x6F, 0x63, 0x6B, 0x4F, 0x66, 0x66, 0x73, 0x65, 0x74,
    0x58, 0x65, 0x54, 0x65, 0x78, 0x74, 0x75, 0x72, 0x65, 0x54, 0x69, 0x6C, 0x65, 0x64, 0x4F, 0x66,
    0x66, 0x73, 0x65, 0x74, 0x33, 0x44, 0x58, 0x65, 0x54, 0x65, 0x78, 0x74, 0x75, 0x72, 0x65, 0x54,
    0x69, 0x6C, 0x65, 0x64, 0x4F, 0x66, 0x66, 0x73, 0x65, 0x74, 0x32, 0x44, 0x58, 0x65, 0x54, 0x65,
    0x78, 0x74, 0x75, 0x72, 0x65, 0x47, 0x75, 0x65, 0x73, 0x74, 0x4C, 0x69, 0x6E, 0x65, 0x61, 0x72,
    0x4F, 0x66, 0x66, 0x73, 0x65, 0x74, 0x00, 0xAB, 0xA8, 0xA3, 0x1D, 0xDE, 0x01, 0x68, 0x07, 0x77,
    0x60, 0x07, 0x78, 0x00, 0x30, 0x00, 0x44, 0x41, 0x10, 0x84, 0x54, 0x01, 0x00, 0xC8, 0x01, 0x00,
    0x00, 0x60, 0x15, 0x75, 0xB8, 0x03, 0x3C, 0x00, 0xEE, 0x00, 0x06, 0xEC, 0x10, 0x06, 0x00, 0x06,
    0x80, 0x28, 0x08, 0x82, 0x90, 0x2A, 0x00, 0x00, 0x39, 0x00, 0x00, 0x00, 0xE8, 0x3C, 0x90, 0x40,
    0x86, 0x10, 0x19, 0x32, 0x12, 0xDA, 0x1F, 0x3C, 0xE4, 0x01, 0xB0, 0x8A, 0x3A, 0xDC, 0x21, 0x1E,
    0x00, 0x77, 0x78, 0xD8, 0xE1, 0x01, 0x30, 0x00, 0x44, 0x41, 0x10, 0x84, 0x54, 0x01, 0x00, 0xC8,
    0x01, 0x00, 0x00, 0xA0, 0x45, 0xC2, 0x43, 0x1E, 0x00, 0xAB, 0xA8, 0xC3, 0x1D, 0xE4, 0x01, 0x70,
    0x07, 0xB2, 0x60, 0x87, 0xB2, 0x00, 0x30, 0x00, 0x44, 0x41, 0x10, 0x84, 0x54, 0x01, 0x00, 0xC8,
    0x01, 0x00, 0x00, 0xA0, 0x4F, 0x82, 0x43, 0x1E, 0x00, 0x00, 0x00, 0xF7, 0x11, 0x3A, 0x63, 0x50,
    0xF0, 0x43, 0x19, 0xCC, 0x03, 0x00, 0x0C, 0x37, 0x04, 0x04, 0x18, 0x4C, 0x18, 0x00, 0xB3, 0x0C,
    0x44, 0x10, 0xCC, 0x18, 0x14, 0xFC, 0xB0, 0xCD, 0x03, 0x00, 0x1C, 0x18, 0x18, 0x3A, 0x63, 0x50,
    0xF4, 0xC3, 0x19, 0xCC, 0x03, 0x00, 0x0C, 0x37, 0x04, 0x06, 0x18, 0x4C, 0x18, 0x00, 0xB3, 0x0C,
    0x83, 0x10, 0xCC, 0x18, 0x14, 0xFD, 0xD0, 0xCD, 0x03, 0x00, 0x8C, 0x21, 0x60, 0xC6, 0x8C, 0x41,
    0x31, 0x06, 0x17, 0x3D, 0xD4, 0x03, 0x70, 0x81, 0x1E, 0xE0, 0x8C, 0x41, 0x31, 0x06, 0x1B, 0x3D,
    0xD4, 0x03, 0x30, 0x86, 0xA0, 0x1D, 0x33, 0x06, 0xC5, 0x18, 0x90, 0x01, 0x3D, 0xD4, 0x03, 0x70,
    0x81, 0x1F, 0xE4, 0x8C, 0x41, 0x31, 0x06, 0x68, 0x40, 0x0F, 0xF5, 0x00, 0x5C, 0x18, 0xF4, 0x01,
    0xCE, 0x18, 0x14, 0x63, 0x30, 0x0A, 0xF4, 0x50, 0x0F, 0x00, 0x0A, 0x81, 0x08, 0xCC, 0x18, 0x14,
    0x63, 0xE0, 0x06, 0xF4, 0x50, 0x0F, 0xC0, 0x05, 0x05, 0xCC, 0x18, 0x14, 0x63, 0x10, 0x06, 0xF4,
    0x50, 0x0F, 0xC0, 0x95, 0x01, 0x87, 0x33, 0x06, 0x05, 0x19, 0x9C, 0x01, 0x3D, 0xD4, 0x03, 0x70,
    0x42, 0x20, 0x33, 0x06, 0xC5, 0x18, 0xAC, 0x02, 0x3D, 0xD4, 0x03, 0x30, 0x86, 0x10, 0x06, 0x75,
    0x30, 0x63, 0x50, 0x94, 0xC1, 0x44, 0x0F, 0xF5, 0x00, 0x5C, 0xF0, 0xE5, 0x8C, 0x41, 0x51, 0x06,
    0x17, 0x3D, 0xD4, 0x03, 0x70, 0x43, 0x00, 0x33, 0x06, 0x45, 0x19, 0x74, 0xF4, 0x50, 0x0F, 0xC0,
    0x89, 0x01, 0x18, 0xC0, 0x8C, 0x41, 0x51, 0x06, 0x79, 0x40, 0x0F, 0xF5, 0x00, 0x5C, 0x30, 0x0A,
    0x3A, 0x63, 0x50, 0x94, 0x01, 0x1B, 0xD0, 0x43, 0x3D, 0x00, 0x37, 0x04, 0x37, 0x61, 0x00, 0x5C,
    0x60, 0x0A, 0x37, 0x63, 0x50, 0x94, 0x01, 0x2B, 0xD0, 0x43, 0x3D, 0x00, 0x17, 0x7C, 0x3A, 0x61,
    0x00, 0x1C, 0xB2, 0x0A, 0x3A, 0x63, 0x50, 0x98, 0x81, 0x45, 0x0F, 0xF5, 0x00, 0x9C, 0xD4, 0x0A,
    0x37, 0x63, 0x50, 0x98, 0x01, 0x1A, 0xD0, 0x43, 0x3D, 0x00, 0x17, 0x84, 0x81, 0x4E, 0x18, 0x00,
    0x17, 0x0C, 0x3B, 0x63, 0x50, 0x98, 0xC1, 0x46, 0x0F, 0xF5, 0x00, 0x5C, 0x80, 0xDC, 0x8C, 0x41,
    0x61, 0x06, 0x6F, 0x40, 0x0F, 0xF5, 0x00, 0x5C, 0xA0, 0x06, 0x39, 0x63, 0x50, 0x98, 0x81, 0x28,
    0xD0, 0x43, 0x3D, 0x00, 0x77, 0xBD, 0x02, 0xCE, 0x18, 0x14, 0x67, 0xC0, 0xD1, 0x43, 0x3D, 0x00,
    0x18, 0x54, 0x20, 0x30, 0x63, 0x50, 0x9C, 0x81, 0x18, 0xD0, 0x43, 0x3D, 0x00, 0x17, 0xC0, 0x82,
    0xCE, 0x18, 0x14, 0x67, 0x00, 0x07, 0xF4, 0x50, 0x0F, 0xC0, 0x45, 0xB2, 0x80, 0x33, 0x06, 0x05,
    0x1A, 0xA0, 0x01, 0x3D, 0xD4, 0x03, 0x80, 0x82, 0x2C, 0xDC, 0xC0, 0x8C, 0x41, 0x81, 0x06, 0x7E,
    0x40, 0x0F, 0xF5, 0x00, 0x60, 0x20, 0xC0, 0xC0, 0x8C, 0x41, 0x81, 0x06, 0x6E, 0x40, 0x0F, 0xF5,
    0x00, 0x60, 0x40, 0x0B, 0x37, 0x30, 0x63, 0x50, 0xA0, 0x81, 0x2A, 0xD0, 0x43, 0x3D, 0x00, 0x17,
    0xC8, 0x81, 0x4E, 0x18, 0x00, 0x97, 0xB0, 0x81, 0xCE, 0x18, 0x14, 0x69, 0x20, 0x06, 0xF4, 0x50,
    0x0F, 0x00, 0x42, 0x01, 0x04, 0xCC, 0x18, 0x14, 0x69, 0x90, 0xD1, 0x43, 0x3D, 0x00, 0x17, 0xE0,
    0xC2, 0xCD, 0x18, 0x14, 0x69, 0xA0, 0x06, 0xF4, 0x50, 0x0F, 0xC0, 0x31, 0x75, 0xA0, 0x33, 0x06,
    0x45, 0x1A, 0xE4, 0x01, 0x3D, 0xD4, 0x03, 0x70, 0x61, 0xB0, 0x0B, 0x3A, 0x63, 0x50, 0xA8, 0xC1,
    0x45, 0x0F, 0xF5, 0x00, 0x5C, 0x70, 0xDD, 0x8C, 0x41, 0xA1, 0x06, 0x1C, 0x3D, 0xD4, 0x03, 0x70,
    0x65, 0xE0, 0x0B, 0x37, 0x63, 0x50, 0xA8, 0x01, 0x1F, 0xD0, 0x43, 0x3D, 0x00, 0x17, 0xE4, 0x82,
    0x4E, 0x18, 0x00, 0x37, 0x04, 0x30, 0x63, 0x50, 0xA4, 0x01, 0x1C, 0xD0, 0x43, 0x3D, 0x00, 0x17,
    0x18, 0x30, 0x63, 0x50, 0xA4, 0xC1, 0x1F, 0xD0, 0x43, 0x3D, 0x00, 0x17, 0x20, 0x30, 0x63, 0x50,
    0xA8, 0xC1, 0x1B, 0xD0, 0x43, 0x3D, 0x00, 0x18, 0xF9, 0xC1, 0x0D, 0xCC, 0x18, 0x14, 0x6D, 0xB0,
    0xD0, 0x43, 0x3D, 0x00, 0x27, 0x8C, 0x03, 0x4E, 0x18, 0x00, 0x17, 0xF8, 0x81, 0x4E, 0x18, 0x00,
    0x17, 0x0C, 0x3B, 0x61, 0x00, 0x5C, 0x00, 0xED, 0x8C, 0x41, 0xE1, 0x06, 0x0B, 0x3D, 0xD4, 0x03,
    0x80, 0x01, 0x29, 0xDC, 0xC0, 0x8C, 0x41, 0x11, 0x07, 0x0B, 0x3D, 0xD4, 0x03, 0x70, 0x07, 0x3A,
    0xDC, 0x84, 0x01, 0x70, 0x81, 0x28, 0xE8, 0x84, 0x01, 0x70, 0x43, 0xB0, 0x13, 0x06, 0xC0, 0x29,
    0xA3, 0xA0, 0x33, 0x06, 0x85, 0x1C, 0x58, 0xF4, 0x50, 0x0F, 0xC0, 0x09, 0xC1, 0xCE, 0x18, 0x14,
    0x72, 0xB0, 0xD0, 0x43, 0x3D, 0x00, 0xB3, 0x04, 0xC5, 0x8C, 0x41, 0x11, 0x12, 0xC7, 0x3C, 0x00,
    0xC0, 0x18, 0x42, 0x2B, 0x84, 0xC3, 0x8C, 0x41, 0x31, 0x25, 0xF6, 0x70, 0x0F, 0xC0, 0x05, 0xAB,
    0x90, 0x33, 0x06, 0xC5, 0xD4, 0xD8, 0xC3, 0x3D, 0x00, 0x63, 0x08, 0xAF, 0xD0, 0x07, 0x33, 0x06,
    0xC5, 0x64, 0xD9, 0xC3, 0x3D, 0x00, 0x17, 0xB4, 0x42, 0xCE, 0x18, 0x14, 0x93, 0x66, 0x0F, 0xF7,
    0x00, 0xDC, 0x2D, 0xB8, 0x02, 0xCE, 0x18, 0x14, 0x13, 0x1D, 0xD8, 0xC3, 0x3D, 0x00, 0x28, 0x04,
    0x22, 0x30, 0x63, 0x50, 0x4C, 0x60, 0x60, 0x0F, 0xF7, 0x00, 0x60, 0x50, 0x80, 0xC0, 0x8C, 0x41,
    0x31, 0x4D, 0xF6, 0x70, 0x0F, 0xC0, 0xC9, 0x82, 0x3D, 0xC0, 0x8C, 0x41, 0x31, 0xA5, 0x82, 0x3D,
    0xDC, 0x03, 0x70, 0xC1, 0x3C, 0xE8, 0x8C, 0x41, 0x31, 0xF1, 0x81, 0x3D, 0xDC, 0x03, 0x70, 0x43,
    0x70, 0x13, 0x06, 0xC0, 0x29, 0xF9, 0xA0, 0x33, 0x06, 0x45, 0x55, 0xD9, 0xC3, 0x3D, 0x00, 0x97,
    0xEC, 0xC3, 0xCD, 0x18, 0x14, 0x55, 0x1A, 0xD8, 0xC3, 0x3D, 0x00, 0x17, 0xCC, 0x82, 0x4E, 0x18,
    0x00, 0x17, 0x0C, 0x3B, 0x63, 0x50, 0x54, 0x9A, 0x3D, 0xDC, 0x03, 0x70, 0xB9, 0x90, 0x0F, 0x3A,
    0x63, 0x50, 0x54, 0x70, 0x60, 0x0F, 0xF7, 0x00, 0x9C, 0x10, 0xDC, 0x84, 0x01, 0x70, 0x01, 0x3F,
    0xDC, 0x8C, 0x41, 0x71, 0xA1, 0x81, 0x3D, 0xDC, 0x03, 0x70, 0x81, 0x2C, 0xE8, 0x84, 0x01, 0x70,
    0x83, 0x2E, 0xE8, 0x8C, 0x41, 0x71, 0xDD, 0x81, 0x3D, 0xDC, 0x03, 0x70, 0x51, 0x48, 0xDC, 0x8C,
    0x41, 0x71, 0xAD, 0x82, 0x3D, 0xDC, 0x03, 0x70, 0x01, 0x3F, 0xE8, 0x84, 0x01, 0x70, 0x4C, 0x00,
    0x33, 0x06, 0xC5, 0x65, 0xD9, 0xC3, 0x3D, 0x00, 0x17, 0x10, 0x30, 0x63, 0x50, 0x5C, 0x6E, 0x60,
    0x0F, 0xF7, 0x00, 0x5C, 0x60, 0xC0, 0x8C, 0x41, 0x71, 0xF9, 0x81, 0x3D, 0xDC, 0x03, 0x70, 0x41,
    0x49, 0xDC, 0x8C, 0x41, 0x91, 0x75, 0xF6, 0x70, 0x0F, 0xC0, 0x05, 0xBF, 0xA0, 0x13, 0x06, 0xC0,
    0x61, 0x29, 0x71, 0x33, 0x06, 0x85, 0x66, 0xD9, 0xC3, 0x3D, 0x00, 0x17, 0xEC, 0x82, 0x4E, 0x18,
    0x00, 0x57, 0xB0, 0xC4, 0xCD, 0x18, 0x14, 0x1B, 0x67, 0x0F, 0xF7, 0x00, 0x5C, 0xC0, 0x0B, 0x3A,
    0x61, 0x00, 0x1C, 0xE7, 0x12, 0x38, 0x63, 0x50, 0x70, 0x98, 0x3D, 0xDC, 0x03, 0x70, 0xC1, 0x4B,
    0xE8, 0x84, 0x01, 0x70, 0x60, 0xD0, 0x12, 0x38, 0x63, 0x50, 0x70, 0x65, 0x60, 0x0F, 0xF7, 0x00,
    0xA0, 0x10, 0xC0, 0xC0, 0x8C, 0x41, 0xC1, 0x79, 0xF6, 0x70, 0x0F, 0xC0, 0x05, 0xEB, 0x70, 0x33,
    0x06, 0x05, 0x17, 0x07, 0xF6, 0x70, 0x0F, 0xC0, 0x05, 0xE1, 0xA0, 0x13, 0x06, 0xC0, 0x35, 0xE9,
    0xA0, 0x33, 0x06, 0x45, 0x27, 0xD9, 0xC3, 0x3D, 0x00, 0x27, 0x28, 0x3B, 0x63, 0x50, 0x64, 0x63,
    0x60, 0x0F, 0xF7, 0x00, 0x5C, 0x20, 0xEC, 0x8C, 0x41, 0xA1, 0x71, 0xF6, 0x70, 0x0F, 0xC0, 0x05,
    0xCE, 0xCE, 0x18, 0x14, 0x9B, 0x18, 0xD8, 0xC3, 0x3D, 0x00, 0x17, 0x2C, 0x3B, 0x63, 0x50, 0x70,
    0x77, 0x60, 0x0F, 0xF7, 0x00, 0xCC, 0x12, 0x14, 0x63, 0x08, 0xF6, 0xA0, 0x12, 0x33, 0x06, 0x85,
    0x59, 0x28, 0xF8, 0x90, 0x0F, 0x00, 0x06, 0xF6, 0x20, 0x02, 0x33, 0x06, 0x85, 0x59, 0x38, 0xF8,
    0x90, 0x0F, 0xC0, 0x18, 0x02, 0x3E, 0x94, 0xC3, 0x8C, 0x41, 0x61, 0x16, 0x1C, 0x3E, 0xE4, 0x03,
    0x80, 0x81, 0x3F, 0x88, 0xC0, 0x8C, 0x41, 0x61, 0x16, 0x60, 0x80, 0x0F, 0xF9, 0x00, 0x8C, 0x21,
    0xE8, 0x03, 0x3A, 0xCC, 0x18, 0x14, 0x66, 0x81, 0x07, 0xF8, 0x90, 0x0F, 0x00, 0x0A, 0x01, 0x08,
    0xCC, 0x18, 0x14, 0x66, 0x61, 0x07, 0xF8, 0x90, 0x0F, 0x00, 0x06, 0x22, 0x21, 0x02, 0x33, 0x06,
    0x85, 0x59, 0xF4, 0x01, 0x3E, 0xE4, 0x03, 0x80, 0x81, 0x01, 0x02, 0x33, 0x06, 0x85, 0x59, 0x64,
    0xF8, 0x90, 0x0F, 0xC0, 0x2C, 0x41, 0x31, 0xD0, 0x11, 0x90, 0x83, 0x20, 0x0D, 0x02, 0x31, 0x63,
    0x50, 0x00, 0xC0, 0x3C, 0x00, 0x00, 0x06, 0x26, 0x01, 0x02, 0x33, 0x06, 0xC5, 0x4A, 0xB4, 0xC1,
    0x3C, 0x00, 0xC0, 0x06, 0x33, 0x06, 0xC5, 0x4A, 0x14, 0xF3, 0x00, 0x00, 0x01, 0x31, 0x00, 0x02,
    0x00, 0x00, 0x00, 0x5B, 0x04, 0x40, 0x1E, 0x00, 0x00, 0x00, 0x00, 0x00, 0x00, 0x00, 0x00, 0x71,
    0x20, 0x00, 0x00, 0x03, 0x00, 0x00, 0x00, 0x32, 0x0E, 0x10, 0x22, 0x84, 0x00, 0xCD, 0x09, 0x28,
    0x60, 0xEC, 0x00, 0x00, 0x00, 0x00, 0x00, 0x65, 0x0C, 0x00, 0x00, 0x31, 0x00, 0x00, 0x00, 0x12,
    0x03, 0x94, 0x78, 0x01, 0x00, 0x00, 0x00, 0x03, 0x00, 0x00, 0x00, 0x5E, 0x00, 0x00, 0x00, 0x0C,
    0x00, 0x00, 0x00, 0x4C, 0x00, 0x00, 0x00, 0x01, 0x00, 0x00, 0x00, 0x58, 0x00, 0x00, 0x00, 0x00,
    0x00, 0x00, 0x00, 0x58, 0x00, 0x00, 0x00, 0x04, 0x00, 0x00, 0x00, 0xB8, 0x00, 0x00, 0x00, 0x00,
    0x00, 0x00, 0x00, 0x6A, 0x00, 0x00, 0x00, 0x1C, 0x00, 0x00, 0x00, 0x00, 0x00, 0x00, 0x00, 0x0A,
    0x00, 0x00, 0x00, 0x0A, 0x00, 0x00, 0x00, 0x00, 0x00, 0x00, 0x00, 0xB8, 0x00, 0x00, 0x00, 0x00,
    0x00, 0x00, 0x00, 0x00, 0x00, 0x00, 0x00, 0x04, 0x00, 0x00, 0x00, 0x00, 0x00, 0x00, 0x00, 0x00,
    0x00, 0x00, 0x00, 0x0A, 0x00, 0x00, 0x00, 0x00, 0x00, 0x00, 0x00, 0x0A, 0x00, 0x00, 0x00, 0xFF,
    0xFF, 0xFF, 0xFF, 0x00, 0x24, 0x00, 0x00, 0x0A, 0x00, 0x00, 0x00, 0x0D, 0x00, 0x00, 0x00, 0x0A,
    0x00, 0x00, 0x00, 0x0D, 0x00, 0x00, 0x00, 0xFF, 0xFF, 0xFF, 0xFF, 0x08, 0x24, 0x00, 0x00, 0x17,
    0x00, 0x00, 0x00, 0x3B, 0x00, 0x00, 0x00, 0x17, 0x00, 0x00, 0x00, 0x3B, 0x00, 0x00, 0x00, 0xFF,
    0xFF, 0xFF, 0xFF, 0x00, 0x30, 0x00, 0x00, 0x52, 0x00, 0x00, 0x00, 0x0C, 0x00, 0x00, 0x00, 0x52,
    0x00, 0x00, 0x00, 0x0C, 0x00, 0x00, 0x00, 0xFF, 0xFF, 0xFF, 0xFF, 0x08, 0x24, 0x00, 0x00, 0x00,
    0x00, 0x00, 0x00, 0x5D, 0x0C, 0x00, 0x00, 0x25, 0x00, 0x00, 0x00, 0x12, 0x03, 0x94, 0x26, 0x01,
    0x00, 0x00, 0x00, 0x78, 0x65, 0x73, 0x6C, 0x5F, 0x65, 0x6E, 0x74, 0x72, 0x79, 0x61, 0x69, 0x72,
    0x2E, 0x6D, 0x69, 0x6E, 0x2E, 0x75, 0x2E, 0x69, 0x33, 0x32, 0x5F, 0x5A, 0x32, 0x39, 0x58, 0x65,
    0x54, 0x65, 0x78, 0x74, 0x75, 0x72, 0x65, 0x4C, 0x6F, 0x61, 0x64, 0x47, 0x75, 0x65, 0x73, 0x74,
    0x42, 0x6C, 0x6F, 0x63, 0x6B, 0x4F, 0x66, 0x66, 0x73, 0x65, 0x74, 0x31, 0x37, 0x58, 0x65, 0x54,
    0x65, 0x78, 0x74, 0x75, 0x72, 0x65, 0x4C, 0x6F, 0x61, 0x64, 0x49, 0x6E, 0x66, 0x6F, 0x44, 0x76,
    0x33, 0x5F, 0x6A, 0x6A, 0x6A, 0x61, 0x69, 0x72, 0x2E, 0x61, 0x6E, 0x79, 0x2E, 0x76, 0x32, 0x69,
    0x31, 0x33, 0x32, 0x30, 0x32, 0x33, 0x2E, 0x38, 0x35, 0x30, 0x2E, 0x31, 0x30, 0x61, 0x69, 0x72,
    0x36, 0x34, 0x5F, 0x76, 0x32, 0x38, 0x2D, 0x61, 0x70, 0x70, 0x6C, 0x65, 0x2D, 0x6D, 0x61, 0x63,
    0x6F, 0x73, 0x78, 0x32, 0x36, 0x2E, 0x30, 0x2E, 0x30, 0x00, 0x00, 0x00, 0x00, 0x00, 0x00, 0x01,
    0x00, 0x00, 0x00, 0x2F, 0x70, 0x72, 0x69, 0x76, 0x61, 0x74, 0x65, 0x2F, 0x76, 0x61, 0x72, 0x2F,
    0x72, 0x75, 0x6E, 0x2F, 0x63, 0x6F, 0x6D, 0x2E, 0x61, 0x70, 0x70, 0x6C, 0x65, 0x2E, 0x73, 0x65,
    0x63, 0x75, 0x72, 0x69, 0x74, 0x79, 0x2E, 0x63, 0x72, 0x79, 0x70, 0x74, 0x65, 0x78, 0x64, 0x2F,
    0x6D, 0x6E, 0x74, 0x2F, 0x63, 0x6F, 0x6D, 0x2E, 0x61, 0x70, 0x70, 0x6C, 0x65, 0x2E, 0x4D, 0x6F,
    0x62, 0x69, 0x6C, 0x65, 0x41, 0x73, 0x73, 0x65, 0x74, 0x2E, 0x4D, 0x65, 0x74, 0x61, 0x6C, 0x54,
    0x6F, 0x6F, 0x6C, 0x63, 0x68, 0x61, 0x69, 0x6E, 0x2D, 0x76, 0x31, 0x37, 0x2E, 0x33, 0x2E, 0x34,
    0x38, 0x2E, 0x30, 0x2E, 0x35, 0x33, 0x73, 0x38, 0x75, 0x67, 0x2F, 0x4D, 0x65, 0x74, 0x61, 0x6C,
    0x2E, 0x78, 0x63, 0x74, 0x6F, 0x6F, 0x6C, 0x63, 0x68, 0x61, 0x69, 0x6E, 0x2F, 0x75, 0x73, 0x72,
    0x2F, 0x6D, 0x65, 0x74, 0x61, 0x6C, 0x2F, 0x33, 0x32, 0x30, 0x32, 0x33, 0x2F, 0x62, 0x69, 0x6E,
    0x2F, 0x6D, 0x65, 0x74, 0x61, 0x6C, 0x6C, 0x69, 0x62, 0x20, 0x73, 0x72, 0x63, 0x2F, 0x78, 0x65,
    0x6E, 0x69, 0x61, 0x2F, 0x67, 0x70, 0x75, 0x2F, 0x73, 0x68, 0x61, 0x64, 0x65, 0x72, 0x73, 0x2F,
    0x62, 0x79, 0x74, 0x65, 0x63, 0x6F, 0x64, 0x65, 0x2F, 0x6D, 0x65, 0x74, 0x61, 0x6C, 0x2F, 0x74,
    0x65, 0x78, 0x74, 0x75, 0x72, 0x65, 0x5F, 0x6C, 0x6F, 0x61, 0x64, 0x5F, 0x72, 0x35, 0x67, 0x35,
    0x62, 0x36, 0x5F, 0x62, 0x35, 0x67, 0x36, 0x72, 0x35, 0x5F, 0x73, 0x77, 0x69, 0x7A, 0x7A, 0x6C,
    0x65, 0x5F, 0x72, 0x62, 0x67, 0x61, 0x5F, 0x63, 0x73, 0x2E, 0x61, 0x69, 0x72, 0x20, 0x2D, 0x6F,
    0x20, 0x73, 0x72, 0x63, 0x2F, 0x78, 0x65, 0x6E, 0x69, 0x61, 0x2F, 0x67, 0x70, 0x75, 0x2F, 0x73,
    0x68, 0x61, 0x64, 0x65, 0x72, 0x73, 0x2F, 0x62, 0x79, 0x74, 0x65, 0x63, 0x6F, 0x64, 0x65, 0x2F,
    0x6D, 0x65, 0x74, 0x61, 0x6C, 0x2F, 0x74, 0x65, 0x78, 0x74, 0x75, 0x72, 0x65, 0x5F, 0x6C, 0x6F,
    0x61, 0x64, 0x5F, 0x72, 0x35, 0x67, 0x35, 0x62, 0x36, 0x5F, 0x62, 0x35, 0x67, 0x36, 0x72, 0x35,
    0x5F, 0x73, 0x77, 0x69, 0x7A, 0x7A, 0x6C, 0x65, 0x5F, 0x72, 0x62, 0x67, 0x61, 0x5F, 0x63, 0x73,
    0x2E, 0x6D, 0x65, 0x74, 0x61, 0x6C, 0x6C, 0x69, 0x62, 0x00, 0x2F, 0x55, 0x73, 0x65, 0x72, 0x73,
    0x2F, 0x77, 0x6D, 0x61, 0x72, 0x74, 0x69, 0x2F, 0x44, 0x6F, 0x63, 0x75, 0x6D, 0x65, 0x6E, 0x74,
    0x73, 0x2F, 0x78, 0x65, 0x6E, 0x69, 0x61, 0x2D, 0x6D, 0x61, 0x63, 0x2F, 0x73, 0x63, 0x72, 0x61,
    0x74, 0x63, 0x68, 0x2F, 0x77, 0x6F, 0x72, 0x6B, 0x74, 0x72, 0x65, 0x65, 0x73, 0x2F, 0x78, 0x65,
    0x6E, 0x69, 0x61, 0x2D, 0x63, 0x61, 0x6E, 0x61, 0x72, 0x79, 0x2D, 0x72, 0x65, 0x62, 0x61, 0x73,
    0x65, 0x00, 0x37, 0x78, 0x00, 0x00, 0x53, 0x41, 0x52, 0x43, 0x2B, 0x78, 0x00, 0x00, 0x74, 0x65,
    0x78, 0x74, 0x75, 0x72, 0x65, 0x5F, 0x6C, 0x6F, 0x61, 0x64, 0x5F, 0x72, 0x35, 0x67, 0x35, 0x62,
    0x36, 0x5F, 0x62, 0x35, 0x67, 0x36, 0x72, 0x35, 0x5F, 0x73, 0x77, 0x69, 0x7A, 0x7A, 0x6C, 0x65,
    0x5F, 0x72, 0x62, 0x67, 0x61, 0x5F, 0x63, 0x73, 0x00, 0x42, 0x5A, 0x68, 0x39, 0x31, 0x41, 0x59,
    0x26, 0x53, 0x59, 0x60, 0xED, 0x40, 0x61, 0x00, 0xA5, 0x26, 0xFF, 0xFC, 0xFF, 0xFE, 0xFF, 0xFF,
    0xFF, 0xFF, 0xFF, 0xFF, 0xBF, 0xFF, 0xDF, 0xFF, 0xFF, 0xFF, 0xFF, 0xFF, 0x00, 0x24, 0x01, 0x02,
    0x04, 0x20, 0x02, 0x00, 0x00, 0x60, 0x00, 0x08, 0x60, 0x7B, 0x9D, 0xD7, 0xD9, 0xEE, 0xC7, 0x4B,
    0x7B, 0xC7, 0xD6, 0xFA, 0xDE, 0xEF, 0xAF, 0x9E, 0xFA, 0x91, 0x7C, 0xE9, 0x41, 0x9D, 0x7B, 0x61,
    0xEB, 0x15, 0x64, 0x3E, 0xBA, 0x01, 0xE5, 0xB4, 0xD3, 0xED, 0x66, 0xCD, 0xCB, 0xEF, 0x64, 0xAB,
    0xAC, 0x44, 0x52, 0xA4, 0x25, 0x55, 0x4A, 0xAA, 0x2E, 0x99, 0x54, 0x40, 0xAB, 0xD6, 0x2B, 0x5E,
    0xF9, 0x8D, 0xEF, 0x79, 0xCC, 0xE8, 0x7D, 0xC3, 0xD5, 0x7D, 0x66, 0xCE, 0xEF, 0x8F, 0x03, 0xE8,
    0x34, 0x5D, 0x6A, 0x7D, 0x66, 0xBC, 0xF7, 0xCF, 0xBD, 0xB3, 0x0F, 0x63, 0x29, 0x0B, 0xEB, 0x17,
    0x69, 0xE8, 0x1C, 0x7C, 0xEA, 0xBE, 0x9F, 0x7D, 0xB7, 0x58, 0xD7, 0xB7, 0xB5, 0x7B, 0xCE, 0xF3,
    0xEF, 0xBD, 0xB9, 0xDE, 0x6F, 0x77, 0x9E, 0xFB, 0xDB, 0x7B, 0xDD, 0xDB, 0xAE, 0xF4, 0xF3, 0xEF,
    0x6F, 0xB7, 0xAF, 0x78, 0xAF, 0x37, 0x97, 0xBA, 0x5F, 0x78, 0x9E, 0xE7, 0xBB, 0x3B, 0x79, 0xD2,
    0x77, 0x9C, 0xEA, 0xB3, 0x6C, 0x81, 0xAD, 0xAA, 0xF6, 0xEF, 0x51, 0x50, 0xED, 0xDE, 0xEC, 0xF0,
    0x56, 0x22, 0x29, 0x1A, 0xFB, 0xD8, 0xF7, 0x9F, 0x77, 0x22, 0x0E, 0xB6, 0xCF, 0x7A, 0xDC, 0xF7,
    0xAD, 0x7B, 0xDA, 0x4E, 0x8D, 0xB7, 0x97, 0x6D, 0xAE, 0x98, 0x1F, 0x55, 0x36, 0xD4, 0x81, 0x41,
    0xBB, 0x70, 0x8E, 0xE0, 0xB3, 0xEF, 0x7D, 0x73, 0x7B, 0x9E, 0xFB, 0x94, 0x57, 0xCA, 0xFB, 0x67,
    0x6D, 0x34, 0x29, 0x96, 0x3C, 0xEE, 0x76, 0xDE, 0xEC, 0xF7, 0xDF, 0x7B, 0xCF, 0xA0, 0x07, 0xDD,
    0x9E, 0xB5, 0xF7, 0xCC, 0x78, 0xA2, 0x3C, 0x8E, 0x67, 0x72, 0x6E, 0xE8, 0x76, 0xF6, 0xC2, 0x80,
    0x89, 0x43, 0xB3, 0x79, 0xEB, 0x25, 0xD0, 0x6D, 0xE7, 0x74, 0xED, 0x9B, 0xD8, 0x7D, 0x3D, 0x34,
    0x03, 0x4A, 0xF9, 0x77, 0xBE, 0xE7, 0xDE, 0x9F, 0x73, 0x6F, 0x8A, 0xFA, 0x6A, 0xBA, 0xEF, 0x74,
    0xB2, 0xBE, 0xDC, 0x5D, 0xBE, 0xBE, 0xA3, 0x85, 0x5D, 0xC7, 0x3A, 0xC0, 0x97, 0xAB, 0x69, 0xB5,
    0x2D, 0xED, 0xB9, 0xAE, 0xEC, 0x39, 0xE7, 0xA0, 0x06, 0x73, 0x97, 0xDD, 0x92, 0xFA, 0x7B, 0xBB,
    0xBD, 0x6D, 0x06, 0xA3, 0xDB, 0x34, 0x00, 0xDE, 0xBE, 0x5C, 0x54, 0x24, 0x88, 0x20, 0x02, 0x69,
    0x91, 0x30, 0x4D, 0x00, 0x10, 0x13, 0x08, 0xD3, 0x42, 0x24, 0xF5, 0x31, 0x94, 0xFD, 0x35, 0x4D,
    0x34, 0x31, 0x1E, 0xA6, 0x80, 0x00, 0x1A, 0x0D, 0x94, 0x6D, 0x08, 0x0D, 0x0D, 0x04, 0xA6, 0x82,
    0x09, 0xA2, 0x13, 0x40, 0x46, 0x84, 0xC1, 0x35, 0x32, 0x68, 0x13, 0x14, 0xF2, 0x60, 0xA6, 0xD4,
    0xF4, 0x10, 0x69, 0xA7, 0xA8, 0x00, 0x1A, 0x00, 0x00, 0x68, 0x36, 0xA0, 0x00, 0x00, 0x90, 0x49,
    0x20, 0x53, 0xD2, 0x6A, 0x79, 0x26, 0x53, 0x6D, 0x24, 0x8F, 0x29, 0xEA, 0x7E, 0xA8, 0xDA, 0x9A,
    0x34, 0xDA, 0x8F, 0x27, 0x92, 0x8F, 0x29, 0xA1, 0xA0, 0xF2, 0x9E, 0xA1, 0xA6, 0xD3, 0x53, 0x4F,
    0xD1, 0x41, 0xEA, 0x79, 0x4D, 0xA8, 0x6C, 0x46, 0xA1, 0xA3, 0x23, 0x10, 0x00, 0x42, 0x92, 0x20,
    0x81, 0x30, 0x20, 0x99, 0x01, 0x92, 0x6A, 0x60, 0x99, 0xA8, 0xD1, 0xA6, 0xA7, 0xA9, 0xE9, 0x89,
    0x94, 0x7A, 0x34, 0x21, 0x88, 0x7A, 0x9A, 0x07, 0xA9, 0xA7, 0xA9, 0x82, 0x03, 0x4D, 0x1A, 0x00,
    0x01, 0xA0, 0x89, 0x12, 0x98, 0x81, 0x4F, 0x4D, 0x00, 0xA6, 0xC9, 0xA3, 0x4D, 0x55, 0x3F, 0x62,
    0xA9, 0xFE, 0x2A, 0x9E, 0xC6, 0xA7, 0xA8, 0xCA, 0x7A, 0x99, 0x43, 0xCA, 0x3C, 0xC9, 0x4D, 0x3F,
    0x46, 0xA1, 0xA9, 0xA3, 0xD4, 0x32, 0x1A, 0x3D, 0x13, 0x34, 0x40, 0xC8, 0x68, 0xC9, 0xA7, 0xEA,
    0x80, 0x11, 0x22, 0x10, 0x40, 0x90, 0x0A, 0x6D, 0x4D, 0xA3, 0x54, 0xF5, 0x4F, 0x46, 0x53, 0xC6,
    0x44, 0x34, 0x8F, 0x6A, 0x9E, 0xA6, 0xF4, 0xA7, 0x82, 0x9E, 0xA6, 0x47, 0x94, 0x7A, 0x8D, 0x0F,
    0x50, 0x00, 0x06, 0x80, 0x00, 0x0D, 0x00, 0x1F, 0xC4, 0x74, 0xDF, 0xD2, 0xEA, 0xF9, 0xC4, 0xFE,
    0x76, 0x13, 0xF9, 0x35, 0xFC, 0xE7, 0x02, 0x3E, 0x57, 0x4F, 0x2A, 0x58, 0xB9, 0x00, 0x06, 0xF0,
    0xA2, 0xF5, 0x3D, 0x56, 0x33, 0xC7, 0xE3, 0xF5, 0x4F, 0xC1, 0xF8, 0x07, 0xC9, 0x2D, 0xE3, 0x00,
    0xFB, 0xE2, 0x3D, 0xA2, 0x00, 0x8E, 0x58, 0x7D, 0xE9, 0x3C, 0x4D, 0x23, 0xA9, 0x8F, 0xBA, 0x70,
    0x5C, 0x13, 0xED, 0x18, 0x00, 0x44, 0x2A, 0x9C, 0x93, 0x76, 0x20, 0xC0, 0x35, 0x09, 0xB4, 0x31,
    0x07, 0xF4, 0xFF, 0x34, 0x99, 0x4C, 0x19, 0xD5, 0x90, 0x2E, 0x80, 0x4F, 0xE6, 0x14, 0xAA, 0x9B,
    0x59, 0x58, 0x85, 0x31, 0x10, 0x81, 0x84, 0x88, 0x40, 0x38, 0x10, 0x25, 0x88, 0xA3, 0x05, 0xDB,
    0x3D, 0xA0, 0x71, 0x02, 0x31, 0x80, 0x8C, 0x10, 0xD0, 0x8F, 0xB7, 0xDC, 0xF8, 0xE1, 0xEA, 0xF5,
    0x5A, 0x7B, 0x27, 0xD6, 0x3A, 0x8F, 0xF3, 0x37, 0x7E, 0x20, 0xF6, 0xCF, 0xBB, 0xEC, 0x47, 0xE4,
    0x90, 0x9F, 0xC0, 0x8E, 0x40, 0x8B, 0x5C, 0x4D, 0xC2, 0xFE, 0x0D, 0x8C, 0x10, 0xD0, 0x8F, 0x8A,
    0xFF, 0x72, 0x1A, 0x50, 0x7A, 0x77, 0x88, 0x5B, 0xA7, 0x64, 0xA3, 0x6E, 0x21, 0xB8, 0xEC, 0x77,
    0xBA, 0x37, 0xBB, 0x6E, 0x52, 0x50, 0x73, 0xF6, 0x62, 0xEA, 0x2D, 0xB0, 0x4C, 0x96, 0x9D, 0xFB,
    0x7F, 0x27, 0xFA, 0xD2, 0x3F, 0x7B, 0xA3, 0xF9, 0xBD, 0xA7, 0x3E, 0xAC, 0xD3, 0x6C, 0xFF, 0x66,
    0x37, 0x18, 0x4E, 0xD5, 0xA2, 0xAF, 0x46, 0x6F, 0x93, 0x0A, 0xC4, 0x0B, 0xB4, 0xC0, 0x6C, 0x49,
    0x6B, 0x4E, 0x3D, 0x43, 0xE4, 0x4D, 0x3A, 0x79, 0xEC, 0x36, 0x7F, 0x88, 0x4B, 0xC8, 0x30, 0x18,
    0x6B, 0xDC, 0x5B, 0x57, 0xDA, 0xA5, 0xD1, 0xA4, 0x89, 0x08, 0x01, 0xEE, 0x56, 0xDB, 0xD8, 0x7C,
    0x53, 0x30, 0x7A, 0x38, 0x9C, 0xD7, 0xBB, 0xA0, 0xD2, 0x79, 0xC9, 0x01, 0x01, 0x5D, 0xF4, 0x2F,
    0x25, 0x95, 0x93, 0x6D, 0x2C, 0x13, 0x89, 0x28, 0x12, 0x4A, 0x20, 0x98, 0x2C, 0x88, 0x86, 0xC6,
    0x87, 0x6A, 0x14, 0x6D, 0xAB, 0x08, 0x82, 0x21, 0x8D, 0x6A, 0x03, 0x68, 0x5F, 0x64, 0xE4, 0xFD,
    0xD6, 0xF5, 0x5E, 0xE2, 0x1C, 0xF6, 0x50, 0x78, 0x34, 0x8D, 0x8D, 0xFC, 0xF4, 0x71, 0x71, 0x38,
    0x44, 0x8F, 0xB5, 0x28, 0x8A, 0xCB, 0xF7, 0x8B, 0x3E, 0x77, 0x6F, 0x82, 0x19, 0xBF, 0x63, 0x6D,
    0xB0, 0x60, 0xD1, 0xAB, 0x70, 0x39, 0x86, 0x6A, 0xB6, 0x20, 0x38, 0xE0, 0xA6, 0x8B, 0x8A, 0x69,
    0x84, 0x98, 0xA4, 0xC1, 0xA5, 0xC3, 0x8B, 0x09, 0x81, 0x2C, 0x03, 0x33, 0x34, 0x11, 0x45, 0xED,
    0x97, 0x20, 0x67, 0xCD, 0x63, 0x30, 0xDC, 0x27, 0xFF, 0x2D, 0x21, 0xC7, 0x6A, 0x9A, 0x8B, 0x2E,
    0xB9, 0xC3, 0x7D, 0x05, 0x50, 0x7F, 0x81, 0xEF, 0x29, 0xA1, 0xA2, 0xBB, 0x9F, 0xA1, 0x74, 0x48,
    0xF7, 0x31, 0xF2, 0xE8, 0xB1, 0xA9, 0x2E, 0xB8, 0x99, 0x78, 0xE5, 0x2B, 0xA7, 0x62, 0x32, 0x85,
    0xF7, 0x9D, 0xF6, 0xCE, 0x3A, 0xA2, 0xB2, 0x2B, 0x6B, 0x0E, 0xB4, 0x71, 0xCD, 0x15, 0x72, 0x59,
    0xE4, 0x4D, 0x2C, 0x91, 0x15, 0xCB, 0x51, 0x08, 0x8E, 0xD2, 0xD9, 0x3E, 0xF9, 0xDA, 0x76, 0x9A,
    0xE9, 0xF0, 0xEF, 0x59, 0xEA, 0x3B, 0xBF, 0x58, 0x4A, 0x7B, 0x07, 0x52, 0x3B, 0x97, 0x8A, 0x95,
    0xC5, 0xCE, 0x11, 0xED, 0xED, 0x5D, 0xEE, 0x6F, 0xCF, 0x9D, 0x99, 0xC7, 0x39, 0x93, 0xC3, 0x66,
    0xC6, 0xC8, 0x48, 0x8E, 0xC3, 0xB3, 0xA3, 0x74, 0xDF, 0x43, 0x38, 0xFF, 0x0D, 0x19, 0x65, 0xA6,
    0xD9, 0xCF, 0xB2, 0x50, 0xC1, 0xE5, 0xD7, 0x0E, 0x32, 0xDC, 0x02, 0x46, 0x3B, 0xAB, 0x48, 0x71,
    0x38, 0x9C, 0x4D, 0x5C, 0x1A, 0xFB, 0xE3, 0x83, 0xEC, 0x76, 0x73, 0x39, 0xF2, 0x15, 0x5D, 0x61,
    0xF1, 0x03, 0x19, 0xE6, 0x98, 0x81, 0x88, 0xEC, 0x4A, 0x7E, 0xBF, 0xC8, 0x33, 0xAB, 0x3F, 0x25,
    0xE6, 0x53, 0xDF, 0xA1, 0xF5, 0x14, 0x27, 0x83, 0x2B, 0x59, 0x12, 0x6F, 0xFA, 0x8D, 0x20, 0x66,
    0x18, 0x62, 0x8D, 0xBA, 0x5A, 0xB8, 0x49, 0x2A, 0x68, 0xFE, 0x71, 0xA9, 0xA8, 0x13, 0xAD, 0x91,
    0xFD, 0x0C, 0x82, 0x24, 0xE8, 0xC3, 0x70, 0x68, 0x7B, 0x4D, 0x9D, 0x18, 0x0D, 0x6C, 0xD6, 0xA8,
    0xFB, 0x83, 0x92, 0xFF, 0x1C, 0xFB, 0x1A, 0x0C, 0x4C, 0x90, 0x73, 0xBB, 0x33, 0xD3, 0x4C, 0x82,
    0x46, 0xB0, 0xCC, 0xA6, 0xE5, 0x03, 0xAC, 0xFD, 0x7C, 0x8B, 0x69, 0xEC, 0x98, 0xC3, 0x3D, 0xCF,
    0x95, 0xC9, 0xCC, 0xE8, 0x61, 0x3B, 0x27, 0x12, 0x61, 0xFA, 0x1D, 0x11, 0x19, 0xAF, 0x93, 0x22,
    0x0B, 0x24, 0x90, 0x99, 0x08, 0x3D, 0x52, 0x52, 0x68, 0x65, 0xD0, 0x41, 0x18, 0x78, 0xE6, 0x37,
    0x1C, 0x4C, 0x23, 0x18, 0xDA, 0xD1, 0x98, 0xE6, 0x08, 0x85, 0x22, 0x2A, 0x63, 0xD8, 0xC4, 0xA3,
    0x2B, 0x09, 0x21, 0x08, 0x49, 0x10, 0xC5, 0x22, 0xCA, 0xA0, 0x91, 0x65, 0xC9, 0x55, 0x2A, 0x34,
    0x51, 0x49, 0x53, 0xD7, 0xAC, 0xD9, 0x1E, 0x18, 0x90, 0xF7, 0xE8, 0x0C, 0xFC, 0xFD, 0x74, 0x0B,
    0x0E, 0x04, 0x48, 0x87, 0x4F, 0xEA, 0xCC, 0x07, 0xC6, 0x0D, 0xE8, 0x4A, 0x50, 0xA1, 0xF8, 0x6D,
    0x66, 0x09, 0x44, 0x56, 0x18, 0x84, 0x1C, 0x15, 0x09, 0x81, 0x72, 0xA1, 0x01, 0xDE, 0xDD, 0x7F,
    0x02, 0xFB, 0x56, 0x2C, 0x44, 0x8B, 0xEE, 0x4C, 0xF9, 0x3D, 0xD3, 0xDE, 0x24, 0x84, 0x81, 0x64,
    0x14, 0xA8, 0x82, 0x56, 0xCE, 0xBA, 0xF3, 0xFB, 0x31, 0xB7, 0x8C, 0xE6, 0xEF, 0x98, 0x93, 0x87,
    0xAF, 0x2C, 0xB5, 0x6A, 0x8E, 0xA9, 0xBB, 0xB3, 0x68, 0x24, 0x77, 0x7A, 0x1E, 0xDB, 0x47, 0xD6,
    0xAF, 0x4F, 0x16, 0xC4, 0x0B, 0x07, 0xAF, 0xE9, 0x3E, 0xCD, 0xBD, 0xB0, 0x5D, 0xB3, 0x9B, 0x44,
    0x7C, 0x6C, 0x93, 0x8E, 0xEC, 0xCE, 0x29, 0x31, 0x9A, 0x2F, 0x0F, 0x16, 0x5A, 0xDB, 0x2C, 0x32,
    0x68, 0x04, 0xEF, 0x7B, 0xA0, 0x0E, 0xC3, 0x30, 0x1F, 0x1B, 0xED, 0xA1, 0x9E, 0xEA, 0xFD, 0x3A,
    0x05, 0xAB, 0x9C, 0xDB, 0x08, 0xB9, 0x8D, 0xBA, 0x5D, 0x09, 0xDD, 0xD0, 0xBE, 0xC6, 0xD8, 0x4E,
    0xE9, 0xF7, 0x63, 0xC9, 0x3F, 0xE0, 0x66, 0x58, 0xB5, 0x80, 0x66, 0x2D, 0x18, 0x68, 0x3A, 0xBE,
    0x1E, 0x0E, 0x31, 0x0C, 0xE4, 0x3F, 0x78, 0x79, 0x65, 0x1C, 0x7C, 0xA0, 0x78, 0xD5, 0x7D, 0x46,
    0x54, 0x55, 0x75, 0x3D, 0x0E, 0x52, 0xD3, 0x7B, 0x87, 0xA6, 0x0F, 0x7B, 0xC1, 0x57, 0x61, 0xF8,
    0xDF, 0x9C, 0x36, 0x5B, 0x57, 0x7D, 0x34, 0x23, 0xE4, 0x36, 0x2C, 0x3B, 0x01, 0x26, 0x03, 0x3A,
    0x30, 0xE8, 0xC1, 0x7B, 0x09, 0x00, 0xE9, 0xD5, 0x94, 0x21, 0xA0, 0xA7, 0x74, 0x10, 0x8F, 0x21,
    0x63, 0xC3, 0xC3, 0x68, 0xEE, 0xF8, 0xF1, 0xB8, 0x77, 0x8A, 0xF7, 0x9F, 0x7F, 0x73, 0xEA, 0x77,
    0xD4, 0xFE, 0xA5, 0xC7, 0x96, 0xB5, 0xD9, 0x9E, 0x78, 0xAB, 0xE6, 0xFD, 0xEE, 0xF1, 0xE8, 0x7E,
    0x4B, 0x97, 0x96, 0xA0, 0xCF, 0xD9, 0x1F, 0xED, 0x6E, 0xF8, 0xDA, 0x5F, 0x9C, 0x5C, 0xC3, 0xD8,
    0x8D, 0xE7, 0x95, 0x2A, 0x22, 0x7F, 0x54, 0x44, 0x3F, 0x8F, 0x5B, 0x52, 0xDF, 0xAD, 0xA8, 0xED,
    0xD4, 0xDB, 0x56, 0xED, 0xB5, 0xF4, 0x5E, 0x7B, 0xEF, 0x5E, 0xAB, 0x6C, 0xAA, 0x39, 0xCE, 0xCB,
    0x24, 0x65, 0x3D, 0xDF, 0xF6, 0x61, 0x6C, 0x63, 0x23, 0xBB, 0x04, 0xCC, 0xBD, 0x06, 0xE1, 0x48,
    0x51, 0x74, 0x87, 0x13, 0x8E, 0xC0, 0xCC, 0x5F, 0x36, 0xE5, 0xDD, 0xA3, 0x62, 0x42, 0x0D, 0xB7,
    0x0C, 0xD0, 0x61, 0x86, 0x60, 0x44, 0xC8, 0xD3, 0x96, 0xEF, 0x84, 0x86, 0xA4, 0x32, 0x17, 0x69,
    0x50, 0xE2, 0x40, 0x9F, 0x22, 0x2A, 0x1F, 0x6E, 0x07, 0xF0, 0x30, 0x04, 0x89, 0xE8, 0x12, 0x00,
    0x52, 0x22, 0x82, 0x1A, 0xC0, 0x36, 0x07, 0x33, 0x42, 0x88, 0x75, 0xD7, 0x8A, 0xC1, 0x54, 0x31,
    0x94, 0x5E, 0x6E, 0x38, 0xA1, 0x04, 0x8D, 0xB8, 0xC6, 0x28, 0x61, 0x8E, 0x20, 0x77, 0x60, 0x60,
    0x0D, 0x07, 0xD9, 0x60, 0x76, 0x36, 0x9C, 0x58, 0x64, 0x0E, 0xB5, 0xFC, 0xFC, 0x0D, 0x10, 0x34,
    0x1D, 0xAB, 0x65, 0x5A, 0x51, 0x40, 0x85, 0x11, 0xD2, 0x30, 0xB6, 0x62, 0xD6, 0x98, 0x4E, 0x26,
    0xE5, 0x53, 0x6A, 0x84, 0x6C, 0xC3, 0x81, 0xD3, 0xA3, 0x34, 0x10, 0x4E, 0x66, 0x20, 0x62, 0x00,
    0xA4, 0x01, 0x40, 0xB7, 0x72, 0x23, 0x28, 0x19, 0x03, 0x40, 0x85, 0x20, 0x70, 0x97, 0xED, 0x32,
    0x0D, 0x01, 0xB0, 0x24, 0xA2, 0x6C, 0x24, 0xD2, 0xC4, 0x29, 0x50, 0x4A, 0x90, 0x48, 0xEF, 0x03,
    0x8C, 0xA0, 0x52, 0xA0, 0x66, 0x63, 0x84, 0xAA, 0xC4, 0x00, 0x61, 0x02, 0x50, 0x8A, 0x9D, 0x07,
    0xB6, 0x36, 0xDF, 0x77, 0x10, 0x68, 0x1A, 0x56, 0xEB, 0x72, 0xC6, 0x89, 0x80, 0xD1, 0x02, 0xA9,
    0xA6, 0x00, 0x11, 0xBD, 0x91, 0x16, 0x92, 0x0E, 0x1E, 0x5C, 0x18, 0x93, 0xA0, 0x8A, 0x64, 0x27,
    0x18, 0x39, 0x98, 0xD5, 0xEA, 0x43, 0xCF, 0xCA, 0x31, 0x43, 0x93, 0x0B, 0xA4, 0x31, 0x41, 0x09,
    0xCD, 0x13, 0x20, 0x1D, 0xB7, 0x38, 0x2A, 0xC6, 0x47, 0x79, 0xCC, 0xB0, 0xB0, 0x62, 0x21, 0x79,
    0xF2, 0xC8, 0xE6, 0xCA, 0xBE, 0x0A, 0xDA, 0xB4, 0x69, 0x03, 0x12, 0x20, 0x4A, 0xFB, 0x3B, 0x05,
    0x6D, 0x92, 0x18, 0x6D, 0x02, 0x63, 0xE4, 0x30, 0x98, 0x62, 0x4D, 0x40, 0xC6, 0x36, 0x17, 0x55,
    0x7C, 0x89, 0x99, 0x00, 0xE6, 0x9F, 0x6F, 0x21, 0xBE, 0xC6, 0x32, 0x0C, 0xFE, 0x4C, 0xC3, 0x32,
    0x87, 0xDB, 0x1C, 0x21, 0xAD, 0xA7, 0xC5, 0xBF, 0x52, 0x70, 0x5A, 0xCA, 0x0C, 0x35, 0x63, 0x61,
    0x16, 0xCB, 0xE8, 0x80, 0xAE, 0xC0, 0xB2, 0x81, 0xE2, 0x5F, 0xF3, 0x1F, 0x57, 0xE1, 0x70, 0x5A,
    0xD8, 0x08, 0x68, 0x5E, 0xC6, 0x43, 0xAB, 0xCB, 0x76, 0xE5, 0xF6, 0x5F, 0x74, 0xB1, 0x6E, 0x82,
    0xE7, 0x1D, 0x60, 0x89, 0xCC, 0xCE, 0x56, 0xC4, 0xBF, 0x51, 0x58, 0x54, 0x39, 0x56, 0xE9, 0xCA,
    0x39, 0xB4, 0xE6, 0xA9, 0x13, 0x17, 0xFA, 0xA5, 0xF3, 0x7F, 0xB7, 0xEC, 0x27, 0xC8, 0xE9, 0x58,
    0x5B, 0x0C, 0x3F, 0xD2, 0x5D, 0x6A, 0xB8, 0x4C, 0xB5, 0xCF, 0x02, 0x49, 0xA4, 0xBC, 0x77, 0xA7,
    0x12, 0x1B, 0x81, 0x15, 0x49, 0x0D, 0x0B, 0x34, 0x80, 0xB1, 0x44, 0xA7, 0x5E, 0xE0, 0x85, 0x6D,
    0x26, 0x76, 0x78, 0x45, 0xCB, 0xBF, 0x15, 0x1F, 0x0D, 0xC7, 0x3E, 0xB0, 0xA3, 0x9C, 0xBD, 0xF5,
    0xD3, 0xFB, 0x77, 0x5E, 0xCA, 0x1F, 0x3C, 0x00, 0xBB, 0xC7, 0x9F, 0x41, 0x9F, 0x41, 0x50, 0x76,
    0x9D, 0x63, 0x87, 0x13, 0x80, 0xBD, 0xA9, 0x70, 0x05, 0x60, 0x28, 0x20, 0xDE, 0xBE, 0xCD, 0x52,
    0x09, 0x04, 0x8F, 0x51, 0x11, 0xC3, 0xD6, 0x84, 0x40, 0x30, 0x7B, 0x6A, 0x47, 0xF8, 0x1E, 0x35,
    0x83, 0x2B, 0xB1, 0xC8, 0x17, 0xD5, 0xA9, 0xBC, 0x44, 0x4C, 0xE2, 0x76, 0x6B, 0xF6, 0xD8, 0x6A,
    0x83, 0xFC, 0x5D, 0x2B, 0x58, 0xDA, 0x3B, 0x8E, 0x60, 0x4D, 0x57, 0xCC, 0x50, 0x07, 0x29, 0x9C,
    0x0F, 0x60, 0xE9, 0x53, 0x75, 0x38, 0x4D, 0x94, 0x12, 0x6E, 0x9D, 0xD5, 0xAE, 0xF7, 0x3A, 0x59,
    0x24, 0x64, 0xE2, 0xBA, 0x56, 0xE7, 0xDA, 0x81, 0xB6, 0x61, 0x7B, 0xDE, 0x7E, 0x15, 0xFC, 0x25,
    0xBB, 0x6D, 0x57, 0x96, 0xB7, 0xEA, 0x2E, 0x5E, 0xF4, 0x5D, 0x7F, 0x08, 0xB6, 0xC5, 0x41, 0x05,
    0x08, 0xED, 0x83, 0xB4, 0xA1, 0x90, 0xC9, 0x32, 0xEC, 0xFA, 0x79, 0x57, 0x34, 0xEC, 0x93, 0x6F,
    0xCF, 0x2E, 0x51, 0x91, 0xAD, 0x66, 0xD6, 0x89, 0x46, 0x0B, 0x33, 0x56, 0x8F, 0xB3, 0xBD, 0xA7,
    0xD5, 0x7D, 0x6A, 0x4D, 0x93, 0xA3, 0x2C, 0xBF, 0x37, 0x8F, 0xF0, 0x7C, 0x3E, 0xD9, 0xD6, 0xEF,
    0x5E, 0xA9, 0x98, 0xD9, 0x6F, 0x02, 0x0D, 0x87, 0x05, 0xA9, 0x43, 0x86, 0x75, 0xCF, 0xDB, 0x75,
    0x35, 0xC6, 0x28, 0xFB, 0x9A, 0x30, 0x8B, 0xD5, 0xFC, 0xD9, 0x29, 0x68, 0x59, 0x80, 0x6F, 0x19,
    0x06, 0x89, 0x81, 0x08, 0x0F, 0x22, 0xDC, 0xFB, 0x07, 0xBA, 0x2B, 0xD9, 0x96, 0x06, 0x00, 0xA4,
    0x7E, 0x51, 0x8E, 0x08, 0xB2, 0x31, 0xE0, 0x73, 0xE6, 0xF5, 0x2F, 0x96, 0x66, 0x6B, 0xA0, 0x3C,
    0x42, 0x4F, 0xEF, 0x11, 0xBC, 0xDC, 0x79, 0x19, 0x8F, 0x07, 0x2F, 0xF7, 0xED, 0xF0, 0xE0, 0xBF,
    0x2F, 0x6B, 0xC3, 0x5D, 0x65, 0x45, 0xD6, 0x39, 0x12, 0xC7, 0x98, 0xC7, 0x12, 0xEA, 0xCF, 0xAC,
    0x4E, 0x54, 0x3A, 0xAD, 0xF6, 0x1A, 0xFF, 0x06, 0xAD, 0x0F, 0x9A, 0x99, 0xFA, 0xC0, 0x1C, 0xFB,
    0xE9, 0x3D, 0xC4, 0x0F, 0x74, 0x67, 0xCE, 0x59, 0xEE, 0xC6, 0xB8, 0x2F, 0xDC, 0x26, 0xC8, 0x35,
    0x16, 0x41, 0xE1, 0xD9, 0x40, 0x98, 0x20, 0x39, 0x91, 0xE6, 0xF7, 0x70, 0x3E, 0xCC, 0x39, 0x94,
    0xE3, 0x99, 0xCF, 0xB0, 0x63, 0xB2, 0x11, 0xDC, 0xD1, 0x3D, 0x06, 0xB3, 0x03, 0x33, 0x27, 0x47,
    0x08, 0x13, 0x2C, 0x6D, 0xB5, 0x1E, 0xA8, 0x55, 0x6B, 0x18, 0xCA, 0x10, 0x17, 0xB6, 0xBA, 0xC3,
    0x86, 0x03, 0x73, 0xAE, 0x88, 0x97, 0x89, 0xFB, 0x3A, 0x7E, 0x95, 0x51, 0x8C, 0x87, 0x83, 0x8C,
    0xC2, 0xB2, 0x06, 0xAF, 0xAE, 0xBC, 0x38, 0x65, 0x28, 0xB2, 0x7C, 0x30, 0xCF, 0x97, 0xE9, 0xBE,
    0xD5, 0x81, 0x81, 0x0C, 0x16, 0x04, 0xA9, 0x2D, 0xF1, 0xBF, 0xE8, 0xB7, 0x8F, 0x47, 0xBF, 0x0A,
    0xD6, 0x03, 0x36, 0x06, 0x1F, 0xC6, 0xE7, 0xEA, 0xFC, 0x1C, 0xA8, 0xDF, 0x4F, 0x74, 0xFC, 0xE6,
    0x69, 0x22, 0x8C, 0x3A, 0x22, 0xBE, 0x7D, 0xB4, 0x60, 0x14, 0x60, 0x8B, 0xAB, 0x59, 0x71, 0xD0,
    0xDB, 0xBC, 0x7B, 0x9A, 0x0C, 0xAB, 0xE1, 0x5D, 0x43, 0x04, 0x02, 0x4E, 0xB0, 0xC4, 0x2A, 0x25,
    0xC5, 0x21, 0x25, 0x7C, 0x57, 0x9F, 0x97, 0xC2, 0x1B, 0x78, 0xA0, 0xCF, 0x8A, 0x0E, 0x73, 0xF1,
    0xFB, 0x3D, 0xBC, 0xCC, 0xE5, 0x4D, 0xE3, 0x20, 0x2F, 0x1D, 0xD3, 0x0D, 0x63, 0x32, 0x2B, 0x8C,
    0x50, 0x46, 0x2E, 0xEE, 0x49, 0x4B, 0x4C, 0xF2, 0xCF, 0x89, 0xA3, 0xEA, 0xB4, 0xDF, 0x49, 0x02,
    0x46, 0x67, 0x68, 0xBB, 0x35, 0x9B, 0x76, 0x47, 0xD9, 0xE5, 0x92, 0xC4, 0xA4, 0xE3, 0xF8, 0x7A,
    0xA2, 0x67, 0xBA, 0x23, 0x63, 0xBF, 0xCE, 0xC1, 0x12, 0x76, 0xC9, 0x3E, 0x8C, 0x42, 0x87, 0x4C,
    0xDC, 0x71, 0x30, 0x26, 0x4A, 0xEE, 0x6E, 0xD4, 0x0D, 0x82, 0xB1, 0xBA, 0xF6, 0x69, 0x4C, 0xBD,
    0x9C, 0x7D, 0x99, 0xD5, 0xAA, 0xE6, 0x0B, 0x87, 0x06, 0x37, 0x95, 0x6F, 0xD9, 0xBA, 0x6A, 0x74,
    0x1A, 0xD3, 0x5E, 0x6A, 0xCE, 0x96, 0xA1, 0xA8, 0xDB, 0x44, 0x53, 0xF3, 0x1F, 0x37, 0xA0, 0xD6,
    0xC1, 0x4D, 0x5E, 0x0F, 0x01, 0x91, 0xA1, 0x57, 0xE2, 0xA6, 0xBA, 0xAE, 0x6A, 0x28, 0xD1, 0x7B,
    0xD2, 0xA9, 0x6C, 0xD8, 0xB4, 0xBB, 0x28, 0x1D, 0x33, 0xE9, 0xAA, 0x32, 0xCC, 0x46, 0x82, 0xB8,
    0x45, 0x71, 0x4C, 0x36, 0x32, 0x68, 0xB4, 0x25, 0xD1, 0x7D, 0xB4, 0x49, 0x53, 0x7F, 0xDE, 0x70,
    0x20, 0x0C, 0x1E, 0x6F, 0x61, 0x6B, 0xF2, 0xEF, 0xD5, 0x5A, 0x2C, 0x90, 0xD4, 0x26, 0x7A, 0x3E,
    0x1C, 0x1C, 0x8A, 0x9A, 0xD3, 0x75, 0x89, 0x6C, 0xEE, 0x21, 0xC7, 0x29, 0x5F, 0x55, 0x60, 0x56,
    0xF7, 0x5E, 0xE9, 0xB5, 0xDC, 0x42, 0x5B, 0x36, 0x2D, 0xDD, 0xC7, 0x75, 0x44, 0x9D, 0xEA, 0xF7,
    0x76, 0x69, 0xDC, 0x60, 0x60, 0x7A, 0x30, 0x94, 0x76, 0xE7, 0x11, 0x1A, 0x8A, 0x2D, 0x0E, 0xD2,
    0xE2, 0x38, 0x19, 0x6B, 0xA2, 0x15, 0xF7, 0xB8, 0x05, 0xA0, 0x56, 0xE0, 0x0C, 0xD6, 0x16, 0x2F,
    0x25, 0x0B, 0x0B, 0x0B, 0x3C, 0x2D, 0xEF, 0x50, 0xC6, 0xDC, 0x09, 0x71, 0xA9, 0x09, 0xCB, 0xCB,
    0xC2, 0x0F, 0x04, 0xA8, 0x3F, 0x72, 0x40, 0x48, 0x89, 0x22, 0x15, 0xFD, 0x3E, 0x1F, 0x3E, 0xE3,
    0xC1, 0xA5, 0xD9, 0x6C, 0x3C, 0x92, 0xA4, 0xCA, 0x3D, 0x4C, 0x04, 0x0A, 0xD9, 0x75, 0xB2, 0x4C,
    0xC8, 0xEB, 0x60, 0xB5, 0x9D, 0x6F, 0xC5, 0xE8, 0x0E, 0x61, 0x6D, 0x2F, 0x28, 0xA4, 0x85, 0x99,
    0x44, 0x70, 0xBA, 0xB1, 0xA0, 0x23, 0x39, 0x2E, 0x8B, 0x7B, 0xE3, 0x4B, 0x7B, 0x2C, 0x20, 0x4D,
    0xA0, 0x1A, 0x34, 0x4A, 0xDE, 0x27, 0xCB, 0x86, 0x24, 0xD7, 0x29, 0xE0, 0xDA, 0x70, 0xD4, 0x12,
    0xA3, 0xA0, 0x35, 0x42, 0x0C, 0xEF, 0xC7, 0x54, 0x83, 0x52, 0x89, 0xAA, 0xB5, 0x40, 0x74, 0xEA,
    0xC0, 0xD4, 0x53, 0x7C, 0x35, 0x70, 0xEE, 0x7A, 0xAE, 0xB6, 0xAB, 0x58, 0x86, 0x79, 0x51, 0x1B,
    0x57, 0xBD, 0xDF, 0xC1, 0x99, 0x73, 0xDA, 0x4E, 0x0E, 0x43, 0xD1, 0x33, 0xB1, 0xAB, 0x76, 0xE0,
    0xE7, 0xB9, 0xB7, 0xF1, 0x76, 0x81, 0x46, 0x39, 0x9E, 0x06, 0x2E, 0xD0, 0x40, 0xC6, 0xDF, 0x8F,
    0x7D, 0xA9, 0xB6, 0xCE, 0x84, 0x6F, 0x70, 0xA0, 0xFF, 0x4B, 0x09, 0x3A, 0xF9, 0xFA, 0x7D, 0xBB,
    0x6D, 0xB6, 0xD8, 0xDB, 0xE1, 0x96, 0x66, 0x21, 0x24, 0x92, 0x4A, 0x22, 0x22, 0xD6, 0x49, 0x24,
    0xB3, 0xD9, 0xCC, 0x76, 0xFD, 0xD7, 0xFA, 0xA3, 0x5D, 0x8E, 0x84, 0xDD, 0xCC, 0xAB, 0x2B, 0x95,
    0x4B, 0x90, 0x8B, 0x47, 0x56, 0x97, 0x24, 0xEF, 0x17, 0x22, 0xD6, 0x4D, 0xDF, 0xE1, 0x3D, 0x3A,
    0xF5, 0xE3, 0xAE, 0x4A, 0xB3, 0x53, 0xD9, 0x28, 0x78, 0x23, 0x97, 0x24, 0x5E, 0x6B, 0xAE, 0x77,
    0xD7, 0x23, 0x1B, 0xA5, 0x23, 0x18, 0x45, 0x48, 0x8C, 0x96, 0xE1, 0x42, 0x20, 0x70, 0x89, 0xE9,
    0x91, 0x8D, 0xA9, 0x9C, 0xBD, 0xB9, 0x33, 0x10, 0xEE, 0xD4, 0xF3, 0x77, 0x3A, 0xA3, 0xD2, 0x46,
    0x8E, 0xD2, 0x43, 0xAA, 0x0E, 0x8C, 0x99, 0xA1, 0x2D, 0xB6, 0xDC, 0xC1, 0xE0, 0xEF, 0x8B, 0x85,
    0xB4, 0xBE, 0xF5, 0x8D, 0x07, 0x70, 0x74, 0xB6, 0xB0, 0x3E, 0x09, 0x9E, 0x6A, 0xB0, 0xA7, 0x59,
    0x0C, 0x85, 0x14, 0x10, 0x10, 0x15, 0x01, 0x81, 0x1F, 0x8C, 0x21, 0xE8, 0x46, 0x96, 0x79, 0x97,
    0x84, 0x9F, 0x1F, 0x47, 0xDB, 0xF9, 0x8F, 0xD2, 0x42, 0x47, 0x60, 0x3E, 0xF1, 0xE5, 0xE1, 0xEF,
    0xCB, 0xBB, 0xC9, 0x26, 0x4A, 0x0C, 0x1E, 0x03, 0xAE, 0x17, 0x1D, 0x5C, 0x49, 0xA4, 0x4B, 0x47,
    0xA1, 0x88, 0x30, 0x7B, 0x12, 0x6A, 0xF2, 0x22, 0xB9, 0x97, 0x45, 0xC9, 0x1B, 0x67, 0xC3, 0x3F,
    0xA4, 0xCE, 0xC6, 0xE7, 0x61, 0x9D, 0xF6, 0x67, 0xA5, 0x61, 0xEC, 0x0D, 0x97, 0xF0, 0x84, 0xE8,
    0xE8, 0xB0, 0x2A, 0x8E, 0xDE, 0xDC, 0x7A, 0x57, 0x6D, 0x6B, 0xCD, 0x3C, 0xB7, 0x68, 0xBF, 0x14,
    0x30, 0x11, 0xD4, 0x70, 0xF1, 0x54, 0xB1, 0x78, 0xE1, 0x5C, 0xA3, 0x84, 0xCC, 0x7D, 0xD6, 0x56,
    0x66, 0xA2, 0x82, 0x06, 0xC1, 0x03, 0xBB, 0xF7, 0xA9, 0x25, 0xBF, 0x64, 0x11, 0x63, 0xC1, 0xF2,
    0x86, 0x37, 0x0F, 0x0A, 0x72, 0x02, 0x53, 0x14, 0x47, 0x14, 0xA0, 0xAF, 0xD8, 0x36, 0xB9, 0x5E,
    0x0C, 0xBD, 0x5F, 0x96, 0x8F, 0x5B, 0x23, 0x7A, 0x4D, 0x9A, 0x4C, 0xAE, 0x6A, 0xF3, 0x01, 0xE0,
    0xC2, 0x68, 0xB8, 0x76, 0x15, 0xD0, 0x62, 0x72, 0xFD, 0xAE, 0x1A, 0xA6, 0x0A, 0x19, 0x1F, 0x15,
    0x83, 0x87, 0x0D, 0x3D, 0x6E, 0xDB, 0xB2, 0xD8, 0x47, 0x77, 0x0F, 0x69, 0xBF, 0x1F, 0x0C, 0xCC,
    0xCC, 0xCC, 0xCC, 0xCC, 0xC9, 0xB1, 0x18, 0x5A, 0x52, 0x91, 0xE8, 0xD1, 0xA8, 0xAF, 0x5A, 0x96,
    0x36, 0xC3, 0x70, 0xCD, 0xF8, 0x8F, 0x97, 0x44, 0xDE, 0x28, 0x2F, 0xF8, 0xEE, 0xBD, 0xD1, 0x89,
    0x51, 0xBD, 0x4B, 0xCB, 0xDD, 0x59, 0x76, 0xDE, 0x44, 0xB5, 0x31, 0x9B, 0x90, 0xE4, 0x76, 0x8C,
    0x5A, 0xC9, 0xB5, 0xB1, 0xE8, 0x7D, 0xAC, 0x92, 0x86, 0x30, 0x6C, 0x1B, 0x0C, 0x68, 0x8C, 0x6C,
    0x6C, 0x6C, 0x6C, 0x1B, 0x0C, 0xC8, 0x49, 0x09, 0x21, 0x23, 0x5E, 0x26, 0x1B, 0x6C, 0x6B, 0x63,
    0xE7, 0x49, 0xDB, 0x19, 0xC3, 0x69, 0xC9, 0x50, 0x92, 0x49, 0x28, 0xBE, 0x06, 0xF5, 0x27, 0x47,
    0x8B, 0x34, 0xDF, 0x1E, 0x00, 0xBB, 0xF9, 0xC1, 0x5E, 0x1E, 0xC2, 0x51, 0x62, 0x7E, 0x09, 0xE1,
    0x0F, 0x2D, 0xDF, 0xA7, 0xAD, 0xCB, 0x22, 0xB5, 0x16, 0x79, 0xDF, 0x9F, 0xD0, 0x23, 0x82, 0x0E,
    0x90, 0xA8, 0x2B, 0xA1, 0xF1, 0xDD, 0xE0, 0xAA, 0x74, 0x46, 0xAD, 0x86, 0x20, 0x55, 0x44, 0x23,
    0x77, 0xE6, 0x4C, 0x20, 0xDA, 0xC0, 0xAD, 0x3F, 0x32, 0xEF, 0x53, 0x18, 0xF2, 0xEB, 0x66, 0xBC,
    0x89, 0x5E, 0xA4, 0x5F, 0xBE, 0x3D, 0x50, 0xBD, 0x87, 0xCC, 0x24, 0x04, 0x60, 0xFC, 0x8B, 0xC4,
    0x58, 0xFA, 0xCE, 0x6C, 0xDE, 0x6B, 0x24, 0x62, 0xAD, 0x0E, 0x22, 0x36, 0x52, 0x27, 0xD9, 0xDC,
    0xB7, 0x5D, 0x9E, 0xF5, 0x39, 0xA3, 0x73, 0x5B, 0x12, 0x59, 0xED, 0x38, 0x7A, 0x56, 0xF0, 0x8F,
    0xC5, 0x5D, 0xEC, 0xD8, 0xB5, 0x4E, 0x27, 0x3E, 0xD2, 0xBA, 0xF1, 0x55, 0xBF, 0xAE, 0x99, 0x5D,
    0x49, 0x5C, 0xDB, 0x2C, 0x67, 0xCE, 0xE7, 0xB5, 0xA9, 0xF7, 0x2F, 0x7B, 0x2C, 0xF3, 0x1D, 0x69,
    0xA8, 0x3B, 0x7C, 0xD9, 0xA9, 0xAC, 0x56, 0xBD, 0x8D, 0x06, 0xCF, 0x47, 0xA4, 0x94, 0xB1, 0xCE,
    0xC8, 0xCB, 0x76, 0xE3, 0xE3, 0x13, 0xF6, 0xBD, 0xF7, 0xF8, 0xEE, 0xA5, 0x62, 0xCA, 0x2D, 0xAF,
    0xEA, 0x9D, 0x92, 0xFC, 0xCA, 0xC2, 0xD3, 0xEF, 0xB2, 0xB1, 0xB2, 0xCC, 0x7B, 0x28, 0x07, 0x5D,
    0x13, 0xF7, 0x23, 0xD5, 0x79, 0x45, 0x3B, 0x77, 0x4B, 0xFE, 0x42, 0xF7, 0xB8, 0x8E, 0x71, 0xB4,
    0x4F, 0xA0, 0x64, 0xED, 0x7F, 0x62, 0xF3, 0xDF, 0x7A, 0x14, 0xDB, 0xD8, 0x4F, 0xA4, 0xDE, 0x46,
    0x8B, 0x68, 0x14, 0x87, 0x7E, 0x0D, 0xD3, 0xBE, 0x88, 0x0F, 0x43, 0xA2, 0x71, 0xE2, 0x53, 0x13,
    0x7C, 0x65, 0x5C, 0x42, 0x04, 0x2F, 0xCF, 0x0C, 0x49, 0x75, 0xB8, 0xE6, 0x0D, 0xE7, 0x2F, 0xC5,
    0xAD, 0x5E, 0x15, 0x98, 0xD3, 0xB3, 0x8E, 0x0C, 0xD1, 0x67, 0x0B, 0x71, 0xC6, 0xD7, 0x2D, 0xF2,
    0x8E, 0xDE, 0x4D, 0xB5, 0x3E, 0x4E, 0x23, 0x90, 0x9A, 0x7B, 0xDC, 0x68, 0x7C, 0x72, 0x5C, 0x90,
    0xD3, 0xCD, 0x31, 0x72, 0x2E, 0xDA, 0xCD, 0x33, 0x12, 0x36, 0xB1, 0x69, 0x48, 0xC9, 0x2A, 0x6C,
    0xE5, 0xB6, 0x9D, 0xAF, 0xE8, 0xD1, 0xE1, 0x61, 0x27, 0xC3, 0x37, 0x2B, 0xF6, 0x09, 0xA0, 0xF0,
    0xDA, 0xDC, 0x4E, 0xED, 0x3D, 0x3D, 0xC2, 0x3E, 0xA0, 0x9F, 0x25, 0xD4, 0xA7, 0x45, 0x2E, 0xDA,
    0x9B, 0x2B, 0xE4, 0xD6, 0xB4, 0x6E, 0xCE, 0x05, 0x3F, 0x5B, 0x9B, 0x07, 0x7D, 0xB0, 0x78, 0x6E,
    0xEC, 0xC5, 0x31, 0x42, 0xD8, 0xC1, 0x60, 0x4F, 0x07, 0xAF, 0xAC, 0xFB, 0x0D, 0x1B, 0x35, 0x45,
    0xDD, 0xB2, 0x81, 0x8D, 0x14, 0x14, 0x28, 0xCB, 0x8F, 0x69, 0xC3, 0x5D, 0x71, 0xEA, 0x2D, 0xD9,
    0x87, 0xC0, 0x31, 0x7D, 0x9D, 0x03, 0x37, 0x1D, 0x1C, 0xF0, 0x71, 0xC6, 0xA7, 0x1A, 0x2C, 0x6D,
    0x46, 0x16, 0xFE, 0x37, 0x8D, 0x3B, 0xF8, 0x6E, 0x38, 0xE0, 0xAF, 0x2E, 0xC7, 0x6D, 0x66, 0x35,
    0xD5, 0xAE, 0xD6, 0x95, 0xC4, 0xE0, 0x34, 0x49, 0xB2, 0xBD, 0xDC, 0x68, 0x3A, 0xAF, 0xCB, 0x07,
    0xD1, 0x13, 0x37, 0xFD, 0xEB, 0x3D, 0xFD, 0xFD, 0xD0, 0xA3, 0xC9, 0xB2, 0x76, 0xDE, 0x6C, 0xEC,
    0xA4, 0xD2, 0x1B, 0xAF, 0x5E, 0xB6, 0x0E, 0x9D, 0x3E, 0x4B, 0x62, 0x59, 0x07, 0x24, 0x52, 0x81,
    0xA4, 0x3A, 0xEE, 0xCD, 0x16, 0x2F, 0xCA, 0xCA, 0x03, 0x0A, 0xC9, 0xA1, 0xBE, 0x3F, 0xE9, 0x50,
    0x7C, 0xBD, 0xFB, 0x49, 0x8C, 0x99, 0x25, 0x42, 0x78, 0x0D, 0xC3, 0xD7, 0x3D, 0x40, 0xE6, 0xE5,
    0x1E, 0x81, 0x0E, 0xC4, 0x1D, 0x71, 0xDE, 0xDF, 0x1B, 0xC2, 0x3B, 0x4F, 0x85, 0x27, 0x84, 0xE4,
    0x63, 0xE7, 0xFB, 0x1A, 0xB3, 0x95, 0xA7, 0x41, 0x1D, 0xB6, 0x45, 0xBA, 0xB3, 0x99, 0xC7, 0x60,
    0x46, 0x5A, 0x71, 0x1F, 0xB4, 0xDA, 0xF7, 0x0F, 0x2B, 0x6F, 0x23, 0xFC, 0xBB, 0xD9, 0xFA, 0x02,
    0xFD, 0xF7, 0x8D, 0x75, 0xD3, 0xB9, 0x6A, 0x35, 0x0E, 0x39, 0x64, 0xD7, 0x59, 0x3B, 0x1B, 0x87,
    0xE5, 0x7A, 0x6A, 0x66, 0x34, 0x67, 0x3B, 0x63, 0x56, 0x1F, 0xAC, 0x24, 0x4F, 0x27, 0x26, 0x52,
    0xDE, 0xB9, 0xFE, 0x1A, 0x8E, 0x3B, 0x55, 0x55, 0x19, 0x55, 0x5C, 0xE3, 0x09, 0x86, 0xB9, 0x76,
    0xE0, 0x0E, 0x4A, 0xAC, 0x37, 0xA5, 0xBA, 0xB6, 0x20, 0xFD, 0xB6, 0x8B, 0x0C, 0x4C, 0xDF, 0xF2,
    0x4C, 0x87, 0xA7, 0xD7, 0x6B, 0xC1, 0x2C, 0xD4, 0x34, 0x71, 0x32, 0x70, 0xBC, 0xD6, 0xC1, 0x8C,
    0x7C, 0x7A, 0x4F, 0xF1, 0xF5, 0x88, 0x52, 0x65, 0xAD, 0xEE, 0xAD, 0x61, 0x5A, 0xCE, 0xE6, 0x22,
    0x4E, 0xB9, 0xCC, 0xD7, 0xF4, 0x8B, 0x8A, 0x5D, 0x21, 0xDA, 0xBA, 0xFD, 0xE1, 0xD4, 0x5A, 0x8E,
    0x09, 0xB5, 0xB1, 0xA0, 0xC6, 0x41, 0x07, 0x7E, 0x6E, 0xEB, 0xF2, 0x3B, 0xB1, 0x86, 0x42, 0xCC,
    0x6C, 0xAB, 0x53, 0x81, 0x94, 0x06, 0x7A, 0xCA, 0xA8, 0x2A, 0xB2, 0x9A, 0xE1, 0x44, 0x2F, 0x7F,
    0x39, 0x4F, 0xF5, 0xD1, 0xD9, 0x37, 0xE3, 0x3F, 0x9B, 0x3E, 0x75, 0xDF, 0xB0, 0x69, 0x8D, 0x92,
    0x94, 0x6C, 0x8A, 0x98, 0x9F, 0x9B, 0x78, 0xDD, 0xB8, 0xDB, 0xEB, 0x77, 0x70, 0x07, 0x4B, 0x33,
    0x18, 0x92, 0xB0, 0x07, 0xD6, 0x5F, 0xC2, 0xDE, 0x15, 0x8E, 0x1D, 0x58, 0x22, 0x7A, 0xFA, 0xA9,
    0xD7, 0x41, 0x5E, 0xAD, 0x86, 0x2C, 0xE6, 0xEF, 0x8C, 0xE6, 0xD6, 0xFD, 0x61, 0x78, 0x34, 0xDF,
    0xEE, 0x91, 0x2A, 0x5E, 0xF0, 0xF7, 0xCA, 0x29, 0xE4, 0x91, 0x0F, 0x0B, 0xB6, 0x80, 0xED, 0xF3,
    0xE7, 0x7B, 0xED, 0xF4, 0x5B, 0x1B, 0xE5, 0x6A, 0xEC, 0xD3, 0x3F, 0x08, 0x67, 0xA1, 0x8C, 0x0B,
    0xE2, 0x2B, 0x9A, 0xE2, 0xCD, 0xBB, 0x4E, 0xCB, 0xA8, 0x93, 0xDC, 0xD8, 0xA6, 0xE0, 0x88, 0xC5,
    0xCE, 0xB1, 0xBA, 0xB2, 0x77, 0xF3, 0xAE, 0x91, 0x9B, 0x74, 0xAD, 0x71, 0xE1, 0x9E, 0x97, 0x4F,
    0x4A, 0x89, 0xE3, 0x74, 0xE1, 0x80, 0x5A, 0x07, 0x51, 0x71, 0x39, 0x0D, 0x86, 0x3F, 0x61, 0xB6,
    0x6F, 0x34, 0x4A, 0x94, 0x09, 0x5E, 0xFB, 0x9E, 0x7A, 0xAE, 0x08, 0x33, 0xD7, 0xE7, 0x56, 0xDB,
    0xA3, 0x49, 0x31, 0xBE, 0x0E, 0x4F, 0x6D, 0x6F, 0x3C, 0xB2, 0xBA, 0xF5, 0xB1, 0x71, 0x91, 0xC4,
    0x81, 0x91, 0x5D, 0x75, 0xD7, 0x57, 0x2E, 0x93, 0x32, 0x7C, 0x2B, 0x9E, 0x4C, 0x18, 0x31, 0x0D,
    0xC1, 0x63, 0xDB, 0x4A, 0xB9, 0x50, 0x99, 0x21, 0x0E, 0x86, 0xA7, 0x23, 0x58, 0x61, 0xAD, 0x16,
    0xA3, 0x13, 0x3B, 0x6A, 0x56, 0x81, 0x62, 0xB5, 0x2B, 0x41, 0x9B, 0x97, 0xE1, 0x47, 0x95, 0x31,
    0xCB, 0x51, 0x75, 0x31, 0xAE, 0x51, 0xE9, 0x7B, 0xF7, 0x1B, 0x52, 0x58, 0x15, 0x70, 0xB3, 0x3A,
    0xD5, 0xDB, 0xCF, 0xD0, 0x5C, 0xB5, 0x71, 0xB5, 0xFA, 0xAE, 0x2F, 0x29, 0xFD, 0xA9, 0x47, 0x06,
    0x32, 0x76, 0xAF, 0x12, 0xA3, 0xDA, 0xE6, 0x5A, 0xD6, 0x7D, 0xA5, 0x08, 0xC2, 0x89, 0x3D, 0xD0,
    0xA9, 0xB8, 0xFE, 0x4B, 0x33, 0xF6, 0x48, 0xD7, 0x1F, 0xAE, 0xFC, 0x83, 0x49, 0x73, 0xB3, 0x10,
    0x57, 0x66, 0x74, 0xD4, 0x57, 0x0A, 0xEC, 0xA5, 0xB5, 0x38, 0x31, 0x61, 0x25, 0x78, 0xF4, 0xBB,
    0xD7, 0xD0, 0x0B, 0xC5, 0x17, 0x32, 0x65, 0x59, 0xCF, 0xE1, 0xEB, 0xBC, 0xAE, 0x2C, 0x64, 0x70,
    0x99, 0x5A, 0xF8, 0x4F, 0x89, 0xE5, 0xED, 0xFA, 0xFE, 0x39, 0xEA, 0xDD, 0x70, 0x28, 0xDB, 0x1F,
    0x72, 0x3D, 0x7A, 0x1C, 0xE9, 0x9B, 0xC5, 0xCD, 0xCA, 0xA1, 0x1A, 0x70, 0x76, 0x21, 0x1F, 0x02,
    0xB8, 0x4A, 0xAA, 0xA1, 0x50, 0xCB, 0x45, 0xFD, 0x65, 0x0C, 0xEE, 0x3C, 0xE6, 0x79, 0x1B, 0x47,
    0x1E, 0x6F, 0x79, 0x91, 0xB7, 0x57, 0x16, 0xE5, 0x24, 0xFC, 0xF6, 0xEC, 0xF4, 0x2D, 0xF9, 0xF3,
    0xA3, 0x0C, 0xCD, 0xCD, 0x24, 0x84, 0x98, 0x48, 0x40, 0xC3, 0x18, 0x5D, 0xA6, 0xD5, 0x1A, 0xAE,
    0x4C, 0x28, 0x43, 0x58, 0xCC, 0xF4, 0x76, 0x39, 0x2C, 0xC1, 0xCB, 0xF2, 0xB3, 0xB9, 0x2A, 0x8A,
    0xED, 0x1E, 0xA6, 0xF1, 0xB6, 0x06, 0xAA, 0xE7, 0x7A, 0xB9, 0x58, 0x98, 0x19, 0x90, 0x93, 0xCD,
    0xB8, 0x36, 0xAB, 0xA1, 0x8E, 0x26, 0xCC, 0x8E, 0x77, 0x6F, 0xA9, 0x07, 0x6B, 0x6C, 0xD8, 0x65,
    0xAE, 0xB4, 0xBB, 0x61, 0xA9, 0xBE, 0xA9, 0xAA, 0x7F, 0xA4, 0x3B, 0xC3, 0xA2, 0xEE, 0x25, 0x1C,
    0xF1, 0x5B, 0xE4, 0x1D, 0x1F, 0x3D, 0x3B, 0xB6, 0xBD, 0x4C, 0xDB, 0xAA, 0x3C, 0xFC, 0x0A, 0xE4,
    0x43, 0x77, 0xC2, 0x72, 0x38, 0x37, 0x1E, 0x0F, 0x48, 0xD6, 0xE3, 0xCD, 0x0D, 0x08, 0x25, 0x7B,
    0xEF, 0x42, 0x1F, 0x4C, 0x74, 0x87, 0x19, 0xDF, 0x94, 0x74, 0x7D, 0x76, 0xDE, 0x4A, 0xDC, 0x2D,
    0x81, 0x58, 0x46, 0x24, 0xDA, 0x2D, 0x7F, 0xD4, 0xAF, 0xB6, 0x2D, 0x9F, 0x30, 0xF3, 0x3B, 0x53,
    0x73, 0x18, 0x4F, 0x72, 0xFE, 0xF3, 0xEB, 0x43, 0xC1, 0xA4, 0x78, 0xBA, 0x1C, 0x22, 0x9A, 0x62,
    0x51, 0xCF, 0x37, 0x35, 0x24, 0x03, 0x7B, 0x58, 0x9B, 0x3B, 0x33, 0x33, 0x2F, 0x66, 0x8F, 0x16,
    0x79, 0xD1, 0x06, 0xC5, 0x6D, 0x82, 0xCA, 0x46, 0xE2, 0x31, 0x38, 0x04, 0x87, 0x4B, 0x37, 0x8A,
    0x9E, 0xF9, 0x27, 0xED, 0x3B, 0xEA, 0xEE, 0xD5, 0x36, 0xE5, 0x20, 0xFB, 0x7A, 0x4F, 0xB4, 0xE4,
    0x1E, 0x94, 0xC7, 0x31, 0x17, 0xD6, 0x03, 0xEF, 0xFF, 0x12, 0x82, 0x67, 0x7B, 0x0F, 0x54, 0xEF,
    0xDD, 0x6F, 0x38, 0xAB, 0x31, 0xE2, 0xB8, 0x7A, 0x89, 0x25, 0xAD, 0x8C, 0xAC, 0x76, 0x65, 0x65,
    0xE4, 0xE0, 0xA2, 0xCA, 0x12, 0xAE, 0x04, 0x79, 0x62, 0x44, 0xAD, 0x50, 0xEB, 0x2D, 0xA9, 0x0E,
    0xC1, 0x1E, 0xDD, 0xF1, 0x79, 0xFB, 0x7F, 0x79, 0xCD, 0x97, 0x3F, 0xAB, 0x97, 0x49, 0xE5, 0xCF,
    0x6C, 0x0E, 0xEF, 0xD3, 0xE3, 0x08, 0x62, 0xB7, 0x78, 0xCA, 0xAD, 0xBE, 0xDA, 0xA7, 0x87, 0xB0,
    0x1F, 0x97, 0x9A, 0xFA, 0x39, 0x98, 0x98, 0x26, 0x2C, 0x60, 0xBB, 0x1C, 0x0B, 0xE5, 0x62, 0x5B,
    0xBE, 0x54, 0xD5, 0x1A, 0x21, 0x4E, 0x14, 0xD3, 0xC0, 0xF2, 0x97, 0x59, 0xED, 0xE5, 0x15, 0xD3,
    0x49, 0x55, 0x0C, 0x0F, 0x6D, 0xB1, 0x24, 0xE2, 0xB4, 0x6C, 0x7D, 0x0C, 0x6D, 0x5A, 0x75, 0x8A,
    0xB1, 0x30, 0x98, 0x5B, 0xAB, 0xED, 0x6A, 0xBA, 0x1D, 0xC6, 0xAB, 0xD1, 0x09, 0xB1, 0xDA, 0x3E,
    0x1C, 0x9A, 0x4D, 0xD8, 0xEE, 0x31, 0xAD, 0x41, 0xB7, 0x12, 0xF6, 0x97, 0xAE, 0x8C, 0x1B, 0x4C,
    0x34, 0x0F, 0x97, 0x1B, 0xF1, 0xB9, 0xB1, 0x01, 0x0C, 0x08, 0x43, 0x74, 0x6F, 0x45, 0xBE, 0xDA,
    0x8C, 0x3B, 0x88, 0xD9, 0xCD, 0x92, 0xF9, 0xD7, 0x92, 0xA2, 0x7E, 0x03, 0xBB, 0xBA, 0xE8, 0xC7,
    0x41, 0x58, 0xDE, 0xC6, 0x31, 0x63, 0x18, 0xC5, 0xA4, 0xCC, 0x27, 0x7C, 0xC9, 0xE4, 0x3A, 0xCE,
    0x55, 0xC0, 0x63, 0x6C, 0x0C, 0x31, 0xE5, 0xF2, 0x76, 0x02, 0x10, 0x04, 0xDB, 0xB3, 0xB0, 0x5C,
    0xA4, 0xCF, 0x0F, 0x4F, 0xF8, 0xD9, 0xF1, 0x18, 0xB5, 0x8F, 0x74, 0xF1, 0x97, 0x98, 0xAE, 0x86,
    0x9B, 0xF0, 0x62, 0x6A, 0xFB, 0x78, 0x9D, 0x86, 0x97, 0x14, 0x2D, 0xEE, 0xC8, 0x8C, 0x71, 0x3E,
    0x00, 0x5E, 0xAD, 0xDD, 0xDB, 0x63, 0x39, 0xF9, 0xEF, 0xEC, 0x49, 0x26, 0x86, 0xE0, 0x70, 0x2A,
    0xBD, 0x8C, 0x1D, 0xEF, 0x2B, 0x1D, 0xA8, 0xD6, 0x5A, 0x45, 0x47, 0x86, 0xC5, 0xEA, 0xE9, 0x75,
    0x46, 0x4A, 0x88, 0x24, 0x92, 0x61, 0x90, 0xE3, 0x09, 0x0D, 0x52, 0xB2, 0x7C, 0xD9, 0xB8, 0x59,
    0xAD, 0x85, 0x52, 0xA6, 0x9B, 0x92, 0xD7, 0xD1, 0x24, 0xA1, 0xEB, 0x26, 0x58, 0x17, 0x94, 0xDD,
    0xBC, 0x9E, 0x03, 0xDC, 0x74, 0x07, 0x27, 0x26, 0x27, 0xD2, 0x53, 0xB6, 0xD9, 0x76, 0x77, 0x83,
    0x99, 0xDE, 0x32, 0xE9, 0xE5, 0x30, 0xBE, 0x9C, 0xD8, 0x18, 0xAA, 0x35, 0x37, 0xC0, 0x86, 0xCA,
    0xC7, 0xC6, 0x56, 0xBA, 0x1E, 0xEA, 0x6B, 0xD4, 0x0E, 0x45, 0x83, 0x53, 0x26, 0x02, 0xB9, 0x20,
    0xE0, 0x69, 0x23, 0x5E, 0x2D, 0x5E, 0xED, 0x14, 0x1D, 0xBF, 0x10, 0x47, 0x5A, 0xD3, 0x53, 0x0E,
    0x8C, 0x2C, 0x8B, 0x0B, 0xE6, 0xE6, 0xFD, 0x72, 0x3B, 0x37, 0x9C, 0xEF, 0x06, 0xFD, 0xC7, 0xE3,
    0xD5, 0xB7, 0x76, 0xF3, 0xA1, 0x86, 0x36, 0xBF, 0x1F, 0x5D, 0x96, 0xD1, 0x6D, 0x3C, 0x9B, 0x59,
    0xFB, 0x38, 0x8F, 0x9B, 0x2E, 0xC1, 0xAC, 0x06, 0xDB, 0xAA, 0x5B, 0xB2, 0x2B, 0x8C, 0xC7, 0x83,
    0x6D, 0x6C, 0x3B, 0x68, 0x87, 0xEA, 0x7E, 0xBD, 0x51, 0x66, 0xD8, 0xED, 0x56, 0x3C, 0x9A, 0xF1,
    0xC9, 0xE7, 0x41, 0xBA, 0x18, 0xC0, 0x53, 0xDE, 0x42, 0x30, 0x8D, 0x4D, 0x65, 0x35, 0xE2, 0xC5,
    0x19, 0x9A, 0xDA, 0xB2, 0x93, 0x59, 0x23, 0x12, 0x8F, 0x89, 0xD4, 0xFD, 0xB3, 0xA3, 0xBA, 0x90,
    0x90, 0xD4, 0xF5, 0x2F, 0xB2, 0x65, 0x1C, 0xD4, 0x87, 0x99, 0x6B, 0x24, 0x62, 0xC6, 0x9D, 0x51,
    0x82, 0x7E, 0x6F, 0x09, 0xF0, 0x93, 0x5B, 0x34, 0xC7, 0xC7, 0xF6, 0x50, 0xAC, 0xDE, 0x6B, 0x6E,
    0x10, 0x52, 0x86, 0xF6, 0x23, 0x5D, 0x53, 0x2C, 0x8E, 0xF0, 0xFD, 0x27, 0x9B, 0x46, 0x4B, 0x39,
    0x65, 0xE4, 0x69, 0xB1, 0x53, 0xD2, 0xDE, 0xAF, 0x57, 0x0D, 0x0C, 0xD9, 0xAC, 0x6C, 0xA3, 0x39,
    0x6C, 0x5E, 0xD8, 0xF7, 0x70, 0xD8, 0xD9, 0xF6, 0x9C, 0x50, 0x84, 0x2B, 0x5F, 0x01, 0x65, 0xB1,
    0xCA, 0xE6, 0x53, 0x4E, 0xAB, 0x48, 0x86, 0xEE, 0xF9, 0x38, 0x55, 0x9B, 0x76, 0xD6, 0x60, 0x1E,
    0x99, 0xC8, 0xDF, 0x7B, 0x02, 0x57, 0x34, 0x62, 0xF7, 0x72, 0xD6, 0x35, 0x67, 0x6C, 0xEF, 0x56,
    0xC9, 0xB6, 0x66, 0x9E, 0x5D, 0x63, 0x67, 0x47, 0x73, 0x89, 0xE0, 0xDA, 0x3A, 0x3E, 0x96, 0xB5,
    0x6B, 0xF8, 0xF7, 0xF1, 0x7D, 0xA8, 0xD4, 0x33, 0x1B, 0xF0, 0xF2, 0x6E, 0xD3, 0xBD, 0x5B, 0x1E,
    0xBA, 0x2F, 0x17, 0x3C, 0x63, 0x10, 0x0D, 0x8D, 0x8E, 0x1D, 0x8E, 0x92, 0x23, 0x52, 0x64, 0xBD,
    0xE9, 0xF3, 0x9B, 0x18, 0x2D, 0xCE, 0x7B, 0xAF, 0x04, 0xE6, 0xAF, 0xAE, 0xD5, 0x37, 0x4C, 0xEB,
    0x17, 0xEE, 0xBE, 0x2C, 0x71, 0x8C, 0x27, 0x6D, 0x6D, 0x2D, 0x77, 0x3C, 0xE8, 0x30, 0x87, 0x2A,
    0x7C, 0x8D, 0xAA, 0x8A, 0x6C, 0xC6, 0xAD, 0x0D, 0x2F, 0xE5, 0x16, 0x63, 0x1A, 0x56, 0xB7, 0xA6,
    0xFC, 0x09, 0xFB, 0x16, 0xB9, 0xBB, 0x79, 0x67, 0x32, 0x5F, 0x11, 0xE3, 0x7B, 0x1E, 0x24, 0xC1,
    0x6F, 0xB5, 0xFB, 0x4F, 0x64, 0xB2, 0x6F, 0x1F, 0x42, 0x25, 0x13, 0xE6, 0xFE, 0x8E, 0xAF, 0x44,
    0x91, 0x44, 0x74, 0x78, 0xC1, 0x53, 0x0F, 0xA2, 0x19, 0xB4, 0x35, 0x0D, 0xA5, 0x7B, 0xEC, 0x0E,
    0x4D, 0xB7, 0xA1, 0x11, 0xA3, 0x73, 0x1B, 0x6F, 0x38, 0x36, 0x4D, 0xAA, 0x18, 0x15, 0x2B, 0xEA,
    0xB4, 0xAE, 0x3C, 0xBD, 0x46, 0x2C, 0x12, 0x4D, 0x33, 0x23, 0x24, 0x92, 0x4C, 0xC8, 0xF4, 0x1F,
    0x01, 0x80, 0x1D, 0x90, 0x41, 0x1D, 0xCD, 0x41, 0xBF, 0xCF, 0x2C, 0xA9, 0x18, 0xB3, 0x5E, 0x29,
    0x6A, 0x46, 0x9A, 0x59, 0x34, 0xF7, 0xBD, 0x96, 0xFB, 0x60, 0x77, 0xAE, 0xFA, 0x08, 0x4A, 0x93,
    0xDA, 0xD0, 0xEC, 0x3E, 0x1E, 0x5D, 0x97, 0xEC, 0xAF, 0x76, 0x0F, 0x2C, 0xCC, 0x05, 0xC4, 0x16,
    0x49, 0x0D, 0x12, 0x76, 0x81, 0xE2, 0xFB, 0x7A, 0xF3, 0x7D, 0x75, 0xF1, 0xEE, 0x31, 0xC5, 0xB4,
    0x8D, 0xDA, 0x6D, 0x85, 0x23, 0x78, 0xB6, 0x07, 0x28, 0x41, 0xC9, 0x97, 0x9F, 0x94, 0x9E, 0x59,
    0xE3, 0x61, 0x7B, 0x8A, 0xE7, 0x0F, 0x9E, 0xCD, 0x2D, 0x1C, 0xC9, 0xAE, 0x1F, 0x74, 0xDF, 0xF0,
    0xF8, 0x93, 0xD9, 0x3B, 0xE9, 0xFA, 0xA7, 0x87, 0x3A, 0xEC, 0xE5, 0x98, 0xA7, 0x64, 0x5A, 0x48,
    0x0D, 0xE8, 0x86, 0x45, 0x86, 0x74, 0x71, 0x19, 0x64, 0xC3, 0x31, 0x91, 0xBC, 0x4C, 0xCC, 0xC9,
    0xEB, 0x6F, 0x6D, 0x75, 0xDB, 0xC0, 0x87, 0x38, 0x1F, 0x96, 0xF9, 0x7D, 0x41, 0x8F, 0x81, 0xB6,
    0xEB, 0x9A, 0x3E, 0xCD, 0xCE, 0xE3, 0x26, 0xD1, 0x72, 0xEC, 0xFE, 0xAF, 0x47, 0x3F, 0x59, 0x25,
    0x8B, 0x87, 0xE0, 0xC6, 0xF1, 0x8F, 0x42, 0x08, 0xF3, 0xA8, 0xE1, 0xCF, 0xCE, 0x55, 0xAD, 0xB4,
    0x62, 0x7D, 0x7A, 0xE9, 0xEC, 0xCD, 0x68, 0xDD, 0xA8, 0xAA, 0xAA, 0xBD, 0xF8, 0xF8, 0xFD, 0x6F,
    0x3D, 0x8E, 0x16, 0x4D, 0xC1, 0x83, 0x68, 0x72, 0x88, 0x67, 0xF2, 0x64, 0x37, 0x61, 0xCD, 0xC7,
    0x77, 0x1C, 0x7F, 0x55, 0x5E, 0xB0, 0x21, 0xBB, 0x53, 0x0A, 0xEE, 0xC8, 0x77, 0x6C, 0x75, 0xD8,
    0x9A, 0x34, 0x72, 0x2C, 0xE6, 0xE3, 0x37, 0x49, 0x59, 0x1C, 0x6A, 0x49, 0x24, 0xDD, 0x62, 0x6F,
    0x66, 0x46, 0x9B, 0x4D, 0xAD, 0x89, 0x1F, 0x75, 0x53, 0x23, 0xA8, 0xC8, 0xB5, 0x07, 0xDE, 0x77,
    0x39, 0x21, 0x8C, 0x66, 0x15, 0x2A, 0x17, 0x8F, 0xAD, 0x0B, 0x1C, 0xC2, 0x8D, 0x1A, 0xC6, 0x19,
    0x1C, 0x13, 0xAB, 0x0A, 0x77, 0x08, 0xF8, 0x7C, 0x3E, 0x1A, 0x69, 0xA6, 0xC6, 0xDB, 0x6D, 0xA6,
    0x9A, 0x6F, 0x61, 0xB8, 0x66, 0xFB, 0xC7, 0x04, 0x10, 0xC4, 0x04, 0x44, 0x1D, 0x83, 0x21, 0xE3,
    0xA1, 0xB4, 0xB1, 0x0C, 0x6E, 0x22, 0xA4, 0xD1, 0xA3, 0x47, 0xA6, 0xA8, 0xB8, 0x58, 0xB1, 0x62,
    0x0D, 0x89, 0x44, 0xA2, 0x77, 0xB8, 0x90, 0x90, 0x90, 0x90, 0x90, 0x90, 0x24, 0x24, 0x24, 0x09,
    0x09, 0x01, 0xD5, 0xBB, 0xB2, 0xD0, 0x2A, 0x37, 0x33, 0x98, 0xA6, 0x66, 0x93, 0x21, 0xF3, 0x89,
    0xB8, 0x92, 0x47, 0x84, 0x24, 0xDE, 0x6F, 0x37, 0x9B, 0xC9, 0x27, 0xEC, 0xE9, 0x06, 0xF6, 0xF9,
    0x40, 0xE6, 0x32, 0x3D, 0xE5, 0x12, 0x8A, 0xF9, 0x9E, 0x38, 0xFC, 0xB3, 0x9C, 0x96, 0xA6, 0x35,
    0x32, 0xA9, 0x43, 0x48, 0x0E, 0xC9, 0xD8, 0x21, 0x86, 0x18, 0x5C, 0x49, 0x30, 0x62, 0xC3, 0x97,
    0x30, 0x8A, 0x59, 0x79, 0xB2, 0x0E, 0x89, 0x29, 0x29, 0x29, 0x29, 0x3D, 0x10, 0xF8, 0x1A, 0xC3,
    0x33, 0x03, 0x04, 0xAA, 0x40, 0xE3, 0xCA, 0xFA, 0x83, 0x22, 0x05, 0x01, 0xE8, 0xB6, 0xB0, 0x05,
    0xC7, 0x32, 0x4B, 0x77, 0xA1, 0x75, 0xEA, 0xC2, 0x16, 0x83, 0x93, 0xC0, 0x50, 0xBB, 0xEA, 0x32,
    0x64, 0x49, 0x08, 0xCC, 0xE4, 0xAF, 0x07, 0x83, 0xC1, 0xDB, 0x40, 0xF6, 0x84, 0x8F, 0x61, 0x76,
    0x36, 0xA5, 0x0E, 0x1B, 0xEA, 0x54, 0xBB, 0xF6, 0xD8, 0xDD, 0x12, 0xE0, 0x82, 0x9B, 0xCD, 0x12,
    0x49, 0x21, 0x4A, 0x52, 0x96, 0xDB, 0x6D, 0x92, 0x52, 0xDB, 0x23, 0x72, 0x96, 0xD7, 0x00, 0x69,
    0x44, 0xAA, 0x50, 0x84, 0x3C, 0x0B, 0x10, 0x70, 0x04, 0x76, 0xF1, 0x79, 0x47, 0x5E, 0x63, 0xDB,
    0xD1, 0xC1, 0x5E, 0xB3, 0x8A, 0x78, 0x22, 0xA7, 0x0A, 0x92, 0x62, 0xAA, 0xB9, 0x93, 0x1F, 0x16,
    0x64, 0x03, 0xF3, 0x48, 0x21, 0xB3, 0x26, 0x04, 0xAA, 0x9F, 0x8A, 0x0F, 0x59, 0x00, 0x71, 0x43,
    0xED, 0xE0, 0xC5, 0xBC, 0x08, 0x0F, 0xF7, 0x9E, 0x82, 0xB5, 0xE6, 0x2C, 0x3D, 0x3A, 0xD0, 0x02,
    0xBD, 0x85, 0xD4, 0x1A, 0x76, 0xF5, 0x25, 0xBD, 0x90, 0xCB, 0xF6, 0xC9, 0x80, 0x07, 0xEF, 0x07,
    0xEC, 0x41, 0x88, 0x1D, 0x7F, 0xBA, 0xA1, 0xF3, 0x9A, 0xFE, 0xD2, 0x49, 0x04, 0x40, 0x89, 0x08,
    0x52, 0xA0, 0xD0, 0xA3, 0x48, 0xD4, 0x4A, 0x1F, 0xB5, 0x50, 0x01, 0x41, 0x41, 0x41, 0x49, 0x42,
    0xE4, 0x02, 0x48, 0x90, 0x40, 0x10, 0x4A, 0x84, 0xB2, 0x8C, 0x24, 0x21, 0x04, 0xA2, 0x4B, 0x2B,
    0x7F, 0x30, 0x24, 0xBF, 0x3F, 0x8E, 0x00, 0x0B, 0xDC, 0x1C, 0xCC, 0x07, 0xF8, 0x18, 0x0F, 0x80,
    0xB7, 0x0C, 0x4F, 0x85, 0x4E, 0x03, 0xDD, 0xD4, 0x62, 0x44, 0xAE, 0xA2, 0xEF, 0xD4, 0x77, 0x6B,
    0x34, 0x66, 0xB7, 0xD2, 0xED, 0x36, 0x83, 0xFA, 0x08, 0x31, 0x9E, 0x20, 0x13, 0xF7, 0xC8, 0x75,
    0x8B, 0x31, 0x03, 0x68, 0x6C, 0xD4, 0x6E, 0x0B, 0x3F, 0x19, 0x16, 0xC4, 0x25, 0x3E, 0x05, 0x3F,
    0xA2, 0xEE, 0x06, 0x31, 0x30, 0xBD, 0x70, 0x8F, 0x9E, 0x46, 0xD8, 0x2B, 0xF1, 0x0C, 0xA8, 0x19,
    0xF3, 0xD4, 0x8F, 0x94, 0x35, 0x62, 0xAD, 0x7C, 0x0C, 0xF8, 0x2E, 0x87, 0xF4, 0xB2, 0x0C, 0x63,
    0x68, 0xEF, 0x18, 0x6E, 0x30, 0x82, 0x80, 0x10, 0x10, 0xFA, 0x60, 0x28, 0xD0, 0xBD, 0xFD, 0xC5,
    0x34, 0xCE, 0xD1, 0xF3, 0xBE, 0x9E, 0x94, 0x67, 0x7A, 0x22, 0xD8, 0x12, 0x10, 0x91, 0x36, 0xDC,
    0x08, 0xC2, 0x44, 0xDE, 0x38, 0xAA, 0x9D, 0x20, 0xD6, 0x73, 0x29, 0xB7, 0x50, 0xA2, 0x0B, 0xBE,
    0x73, 0x31, 0x21, 0xB5, 0xE4, 0xB9, 0x8D, 0x22, 0x0D, 0xD2, 0x1E, 0xFB, 0xB7, 0x24, 0x92, 0xFC,
    0x2D, 0xB8, 0x6F, 0xD4, 0x0D, 0xE3, 0x5B, 0x9A, 0x34, 0x66, 0xEA, 0x54, 0xE4, 0x2C, 0x2B, 0xFE,
    0x2C, 0xC7, 0x7F, 0xA6, 0x72, 0x06, 0xBF, 0xC4, 0x4E, 0xFE, 0xE3, 0x78, 0x47, 0x95, 0x22, 0x1C,
    0x59, 0x54, 0xC2, 0xC3, 0x92, 0xBF, 0x43, 0x52, 0xEE, 0xA6, 0xC1, 0x84, 0x6E, 0x0D, 0x6C, 0x17,
    0xC7, 0x85, 0x04, 0xD9, 0x08, 0x4C, 0x52, 0x26, 0xCD, 0xE9, 0xED, 0x36, 0xBC, 0xFB, 0x17, 0xED,
    0xF2, 0x16, 0x00, 0x21, 0x81, 0x06, 0x9A, 0x86, 0x14, 0x10, 0xF7, 0x88, 0x42, 0x47, 0xD5, 0x9D,
    0x84, 0x68, 0xE2, 0x49, 0x2D, 0xB6, 0xEB, 0x33, 0x30, 0xB6, 0xC0, 0xDF, 0x6E, 0x68, 0x0D, 0x37,
    0xD6, 0x9A, 0xFB, 0x27, 0x9C, 0x71, 0x00, 0xAB, 0x3E, 0xA7, 0x45, 0xC1, 0xB0, 0x9C, 0xFD, 0x18,
    0x3E, 0xD1, 0x44, 0xEB, 0xD7, 0xAE, 0x6F, 0xEE, 0x4C, 0x62, 0xF8, 0x5C, 0xA1, 0x07, 0x30, 0x29,
    0x92, 0x10, 0x7C, 0x57, 0x58, 0x7B, 0xA5, 0x33, 0x90, 0x85, 0x4F, 0xBE, 0x41, 0x4E, 0x26, 0xF0,
    0xEC, 0xBC, 0xB3, 0x94, 0x36, 0x40, 0xEE, 0xDC, 0x86, 0xC8, 0x63, 0x8D, 0xB3, 0xFA, 0x12, 0x99,
    0x99, 0x99, 0x99, 0xFE, 0x43, 0x5C, 0x26, 0x67, 0x3E, 0xB5, 0xC3, 0x1B, 0xA6, 0x24, 0x75, 0x48,
    0x7B, 0x7F, 0x6F, 0x63, 0x66, 0x03, 0x6C, 0x19, 0xE7, 0x35, 0xB3, 0x41, 0xF7, 0x30, 0x89, 0xB6,
    0xE3, 0x8E, 0xF9, 0x84, 0x24, 0x2C, 0x28, 0x72, 0x31, 0x0C, 0x6B, 0x80, 0x7D, 0x54, 0x71, 0x8D,
    0x6D, 0x58, 0xD0, 0x4A, 0xC8, 0x21, 0xC6, 0xA5, 0x1A, 0x09, 0x59, 0x12, 0x84, 0xA0, 0x22, 0x9B,
    0x65, 0x01, 0x34, 0xE8, 0xAA, 0x4D, 0x60, 0x40, 0xB8, 0x12, 0xDE, 0x60, 0xE3, 0xF8, 0x77, 0x73,
    0xDD, 0x6B, 0x21, 0x50, 0xD8, 0x84, 0x6C, 0x9B, 0x04, 0xDC, 0x03, 0xD5, 0x97, 0xDE, 0xFE, 0xEB,
    0x13, 0xF6, 0x55, 0xC1, 0x13, 0xEF, 0x01, 0x90, 0xB1, 0xCB, 0x15, 0x49, 0x0C, 0xAB, 0x48, 0xE9,
    0x61, 0x9B, 0xDD, 0x8B, 0xF6, 0x27, 0xCE, 0x19, 0xAB, 0x2E, 0x81, 0xD3, 0xB2, 0x0E, 0x33, 0xD1,
    0xB2, 0x9D, 0xD7, 0xDE, 0xB1, 0xFD, 0xEA, 0xBE, 0xDC, 0xCA, 0xAB, 0xA7, 0xFC, 0xCC, 0x76, 0x74,
    0x03, 0xA2, 0xE9, 0x16, 0x8B, 0xAC, 0x22, 0x77, 0xCC, 0x98, 0xC3, 0x40, 0x1C, 0x13, 0xB0, 0xE0,
    0xC2, 0x4E, 0xE3, 0x99, 0x0C, 0x23, 0xF4, 0x9C, 0x4E, 0x43, 0x03, 0x0C, 0x4A, 0xB3, 0x2D, 0x85,
    0x36, 0x50, 0xE8, 0xB4, 0x91, 0x41, 0x05, 0xB5, 0x82, 0x7C, 0x00, 0x68, 0x08, 0x08, 0x76, 0x27,
    0xC8, 0xDA, 0x82, 0xA8, 0x74, 0xBD, 0x2C, 0x7D, 0xF9, 0xEF, 0x93, 0xD2, 0x79, 0x09, 0x76, 0xF1,
    0x54, 0x24, 0x51, 0x42, 0x4F, 0x32, 0xE4, 0x92, 0x25, 0x4D, 0xB7, 0xE5, 0xDD, 0x10, 0x10, 0x9B,
    0xC8, 0x2F, 0xF4, 0x16, 0x17, 0x44, 0x92, 0xB5, 0x85, 0xCE, 0x03, 0x81, 0x13, 0x73, 0x5A, 0x42,
    0x3C, 0x5B, 0x91, 0xE7, 0x1E, 0x7D, 0x0B, 0x97, 0x94, 0x22, 0x95, 0x51, 0xC7, 0x21, 0x72, 0x34,
    0x1C, 0x28, 0xFC, 0x3F, 0x5A, 0x23, 0x73, 0x98, 0x58, 0x89, 0x93, 0x8D, 0xD0, 0x9B, 0x8E, 0x38,
    0x28, 0x66, 0xF1, 0xCA, 0x58, 0xE5, 0xE7, 0xCF, 0xC7, 0xAA, 0x81, 0x9D, 0x41, 0x46, 0x07, 0x3B,
    0x8D, 0xE7, 0x7E, 0x51, 0x65, 0x0A, 0x15, 0x94, 0x28, 0x56, 0x50, 0xA1, 0x0B, 0xD5, 0x64, 0xA5,
    0xDD, 0x24, 0x92, 0x49, 0x24, 0x92, 0x49, 0x2E, 0x70, 0x4C, 0xCC, 0xC9, 0x33, 0x33, 0x24, 0xCC,
    0x93, 0x31, 0xEE, 0x0C, 0x06, 0x03, 0x21, 0xD7, 0xF6, 0x92, 0x8E, 0x40, 0xDB, 0x7D, 0xDB, 0xB7,
    0x32, 0xFB, 0xC6, 0x8F, 0x76, 0x9F, 0x02, 0x1E, 0x30, 0xBD, 0x11, 0x7A, 0x30, 0xBD, 0xD8, 0x5B,
    0x61, 0xEF, 0x13, 0xFE, 0x36, 0x6A, 0x43, 0x7B, 0xBD, 0xC1, 0x3F, 0x9C, 0x9B, 0xA9, 0x5F, 0x42,
    0x07, 0x56, 0xFE, 0x6E, 0xE0, 0xE2, 0x49, 0x2F, 0x9F, 0xF4, 0x9C, 0x1F, 0x3F, 0x9F, 0x4E, 0x8E,
    0xEF, 0xC6, 0x96, 0xE1, 0xA6, 0x4D, 0xA6, 0x1B, 0xDA, 0x97, 0x41, 0x0A, 0x4F, 0x91, 0xDF, 0x86,
    0xDC, 0x1C, 0x71, 0x0B, 0x70, 0x77, 0x42, 0xF6, 0x1E, 0xCA, 0x00, 0x92, 0x11, 0x2D, 0xE2, 0x33,
    0xF9, 0xA0, 0x1A, 0x04, 0x58, 0xC1, 0xC3, 0x60, 0x1B, 0x82, 0x9D, 0x5C, 0xBB, 0xA4, 0x38, 0x84,
    0x8F, 0x30, 0x40, 0x76, 0x51, 0xF1, 0xCD, 0x0D, 0x4D, 0x71, 0x57, 0x0E, 0xCC, 0x41, 0x7B, 0xFE,
    0xEE, 0x63, 0xB6, 0x3F, 0x7E, 0xCF, 0xDE, 0x4D, 0x5F, 0xD4, 0x7A, 0xE7, 0xC4, 0x37, 0xDC, 0x2C,
    0xFE, 0x08, 0xC7, 0x65, 0x30, 0x2D, 0x9D, 0x8E, 0x69, 0x98, 0xE0, 0x01, 0xEC, 0x47, 0x61, 0x03,
    0xC8, 0x92, 0x42, 0x49, 0x36, 0xCB, 0x60, 0x62, 0xCF, 0x11, 0x69, 0xCD, 0xEA, 0x61, 0x28, 0x9A,
    0x8B, 0x06, 0x21, 0x5D, 0x2F, 0xF5, 0x31, 0xAB, 0x60, 0x69, 0xFD, 0xF8, 0x93, 0x64, 0x8B, 0xEB,
    0x4E, 0xC6, 0xAC, 0xFB, 0xA0, 0x6B, 0x69, 0x74, 0x0F, 0xD3, 0xBA, 0x4E, 0x15, 0x29, 0xA3, 0xA3,
    0xB3, 0x37, 0xD2, 0x83, 0x08, 0xA4, 0x07, 0xA4, 0xAF, 0x6A, 0xF0, 0xF0, 0x2D, 0xDE, 0xDD, 0xBC,
    0x9B, 0x26, 0xD0, 0x19, 0xBB, 0x88, 0x77, 0x63, 0x8F, 0x17, 0x61, 0x3C, 0x9E, 0x22, 0x4D, 0x5E,
    0xD9, 0x57, 0xA1, 0x0A, 0xF7, 0xA7, 0x01, 0xDE, 0x84, 0x8A, 0x14, 0xB5, 0x35, 0x23, 0x45, 0x13,
    0xDC, 0x1C, 0xA9, 0x8F, 0x64, 0x46, 0x6F, 0x58, 0x2C, 0xF4, 0x9B, 0xA3, 0xAC, 0xA0, 0x50, 0x41,
    0xCB, 0x1E, 0x61, 0x66, 0xA9, 0x09, 0xD5, 0xAE, 0x02, 0x45, 0x98, 0x5B, 0x97, 0x02, 0xD8, 0x29,
    0xF8, 0xF7, 0x0C, 0xF6, 0x17, 0x37, 0x2A, 0x3D, 0xC7, 0x6F, 0x61, 0xD3, 0x06, 0xA1, 0x65, 0x51,
    0xDF, 0xD1, 0x5A, 0x6C, 0x68, 0x36, 0x8B, 0x9D, 0xA6, 0xCE, 0x0E, 0x12, 0x82, 0x2E, 0xAA, 0x72,
    0xA2, 0x93, 0x9E, 0xA7, 0x33, 0xD2, 0x52, 0x0B, 0x19, 0x13, 0xF2, 0x2F, 0x51, 0xE0, 0xCE, 0x68,
    0x02, 0xDE, 0x5E, 0x3A, 0x01, 0x98, 0x4C, 0x2D, 0x52, 0x5D, 0x02, 0x18, 0x91, 0x08, 0x49, 0x90,
    0x37, 0x7A, 0x66, 0xF0, 0xB6, 0x57, 0x63, 0x43, 0x9C, 0xFB, 0x6C, 0x37, 0x25, 0x9A, 0x59, 0xDC,
    0x5D, 0x77, 0xB8, 0xA0, 0x44, 0x83, 0x1B, 0x5F, 0xC5, 0xA4, 0xD2, 0x8C, 0x93, 0xE8, 0xB5, 0x41,
    0xA4, 0xEE, 0xF5, 0xDC, 0xF6, 0xC7, 0x84, 0xC7, 0x98, 0xB5, 0x3B, 0xD1, 0xEC, 0x70, 0xA0, 0xA7,
    0x66, 0x62, 0x97, 0x59, 0x23, 0xCA, 0x6B, 0x4E, 0x73, 0xB7, 0x96, 0x59, 0xA4, 0x84, 0xC0, 0x97,
    0x07, 0x36, 0xE6, 0x7C, 0x88, 0x52, 0x1D, 0x9C, 0x95, 0x41, 0xA0, 0x3A, 0xBA, 0x5B, 0x92, 0x51,
    0x0C, 0x6F, 0xEA, 0xEA, 0xBD, 0x82, 0x04, 0x99, 0xD0, 0x92, 0x92, 0x51, 0xC9, 0xA3, 0xCB, 0x2C,
    0x5C, 0xBA, 0xDE, 0x86, 0xB4, 0x42, 0x09, 0x8C, 0x4C, 0x69, 0x65, 0xCD, 0x6B, 0x31, 0x47, 0x20,
    0xC3, 0xCB, 0x21, 0x87, 0x08, 0x19, 0x57, 0x7D, 0x08, 0x6D, 0x58, 0x29, 0xFA, 0x98, 0x83, 0xAB,
    0x37, 0x2A, 0x4C, 0x88, 0x2F, 0x3A, 0x63, 0xA0, 0xE7, 0x99, 0x5A, 0x98, 0x5C, 0x8C, 0x6E, 0x6E,
    0xEC, 0xCD, 0xC4, 0x3E, 0x9C, 0x6E, 0xBA, 0x9B, 0xCC, 0x02, 0x9C, 0x15, 0x14, 0x64, 0xFD, 0x1A,
    0x5D, 0x57, 0xA4, 0xFE, 0xDE, 0x15, 0x09, 0x1A, 0x99, 0x6B, 0x35, 0xB7, 0x0D, 0x89, 0xE0, 0x21,
    0x54, 0x30, 0x37, 0xEE, 0xF9, 0xAC, 0x57, 0x36, 0x3A, 0x5E, 0x6C, 0xF8, 0xB5, 0xB1, 0x4C, 0xAE,
    0x62, 0x73, 0x26, 0xF1, 0x8D, 0x7A, 0x35, 0xB0, 0x5C, 0xD3, 0x38, 0xEC, 0x6D, 0x33, 0x03, 0x4D,
    0x56, 0x6E, 0x4C, 0xDD, 0xCC, 0x4F, 0xBB, 0x2A, 0x54, 0x3C, 0x0A, 0xCA, 0xCE, 0x53, 0xE8, 0x25,
    0xE7, 0x2E, 0xA6, 0x2C, 0xB1, 0x9E, 0xB0, 0x68, 0xB4, 0x59, 0x59, 0xCF, 0x9E, 0xF8, 0x41, 0x95,
    0x82, 0x94, 0x7A, 0x84, 0x3E, 0x05, 0x8E, 0x26, 0x4D, 0xD9, 0xAD, 0x61, 0x86, 0x92, 0x2B, 0xB2,
    0x83, 0x2C, 0x18, 0x36, 0x8D, 0x11, 0xA8, 0x28, 0x09, 0xAA, 0x62, 0x89, 0xAA, 0x62, 0x89, 0xAA,
    0x62, 0x8A, 0x22, 0x2E, 0x57, 0xB3, 0xA7, 0x7F, 0x83, 0x6C, 0xE8, 0xE3, 0xAF, 0x1D, 0x8E, 0x62,
    0x67, 0x06, 0xDE, 0x32, 0x78, 0xEB, 0x3B, 0x51, 0xA2, 0x12, 0x4F, 0x71, 0xD7, 0x9E, 0xC4, 0xA6,
    0x38, 0xAE, 0xC0, 0x5C, 0x7D, 0xCF, 0xD5, 0xB6, 0xD0, 0xC8, 0x3A, 0x20, 0x1D, 0x9E, 0x82, 0x7A,
    0x07, 0xF9, 0x17, 0xFE, 0x0B, 0xE5, 0x5B, 0x5F, 0xC9, 0x11, 0x53, 0xAF, 0x61, 0x29, 0x5B, 0xFA,
    0x96, 0x91, 0x35, 0x08, 0x9F, 0xF6, 0xA5, 0xE9, 0xEF, 0xEB, 0xD4, 0x89, 0x8F, 0x63, 0x01, 0x07,
    0xAB, 0xFC, 0x5E, 0xF2, 0xC6, 0x30, 0x3A, 0xD7, 0xCC, 0x84, 0x26, 0xE6, 0x83, 0xD8, 0x86, 0x71,
    0x0B, 0xD7, 0xD9, 0x14, 0x23, 0x2F, 0xE4, 0x72, 0xB6, 0x02, 0xC1, 0x72, 0xD2, 0xB9, 0xFB, 0x2C,
    0x58, 0x9D, 0x8D, 0xCF, 0xF3, 0xBC, 0x79, 0xDD, 0x6D, 0x96, 0xD1, 0xDD, 0x76, 0x29, 0x11, 0xFE,
    0x0D, 0x58, 0x29, 0xF6, 0xCA, 0x27, 0x83, 0xEB, 0x4C, 0xBB, 0x16, 0x20, 0xCA, 0x42, 0xD4, 0xA8,
    0xEA, 0x32, 0x31, 0x9F, 0x28, 0xCD, 0x6E, 0xA2, 0xDE, 0x32, 0x3C, 0xB5, 0x84, 0xBE, 0x31, 0xC5,
    0x89, 0x9C, 0x79, 0xE1, 0x99, 0x9B, 0x5C, 0x91, 0x3C, 0x50, 0xDD, 0x67, 0x6D, 0xAE, 0x5E, 0x10,
    0xB4, 0xA5, 0x74, 0x13, 0x12, 0x20, 0x6E, 0xFE, 0x08, 0x10, 0x8D, 0xEE, 0x6F, 0x01, 0xF1, 0x3F,
    0x5B, 0xE7, 0x2E, 0x74, 0x0E, 0x98, 0x63, 0x4D, 0x96, 0xD9, 0xBC, 0x99, 0x1C, 0xD9, 0x14, 0x34,
    0xBB, 0x9D, 0xF1, 0xD7, 0x15, 0x15, 0xDD, 0x8D, 0x13, 0x04, 0x3C, 0x14, 0xF5, 0xF5, 0xEF, 0x4B,
    0x53, 0x8C, 0x3E, 0x92, 0xE9, 0x12, 0xCD, 0xB7, 0x96, 0x15, 0x91, 0x22, 0x1B, 0x2D, 0x97, 0xD5,
    0xF8, 0xE1, 0xED, 0x6A, 0x6F, 0x18, 0xD7, 0x42, 0x8D, 0xB0, 0x50, 0x5E, 0xB9, 0x63, 0x3D, 0xF0,
    0x07, 0x52, 0x6C, 0x19, 0xB2, 0xE1, 0x8C, 0x94, 0xD6, 0x74, 0xF4, 0x19, 0x16, 0x1E, 0x82, 0x69,
    0x0A, 0x81, 0x62, 0x0E, 0xE8, 0x47, 0x42, 0xE8, 0x46, 0x09, 0xD4, 0x07, 0x07, 0x05, 0x11, 0x30,
    0xB6, 0x90, 0xD6, 0x35, 0xF5, 0xD1, 0xC3, 0xD6, 0xE0, 0xA6, 0xCC, 0x34, 0xD3, 0xE8, 0xC1, 0xB8,
    0xA1, 0xE0, 0x21, 0x89, 0x54, 0xE3, 0xA1, 0x1F, 0xDC, 0xE2, 0xE0, 0x17, 0x26, 0x00, 0xAB, 0x5D,
    0xDE, 0x72, 0xA6, 0x4B, 0xC4, 0x13, 0x16, 0xB9, 0x0C, 0xF2, 0xA8, 0xA0, 0xEF, 0x33, 0x0A, 0x0C,
    0x3A, 0x54, 0x4D, 0xEA, 0xAA, 0x02, 0x80, 0x3D, 0x3A, 0xE7, 0xDA, 0xEC, 0xA9, 0x61, 0x83, 0x51,
    0x29, 0x0B, 0x87, 0xFE, 0x74, 0x77, 0x9B, 0x0E, 0xF5, 0xA6, 0xD5, 0xF6, 0x84, 0xF1, 0xE7, 0x77,
    0x7F, 0x76, 0x8B, 0x32, 0x6C, 0xAD, 0xCD, 0x84, 0xB0, 0xC7, 0x5B, 0xC2, 0xFB, 0x8C, 0x5E, 0x01,
    0x23, 0x83, 0xC0, 0xC9, 0xC6, 0x99, 0x51, 0x49, 0x20, 0xE5, 0x4C, 0x68, 0xEA, 0x59, 0x99, 0x19,
    0x6C, 0xB4, 0xE1, 0x24, 0xB2, 0x0E, 0xDC, 0x76, 0xFD, 0xCD, 0xEC, 0x1B, 0x19, 0x7B, 0xFA, 0x9D,
    0xDB, 0x6D, 0xE1, 0xC7, 0x1C, 0xBC, 0x83, 0x13, 0xB3, 0x0D, 0xB5, 0x27, 0xEE, 0x9E, 0x22, 0x42,
    0x0A, 0x81, 0xB8, 0xB2, 0xF4, 0x21, 0x84, 0x76, 0x7A, 0x7F, 0x78, 0x2D, 0xBA, 0x46, 0x5F, 0xA0,
    0x70, 0x45, 0x72, 0x94, 0xBD, 0xFF, 0x1F, 0x0C, 0xB8, 0x7F, 0x9F, 0x28, 0x0A, 0x04, 0x53, 0xB3,
    0x36, 0x0E, 0x7C, 0xD7, 0x64, 0x63, 0x7F, 0x9F, 0x00, 0x1D, 0x1D, 0x5C, 0xB0, 0xED, 0xD6, 0x63,
    0x96, 0xA8, 0xD3, 0xD2, 0x6C, 0xAE, 0xDA, 0x29, 0x76, 0xCF, 0xCC, 0xC2, 0xD4, 0x3C, 0xE7, 0xE5,
    0x4E, 0x55, 0xBE, 0x38, 0x83, 0xC9, 0xF8, 0xAD, 0x6B, 0x1D, 0x9E, 0xFE, 0x27, 0xD0, 0x8E, 0xD0,
    0x39, 0x1A, 0x5C, 0x65, 0xB5, 0x09, 0xE0, 0x3E, 0xAB, 0x74, 0xED, 0x97, 0x50, 0x0C, 0x5F, 0x7D,
    0x61, 0x6F, 0xD6, 0x7E, 0xB2, 0x77, 0xE1, 0x87, 0xEF, 0xE7, 0xC3, 0x01, 0x16, 0x68, 0x8E, 0xEC,
    0xF5, 0xD5, 0xA0, 0xDA, 0x2E, 0xF2, 0x96, 0xBA, 0x09, 0xA1, 0xC6, 0xBD, 0x7E, 0xB2, 0x26, 0xDF,
    0x4A, 0xD9, 0x5B, 0x54, 0x3B, 0x35, 0x79, 0x67, 0x4F, 0x9C, 0x48, 0xC6, 0xD5, 0x01, 0x32, 0x65,
    0x93, 0x76, 0xD4, 0x79, 0xFC, 0x3E, 0x3D, 0x6A, 0x3E, 0x68, 0xB7, 0x42, 0xEF, 0x80, 0xD7, 0x31,
    0xF0, 0xFC, 0x53, 0xC6, 0xD7, 0x8B, 0x59, 0xDF, 0x99, 0xF1, 0x5D, 0xC5, 0x9E, 0xB2, 0xE4, 0x72,
    0x5E, 0x5B, 0x96, 0xEE, 0xD9, 0xC5, 0xEC, 0xDF, 0xEC, 0xBB, 0xBE, 0xA4, 0xC2, 0x2C, 0x14, 0xEA,
    0x47, 0x30, 0x92, 0x86, 0xF6, 0x39, 0x33, 0x25, 0x89, 0xCD, 0xD7, 0xB6, 0x86, 0x26, 0xF3, 0x68,
    0xC2, 0x26, 0xAF, 0x0F, 0x0E, 0x70, 0x8C, 0xAA, 0x49, 0x24, 0x55, 0xD5, 0x47, 0x82, 0xAC, 0xA7,
    0x6A, 0x13, 0x3C, 0x8F, 0x1D, 0xF1, 0x33, 0x81, 0x17, 0x6B, 0x39, 0x4C, 0x96, 0x55, 0x8B, 0x33,
    0x48, 0x1C, 0xAF, 0x6F, 0x7B, 0x35, 0x5A, 0xD8, 0x39, 0x51, 0xB5, 0x1E, 0x4A, 0xB1, 0xAF, 0x7D,
    0x44, 0xAC, 0xD8, 0xD8, 0xC7, 0x0A, 0x70, 0xB2, 0xCC, 0xEA, 0xC2, 0x73, 0xA7, 0x12, 0xDA, 0x64,
    0x7E, 0x45, 0xF2, 0x5F, 0xB0, 0x2A, 0x4F, 0x50, 0x5A, 0xE2, 0x2D, 0x4C, 0x40, 0x67, 0x66, 0x12,
    0x0D, 0x38, 0xC8, 0x8E, 0xC5, 0x63, 0xC2, 0x77, 0x2D, 0x1D, 0xCD, 0x2A, 0xAA, 0x3C, 0xBC, 0xDA,
    0xEB, 0x58, 0x91, 0xCD, 0x22, 0xDB, 0x9F, 0x99, 0xA0, 0x4E, 0x74, 0xDB, 0xA8, 0xA7, 0x81, 0xD9,
    0x48, 0x14, 0x51, 0x45, 0x32, 0x45, 0x05, 0x8B, 0xA1, 0xF7, 0xD4, 0x72, 0x3C, 0xF9, 0x28, 0x20,
    0xCE, 0xDB, 0xEE, 0x28, 0x89, 0xE8, 0x16, 0x01, 0xB9, 0x81, 0xF4, 0x6F, 0xC8, 0xF5, 0x7F, 0x6B,
    0x0C, 0x1B, 0x1B, 0xAD, 0x6F, 0x02, 0x10, 0x87, 0x20, 0x44, 0xEE, 0xDB, 0x84, 0x96, 0x15, 0x5A,
    0x10, 0xE4, 0x10, 0x44, 0x25, 0x02, 0x1C, 0x82, 0xB7, 0x9F, 0xA4, 0xDF, 0x0D, 0xEB, 0x7F, 0x9A,
    0xCF, 0xEC, 0x1B, 0x3A, 0x73, 0x91, 0x63, 0xD1, 0xBD, 0xFD, 0xCD, 0x60, 0x04, 0x76, 0x45, 0x73,
    0x34, 0x44, 0xD9, 0x92, 0x06, 0xD2, 0xD4, 0xCE, 0x18, 0x70, 0xD1, 0xDB, 0x69, 0x0B, 0x7C, 0x2C,
    0x1D, 0x41, 0x03, 0x90, 0xDC, 0xF6, 0x36, 0xB8, 0x46, 0x0C, 0x45, 0xE3, 0x8E, 0x54, 0xA2, 0x20,
    0x8D, 0xA5, 0xF8, 0xE3, 0x1A, 0x6F, 0x71, 0xB8, 0xBE, 0xEF, 0x2D, 0xB4, 0xA3, 0xE2, 0x1C, 0xCC,
    0x1B, 0xC0, 0x6E, 0xC0, 0x0E, 0xE9, 0x4E, 0xAB, 0xAA, 0xDD, 0xEA, 0xE6, 0x58, 0x70, 0x85, 0x7A,
    0x67, 0xED, 0x1E, 0xDD, 0xA5, 0x47, 0x71, 0xBD, 0xD0, 0x48, 0xE7, 0x67, 0x5D, 0x9A, 0xAE, 0x37,
    0x0B, 0x89, 0x37, 0x16, 0x8D, 0xAD, 0x5B, 0x8D, 0xF6, 0x19, 0xF9, 0x10, 0xF8, 0x24, 0x50, 0x22,
    0x48, 0xA2, 0x62, 0x88, 0x92, 0x94, 0x82, 0x12, 0x80, 0x81, 0x52, 0x80, 0x69, 0x14, 0x0A, 0x05,
    0x0A, 0x26, 0x16, 0x22, 0x21, 0x06, 0x41, 0x7E, 0xCF, 0xB3, 0xEC, 0x95, 0xEF, 0xBF, 0x43, 0xF5,
    0xA8, 0x19, 0xC5, 0x22, 0x23, 0x12, 0x0C, 0x10, 0x8C, 0x22, 0x64, 0x66, 0x21, 0xA8, 0xA6, 0x9A,
    0x49, 0x8A, 0x1A, 0xFD, 0x6C, 0x32, 0x22, 0x92, 0x69, 0x98, 0xA9, 0x48, 0xAA, 0x88, 0x20, 0xA0,
    0xC9, 0xC2, 0xAA, 0x98, 0x1A, 0x52, 0x92, 0x48, 0xFB, 0x06, 0x64, 0xCE, 0xB0, 0xC8, 0x4A, 0x8B,
    0x58, 0x19, 0x68, 0xCC, 0xC6, 0x0C, 0xA8, 0x92, 0x1D, 0x42, 0x19, 0x54, 0x64, 0x64, 0xD0, 0x11,
    0x2B, 0x10, 0xC1, 0x45, 0x30, 0x35, 0x14, 0xD4, 0x24, 0x53, 0x20, 0x44, 0xE1, 0x26, 0x59, 0x19,
    0x01, 0x99, 0x84, 0x43, 0x10, 0xD2, 0x4C, 0x94, 0xA1, 0x1F, 0x95, 0x0F, 0x7B, 0xCC, 0x7C, 0x5F,
    0x17, 0xBF, 0xC3, 0xC7, 0xFE, 0x9E, 0x7E, 0x27, 0x93, 0xCB, 0x4F, 0x2A, 0x16, 0xD5, 0xD6, 0xBD,
    0xE2, 0x8C, 0x8D, 0xF7, 0x90, 0x50, 0x28, 0xBD, 0x9A, 0x3E, 0xAD, 0x69, 0x7F, 0x45, 0xF4, 0x78,
    0x99, 0x73, 0xD5, 0x55, 0x98, 0x2A, 0x0C, 0x7B, 0x9F, 0xB4, 0xD6, 0xFC, 0xCC, 0x99, 0x1E, 0x02,
    0x3C, 0x23, 0xE3, 0x30, 0xA6, 0xCA, 0x8E, 0xE9, 0xE2, 0xDA, 0xE5, 0xEF, 0x03, 0xCC, 0x46, 0xF0,
    0xA5, 0x2C, 0x4A, 0x11, 0x91, 0x87, 0x5A, 0x81, 0x74, 0xF5, 0x70, 0x88, 0xBC, 0x92, 0x83, 0x89,
    0x5A, 0x90, 0xC1, 0xA5, 0x7E, 0x62, 0x35, 0x08, 0x61, 0x02, 0x34, 0xB4, 0xDE, 0x44, 0x89, 0x8C,
    0x05, 0x60, 0x87, 0xBA, 0xC0, 0x2C, 0x7C, 0x1E, 0x8A, 0x72, 0x46, 0x46, 0x32, 0xCB, 0xA0, 0xF6,
    0xAC, 0x77, 0x22, 0xE8, 0x94, 0x95, 0x24, 0x2A, 0x10, 0xD1, 0x43, 0xB9, 0x67, 0xBA, 0x59, 0xE6,
    0x74, 0x1F, 0x1F, 0xCC, 0x63, 0x7D, 0x7D, 0xD2, 0x76, 0x87, 0xDD, 0xDC, 0x58, 0x10, 0x72, 0xD4,
    0xE2, 0xAE, 0x30, 0xF2, 0xDD, 0x07, 0xEB, 0xF7, 0x7F, 0x73, 0xD0, 0x38, 0x64, 0x43, 0xF8, 0x8F,
    0x71, 0x08, 0x62, 0xCE, 0x5D, 0x6F, 0x77, 0xBF, 0x27, 0x43, 0xB3, 0x3F, 0x09, 0x3A, 0x77, 0x9E,
    0x1A, 0xE2, 0x09, 0xD3, 0x60, 0x0D, 0x07, 0xD5, 0x13, 0xCE, 0x08, 0x95, 0x0C, 0x8C, 0x44, 0x48,
    0xBD, 0x8F, 0xE2, 0x4D, 0x47, 0x4E, 0x45, 0x1D, 0x24, 0x07, 0xFD, 0x02, 0x40, 0x4C, 0x9C, 0x8C,
    0x4B, 0x1C, 0xD4, 0x8F, 0xF3, 0xA7, 0xEF, 0x4F, 0xB5, 0xFC, 0x1F, 0x8F, 0x8D, 0xD7, 0x71, 0x3B,
    0x5B, 0x6D, 0x09, 0xDB, 0x34, 0xF4, 0xC8, 0xE4, 0x6E, 0xBE, 0x09, 0xF5, 0x70, 0x60, 0x84, 0x9B,
    0x6A, 0xD0, 0xF3, 0x7B, 0xF2, 0x87, 0x94, 0xC3, 0x90, 0xBA, 0x92, 0xB4, 0x89, 0x3A, 0x52, 0x8A,
    0x08, 0xDB, 0x04, 0xF6, 0xD0, 0xE2, 0x54, 0x32, 0x03, 0x30, 0xB0, 0x1F, 0x93, 0x22, 0x54, 0xE9,
    0x38, 0xED, 0xEA, 0x3E, 0x9F, 0x07, 0x08, 0xC5, 0x76, 0xD9, 0xEA, 0xC1, 0x36, 0xBB, 0xB7, 0x12,
    0x02, 0x42, 0x20, 0x7E, 0x08, 0xAB, 0xD8, 0x89, 0xFD, 0xF8, 0xC8, 0x05, 0x1D, 0x47, 0x25, 0xF0,
    0x17, 0xD3, 0x94, 0xFB, 0xFE, 0x14, 0x5A, 0x5A, 0xD0, 0x6B, 0x00, 0x90, 0x24, 0xDC, 0x26, 0x86,
    0x4E, 0x54, 0xD5, 0x41, 0xE6, 0x16, 0x13, 0x42, 0x02, 0x1E, 0x36, 0xD8, 0x68, 0x34, 0x49, 0xB4,
    0xE0, 0x1A, 0xD1, 0x19, 0x28, 0xFF, 0x8B, 0x63, 0x15, 0xA2, 0x22, 0x85, 0x91, 0x06, 0xA0, 0x3F,
    0xD7, 0x88, 0xD9, 0x11, 0xC1, 0x13, 0xC7, 0x97, 0x98, 0xE1, 0x32, 0x43, 0x9F, 0x79, 0xF1, 0x63,
    0xE8, 0xEC, 0x68, 0xBF, 0xD1, 0xDD, 0xF7, 0xD7, 0x12, 0x14, 0x24, 0x92, 0x64, 0x06, 0x93, 0xB5,
    0x09, 0xA6, 0x1D, 0xD8, 0x56, 0x9D, 0xC9, 0x04, 0x32, 0x9F, 0x22, 0x99, 0x65, 0x73, 0x63, 0x4A,
    0x1E, 0x7C, 0x14, 0x34, 0xCF, 0x49, 0x78, 0x62, 0x5C, 0x86, 0xBD, 0x16, 0x37, 0xA3, 0xAE, 0x70,
    0x4A, 0xEC, 0x46, 0x7D, 0x37, 0x69, 0xAE, 0x6F, 0x07, 0x55, 0xB8, 0x1E, 0xD0, 0xC9, 0x72, 0xCE,
    0xEF, 0x2F, 0x11, 0x10, 0xE9, 0xBB, 0xF4, 0x3A, 0x04, 0x81, 0xDF, 0xBE, 0x1B, 0x4B, 0x2C, 0x28,
    0xC6, 0xE0, 0x1B, 0x0E, 0x4F, 0x22, 0x7D, 0xB2, 0xF2, 0x64, 0x3E, 0x5C, 0x43, 0x23, 0x0A, 0x23,
    0x9B, 0xCB, 0xCD, 0x97, 0x66, 0xB4, 0xEB, 0x0C, 0x94, 0x55, 0x50, 0x4F, 0x39, 0x02, 0x1C, 0x53,
    0xD0, 0x8B, 0x0A, 0x3B, 0xEC, 0x6B, 0xC2, 0xF7, 0x5F, 0xC8, 0x89, 0x41, 0xFB, 0x4C, 0x42, 0xB2,
    0xA3, 0x90, 0x80, 0x7C, 0xA1, 0x41, 0xC8, 0xBF, 0x8C, 0x09, 0xDC, 0xF1, 0x3C, 0xFB, 0x79, 0x2D,
    0x09, 0xA3, 0x3C, 0xEB, 0x15, 0x92, 0x49, 0x1C, 0x5E, 0x46, 0x1E, 0x55, 0x22, 0x8C, 0x30, 0x91,
    0xFD, 0x7D, 0xD7, 0x77, 0x48, 0x85, 0xD0, 0x8F, 0x80, 0xF2, 0x48, 0x86, 0x85, 0xD0, 0xBA, 0x24,
    0x9D, 0x8F, 0x5F, 0x6B, 0x2F, 0xCA, 0x9F, 0x9E, 0x8A, 0x1E, 0xC7, 0x82, 0x84, 0xFA, 0xF2, 0xAB,
    0x87, 0x60, 0x5D, 0x07, 0x5C, 0x23, 0x3C, 0xF0, 0xEA, 0x3D, 0xB4, 0x1E, 0x32, 0x72, 0x6E, 0x80,
    0xC2, 0x84, 0xB8, 0x90, 0x8E, 0x73, 0x3D, 0x51, 0xC2, 0x07, 0x9A, 0x06, 0x08, 0x55, 0x40, 0xA3,
    0x0E, 0xF9, 0xB0, 0xB1, 0xA7, 0xD2, 0x6D, 0x52, 0xE3, 0x80, 0xF8, 0x76, 0xF7, 0x6E, 0xF5, 0x2D,
    0xE2, 0xBE, 0x85, 0xD0, 0x5D, 0x5E, 0x83, 0x09, 0x1B, 0x2A, 0xAA, 0x22, 0xD0, 0x02, 0x75, 0x40,
    0x72, 0x61, 0x3E, 0x8F, 0x30, 0x59, 0xC3, 0x1A, 0x92, 0x0A, 0x9C, 0xFF, 0x67, 0xAF, 0xA3, 0x1A,
    0xA7, 0x54, 0xF9, 0xA7, 0x18, 0x32, 0x3C, 0xF0, 0x7A, 0xEF, 0x06, 0x11, 0xF3, 0xF0, 0x69, 0xC1,
    0x4E, 0xEF, 0x91, 0xF7, 0x66, 0xAA, 0xA8, 0xA0, 0xED, 0x81, 0x83, 0x6C, 0x3E, 0xA1, 0xAD, 0x13,
    0xCF, 0xC3, 0x75, 0xFB, 0x7C, 0x7A, 0x61, 0xC8, 0xE4, 0xCA, 0x8A, 0x90, 0x91, 0xA9, 0x03, 0x11,
    0xB1, 0xB6, 0x94, 0x2C, 0x82, 0x61, 0x38, 0xB8, 0x1E, 0x11, 0x52, 0x31, 0x22, 0x21, 0x51, 0x28,
    0x76, 0x6B, 0x62, 0xFF, 0xAF, 0xD9, 0xF4, 0x2F, 0x17, 0x74, 0xB2, 0x03, 0x8B, 0x0D, 0xCB, 0x5F,
    0x6D, 0x61, 0xF3, 0xF3, 0x48, 0x5E, 0xA8, 0xA3, 0xF2, 0x51, 0x44, 0x91, 0x2E, 0x1A, 0xE8, 0xB6,
    0x8D, 0x6F, 0x9F, 0x56, 0x1B, 0x75, 0xD4, 0xB5, 0x3A, 0xC0, 0xA2, 0x59, 0x0C, 0x74, 0xDA, 0xD4,
    0xDA, 0x6D, 0x17, 0x46, 0xE4, 0x28, 0xBD, 0xA9, 0x37, 0x8A, 0x0E, 0xD2, 0x70, 0x82, 0x58, 0x60,
    0x2A, 0x06, 0x24, 0x0C, 0x93, 0x38, 0xB6, 0x6A, 0x1C, 0x7D, 0xB6, 0xB1, 0x50, 0x03, 0x2E, 0x58,
    0x34, 0x34, 0x42, 0x2D, 0x35, 0xB0, 0xC7, 0xA6, 0x33, 0x7B, 0x46, 0xCD, 0xAE, 0xA3, 0x03, 0xA5,
    0xAC, 0x33, 0xE0, 0x88, 0xD2, 0x61, 0x47, 0xCF, 0x76, 0xFA, 0x76, 0x6F, 0x9E, 0x1D, 0xC4, 0x19,
    0xBD, 0x35, 0x32, 0x08, 0xD4, 0x64, 0x46, 0x00, 0x7B, 0x1F, 0x16, 0xF5, 0xCA, 0x78, 0x49, 0x9D,
    0x29, 0x6C, 0x75, 0x82, 0x60, 0x6B, 0xE3, 0x0F, 0x0B, 0xC1, 0xE4, 0xCC, 0xC8, 0x22, 0x37, 0x47,
    0xB1, 0x39, 0x86, 0x18, 0xD1, 0x6A, 0xBA, 0x69, 0xE0, 0xB8, 0x8B, 0xCA, 0x59, 0x69, 0x63, 0x2E,
    0xCC, 0xAD, 0x2A, 0x45, 0x8F, 0xA7, 0x19, 0x55, 0xE1, 0xCB, 0xCF, 0xF9, 0xF1, 0x93, 0x33, 0xB7,
    0xD9, 0xDD, 0xF0, 0x24, 0x16, 0x11, 0x7F, 0x31, 0xF2, 0xBD, 0x84, 0x77, 0xEA, 0x76, 0x34, 0xB6,
    0x12, 0x23, 0xC0, 0x4B, 0x08, 0xDD, 0x11, 0x73, 0xDD, 0xB3, 0xB7, 0xE3, 0x4C, 0xC8, 0xCE, 0x08,
    0x87, 0x53, 0x5A, 0xD5, 0x80, 0xCE, 0xC3, 0x8C, 0x0C, 0xDC, 0x50, 0xD2, 0x0E, 0xD7, 0x74, 0x20,
    0x76, 0x1E, 0xB0, 0x3D, 0x45, 0x1A, 0x79, 0xEB, 0xA8, 0x88, 0x54, 0x54, 0xC3, 0xCF, 0x7E, 0x67,
    0x9E, 0x49, 0x0A, 0x5B, 0x47, 0x2D, 0x1C, 0xB4, 0x96, 0xD7, 0x6D, 0x09, 0x2D, 0xF0, 0xF0, 0x43,
    0x17, 0x0A, 0x77, 0x48, 0xD2, 0xF0, 0xE8, 0x13, 0x6A, 0x16, 0xCD, 0x1E, 0x9A, 0x2F, 0x84, 0x93,
    0xB7, 0xCB, 0x8E, 0x6E, 0x7F, 0x81, 0xCD, 0xC6, 0x77, 0x0B, 0xA0, 0x8E, 0x70, 0xB2, 0x15, 0x0A,
    0x65, 0xE4, 0x41, 0xB8, 0x90, 0x59, 0x9E, 0x2A, 0xBA, 0xC9, 0x3C, 0x1F, 0x87, 0xDD, 0xF2, 0xEA,
    0xAA, 0xDF, 0xAF, 0xBB, 0xA5, 0x7B, 0xAD, 0xB8, 0x1C, 0x48, 0x7D, 0xD6, 0x4B, 0xA8, 0x5F, 0x88,
    0x84, 0xD4, 0xAA, 0x60, 0x55, 0x4C, 0x54, 0xD2, 0xC7, 0x88, 0x48, 0xDB, 0x02, 0xB0, 0xC1, 0x8D,
    0x1B, 0xC6, 0x6E, 0x4A, 0x2A, 0xCE, 0xC2, 0x86, 0x56, 0xA8, 0xF5, 0x9C, 0x6A, 0x81, 0x5C, 0x68,
    0x02, 0xC7, 0x96, 0x67, 0xD0, 0xD7, 0xA0, 0xB7, 0x89, 0xE6, 0x24, 0xCD, 0x34, 0x24, 0x93, 0xAF,
    0xD0, 0x32, 0x15, 0xF4, 0xB9, 0x65, 0xA5, 0x41, 0x31, 0xD7, 0x0C, 0xBD, 0xE6, 0x5F, 0x27, 0xA1,
    0x84, 0x0E, 0xAD, 0x0C, 0x13, 0x59, 0x0D, 0x84, 0x62, 0x1A, 0xE1, 0xAD, 0xBF, 0xB5, 0xE5, 0xBF,
    0x13, 0x7F, 0xA6, 0x1C, 0xAA, 0x45, 0x96, 0xAF, 0xA0, 0xAC, 0xFA, 0x03, 0x84, 0x92, 0x26, 0xC2,
    0x19, 0x85, 0x1C, 0xFE, 0x8C, 0x89, 0x0C, 0x21, 0x92, 0xBA, 0xC7, 0xFC, 0x3A, 0xA0, 0x43, 0x10,
    0x71, 0xE0, 0xC8, 0x33, 0x61, 0x6F, 0x60, 0xE5, 0x78, 0x71, 0x43, 0x28, 0x30, 0x78, 0x93, 0x44,
    0x7A, 0x8D, 0x4C, 0xC8, 0xDF, 0x33, 0xD5, 0xCF, 0x9F, 0x46, 0xBB, 0x3E, 0x0D, 0xBD, 0x11, 0x6F,
    0xEB, 0xE3, 0xB2, 0x9A, 0x86, 0x20, 0x22, 0x21, 0xA9, 0x2A, 0x52, 0x3C, 0x43, 0x49, 0x10, 0xA0,
    0x36, 0x0D, 0xB3, 0xCB, 0xDE, 0xBD, 0xEE, 0xE9, 0x59, 0xDF, 0x43, 0x18, 0x33, 0x94, 0xE4, 0x83,
    0x07, 0xC5, 0x57, 0xC9, 0xE6, 0xB6, 0xC7, 0x93, 0x36, 0x73, 0xCD, 0x29, 0x98, 0x98, 0xDE, 0xAF,
    0x45, 0x02, 0x35, 0x07, 0x68, 0x05, 0xC0, 0x47, 0x14, 0x92, 0x68, 0x21, 0xA5, 0x8E, 0xAC, 0x98,
    0x30, 0x84, 0xE1, 0x9C, 0x24, 0xD2, 0x9E, 0xBF, 0x56, 0xDF, 0x9C, 0x11, 0x11, 0x23, 0x61, 0x59,
    0x1A, 0x93, 0x61, 0xD9, 0x43, 0x30, 0x7C, 0xD9, 0xE2, 0xAB, 0xA7, 0x6F, 0x68, 0x6C, 0x3D, 0x79,
    0x2E, 0xDF, 0x2C, 0x47, 0x56, 0xE4, 0xF0, 0x4D, 0x5A, 0xEF, 0x64, 0x35, 0xC7, 0x39, 0xAC, 0x2F,
    0xDB, 0x76, 0xBF, 0x0F, 0x65, 0xE4, 0x1B, 0xD6, 0x00, 0x42, 0x25, 0x45, 0x3A, 0xAB, 0x20, 0x39,
    0xEC, 0x4B, 0x98, 0x11, 0x27, 0x10, 0x23, 0xDC, 0xA5, 0xD1, 0x2D, 0xCC, 0xC3, 0x33, 0x3A, 0x59,
    0x95, 0x8B, 0x91, 0x11, 0x0A, 0xB3, 0x4B, 0xC6, 0xF1, 0xDB, 0xC7, 0xCB, 0x7D, 0xF6, 0x3D, 0x92,
    0x98, 0x15, 0x13, 0xA3, 0x1C, 0x8D, 0x06, 0x36, 0x0B, 0xF5, 0xF5, 0xCA, 0xAB, 0xED, 0xBD, 0xF2,
    0x13, 0xA0, 0x43, 0x69, 0x83, 0x66, 0xB3, 0x8E, 0xCB, 0xD3, 0x07, 0xA7, 0xB9, 0xE9, 0x16, 0xBB,
    0xB4, 0x3F, 0x90, 0xC3, 0xEC, 0x4F, 0xEC, 0x74, 0x9B, 0x5D, 0xC6, 0x1C, 0xEC, 0x91, 0xE5, 0xE0,
    0xC7, 0xBB, 0xA6, 0x39, 0x94, 0xBF, 0xD0, 0x57, 0xD5, 0x60, 0x5F, 0x27, 0xA1, 0x9F, 0x27, 0x50,
    0x5A, 0x83, 0x1A, 0xE2, 0xB9, 0xAA, 0x32, 0x32, 0xE5, 0x5C, 0xCE, 0x84, 0xF1, 0x64, 0x52, 0x43,
    0x0C, 0x2B, 0x9F, 0xB8, 0x7D, 0x07, 0x72, 0x36, 0x8D, 0xC1, 0x8E, 0x00, 0xB8, 0x0E, 0x28, 0x13,
    0x41, 0xEC, 0x0F, 0x10, 0x60, 0xF9, 0x06, 0x75, 0x8D, 0x8E, 0x17, 0xEA, 0x97, 0x48, 0xD2, 0x19,
    0x22, 0x63, 0x04, 0x13, 0x4F, 0x6D, 0xF3, 0x76, 0x81, 0x36, 0x91, 0x88, 0x00, 0x29, 0x22, 0x67,
    0xEA, 0xE0, 0x99, 0x3E, 0xFD, 0xB4, 0x8E, 0x57, 0x05, 0xCD, 0xE0, 0x6F, 0x26, 0x7E, 0xC5, 0xFD,
    0x46, 0x8B, 0xF4, 0x89, 0xF6, 0x32, 0xD7, 0x55, 0xA0, 0xE2, 0x8A, 0x3E, 0x92, 0x68, 0x4A, 0x9D,
    0x59, 0x82, 0xF9, 0x0C, 0xA9, 0x37, 0xD6, 0x78, 0x27, 0x91, 0xA2, 0x8A, 0x28, 0xAA, 0x7E, 0x08,
    0x50, 0x3C, 0x82, 0x54, 0xF0, 0x0D, 0xF1, 0x79, 0x10, 0xF9, 0x06, 0xE2, 0x66, 0xAE, 0xAE, 0xFD,
    0x70, 0xF0, 0xDD, 0x34, 0x24, 0x01, 0x51, 0x03, 0x53, 0xBB, 0x02, 0x48, 0x43, 0x76, 0x89, 0x1E,
    0x83, 0x9B, 0x4B, 0x04, 0xD4, 0x49, 0x84, 0xC2, 0x69, 0xE8, 0x15, 0xBC, 0xC5, 0xEA, 0x98, 0x99,
    0x68, 0xB3, 0x4D, 0x7A, 0x7A, 0xB2, 0x60, 0xF6, 0xCC, 0xAC, 0x6F, 0x18, 0xE1, 0x55, 0x1C, 0x14,
    0x00, 0x84, 0xCE, 0x26, 0x12, 0x60, 0x33, 0x2D, 0x78, 0x41, 0x74, 0x7D, 0xA6, 0xD8, 0x69, 0xF8,
    0x71, 0x68, 0xE9, 0xEC, 0xC5, 0xB2, 0x6B, 0xB8, 0xC3, 0xBB, 0x1D, 0xDC, 0xD8, 0x3C, 0xED, 0x81,
    0x06, 0x84, 0x6C, 0xC5, 0x74, 0xFD, 0xDF, 0x69, 0x8E, 0x72, 0x65, 0xAE, 0x8D, 0x45, 0x8B, 0x16,
    0xC0, 0x0B, 0x40, 0xC5, 0x0A, 0xF4, 0x6F, 0x59, 0xA2, 0x11, 0x61, 0x09, 0x25, 0x20, 0x3D, 0x01,
    0x86, 0x1A, 0xE9, 0x80, 0x10, 0x7D, 0x2E, 0xC0, 0x37, 0x5D, 0xE7, 0x7E, 0x7A, 0xAE, 0xE2, 0x86,
    0x78, 0x0C, 0xF5, 0x52, 0x7C, 0xF0, 0x6E, 0x4E, 0x8D, 0x2F, 0xBF, 0xE0, 0xBF, 0x8E, 0x3D, 0x2B,
    0x15, 0x84, 0x17, 0x55, 0xF9, 0x7A, 0xBC, 0x5B, 0x38, 0x65, 0x9F, 0x0D, 0x56, 0x04, 0x10, 0x30,
    0x98, 0x6B, 0x61, 0x41, 0x9F, 0xA9, 0x72, 0x45, 0x14, 0xA7, 0xA3, 0xBC, 0x7D, 0x3F, 0x0E, 0xE3,
    0x30, 0x66, 0x3F, 0x6B, 0xE4, 0xF8, 0x2F, 0xD2, 0xD1, 0x52, 0xBF, 0xD0, 0xC8, 0xFD, 0x13, 0x74,
    0xAE, 0xFF, 0x0F, 0x02, 0x33, 0x2E, 0xBB, 0xC7, 0x56, 0x61, 0x9D, 0xFA, 0xEF, 0xBB, 0xDD, 0xB3,
    0x8C, 0x71, 0xB3, 0x89, 0x16, 0xF0, 0x68, 0xC9, 0xA8, 0x82, 0x9D, 0x05, 0x47, 0x86, 0x8E, 0xCB,
    0xB4, 0x0F, 0x73, 0xFF, 0xAA, 0xEF, 0x48, 0x97, 0xE7, 0xE9, 0x52, 0xD2, 0x4C, 0xEC, 0x3B, 0x09,
    0x25, 0xDF, 0xCF, 0xB1, 0xDF, 0x6E, 0xF0, 0x4F, 0xB4, 0x3F, 0xCA, 0xD1, 0x8E, 0x4C, 0x79, 0xB9,
    0xB6, 0x31, 0xB7, 0xE3, 0x83, 0xE3, 0x08, 0xD6, 0x98, 0xB2, 0x43, 0xF2, 0x26, 0x88, 0x1D, 0xF9,
    0x5A, 0x03, 0x79, 0x70, 0x81, 0x04, 0x3D, 0xC2, 0x01, 0x1E, 0xC5, 0xE0, 0x1D, 0xCD, 0x67, 0xF2,
    0x57, 0xCE, 0x3E, 0xBA, 0x84, 0x18, 0x4D, 0x42, 0xF4, 0x26, 0x84, 0x34, 0xA6, 0x05, 0xFA, 0x6D,
    0xA9, 0xD2, 0x66, 0x24, 0x56, 0x05, 0x48, 0x1C, 0x59, 0x10, 0x9D, 0xF7, 0xC4, 0xD7, 0x11, 0xF9,
    0x6F, 0x10, 0x4C, 0x17, 0x09, 0x4C, 0x4F, 0x27, 0x91, 0x5D, 0x33, 0x88, 0x42, 0x34, 0x9A, 0x90,
    0xD4, 0xDD, 0xD3, 0xB9, 0x50, 0x08, 0xF1, 0x59, 0xAC, 0xE1, 0x6C, 0xFD, 0x77, 0x4A, 0xFA, 0x19,
    0x5F, 0x06, 0xB8, 0xB1, 0xF7, 0xA6, 0x34, 0x37, 0xE0, 0xC8, 0xBB, 0x6A, 0xCA, 0x10, 0x1C, 0x91,
    0x02, 0x60, 0xC2, 0x69, 0x53, 0x77, 0x02, 0xBE, 0xF1, 0x6D, 0x92, 0x90, 0x6A, 0x4D, 0xE8, 0xF2,
    0x12, 0x4B, 0xB6, 0xFD, 0x21, 0x1A, 0x36, 0x75, 0x07, 0xD2, 0xA9, 0xE0, 0xC1, 0x54, 0x3A, 0x04,
    0xA5, 0x41, 0x3F, 0xBF, 0x15, 0x2D, 0x60, 0x1B, 0x9D, 0xD9, 0xFD, 0xDD, 0x63, 0xAA, 0xA9, 0x84,
    0x0E, 0xFF, 0xD6, 0xBB, 0x59, 0x30, 0x81, 0xF9, 0xE0, 0x81, 0xFA, 0x88, 0x30, 0x89, 0x13, 0x08,
    0xD0, 0x79, 0x0E, 0x47, 0xBA, 0x7E, 0xD8, 0xB1, 0x04, 0x52, 0xEC, 0x62, 0x4A, 0x03, 0x13, 0xD4,
    0x50, 0xDA, 0x00, 0x9C, 0x20, 0x82, 0x03, 0x71, 0x98, 0x8D, 0x33, 0xA8, 0xDC, 0x23, 0x69, 0x22,
    0x54, 0x0F, 0x5F, 0xA7, 0xE8, 0x74, 0x27, 0x6F, 0xA9, 0xFB, 0xFD, 0xFA, 0xF8, 0x6B, 0x9A, 0x86,
    0x6F, 0x69, 0xE1, 0xE1, 0xC3, 0xCD, 0xF4, 0xF8, 0x55, 0x57, 0xDC, 0xD0, 0x73, 0x24, 0x1A, 0x50,
    0x47, 0x4C, 0x22, 0x6F, 0x79, 0xA7, 0x68, 0x90, 0x7B, 0x6B, 0x0F, 0x43, 0x7A, 0x84, 0x3C, 0x24,
    0x92, 0x49, 0x76, 0x12, 0x48, 0x3C, 0xD3, 0xE8, 0x74, 0x1F, 0x00, 0xFA, 0xFF, 0x86, 0x8F, 0x74,
    0x3E, 0xCF, 0xB9, 0x83, 0xEE, 0x84, 0xA0, 0x89, 0x30, 0x23, 0xDA, 0x93, 0x8B, 0xD4, 0x95, 0xE5,
    0x17, 0xFA, 0x99, 0x27, 0x74, 0xCE, 0x04, 0x83, 0xEF, 0x03, 0x66, 0xF0, 0x3B, 0x83, 0x71, 0xDA,
    0x3F, 0x50, 0x9A, 0x9F, 0xDC, 0x56, 0x91, 0xBF, 0xEB, 0x54, 0x76, 0xBF, 0x90, 0x18, 0x59, 0x1E,
    0x6B, 0xFE, 0x6B, 0x65, 0x09, 0x21, 0x48, 0x3F, 0x11, 0xFD, 0xE4, 0x27, 0x89, 0xFC, 0x42, 0x32,
    0xBC, 0x41, 0x59, 0x70, 0x83, 0x72, 0x63, 0x17, 0xA9, 0x25, 0x49, 0xCC, 0xA5, 0xC4, 0x7A, 0x98,
    0x60, 0x3E, 0xBF, 0xC4, 0x26, 0x81, 0xF8, 0x32, 0xDA, 0x50, 0xE1, 0xE5, 0xF3, 0x7E, 0x06, 0x3B,
    0x0D, 0x4D, 0xE5, 0x20, 0xA5, 0x1E, 0x55, 0xF7, 0x88, 0xF7, 0xAF, 0x79, 0x8E, 0xF0, 0x39, 0xB4,
    0x18, 0x1A, 0x86, 0x97, 0x07, 0x78, 0x10, 0x5E, 0xA0, 0x41, 0x0E, 0xA1, 0x45, 0x21, 0xED, 0x6B,
    0x66, 0xD2, 0xAA, 0x79, 0x27, 0x73, 0xD8, 0xF2, 0x18, 0x5D, 0xC0, 0xC1, 0xEE, 0x0D, 0x08, 0x70,
    0x04, 0x7D, 0xC0, 0x8C, 0x27, 0xA7, 0x9B, 0xB1, 0x88, 0x56, 0xC4, 0x44, 0xED, 0x59, 0x95, 0x51,
    0x54, 0x46, 0x15, 0xF4, 0x73, 0x1A, 0xD6, 0x55, 0x57, 0xA5, 0xC3, 0x77, 0xF0, 0x7C, 0x18, 0x70,
    0x4E, 0x00, 0xC9, 0xB8, 0x19, 0x66, 0x59, 0x16, 0x16, 0x05, 0x39, 0x15, 0x30, 0x18, 0x18, 0x3A,
    0xDF, 0xE1, 0xF2, 0xF7, 0x7F, 0x54, 0xBD, 0x41, 0xEC, 0x1F, 0x8D, 0x77, 0xF8, 0xBC, 0xE0, 0x65,
    0xC7, 0xE8, 0x6F, 0x2F, 0x78, 0x74, 0x8D, 0x90, 0xDA, 0xDA, 0xF3, 0x03, 0xE6, 0x5A, 0x5C, 0xC3,
    0xA7, 0xCA, 0x9E, 0x68, 0x49, 0xEF, 0x7E, 0xF8, 0x65, 0xD9, 0x04, 0xE7, 0x66, 0xC3, 0xED, 0x23,
    0x17, 0x82, 0x6D, 0xEF, 0xEE, 0x1E, 0x14, 0xA1, 0x80, 0xC8, 0x7A, 0x0B, 0xE5, 0x58, 0x2A, 0x8C,
    0x3E, 0x8C, 0x05, 0x3A, 0xD2, 0xD4, 0x0D, 0xB0, 0x8D, 0xCE, 0xE1, 0x00, 0x63, 0x21, 0x04, 0xF8,
    0x9E, 0x06, 0x30, 0x21, 0x92, 0xB8, 0x73, 0xC0, 0x1E, 0x97, 0x60, 0xFC, 0xAD, 0xBB, 0xDC, 0xA2,
    0x48, 0x3D, 0x4D, 0x35, 0xC4, 0x95, 0x2C, 0xA9, 0x0A, 0x42, 0xDB, 0x12, 0xE0, 0x35, 0x54, 0xA6,
    0xC1, 0x33, 0x7C, 0x1A, 0x73, 0x01, 0x33, 0x39, 0x3A, 0x8D, 0x65, 0x83, 0x20, 0xA9, 0xC7, 0x47,
    0xF4, 0x7F, 0x5D, 0xE2, 0x77, 0xA4, 0x60, 0x23, 0x63, 0x7D, 0xBC, 0xB4, 0xFB, 0xC6, 0x7C, 0x57,
    0xAC, 0x3D, 0x82, 0xAC, 0x2F, 0x36, 0xA9, 0x3F, 0xAC, 0x1F, 0x9D, 0xCA, 0x31, 0x5D, 0x2F, 0xAD,
    0xC9, 0xBB, 0xF2, 0x0F, 0xF6, 0x05, 0xF6, 0xAB, 0xDC, 0xDD, 0x01, 0x34, 0x07, 0x0E, 0x94, 0x21,
    0x4D, 0x89, 0xCA, 0x8B, 0x29, 0x1A, 0x56, 0x34, 0x26, 0xFF, 0x58, 0x45, 0xFC, 0x67, 0x68, 0x07,
    0xC0, 0x81, 0x63, 0xEA, 0x7B, 0x0F, 0x44, 0x24, 0x81, 0x02, 0xD5, 0xBD, 0xE2, 0x1D, 0x7F, 0x01,
    0x5D, 0x70, 0x0A, 0xF8, 0x88, 0xCF, 0x53, 0x63, 0x63, 0x55, 0x84, 0x84, 0x83, 0x91, 0xC1, 0x22,
    0xC5, 0x0A, 0x28, 0x9F, 0x61, 0x13, 0xB4, 0xBE, 0x91, 0x44, 0x1E, 0x02, 0xF0, 0x25, 0x47, 0x68,
    0x55, 0xFD, 0x72, 0xF3, 0x65, 0xCC, 0x65, 0xC9, 0xEA, 0x04, 0xE4, 0x20, 0xFD, 0x4F, 0xD7, 0x07,
    0xBA, 0x7C, 0xA4, 0x89, 0xEE, 0x91, 0xF3, 0x91, 0xE4, 0x1F, 0x0D, 0xD7, 0xF2, 0xF1, 0x43, 0xC7,
    0xD0, 0x0F, 0xA2, 0x28, 0x28, 0x29, 0x1A, 0x28, 0x88, 0x69, 0x28, 0x4A, 0x1A, 0x18, 0x94, 0xE0,
    0x3D, 0xBD, 0x80, 0x79, 0xDF, 0x10, 0xEF, 0xE9, 0xC0, 0xC3, 0xC0, 0xC2, 0x49, 0x1D, 0xBD, 0x87,
    0x9F, 0xBC, 0x9E, 0x40, 0xB8, 0x1A, 0x2E, 0xB4, 0x62, 0x3C, 0xC0, 0x5B, 0x12, 0x73, 0x87, 0x4A,
    0x1F, 0x22, 0xA7, 0xCF, 0xF5, 0xE4, 0x37, 0x4C, 0xED, 0x23, 0x15, 0x4E, 0xF4, 0xF3, 0xAA, 0x3D,
    0x47, 0x4C, 0x79, 0x8D, 0xF8, 0xA0, 0x65, 0x7E, 0xCC, 0x0F, 0xCD, 0xA0, 0x70, 0xE6, 0x0F, 0xC9,
    0x27, 0xAF, 0xBD, 0x51, 0xE9, 0x7C, 0x0E, 0xB0, 0x3F, 0x6E, 0x02, 0x80, 0xA0, 0x28, 0x0D, 0x00,
    0xF9, 0x08, 0x9B, 0x07, 0xFA, 0xEB, 0xC9, 0x18, 0x07, 0xD3, 0x88, 0x84, 0x93, 0x8E, 0x32, 0x33,
    0x28, 0xEF, 0x57, 0xD9, 0x92, 0x96, 0x8E, 0x6A, 0xBE, 0x60, 0x5E, 0xA0, 0x3D, 0x4B, 0x83, 0x43,
    0xE3, 0xD3, 0xD6, 0x8F, 0x2A, 0xBE, 0xD5, 0xF9, 0x7D, 0x9F, 0x2C, 0xF8, 0x67, 0x19, 0x75, 0x75,
    0x49, 0x1C, 0x8D, 0x39, 0x1B, 0x8E, 0x35, 0x24, 0x08, 0xC7, 0x07, 0xDF, 0x3B, 0xE8, 0xE0, 0x7E,
    0x81, 0xD6, 0x83, 0xA5, 0x2E, 0x66, 0x28, 0x27, 0x56, 0xA4, 0xA4, 0xB1, 0x31, 0x4C, 0x2E, 0xA0,
    0x35, 0xAD, 0xBE, 0x58, 0xE0, 0xC8, 0x31, 0xD4, 0x29, 0x94, 0x85, 0x42, 0x10, 0xFC, 0x84, 0x59,
    0x14, 0x7A, 0x00, 0x0A, 0xAF, 0xF9, 0xA1, 0x1E, 0xB9, 0x65, 0xC0, 0x01, 0x7C, 0x19, 0x98, 0x42,
    0xFE, 0x21, 0xBB, 0xC5, 0xEE, 0xDA, 0x92, 0x17, 0x70, 0x74, 0xBC, 0xD7, 0x82, 0xBC, 0x04, 0xDD,
    0x1F, 0xA8, 0x09, 0xB1, 0xF3, 0x1E, 0x20, 0x7B, 0x47, 0xE1, 0xA8, 0xA2, 0x88, 0x89, 0x89, 0x8A,
    0x68, 0x8A, 0xA8, 0x82, 0xAA, 0xFB, 0x01, 0xCD, 0xC3, 0xE6, 0x71, 0x55, 0xF4, 0xFB, 0x3D, 0x41,
    0xB0, 0x3D, 0x25, 0xA4, 0x23, 0x23, 0x23, 0x23, 0x80, 0x6D, 0xDE, 0x25, 0x09, 0xE4, 0xB8, 0x19,
    0x00, 0xD1, 0xC4, 0x3B, 0x62, 0x7E, 0xD4, 0xDD, 0x6E, 0x8E, 0x41, 0x3F, 0x3F, 0xA0, 0x0E, 0xEE,
    0x44, 0x04, 0x6E, 0x2C, 0x97, 0xD2, 0x31, 0x3C, 0x02, 0x0D, 0xB7, 0xC2, 0x25, 0x95, 0xE4, 0xDA,
    0x7C, 0x21, 0x31, 0xB8, 0x39, 0x91, 0xF1, 0xAD, 0x2A, 0x34, 0xAD, 0xC5, 0xA0, 0xC1, 0x80, 0x30,
    0x9D, 0x3A, 0x0D, 0x23, 0xB0, 0xF7, 0x17, 0x7F, 0x5F, 0x35, 0x47, 0xC4, 0x09, 0xAA, 0xA2, 0xA8,
    0x9A, 0x65, 0x11, 0x7E, 0x7E, 0xA7, 0x03, 0x25, 0xCB, 0xB9, 0x21, 0x1D, 0xEA, 0x90, 0xD8, 0xB1,
    0x4C, 0x30, 0x32, 0xC1, 0x71, 0x4B, 0xE6, 0x79, 0x60, 0x22, 0xDD, 0xC9, 0x86, 0xE3, 0xE9, 0xCE,
    0x0C, 0x3B, 0x3B, 0x41, 0x38, 0xB7, 0xA9, 0x30, 0x21, 0x32, 0x2F, 0xCE, 0x95, 0xB4, 0xE8, 0x5E,
    0x61, 0xC8, 0x37, 0x99, 0x93, 0x6A, 0xDF, 0x2A, 0xB4, 0x25, 0x76, 0x28, 0xBB, 0x7C, 0x84, 0xFB,
    0x4D, 0x66, 0x85, 0xA9, 0xE6, 0x37, 0x1A, 0xE7, 0x85, 0xF8, 0xCE, 0x80, 0x36, 0x04, 0x90, 0x50,
    0x49, 0x04, 0xAF, 0x1E, 0x71, 0xD0, 0x6C, 0x6C, 0x9F, 0x5F, 0xEA, 0xEB, 0x49, 0x12, 0x52, 0x68,
    0xDF, 0xA9, 0xA0, 0x05, 0xA0, 0x33, 0x2E, 0x0B, 0xA8, 0x5B, 0x02, 0x12, 0xF9, 0x9D, 0x2A, 0xF5,
    0xCD, 0x6B, 0x15, 0x29, 0xB7, 0x24, 0x1D, 0xC1, 0x48, 0x5C, 0x60, 0x58, 0x88, 0x47, 0xF6, 0x7A,
    0x27, 0x26, 0x02, 0x55, 0x26, 0xAA, 0x08, 0x07, 0xB8, 0x07, 0xD3, 0x68, 0x06, 0x09, 0x39, 0xEE,
    0xF5, 0xB9, 0x41, 0x24, 0x87, 0xE9, 0xE6, 0x10, 0x7C, 0x68, 0x40, 0x40, 0xF3, 0x30, 0x1F, 0x8D,
    0x3E, 0xA9, 0xEF, 0x45, 0x1E, 0xDC, 0xC2, 0x8C, 0x7C, 0x6F, 0x85, 0x7D, 0xFF, 0x5F, 0xAB, 0x5E,
    0x0F, 0xD0, 0x31, 0x88, 0x22, 0x8A, 0x28, 0x9C, 0x5F, 0x91, 0x7E, 0x2E, 0xF7, 0xE5, 0x5B, 0xD3,
    0x81, 0xBA, 0xBC, 0x78, 0xC8, 0x55, 0x14, 0x55, 0x11, 0x14, 0x54, 0x45, 0x34, 0x75, 0x46, 0x48,
    0xD0, 0x15, 0x15, 0xE0, 0x80, 0x9A, 0x03, 0xE3, 0xFB, 0x1E, 0x9A, 0xAA, 0xD8, 0x3C, 0x49, 0xE6,
    0x60, 0x1C, 0xC4, 0xF5, 0x1E, 0xC1, 0x0E, 0xB7, 0xE2, 0x64, 0x3E, 0x3F, 0x75, 0x56, 0x3F, 0x4B,
    0xB0, 0x0F, 0x7F, 0xA3, 0x06, 0xFA, 0xC2, 0x4B, 0xD2, 0xFC, 0x03, 0xDD, 0xF3, 0xD1, 0x15, 0x55,
    0x56, 0xDF, 0x02, 0x01, 0x6C, 0xF1, 0x89, 0xCF, 0xA2, 0xC7, 0xCE, 0x01, 0xDB, 0xEF, 0x0D, 0x1A,
    0x0C, 0x47, 0xE9, 0x1E, 0x1C, 0xE5, 0xE0, 0x86, 0x01, 0x58, 0x72, 0x94, 0x98, 0x1F, 0x12, 0x85,
    0x2F, 0x6B, 0xEA, 0x0C, 0xDB, 0xC0, 0x66, 0xD2, 0x86, 0xA4, 0xCE, 0x05, 0xA3, 0x73, 0x7E, 0xB1,
    0x74, 0x87, 0x4F, 0xDB, 0xDC, 0xEC, 0x04, 0x37, 0xF8, 0xE9, 0x9A, 0xA8, 0x8D, 0x3F, 0x96, 0x53,
    0xB7, 0xBF, 0xE7, 0x40, 0x19, 0xA6, 0x14, 0x97, 0x33, 0x9B, 0x0C, 0x37, 0xCB, 0xC0, 0x0F, 0xCE,
    0x00, 0xD0, 0xF2, 0xE2, 0x60, 0xA4, 0xC2, 0x47, 0x16, 0x11, 0x5F, 0x51, 0x2C, 0x0A, 0x00, 0xAA,
    0xB1, 0x0E, 0xEF, 0x9B, 0x76, 0xB6, 0x3F, 0x13, 0xF6, 0xCB, 0xE6, 0x1E, 0x45, 0x35, 0x3F, 0x12,
    0xA3, 0xDE, 0x70, 0x46, 0xFF, 0x56, 0xBA, 0xB3, 0xC7, 0x5A, 0xCE, 0x3A, 0x4D, 0xE7, 0x39, 0xA9,
    0xC6, 0x73, 0x79, 0xCE, 0x6A, 0x71, 0x9C, 0xDE, 0x72, 0x9B, 0x4D, 0xA7, 0x29, 0x4A, 0x30, 0x8B,
    0xCA, 0x58, 0xCB, 0x2D, 0x44, 0x37, 0xB5, 0x8C, 0xC8, 0x49, 0x0C, 0x7D, 0xDF, 0x52, 0x87, 0xB4,
    0x28, 0x1F, 0x8C, 0x43, 0x77, 0x1F, 0xC2, 0xED, 0x12, 0xEC, 0xD4, 0x33, 0x80, 0xC6, 0xC3, 0xC4,
    0x47, 0xAF, 0xBD, 0x51, 0xD9, 0xE4, 0x05, 0x09, 0x79, 0x82, 0x43, 0x23, 0x68, 0xA4, 0xE2, 0xAF,
    0xF8, 0xDE, 0x62, 0x3D, 0x66, 0x9B, 0xF7, 0xFF, 0x15, 0xE6, 0xC9, 0x44, 0x84, 0x97, 0x4D, 0x81,
    0xED, 0x3D, 0x40, 0x79, 0x0B, 0xB2, 0x75, 0xCA, 0xF3, 0x0F, 0x52, 0x57, 0x7F, 0x00, 0xF8, 0x9D,
    0x4A, 0xE6, 0xAF, 0xD2, 0x50, 0x8B, 0x4C, 0x0F, 0xDD, 0x09, 0x02, 0x1F, 0xD2, 0x7C, 0x34, 0xBE,
    0xF1, 0xEA, 0x62, 0x88, 0x48, 0x9D, 0x08, 0x69, 0x4E, 0xC1, 0xF3, 0xE2, 0xA3, 0xC8, 0xE2, 0x18,
    0x02, 0x55, 0x15, 0x45, 0x4C, 0x6D, 0xB4, 0x00, 0xFE, 0x59, 0x14, 0x81, 0x1A, 0xFD, 0x4C, 0x94,
    0x6A, 0xB4, 0x7B, 0xD6, 0x46, 0xAB, 0x55, 0x8D, 0xA4, 0x9F, 0xD4, 0x10, 0x58, 0x3F, 0x43, 0x91,
    0x65, 0x1D, 0x81, 0x93, 0x87, 0xEF, 0xCA, 0xBE, 0xF3, 0xFD, 0xDC, 0x9A, 0xA0, 0x39, 0xC7, 0xD7,
    0x16, 0xD1, 0x13, 0x43, 0x7A, 0xA1, 0x6A, 0x0A, 0x92, 0x3F, 0x23, 0x49, 0xB5, 0xF2, 0xFF, 0x7F,
    0xE1, 0xF9, 0xAE, 0x20, 0xF5, 0xDF, 0x93, 0x5E, 0xC4, 0xD6, 0x21, 0xEE, 0x70, 0xDE, 0x6D, 0x3F,
    0xE0, 0xC8, 0x0B, 0x1E, 0xC3, 0x01, 0x8C, 0xFC, 0x9D, 0x53, 0xC0, 0xC0, 0xFE, 0x5E, 0x11, 0x1F,
    0xB5, 0x1B, 0xFE, 0xCF, 0x85, 0x99, 0xF7, 0xFB, 0xFE, 0x55, 0x41, 0xDB, 0x5F, 0x1F, 0xC8, 0xFA,
    0x33, 0xF9, 0x3B, 0x9F, 0x54, 0x2F, 0xE3, 0x5D, 0xC2, 0x07, 0x43, 0x0C, 0x6C, 0x6B, 0xBA, 0xBF,
    0xA5, 0x45, 0xE5, 0x47, 0xF7, 0x68, 0x1F, 0xEF, 0xF7, 0xB2, 0x92, 0x27, 0xC5, 0x9F, 0xE2, 0x60,
    0x7F, 0x30, 0x7E, 0x0B, 0xF1, 0x43, 0xF8, 0xA0, 0x3F, 0x67, 0xF4, 0xBD, 0xA8, 0xFE, 0x1F, 0xE2,
    0xFC, 0x3F, 0xC2, 0x3C, 0x56, 0xF4, 0x7E, 0x7A, 0xF6, 0xAF, 0xAC, 0xF9, 0xF3, 0xC2, 0xCB, 0x9D,
    0xA6, 0x9B, 0xCE, 0xD3, 0x6B, 0xA0, 0x0F, 0x63, 0xC6, 0x92, 0xD2, 0x53, 0xDE, 0xF6, 0x64, 0x94,
    0x5F, 0xA8, 0x74, 0x20, 0xC3, 0xD4, 0x43, 0x0F, 0xEB, 0x86, 0x7E, 0x3D, 0x80, 0x7B, 0xF2, 0x69,
    0x79, 0x87, 0xDD, 0x87, 0x07, 0x70, 0x8D, 0xAA, 0x61, 0x8C, 0x08, 0xC3, 0xCB, 0x52, 0x94, 0x3F,
    0x70, 0x2C, 0xA9, 0x4A, 0x40, 0xE1, 0x92, 0xD0, 0x43, 0x89, 0x55, 0x55, 0x51, 0x14, 0x50, 0xC5,
    0x5F, 0xAE, 0x9D, 0x07, 0x71, 0xC4, 0xE1, 0xC1, 0xE8, 0x01, 0x87, 0x78, 0x65, 0x8F, 0xC2, 0x03,
    0x21, 0xD3, 0xB0, 0x0E, 0x61, 0xC4, 0x33, 0x08, 0xA6, 0x24, 0xA4, 0x0D, 0xD2, 0x64, 0x74, 0xBD,
    0x03, 0xB8, 0xE8, 0x9F, 0x8F, 0xAC, 0xC1, 0x95, 0xA2, 0xE4, 0x93, 0xA9, 0xA3, 0x58, 0x28, 0xD8,
    0x4F, 0xAC, 0x65, 0xE7, 0x51, 0x24, 0x23, 0x4D, 0x03, 0x12, 0x8E, 0x30, 0x76, 0x12, 0xCD, 0xE0,
    0xBF, 0x84, 0x0E, 0x69, 0x8C, 0xA6, 0x82, 0x40, 0x94, 0x85, 0x87, 0xE1, 0x77, 0x7E, 0x2B, 0xDD,
    0xCF, 0xBF, 0x55, 0xC6, 0x63, 0xF6, 0x79, 0x02, 0xBE, 0x83, 0x43, 0xFC, 0x2F, 0x41, 0xF9, 0x5E,
    0x3B, 0x36, 0x68, 0xD0, 0x5F, 0x82, 0x61, 0x1F, 0xA3, 0xF4, 0x6E, 0x37, 0x18, 0xDD, 0xAC, 0x46,
    0xD5, 0x15, 0x81, 0x91, 0x94, 0x13, 0xAC, 0x19, 0xD3, 0x0C, 0x39, 0x11, 0x54, 0x06, 0x4D, 0x84,
    0x38, 0x06, 0xC7, 0x96, 0xD4, 0xC3, 0xB7, 0x91, 0xCB, 0xFD, 0x07, 0x85, 0xD4, 0x55, 0x22, 0x3B,
    0x89, 0xA0, 0xA5, 0x7A, 0x6B, 0x74, 0x92, 0x49, 0x26, 0x1C, 0xDD, 0x94, 0xB3, 0x77, 0xD7, 0xCE,
    0x1C, 0xDF, 0x7F, 0x6B, 0xCE, 0x1F, 0x8D, 0xFC, 0xE0, 0xF7, 0xB6, 0x26, 0xD7, 0x73, 0x90, 0x91,
    0xD6, 0xFE, 0xD0, 0x6F, 0xF1, 0x1D, 0x0D, 0x66, 0x9A, 0x98, 0x9A, 0x57, 0x2E, 0x8D, 0xCB, 0xBB,
    0xB2, 0xEE, 0x9F, 0x3F, 0x24, 0xF8, 0x30, 0xF8, 0xFC, 0x1B, 0x1E, 0x21, 0xBB, 0xF2, 0x92, 0x0F,
    0xC9, 0xF4, 0xF2, 0x2B, 0x27, 0x0B, 0x22, 0xB3, 0x33, 0x2C, 0x89, 0xEB, 0xF9, 0x20, 0x3D, 0x41,
    0x01, 0xA1, 0x78, 0x44, 0x43, 0x41, 0xC8, 0x27, 0x21, 0xA0, 0x88, 0xA1, 0x32, 0xA8, 0x62, 0x53,
    0x41, 0xF7, 0x64, 0x5F, 0xCC, 0x87, 0x4C, 0x30, 0x92, 0x86, 0xFA, 0x4E, 0x00, 0x74, 0x04, 0xB8,
    0xAB, 0x12, 0x6E, 0xE8, 0x3A, 0x90, 0x67, 0x10, 0xE0, 0x86, 0x27, 0x68, 0x26, 0x8D, 0x8A, 0x5A,
    0x12, 0x0E, 0x28, 0x70, 0x99, 0x4E, 0xAC, 0x03, 0x3A, 0x3F, 0x72, 0x72, 0xC9, 0xCC, 0xA2, 0xDC,
    0x24, 0x64, 0x7E, 0x2E, 0x63, 0xF4, 0x96, 0xAE, 0x48, 0x1B, 0xF4, 0x06, 0xC3, 0x30, 0x0D, 0xE3,
    0x69, 0x18, 0xCD, 0x4A, 0x94, 0x09, 0x49, 0xBE, 0xA8, 0xA2, 0x25, 0x77, 0x5D, 0xD5, 0x14, 0xE4,
    0x77, 0x8E, 0xC1, 0xA0, 0x47, 0x45, 0x11, 0x55, 0x0C, 0x45, 0x52, 0x24, 0x04, 0x0D, 0x50, 0xD2,
    0xF6, 0x29, 0x03, 0x44, 0x60, 0xE5, 0x00, 0xA0, 0xA0, 0xFD, 0x39, 0x04, 0x75, 0xA6, 0xFF, 0x35,
    0x8C, 0x43, 0x22, 0x27, 0x73, 0x94, 0x52, 0x94, 0x22, 0x1B, 0x22, 0x25, 0x11, 0x66, 0x4E, 0x83,
    0x14, 0x4E, 0x04, 0xC0, 0x9D, 0x03, 0xA7, 0x89, 0x0C, 0xD5, 0x96, 0x55, 0x29, 0x71, 0x4D, 0x56,
    0x59, 0xA5, 0x1E, 0xC0, 0x78, 0x27, 0x0E, 0x58, 0x3C, 0x93, 0x90, 0x04, 0x8D, 0x01, 0x41, 0x12,
    0x24, 0xCC, 0xC1, 0x0A, 0x47, 0xD2, 0x38, 0x8F, 0xE5, 0xDE, 0x6A, 0x88, 0x88, 0xE3, 0xD5, 0x55,
    0x55, 0x55, 0x51, 0x53, 0x21, 0xC7, 0x54, 0x25, 0x81, 0x89, 0xD6, 0x21, 0x3B, 0x00, 0x4F, 0x13,
    0xAD, 0x3A, 0x08, 0x84, 0x40, 0x34, 0x2B, 0xE1, 0x44, 0xCA, 0x31, 0x22, 0x74, 0x18, 0x10, 0x7E,
    0x6D, 0x19, 0x0B, 0x84, 0x9B, 0xD5, 0x4A, 0xAA, 0xA8, 0xD1, 0x50, 0x42, 0xC3, 0x90, 0x0D, 0xC3,
    0x61, 0xD0, 0x1C, 0xAE, 0x81, 0x0D, 0x2E, 0x90, 0x7C, 0xF6, 0xAF, 0x20, 0xFA, 0xC3, 0xBA, 0xD8,
    0x87, 0xA4, 0x12, 0x20, 0x1C, 0x05, 0x8B, 0xB9, 0xCB, 0x86, 0x82, 0x8F, 0x9D, 0xBB, 0xCA, 0xA2,
    0x9B, 0x37, 0xCC, 0x9C, 0x0C, 0xC6, 0x2C, 0x3A, 0xD0, 0xC6, 0x98, 0xDC, 0x65, 0x74, 0x9F, 0xDE,
    0x5C, 0xAB, 0x95, 0x3D, 0x43, 0x47, 0xD9, 0x0F, 0x03, 0xA1, 0x5C, 0xB1, 0x0D, 0xD0, 0x0A, 0x8A,
    0x92, 0x0A, 0x42, 0x84, 0x03, 0x38, 0x44, 0x3B, 0x94, 0x0F, 0x73, 0xCE, 0x6C, 0x65, 0xEF, 0x04,
    0x84, 0x64, 0x0C, 0xA8, 0x47, 0x11, 0x51, 0x36, 0x90, 0x42, 0x85, 0x40, 0xA5, 0x5D, 0x8A, 0xEF,
    0x8C, 0xCC, 0x70, 0xCA, 0x91, 0x34, 0x32, 0x83, 0xD6, 0x1E, 0x64, 0xC7, 0xA6, 0xA2, 0x2A, 0xA0,
    0xE0, 0x20, 0x2E, 0x29, 0x80, 0x0A, 0xDD, 0x2D, 0x12, 0x0E, 0x0B, 0x72, 0x8B, 0xBC, 0x8C, 0x50,
    0xD4, 0x81, 0x42, 0x94, 0xA5, 0x21, 0x16, 0x7D, 0x3F, 0x53, 0x3E, 0x47, 0xFB, 0x62, 0x44, 0xF1,
    0xCE, 0x01, 0x13, 0xF5, 0x2F, 0xE4, 0x3B, 0x30, 0x51, 0x04, 0xD5, 0x38, 0x12, 0xF0, 0x53, 0x81,
    0xB3, 0x94, 0x4C, 0x64, 0xB8, 0x90, 0xB3, 0x21, 0x46, 0x49, 0x41, 0x9D, 0x32, 0x0B, 0x05, 0x33,
    0x3D, 0x00, 0x73, 0x7A, 0x30, 0x60, 0xA6, 0x62, 0x03, 0x74, 0x10, 0x1B, 0x83, 0x81, 0x8F, 0x7B,
    0x81, 0x4A, 0x4A, 0x92, 0x20, 0xBE, 0xB8, 0xEB, 0x85, 0xD6, 0xD1, 0x8C, 0x72, 0x68, 0x5F, 0x19,
    0xA0, 0xCC, 0x0F, 0xE1, 0x1C, 0x0D, 0x88, 0x48, 0x8A, 0xFF, 0xDB, 0x19, 0x7D, 0x29, 0xFB, 0x0E,
    0xE8, 0x04, 0x14, 0x34, 0x93, 0x0D, 0x22, 0xD3, 0x08, 0x09, 0xC8, 0x4E, 0x27, 0x58, 0x7B, 0x08,
    0x23, 0x38, 0x3F, 0x1D, 0x43, 0x25, 0x04, 0x4D, 0x20, 0x70, 0x84, 0xC2, 0x54, 0x29, 0x44, 0x88,
    0x4B, 0x5A, 0xBC, 0xA5, 0x88, 0x66, 0xD7, 0x7A, 0x34, 0x81, 0x3B, 0xB8, 0xD8, 0x35, 0xD2, 0x15,
    0xF9, 0xE8, 0xD6, 0x4C, 0x9A, 0x01, 0xDD, 0x1A, 0x3D, 0xFC, 0xD8, 0x57, 0x99, 0x65, 0xA4, 0x2E,
    0x09, 0xF0, 0xD8, 0x5A, 0x01, 0x07, 0x02, 0x24, 0x08, 0x73, 0x1A, 0x86, 0xB0, 0x72, 0x14, 0xFE,
    0xAB, 0x0A, 0x5C, 0xBA, 0xEB, 0x9C, 0xBA, 0x22, 0x6E, 0xC4, 0xBB, 0x22, 0x12, 0x04, 0xEC, 0x39,
    0xB8, 0x10, 0xB3, 0x91, 0x02, 0x1A, 0x31, 0xF0, 0x33, 0x2A, 0x63, 0x78, 0x53, 0xDB, 0x13, 0xCC,
    0xA3, 0x72, 0xA8, 0xFD, 0x48, 0xB0, 0xCC, 0x09, 0x84, 0x78, 0x08, 0xAB, 0x01, 0x9A, 0x81, 0x9A,
    0x1B, 0x63, 0x1C, 0x51, 0x44, 0x52, 0x26, 0x4D, 0x98, 0x80, 0xF5, 0x21, 0xF9, 0x55, 0x61, 0x4F,
    0x13, 0x97, 0x92, 0x60, 0x40, 0x7F, 0x4C, 0x59, 0x02, 0x9D, 0x72, 0xCF, 0x87, 0xA8, 0xA7, 0xA2,
    0xBA, 0x9A, 0x3E, 0xE1, 0x33, 0x33, 0xA4, 0x1B, 0x08, 0xBC, 0x61, 0xFD, 0xFE, 0x38, 0x61, 0xC7,
    0x4B, 0x90, 0xDA, 0xB1, 0x2A, 0xF4, 0x9D, 0x20, 0xB2, 0x21, 0xF5, 0xD1, 0x88, 0x78, 0xDB, 0x81,
    0xB7, 0x11, 0x3D, 0x00, 0x2A, 0x17, 0x5A, 0xA9, 0xBA, 0x3E, 0x82, 0x11, 0xF5, 0x45, 0x11, 0x28,
    0x80, 0x68, 0x2D, 0xBD, 0x49, 0xEF, 0xEF, 0x7E, 0x7A, 0x18, 0x22, 0x52, 0x88, 0x79, 0xCF, 0x23,
    0xD9, 0x1D, 0xAA, 0x47, 0x77, 0x9E, 0x01, 0xE8, 0x75, 0x4E, 0x04, 0x1B, 0x0E, 0xF3, 0x13, 0x88,
    0x40, 0xA6, 0x80, 0xF1, 0xE9, 0x83, 0xCD, 0xD9, 0xC9, 0x45, 0x3D, 0x75, 0x0F, 0x71, 0x09, 0xC6,
    0xC0, 0xF0, 0xD1, 0xA1, 0xB4, 0x4F, 0xB4, 0xB6, 0xE8, 0xEC, 0x65, 0x39, 0x41, 0x7E, 0x48, 0x80,
    0x1F, 0x02, 0x3F, 0x08, 0x40, 0x20, 0x40, 0x5A, 0x15, 0xE2, 0x2A, 0xD1, 0x93, 0x63, 0xA4, 0x0F,
    0x99, 0x43, 0x07, 0x21, 0xDB, 0x5F, 0x1E, 0xA1, 0x0B, 0x0D, 0xC4, 0xEA, 0x73, 0x24, 0x0F, 0x10,
    0x22, 0xA8, 0xB8, 0x45, 0x6D, 0x18, 0x16, 0xBA, 0xE7, 0xD9, 0x0E, 0x4D, 0x0F, 0x05, 0xC5, 0x59,
    0x06, 0x94, 0x36, 0x97, 0x5B, 0x17, 0xC0, 0xBF, 0x14, 0x60, 0xBA, 0x03, 0x9F, 0x19, 0x36, 0x87,
    0x7F, 0x77, 0xC1, 0xCE, 0x27, 0x3E, 0x40, 0x4D, 0x9D, 0xCD, 0x01, 0xC9, 0xD9, 0x18, 0x91, 0xF4,
    0x40, 0xA6, 0x46, 0x27, 0x4E, 0xE5, 0xA6, 0x23, 0x88, 0xCA, 0xA0, 0xC4, 0x21, 0x01, 0xEC, 0x3A,
    0x14, 0x37, 0x7B, 0x8B, 0x59, 0x4B, 0x96, 0xA0, 0x33, 0x81, 0xBD, 0xC3, 0xDF, 0xB0, 0x7C, 0x1E,
    0xFD, 0x63, 0xA3, 0xDB, 0x70, 0xAF, 0x8B, 0x29, 0xC1, 0xF2, 0x27, 0x49, 0x6D, 0x11, 0x94, 0x46,
    0xDA, 0x4A, 0x24, 0x6E, 0x18, 0x56, 0xD9, 0x81, 0x5A, 0xCC, 0x31, 0x58, 0x95, 0x71, 0x28, 0x63,
    0x25, 0x41, 0x32, 0x55, 0x8A, 0x83, 0x05, 0xE2, 0x29, 0xD6, 0x06, 0xFC, 0x56, 0x7D, 0x55, 0xCD,
    0x39, 0x25, 0x18, 0xE7, 0x2A, 0xCB, 0x86, 0xA2, 0x23, 0x86, 0x32, 0x78, 0x3D, 0x74, 0x78, 0x35,
    0x49, 0xBC, 0xC9, 0x68, 0x6E, 0x51, 0x6F, 0xDD, 0x0E, 0x02, 0x00, 0x9C, 0x0F, 0xEA, 0x64, 0xAD,
    0xFE, 0x5E, 0xBC, 0x74, 0xBB, 0xBD, 0x1C, 0xE6, 0x4B, 0x2A, 0x94, 0x09, 0x9D, 0xA9, 0xB8, 0x84,
    0xE5, 0xEB, 0xB5, 0x6D, 0x06, 0x52, 0xC7, 0x21, 0x85, 0x44, 0x41, 0x1F, 0x8F, 0x5E, 0xBD, 0x88,
    0x0D, 0x48, 0xA0, 0x5D, 0xA1, 0x72, 0x52, 0xD0, 0xD8, 0x99, 0x86, 0x61, 0x9F, 0x85, 0xA2, 0x1D,
    0x54, 0x40, 0xE7, 0xB3, 0x84, 0x47, 0x30, 0x07, 0x04, 0x7A, 0xC0, 0x1D, 0xE1, 0x7C, 0xF0, 0x24,
    0x5B, 0x43, 0x04, 0x3A, 0x75, 0x03, 0xA7, 0x1C, 0x19, 0x80, 0x77, 0xC5, 0x30, 0xC8, 0x98, 0x6D,
    0x05, 0xA9, 0x91, 0x11, 0xF6, 0xE4, 0x8B, 0xEA, 0x0A, 0x43, 0xDA, 0x1E, 0xFD, 0x70, 0xFD, 0x43,
    0x43, 0xC8, 0xAE, 0xC0, 0x61, 0x3B, 0x86, 0x03, 0x91, 0x4E, 0x67, 0x4F, 0x3C, 0x5F, 0xEE, 0xFD,
    0x1E, 0xCD, 0x0A, 0x87, 0xC9, 0x07, 0xDF, 0x14, 0xDC, 0x00, 0x11, 0x0E, 0x74, 0x79, 0x31, 0x60,
    0xF8, 0x8F, 0x0E, 0x01, 0xA3, 0x84, 0x84, 0x42, 0x4F, 0x8E, 0x8A, 0xAA, 0xA1, 0xE1, 0x9F, 0xB7,
    0x68, 0x98, 0x18, 0xAA, 0x43, 0xFF, 0x3F, 0xE7, 0xFE, 0x8C, 0x21, 0x80, 0x20, 0x21, 0xE2, 0x03,
    0x99, 0x2C, 0x92, 0x21, 0x92, 0x1B, 0xDA, 0x81, 0x00, 0xBD, 0x1D, 0x1D, 0xA4, 0x87, 0x4A, 0x6C,
    0x70, 0x87, 0x94, 0x1D, 0x4C, 0x0C, 0x67, 0x93, 0xDE, 0x22, 0x5F, 0x0E, 0x81, 0x7F, 0x15, 0x51,
    0x33, 0x70, 0x30, 0x3C, 0xB2, 0xA8, 0x41, 0x04, 0x63, 0x44, 0x5D, 0x96, 0x73, 0xC4, 0x9B, 0x06,
    0x92, 0x90, 0xE9, 0xC1, 0x64, 0xFF, 0x0A, 0xFB, 0xFF, 0xD6, 0xF8, 0xFE, 0xF6, 0x1F, 0x87, 0x89,
    0xCC, 0x83, 0x80, 0x50, 0x50, 0x90, 0x93, 0xF2, 0xD5, 0x10, 0x3E, 0xC8, 0xE3, 0x2D, 0x34, 0xD2,
    0x54, 0xC7, 0xB3, 0x99, 0x03, 0x70, 0x74, 0x81, 0xDC, 0x06, 0xC4, 0x3E, 0x9C, 0x15, 0xFC, 0x37,
    0x70, 0x91, 0x09, 0xA4, 0xC1, 0xB6, 0x10, 0xC4, 0x3D, 0x41, 0x20, 0xF9, 0x1E, 0xA3, 0x02, 0x6C,
    0x32, 0x60, 0x88, 0x45, 0x81, 0x53, 0xF7, 0x7B, 0x0B, 0x00, 0xEB, 0x48, 0xB3, 0xBD, 0x0B, 0xB6,
    0xAA, 0x85, 0x32, 0x35, 0x21, 0x07, 0xCE, 0xC8, 0x7C, 0xC0, 0x25, 0x8C, 0xC7, 0x64, 0x1C, 0xAE,
    0xC4, 0x54, 0xF8, 0x08, 0x1C, 0x01, 0xFA, 0xAA, 0x19, 0x6F, 0x29, 0xA0, 0x42, 0xE6, 0xBE, 0x07,
    0x27, 0x77, 0xF4, 0x7A, 0x97, 0xEE, 0x59, 0xDD, 0x85, 0xDD, 0xCF, 0x5A, 0xC6, 0x21, 0xC4, 0x0C,
    0x86, 0xD3, 0x8A, 0xCA, 0x69, 0x67, 0x1F, 0x7A, 0x65, 0x71, 0xE7, 0xC4, 0xE0, 0xB3, 0x1A, 0x93,
    0x6C, 0xBA, 0x8F, 0xEA, 0xE6, 0x06, 0x17, 0xD6, 0x5E, 0xD3, 0x05, 0x55, 0x34, 0x40, 0x91, 0x13,
    0x68, 0xAD, 0x9F, 0xAE, 0x70, 0xD8, 0x6D, 0x4E, 0x5E, 0x53, 0xD1, 0x16, 0xA1, 0xB0, 0x1E, 0x48,
    0xF0, 0x20, 0x44, 0xAA, 0xC8, 0x84, 0x80, 0x24, 0x20, 0x1C, 0x13, 0xE3, 0x1F, 0x14, 0xE0, 0x82,
    0x5A, 0x1E, 0x22, 0x40, 0x7D, 0x80, 0x64, 0xDF, 0x73, 0xC4, 0x43, 0xC0, 0x36, 0x46, 0x9B, 0xFD,
    0x52, 0x64, 0x25, 0x33, 0x22, 0xF6, 0xD1, 0x4B, 0xB2, 0x1A, 0x93, 0xB0, 0xF7, 0x25, 0x02, 0x5B,
    0xA1, 0x10, 0xDD, 0xFE, 0x50, 0xA0, 0x2D, 0xCB, 0x50, 0xA6, 0xFB, 0x18, 0x6C, 0xA1, 0x87, 0x20,
    0x92, 0xB4, 0xC0, 0x7F, 0xA1, 0xBD, 0xE2, 0x5E, 0x10, 0x6C, 0x84, 0x85, 0x3A, 0x0C, 0x00, 0xC2,
    0x11, 0x2E, 0x64, 0xF0, 0x09, 0x66, 0xA1, 0xB4, 0x99, 0x01, 0x07, 0x19, 0x0C, 0xE0, 0xE0, 0x3D,
    0xE1, 0x3B, 0x7A, 0x33, 0xBA, 0x7B, 0xF8, 0xE1, 0x27, 0x34, 0xE2, 0x06, 0x98, 0xF0, 0x0D, 0xD2,
    0x60, 0x9D, 0x51, 0x8C, 0x90, 0x3B, 0x19, 0xE1, 0x72, 0x1E, 0xCA, 0x84, 0x8A, 0x11, 0x42, 0x88,
    0x8C, 0x2A, 0xAE, 0xCE, 0x07, 0x11, 0x41, 0x31, 0x64, 0xEB, 0x82, 0x8D, 0x60, 0x77, 0x86, 0xC0,
    0xEB, 0x39, 0x40, 0xCA, 0xC8, 0xA9, 0xA1, 0xD5, 0x27, 0x7D, 0x06, 0xB5, 0x95, 0x46, 0x0D, 0x55,
    0x57, 0x38, 0xC7, 0x85, 0xB5, 0x43, 0xA2, 0x12, 0xCC, 0x71, 0x8F, 0xAD, 0x9B, 0xC2, 0x54, 0x6F,
    0xB2, 0x4E, 0x69, 0x6D, 0x00, 0xD0, 0xF1, 0x23, 0x88, 0x38, 0xD8, 0x33, 0x1A, 0x08, 0x0C, 0x36,
    0x24, 0x4C, 0x46, 0xCE, 0x59, 0x06, 0xC4, 0x18, 0xF6, 0xCC, 0xAD, 0x31, 0x26, 0x0D, 0x3D, 0x29,
    0x94, 0x24, 0x06, 0x8D, 0x13, 0xA2, 0x80, 0xE1, 0x62, 0xD6, 0xE6, 0x18, 0xD4, 0x24, 0x85, 0x4A,
    0x4A, 0x1B, 0x92, 0x0E, 0x6F, 0x44, 0x30, 0x46, 0x3B, 0xE6, 0x55, 0xC1, 0xA1, 0xB8, 0x90, 0xDE,
    0x12, 0x92, 0x95, 0x2A, 0x05, 0xE0, 0x80, 0xDB, 0x16, 0x93, 0x0C, 0xB8, 0xF1, 0xA9, 0x24, 0x62,
    0x14, 0xC4, 0x82, 0x21, 0x52, 0x00, 0x44, 0x33, 0xA3, 0x17, 0xAF, 0x67, 0xD6, 0x10, 0x6B, 0x8D,
    0x44, 0x4C, 0xD6, 0x01, 0xF0, 0xF5, 0xE2, 0x6E, 0xC6, 0xE9, 0xCE, 0x4E, 0xD8, 0xA4, 0xEA, 0xE4,
    0x1E, 0x88, 0x16, 0x0D, 0x11, 0x50, 0xEA, 0xC0, 0x28, 0x8A, 0xD8, 0x0D, 0xC5, 0x26, 0x17, 0x1C,
    0x0D, 0x23, 0x2B, 0x07, 0x15, 0x85, 0x1D, 0x94, 0x23, 0x6E, 0x3B, 0x86, 0x86, 0x58, 0x38, 0x1C,
    0x0A, 0x84, 0x23, 0x63, 0x76, 0x1A, 0x07, 0x88, 0x9C, 0xAA, 0xF3, 0xE9, 0xBF, 0xE8, 0x34, 0xAF,
    0xF6, 0x48, 0xD0, 0xA6, 0xBC, 0x10, 0xDB, 0xA4, 0x88, 0x8C, 0x90, 0xF1, 0x84, 0xD2, 0xC2, 0x74,
    0x29, 0xD0, 0x21, 0x07, 0xA2, 0x3A, 0xA4, 0xDF, 0xB3, 0xB2, 0x64, 0xFA, 0x61, 0x02, 0x3B, 0x7C,
    0x6F, 0xB8, 0x44, 0x47, 0x04, 0xD4, 0xF4, 0x47, 0x40, 0xC1, 0x0E, 0x8D, 0xC3, 0xAE, 0x3B, 0xE2,
    0x07, 0xB2, 0x14, 0x04, 0x69, 0xA1, 0x60, 0x67, 0x18, 0x14, 0xD8, 0x0B, 0x8A, 0x85, 0x9D, 0xB7,
    0x0A, 0x17, 0xE9, 0xCD, 0xC4, 0x5F, 0xB8, 0xF7, 0xE1, 0xB5, 0x00, 0xA8, 0x80, 0x98, 0x77, 0x9C,
    0x8D, 0xA9, 0xED, 0xD3, 0x4B, 0xA9, 0x4F, 0xB2, 0x9A, 0x48, 0xD6, 0x68, 0x52, 0xE2, 0x0E, 0x6A,
    0xA4, 0x11, 0x7A, 0x6D, 0x3E, 0x6A, 0x2D, 0x64, 0x26, 0x3D, 0xD7, 0xB7, 0xB7, 0xDD, 0x93, 0x4B,
    0xB9, 0x04, 0xA3, 0xC2, 0x9E, 0xF8, 0x93, 0x74, 0xE9, 0x01, 0x0E, 0xFF, 0x84, 0x3D, 0xDE, 0x11,
    0x39, 0xE7, 0x9E, 0xC4, 0x77, 0x7C, 0xA8, 0xF4, 0x01, 0xA8, 0x6B, 0x9C, 0xD6, 0x76, 0x28, 0x28,
    0x93, 0xC7, 0x94, 0xF9, 0xE9, 0x3E, 0xD1, 0x2D, 0xA0, 0x2A, 0x33, 0x4C, 0x12, 0xF0, 0xFB, 0xE1,
    0x93, 0xAE, 0x0A, 0x08, 0xC8, 0x69, 0xF2, 0xA0, 0xD6, 0xBD, 0xF1, 0x32, 0x5C, 0x81, 0x47, 0x4B,
    0xB1, 0x51, 0xCC, 0x0B, 0x9E, 0x40, 0x98, 0xFC, 0x64, 0xB2, 0x78, 0x37, 0x02, 0xC1, 0xF8, 0x44,
    0x7F, 0x18, 0xE5, 0xBC, 0x63, 0x39, 0x9A, 0x50, 0xAD, 0xC8, 0x4E, 0x7A, 0x6D, 0x43, 0x37, 0x25,
    0x4E, 0x36, 0x52, 0xA5, 0x76, 0x59, 0xD6, 0xEA, 0xA8, 0xA8, 0xF4, 0x17, 0xDA, 0x66, 0xCE, 0x54,
    0x89, 0xA3, 0x96, 0x94, 0x1C, 0x21, 0xD3, 0xA7, 0xCC, 0x7F, 0x2D, 0xF9, 0xF2, 0x7B, 0x26, 0x59,
    0xDE, 0x2F, 0x2C, 0xDD, 0x19, 0x25, 0x74, 0x1C, 0xB0, 0x69, 0xD5, 0xCC, 0x5E, 0x6A, 0x36, 0xB9,
    0xB3, 0x8F, 0x14, 0x27, 0x59, 0xB7, 0x3B, 0x67, 0x83, 0x2F, 0x6C, 0x14, 0x9C, 0x6E, 0xB4, 0x16,
    0xBA, 0xC5, 0x98, 0x68, 0x76, 0x07, 0x94, 0x87, 0x18, 0xAD, 0xE9, 0xDE, 0xE8, 0xDA, 0xD6, 0x2E,
    0xB7, 0x8E, 0x97, 0xAA, 0x9D, 0xF6, 0x1E, 0x18, 0xCE, 0x66, 0x64, 0x67, 0x57, 0xDD, 0xE5, 0x1D,
    0x0E, 0x21, 0xA4, 0xC7, 0x2D, 0x4A, 0x57, 0x20, 0x2A, 0x82, 0x5D, 0x72, 0x37, 0x24, 0x66, 0x12,
    0x49, 0x24, 0xAA, 0xA9, 0xA6, 0x80, 0xA0, 0xAA, 0x46, 0xAA, 0x8A, 0xAA, 0xA4, 0x0D, 0xB8, 0x75,
    0x49, 0xA2, 0x3B, 0xC0, 0xEF, 0x16, 0xAC, 0x3E, 0xBF, 0x57, 0x68, 0x06, 0x48, 0x84, 0xD7, 0x5D,
    0x1D, 0xB0, 0x57, 0x7E, 0x28, 0xB2, 0x86, 0x72, 0x69, 0xDC, 0xE3, 0x7D, 0xF8, 0x82, 0xE1, 0xB2,
    0xD8, 0x77, 0x0C, 0xB5, 0xF6, 0x37, 0x6D, 0xB8, 0x23, 0x08, 0xE4, 0xEE, 0x63, 0x2A, 0x13, 0x09,
    0x35, 0x90, 0x43, 0x41, 0x07, 0xA9, 0x8A, 0x42, 0x56, 0x02, 0x16, 0x91, 0x94, 0xB1, 0xC9, 0xC6,
    0xFE, 0x6E, 0x99, 0xD1, 0x0D, 0xD7, 0x22, 0x0C, 0x4E, 0x0D, 0x58, 0x1B, 0x92, 0x34, 0x85, 0x85,
    0x1C, 0xA8, 0xC6, 0x3A, 0x4C, 0xF3, 0x5A, 0xCE, 0x34, 0x17, 0xB9, 0x8D, 0x8B, 0x67, 0xA3, 0x38,
    0x4B, 0xCB, 0xEE, 0x96, 0xCF, 0x63, 0xA6, 0xE4, 0xC0, 0x82, 0x53, 0x09, 0x8E, 0x33, 0x83, 0xA0,
    0x88, 0x2C, 0x64, 0x1F, 0x0A, 0x77, 0x38, 0xE7, 0xB9, 0xB2, 0x9C, 0xEB, 0xA1, 0xBC, 0xDC, 0xCE,
    0xC8, 0x3D, 0xA2, 0x00, 0x66, 0x28, 0x87, 0x52, 0x20, 0x09, 0x63, 0xC2, 0x6F, 0x8A, 0x93, 0x76,
    0x36, 0x01, 0x4B, 0xC0, 0x76, 0x94, 0x1E, 0x1C, 0xB4, 0x06, 0x43, 0x09, 0x45, 0x8F, 0x71, 0x29,
    0x68, 0xDF, 0x1B, 0x26, 0x4C, 0x46, 0x3B, 0x90, 0x39, 0x9B, 0x47, 0xC4, 0x43, 0x40, 0x29, 0xA2,
    0x03, 0xB1, 0x19, 0x00, 0x0B, 0x49, 0x7D, 0xAC, 0x06, 0x83, 0x0C, 0x30, 0x0A, 0xDA, 0x1B, 0x94,
    0x19, 0xD8, 0xC0, 0xDE, 0xB5, 0xA7, 0x01, 0x9E, 0x79, 0xCB, 0x87, 0x67, 0xAE, 0xCD, 0xA0, 0xF5,
    0x32, 0x71, 0x68, 0xCB, 0xA0, 0x2D, 0x1C, 0x00, 0x14, 0x28, 0x1C, 0x30, 0x12, 0xEB, 0xAD, 0x64,
    0xDD, 0x39, 0xBA, 0x74, 0xE4, 0x28, 0x13, 0x5B, 0xF4, 0xE7, 0x8E, 0x76, 0xDF, 0x73, 0x98, 0xC8,
    0x50, 0xC6, 0x77, 0xDD, 0xF6, 0x1A, 0x5D, 0x6A, 0x30, 0x4E, 0x66, 0x37, 0xCC, 0x30, 0x85, 0x0C,
    0x08, 0x71, 0x23, 0x05, 0xC4, 0xCD, 0xB6, 0x9E, 0x38, 0x64, 0x92, 0x41, 0x34, 0x04, 0x7F, 0x2F,
    0xDA, 0x22, 0x6F, 0xDF, 0xA2, 0x1A, 0xE8, 0x54, 0x25, 0x1D, 0xD1, 0x37, 0x4D, 0x51, 0xD0, 0xD1,
    0xF6, 0x53, 0x70, 0x47, 0xB8, 0x9B, 0x07, 0x58, 0x10, 0x00, 0xC2, 0x2B, 0x06, 0x25, 0x02, 0x9A,
    0x6C, 0x44, 0xD5, 0x8B, 0x10, 0xC0, 0x0B, 0x96, 0x00, 0xF1, 0x10, 0xC0, 0xB9, 0x0A, 0x04, 0x28,
    0x5D, 0x29, 0x48, 0xE7, 0x57, 0x9C, 0x87, 0x00, 0x1E, 0x07, 0x45, 0x9D, 0x07, 0x08, 0x56, 0x76,
    0x1A, 0x45, 0x34, 0xC0, 0x07, 0x4D, 0x87, 0x1E, 0x02, 0x24, 0x30, 0x83, 0x91, 0xFE, 0x1A, 0x21,
    0x4E, 0x04, 0x8C, 0x1B, 0x47, 0xCB, 0xF8, 0xDE, 0x90, 0xDC, 0x3A, 0xC2, 0x4A, 0x1F, 0x02, 0x7A,
    0x02, 0x98, 0x47, 0xEE, 0x5E, 0x47, 0x69, 0xDE, 0xEE, 0x10, 0x76, 0x2C, 0x57, 0x36, 0xCA, 0x5C,
    0xDA, 0x20, 0x07, 0xA1, 0x35, 0x94, 0x07, 0x14, 0x79, 0xAB, 0x6A, 0xC9, 0xA0, 0x34, 0x58, 0x7D,
    0x30, 0x64, 0x45, 0xEE, 0x67, 0x16, 0xF5, 0x50, 0xFC, 0xD7, 0xFB, 0x2B, 0x0E, 0xCA, 0x11, 0x1E,
    0x09, 0xC8, 0xFE, 0x40, 0x52, 0x13, 0x1B, 0x00, 0xD8, 0x41, 0x5C, 0xFD, 0xAE, 0xF5, 0x83, 0xD7,
    0xEB, 0xF1, 0x26, 0x94, 0x43, 0xC3, 0xB3, 0x8E, 0xCE, 0x5A, 0x78, 0x27, 0x24, 0x29, 0x3C, 0x7A,
    0x3C, 0x2D, 0xA1, 0x87, 0x34, 0x64, 0x36, 0x31, 0x57, 0x37, 0xDF, 0x43, 0x19, 0x54, 0x59, 0x55,
    0xB5, 0xBD, 0x5C, 0x13, 0x4C, 0xC1, 0x7C, 0xE2, 0xD3, 0x1E, 0x8B, 0x90, 0x39, 0x40, 0x4D, 0x37,
    0x10, 0xE5, 0xC9, 0x7E, 0x67, 0x19, 0x38, 0x15, 0xEE, 0x5E, 0x22, 0x4D, 0x9E, 0x29, 0x24, 0xCC,
    0x80, 0x84, 0xA2, 0x10, 0x56, 0xF5, 0xB1, 0x07, 0x85, 0xA5, 0x8C, 0x88, 0x64, 0xCA, 0x4D, 0xB9,
    0x40, 0x3D, 0x3B, 0x52, 0xCC, 0xAD, 0xAF, 0x71, 0x35, 0xEF, 0x5A, 0x5B, 0x7A, 0x80, 0x9D, 0x00,
    0xC1, 0xAB, 0x28, 0x86, 0xAC, 0x13, 0xA2, 0x01, 0x1B, 0x00, 0x82, 0x5D, 0x20, 0x27, 0x50, 0xEF,
    0xDA, 0x56, 0x0E, 0x00, 0x97, 0xBB, 0xF9, 0x48, 0x9E, 0xA0, 0xC4, 0x08, 0x0F, 0xFA, 0x78, 0xA0,
    0x3B, 0xA2, 0xBB, 0x55, 0x04, 0x18, 0x02, 0xA3, 0x17, 0xD4, 0x27, 0x50, 0xE6, 0xF8, 0x13, 0xC8,
    0xCA, 0xA0, 0x58, 0x90, 0xF5, 0x23, 0xD3, 0xF1, 0x4A, 0x41, 0x14, 0x0D, 0x2C, 0xA4, 0x85, 0x08,
    0x26, 0xCE, 0x9F, 0x1E, 0x24, 0x24, 0x87, 0x31, 0x36, 0xC0, 0x51, 0xEF, 0x21, 0xE1, 0xD0, 0x06,
    0xF5, 0x0E, 0xDF, 0x48, 0xC0, 0xAF, 0x62, 0x25, 0x1A, 0xCC, 0xC0, 0x5D, 0x90, 0x14, 0xC0, 0x86,
    0x17, 0x93, 0x2C, 0xAB, 0x73, 0x06, 0x3B, 0xDC, 0x23, 0x0E, 0xA1, 0xFA, 0x25, 0xF3, 0x61, 0x92,
    0x29, 0x56, 0x59, 0xB9, 0x33, 0x5F, 0xC6, 0xB0, 0x34, 0xD7, 0x3E, 0x00, 0xB4, 0x97, 0x72, 0x14,
    0xD1, 0x08, 0x69, 0xE3, 0xB5, 0x35, 0x3E, 0xDD, 0xBB, 0x3C, 0x9E, 0x05, 0x6A, 0xDC, 0xA7, 0x05,
    0xF8, 0x95, 0x3F, 0x69, 0x3F, 0xBB, 0x24, 0x0B, 0x5C, 0x28, 0x44, 0x82, 0x0F, 0x1D, 0xFD, 0x22,
    0xFC, 0x8E, 0xAD, 0x02, 0x42, 0x01, 0xEE, 0xFE, 0x1F, 0x73, 0x7A, 0xD7, 0xAD, 0x54, 0x35, 0xF4,
    0x26, 0x14, 0x7D, 0x9C, 0x9E, 0xD0, 0x3B, 0x14, 0x7C, 0xA2, 0x18, 0x60, 0x42, 0x0B, 0xED, 0x5E,
    0xEF, 0x13, 0xE0, 0x4F, 0x59, 0x23, 0xC8, 0xB6, 0x0C, 0x8C, 0x8D, 0xEC, 0x77, 0x32, 0x98, 0x40,
    0x21, 0x13, 0x1B, 0xD8, 0xEA, 0xAA, 0x05, 0xF7, 0xE8, 0xB1, 0x44, 0x4C, 0x3A, 0x76, 0x28, 0x68,
    0x21, 0x35, 0x76, 0x3F, 0x18, 0x51, 0xB4, 0x03, 0xE1, 0x38, 0x04, 0xA1, 0x08, 0xA1, 0xF5, 0xF6,
    0xCA, 0x74, 0x2C, 0x9D, 0x3A, 0x29, 0xA2, 0x5B, 0x58, 0x47, 0xA7, 0x93, 0x02, 0x63, 0x21, 0xC1,
    0x3E, 0x4F, 0x6B, 0x07, 0x2B, 0xB3, 0xED, 0x92, 0x90, 0xC5, 0x0E, 0x98, 0x8C, 0x46, 0x68, 0x4A,
    0x9C, 0xEB, 0x0D, 0x66, 0xB3, 0x1F, 0x39, 0x7B, 0x13, 0x6B, 0x42, 0xA7, 0x24, 0x72, 0x93, 0x44,
    0xD8, 0x77, 0x4D, 0x5E, 0xEC, 0x22, 0x40, 0x4C, 0x72, 0x2C, 0x0B, 0x33, 0x47, 0x28, 0x45, 0xB3,
    0x6D, 0x6F, 0x5A, 0x02, 0x01, 0xB8, 0x0D, 0x1D, 0x05, 0x54, 0x19, 0x5A, 0x13, 0x12, 0xEC, 0x22,
    0xC8, 0xC5, 0x12, 0xCE, 0x94, 0xED, 0xF2, 0xB4, 0x95, 0x78, 0x0D, 0x0E, 0x31, 0x03, 0x60, 0x60,
    0x70, 0xDA, 0x90, 0xB4, 0x08, 0x85, 0x8D, 0x26, 0x85, 0xD2, 0x1B, 0xDB, 0x88, 0x84, 0x58, 0xA9,
    0x60, 0x45, 0x1A, 0x56, 0x30, 0x04, 0x85, 0x01, 0x41, 0x00, 0xAF, 0x5F, 0x3C, 0x3B, 0x80, 0xEE,
    0xE5, 0x30, 0x38, 0xD6, 0x1D, 0xB2, 0xAE, 0x3F, 0x17, 0xA2, 0x96, 0xB0, 0x0D, 0xE1, 0xD8, 0x23,
    0xA0, 0x9E, 0x57, 0x19, 0xD2, 0xCD, 0xD8, 0x47, 0x90, 0x67, 0x4C, 0xB4, 0xDE, 0xB5, 0x17, 0x38,
    0x79, 0x0C, 0xBD, 0x61, 0xF4, 0xD8, 0x7F, 0x60, 0x83, 0xD2, 0x6F, 0x80, 0x6D, 0x25, 0x30, 0x45,
    0x0E, 0x21, 0xDC, 0x38, 0x1C, 0x1B, 0x77, 0xFC, 0xED, 0xB0, 0x28, 0x42, 0x0C, 0x92, 0x57, 0xEF,
    0x3D, 0x59, 0x32, 0x6B, 0xEF, 0x32, 0x4C, 0x40, 0xF0, 0x1E, 0x37, 0xEC, 0x46, 0xE5, 0xA5, 0x46,
    0xD7, 0x65, 0x0A, 0x9E, 0xED, 0x2E, 0xFF, 0x77, 0x88, 0xF0, 0xDE, 0xB6, 0x36, 0xF6, 0xF5, 0xE9,
    0xA6, 0x32, 0xF7, 0x13, 0x17, 0x58, 0xC7, 0x6B, 0xE0, 0x8D, 0x38, 0xA7, 0x0A, 0x5E, 0x9B, 0xE4,
    0x55, 0x5E, 0x1D, 0x1B, 0x65, 0xD2, 0x03, 0x57, 0x27, 0x10, 0xB8, 0x25, 0x40, 0x27, 0xC5, 0x24,
    0x08, 0x43, 0xCC, 0x5A, 0x62, 0x09, 0x37, 0x79, 0x1B, 0x0C, 0xF9, 0x29, 0x4A, 0x92, 0x35, 0x54,
    0xC8, 0x6E, 0x96, 0x85, 0xD2, 0x1B, 0x0E, 0x72, 0x54, 0xE9, 0x7C, 0xD6, 0x2B, 0xB1, 0x20, 0xF7,
    0xBA, 0x34, 0x88, 0x6D, 0xDB, 0x29, 0xF8, 0xD8, 0x0C, 0x46, 0x71, 0xC8, 0xC4, 0xC8, 0x49, 0x95,
    0x02, 0x16, 0x70, 0x83, 0x4C, 0x23, 0xB2, 0xF5, 0x2F, 0xD3, 0x92, 0x9F, 0xED, 0x56, 0x3B, 0x10,
    0x8F, 0x5E, 0x5A, 0x6B, 0x0B, 0x08, 0x6B, 0x50, 0x07, 0x90, 0x8D, 0x81, 0xC9, 0xC3, 0xF3, 0x79,
    0xCB, 0x4F, 0x39, 0xE0, 0x7C, 0x8F, 0x2D, 0xBB, 0x97, 0xE2, 0xF3, 0x3E, 0xCD, 0x3E, 0xC2, 0xA2,
    0x21, 0x22, 0x48, 0xA0, 0x81, 0x28, 0x5F, 0xDB, 0x1A, 0x70, 0x1C, 0xE0, 0x86, 0x22, 0x0C, 0x9F,
    0x44, 0x20, 0x7F, 0x84, 0xC7, 0x1D, 0x76, 0x9D, 0x40, 0xFE, 0x8B, 0x2E, 0xA0, 0x1D, 0x8F, 0x9B,
    0x48, 0xBC, 0xC9, 0x28, 0x29, 0x41, 0x80, 0x21, 0x20, 0x48, 0x14, 0x0E, 0xA1, 0x76, 0x9B, 0x4F,
    0x96, 0x8A, 0xEE, 0x1A, 0x05, 0x08, 0x74, 0x34, 0xAD, 0x1B, 0xA0, 0xBE, 0x64, 0xB5, 0x42, 0x05,
    0x00, 0x6D, 0xAC, 0x53, 0x81, 0x01, 0x91, 0x54, 0xE5, 0x90, 0x91, 0x2B, 0x43, 0x45, 0xFB, 0x99,
    0x49, 0x59, 0x04, 0x72, 0x78, 0x13, 0xB0, 0x94, 0xE7, 0xD5, 0x72, 0x49, 0x31, 0x65, 0xD4, 0x3E,
    0x68, 0xD1, 0x18, 0x64, 0x00, 0xC5, 0xDB, 0x21, 0x33, 0x52, 0xBD, 0x3B, 0x1E, 0x56, 0xE5, 0xB0,
    0xFC, 0xBB, 0x8A, 0x72, 0x1A, 0x4D, 0x81, 0x14, 0xCB, 0x18, 0xF9, 0xF0, 0x0E, 0x5F, 0x27, 0xC8,
    0x08, 0xA7, 0x16, 0x03, 0xA8, 0x13, 0xEE, 0x94, 0xB4, 0xB2, 0xB0, 0xC0, 0x4C, 0xAB, 0x60, 0xFD,
    0xB3, 0x97, 0xB0, 0x1B, 0xC0, 0x21, 0xD0, 0x02, 0x40, 0x11, 0x1A, 0xEE, 0x58, 0xB0, 0x51, 0x70,
    0x18, 0x30, 0x61, 0x41, 0xA6, 0x50, 0x0F, 0x58, 0x72, 0x88, 0x8F, 0xE5, 0x68, 0xD0, 0x1E, 0x4F,
    0x40, 0x0C, 0x39, 0x1B, 0xF0, 0x10, 0x74, 0xE6, 0x26, 0x32, 0x86, 0x30, 0xA1, 0xF7, 0xA1, 0x03,
    0xF0, 0x26, 0xB1, 0x0A, 0x28, 0x16, 0x06, 0xE4, 0xF7, 0x8D, 0xF6, 0x41, 0x77, 0xF4, 0x20, 0x33,
    0x20, 0x86, 0xA2, 0x42, 0x02, 0x3D, 0x44, 0xC8, 0xFC, 0x36, 0x18, 0x63, 0xC5, 0x53, 0x5B, 0x75,
    0xE0, 0xE7, 0x26, 0xD1, 0xB4, 0x9D, 0x3A, 0x14, 0x23, 0xE9, 0x44, 0x1E, 0x8F, 0x52, 0x04, 0x38,
    0xB4, 0xBF, 0x38, 0x8C, 0x16, 0xF5, 0x29, 0xA0, 0x20, 0x40, 0x91, 0x6F, 0x70, 0xAF, 0xDC, 0x42,
    0xC3, 0x11, 0x07, 0xE6, 0x94, 0x7A, 0xF6, 0xAA, 0x0A, 0x33, 0x02, 0x11, 0x82, 0x51, 0xD8, 0x0F,
    0x3E, 0xB7, 0xE8, 0x50, 0x72, 0xFE, 0x80, 0x34, 0x50, 0x74, 0x46, 0x21, 0xBF, 0xC4, 0x16, 0x60,
    0xEB, 0xD1, 0xC8, 0x50, 0x9C, 0x8A, 0xEC, 0x69, 0x49, 0x81, 0xA5, 0x29, 0x45, 0x3C, 0x35, 0xB1,
    0xA0, 0xDA, 0x4D, 0x0B, 0xC6, 0x10, 0xE9, 0x0C, 0x33, 0xEF, 0x75, 0x07, 0xE0, 0xEC, 0x3A, 0x82,
    0x95, 0x8A, 0x88, 0x85, 0x4A, 0x11, 0x47, 0xD5, 0xD2, 0x81, 0x92, 0x04, 0x41, 0x58, 0x30, 0x02,
    0x93, 0x45, 0xDD, 0x37, 0x07, 0x2D, 0x0F, 0x11, 0x80, 0x3F, 0xD0, 0xFD, 0xF6, 0x9F, 0xCF, 0x9B,
    0x42, 0x46, 0x04, 0xEE, 0x3A, 0x55, 0x1E, 0x5A, 0x3A, 0x04, 0xF0, 0x55, 0xC3, 0xDD, 0x74, 0xB4,
    0x1E, 0x11, 0x8A, 0x69, 0x8E, 0xB5, 0x00, 0xD2, 0xE0, 0xB0, 0x91, 0xD0, 0x78, 0xBA, 0x35, 0x39,
    0x41, 0x66, 0x64, 0xD9, 0xE6, 0xF1, 0x03, 0xE1, 0xF5, 0x74, 0x59, 0x89, 0x38, 0x19, 0x26, 0x62,
    0xB9, 0x8B, 0x06, 0x13, 0x86, 0x65, 0x87, 0xBC, 0x3A, 0xD1, 0x1A, 0x89, 0xB2, 0x4C, 0x83, 0x21,
    0x97, 0x19, 0x50, 0x96, 0x8D, 0x68, 0xD1, 0xA4, 0x64, 0x22, 0x26, 0x5D, 0x20, 0x96, 0x0D, 0xA0,
    0x55, 0x01, 0xEF, 0x55, 0x29, 0x00, 0xB0, 0xCD, 0xD8, 0x47, 0xB6, 0x05, 0x00, 0x43, 0xE6, 0x38,
    0x84, 0x44, 0x8E, 0x7E, 0xF1, 0xC1, 0xE2, 0x1A, 0x39, 0x23, 0x33, 0x13, 0x37, 0x7F, 0x1F, 0xA8,
    0x42, 0x9B, 0x3D, 0x66, 0x2B, 0xCE, 0x01, 0xA4, 0x52, 0x90, 0x69, 0x52, 0x94, 0x22, 0x16, 0x90,
    0xA0, 0x49, 0x00, 0x5C, 0xE3, 0x98, 0x42, 0x07, 0x8F, 0x05, 0x65, 0x0D, 0xC3, 0xF0, 0x52, 0xAB,
    0x51, 0x96, 0x91, 0x94, 0x32, 0x07, 0x5F, 0x06, 0x43, 0x30, 0x86, 0x14, 0xE6, 0x14, 0x1D, 0x7B,
    0x02, 0xF0, 0xA1, 0xD3, 0x9D, 0x21, 0x69, 0x51, 0x08, 0xE5, 0xC5, 0x76, 0x43, 0xA1, 0x85, 0xE7,
    0x14, 0x14, 0x99, 0xBB, 0xC5, 0x20, 0x28, 0x6F, 0xE3, 0xC0, 0xFE, 0x86, 0x0B, 0x6C, 0xFD, 0xF6,
    0x27, 0xEF, 0xFC, 0x71, 0xF4, 0xD8, 0xEA, 0x3B, 0x9A, 0x34, 0x76, 0x6C, 0xDD, 0x30, 0x1C, 0x1C,
    0x5F, 0x0C, 0x08, 0x47, 0x94, 0x85, 0x55, 0x4A, 0xAE, 0x1A, 0x9C, 0x99, 0x85, 0x89, 0x64, 0x00,
    0xE5, 0x05, 0x33, 0x60, 0x0A, 0x18, 0x03, 0xB3, 0x03, 0xEB, 0x61, 0x14, 0xF9, 0x28, 0x7C, 0xE1,
    0xDA, 0xBF, 0x30, 0x40, 0x5F, 0x26, 0xC3, 0x53, 0x19, 0xDC, 0xA0, 0x16, 0xF9, 0x4D, 0x65, 0x5E,
    0x3E, 0x31, 0x8E, 0x03, 0x04, 0x4B, 0x3C, 0xC7, 0x10, 0x34, 0x81, 0x9B, 0xC6, 0xD4, 0x44, 0x62,
    0x09, 0x54, 0x7B, 0xC3, 0xEB, 0x20, 0x05, 0x29, 0x3A, 0x85, 0x54, 0xA4, 0x78, 0x0D, 0xA4, 0x06,
    0x01, 0x16, 0xD7, 0x51, 0x14, 0x9F, 0xB3, 0x35, 0x28, 0x74, 0x00, 0xC6, 0x05, 0x19, 0x38, 0xA9,
    0x8E, 0x09, 0x28, 0x7D, 0xFE, 0x11, 0xFD, 0x88, 0x50, 0xBB, 0xA3, 0x21, 0x21, 0x20, 0x52, 0xFB,
    0xA3, 0x61, 0x97, 0x81, 0xF4, 0x06, 0xAB, 0x08, 0x2F, 0x9C, 0x7B, 0xC1, 0x78, 0x70, 0x70, 0x53,
    0xFB, 0xC2, 0x50, 0x34, 0xD3, 0x20, 0x43, 0x32, 0x11, 0xD4, 0x21, 0xF4, 0x08, 0xBF, 0x51, 0x21,
    0xC4, 0x93, 0xA1, 0x85, 0x0C, 0x58, 0x04, 0x64, 0x3B, 0x8D, 0x44, 0x48, 0x44, 0x19, 0x17, 0x76,
    0xFB, 0x03, 0x6A, 0xE1, 0x7A, 0x03, 0xAB, 0xB7, 0x68, 0xEF, 0x84, 0xF1, 0xF9, 0x3A, 0x0B, 0x0F,
    0x4C, 0x4B, 0x40, 0x82, 0x5D, 0xD6, 0xE1, 0x33, 0x0F, 0x62, 0x96, 0xBD, 0xC3, 0xE0, 0x43, 0xED,
    0xC7, 0xD5, 0xAF, 0x2F, 0x0E, 0x83, 0xDA, 0x5F, 0x9B, 0xEF, 0x42, 0x7B, 0x83, 0xC0, 0x81, 0xE0,
    0x1D, 0x46, 0x62, 0x64, 0x64, 0x81, 0x24, 0xF7, 0xC4, 0x42, 0xE8, 0xCC, 0x0B, 0x2D, 0x14, 0x84,
    0xA3, 0x42, 0x4C, 0x61, 0x17, 0x5B, 0x19, 0x40, 0xE1, 0x4A, 0x5E, 0x9B, 0xE9, 0xA0, 0x47, 0xD4,
    0x64, 0x83, 0x99, 0x73, 0x2E, 0x4C, 0xC1, 0x21, 0x12, 0x10, 0x0E, 0x72, 0x3C, 0x47, 0x07, 0x13,
    0xEB, 0xEC, 0x43, 0x7E, 0xBD, 0x10, 0x2B, 0xA0, 0xD2, 0x74, 0x49, 0x15, 0x1F, 0x5D, 0xC1, 0xED,
    0x23, 0x48, 0x54, 0xF1, 0xB0, 0xF3, 0x29, 0xF8, 0x86, 0x50, 0x0A, 0x51, 0x30, 0xE6, 0xA1, 0x81,
    0x08, 0xA0, 0xF9, 0x64, 0x7B, 0x43, 0x34, 0xA4, 0x74, 0x01, 0x9F, 0x2F, 0x24, 0x11, 0x46, 0x22,
    0x36, 0x9F, 0xD4, 0xD5, 0xB7, 0x6C, 0xB9, 0x34, 0x4D, 0xCC, 0x71, 0xA4, 0x5C, 0x66, 0x4A, 0x83,
    0xA0, 0x65, 0x4A, 0x8C, 0xE9, 0x1A, 0x09, 0x45, 0xA5, 0x94, 0x49, 0x0A, 0x14, 0x7C, 0x0B, 0x5D,
    0x34, 0xBB, 0x96, 0xB3, 0xE0, 0x64, 0x7E, 0xC2, 0x0C, 0x02, 0x6A, 0x29, 0xD7, 0x1B, 0x1F, 0x9F,
    0x94, 0x9F, 0x17, 0xDF, 0xF5, 0xB7, 0xE9, 0xAE, 0xB6, 0x81, 0xBC, 0x59, 0x00, 0x7A, 0xCA, 0x93,
    0xB0, 0xD5, 0xB2, 0x05, 0xE6, 0xD1, 0xEC, 0x11, 0x35, 0x00, 0x4D, 0xCF, 0x41, 0xDB, 0xD2, 0x6B,
    0xEB, 0x91, 0x9D, 0xCB, 0xD3, 0xD4, 0x40, 0xCA, 0x91, 0x4A, 0x02, 0x02, 0xE6, 0x14, 0xA7, 0xE8,
    0xFA, 0x39, 0xDE, 0x18, 0x21, 0xFC, 0xA4, 0x31, 0xAD, 0xB6, 0x1D, 0xAB, 0xE8, 0xC8, 0x18, 0x41,
    0x4A, 0x6A, 0x47, 0x8C, 0x06, 0xEC, 0x46, 0xC4, 0xE5, 0x83, 0x80, 0xC4, 0x6D, 0x0E, 0x40, 0xA6,
    0x88, 0x0F, 0x8A, 0xAA, 0x48, 0x6D, 0xB1, 0xB4, 0xC0, 0x83, 0x4B, 0x07, 0x13, 0xB2, 0x48, 0xBE,
    0xE6, 0x05, 0x0B, 0x8A, 0x34, 0xA0, 0xE8, 0x10, 0x77, 0x84, 0x9A, 0x8B, 0x82, 0x1D, 0x30, 0x66,
    0x94, 0x79, 0x13, 0x4A, 0x04, 0x4D, 0x55, 0x04, 0x55, 0x30, 0xC1, 0x01, 0x10, 0x8D, 0x01, 0x50,
    0x44, 0x43, 0x41, 0x59, 0x06, 0x10, 0xC5, 0x40, 0xB1, 0x35, 0x54, 0x11, 0x54, 0xC1, 0x30, 0x11,
    0x2D, 0x25, 0x19, 0x20, 0x98, 0x48, 0x2C, 0x4D, 0x55, 0x05, 0x45, 0x32, 0xA5, 0x44, 0x25, 0x00,
    0xD7, 0xE9, 0xDA, 0xB5, 0x44, 0xC3, 0x02, 0x04, 0x4A, 0x50, 0xB4, 0x87, 0x56, 0x97, 0xE8, 0xB2,
    0xF0, 0x5B, 0xC9, 0x13, 0x9B, 0x23, 0x10, 0x54, 0x41, 0x41, 0x30, 0x44, 0x20, 0x11, 0x00, 0x34,
    0x25, 0x01, 0x14, 0xC1, 0x48, 0x08, 0x50, 0x5E, 0xFF, 0x8B, 0xA0, 0x3D, 0x3C, 0xB9, 0x55, 0x41,
    0xE7, 0xFB, 0xE8, 0xDD, 0x2A, 0x7A, 0x10, 0x3F, 0x01, 0x2A, 0x07, 0x52, 0x7B, 0xF2, 0x9E, 0xFE,
    0x4E, 0x52, 0x44, 0x11, 0x50, 0x10, 0x45, 0x14, 0x0C, 0x59, 0x87, 0xD6, 0xF2, 0x8D, 0x8C, 0x66,
    0x67, 0xF7, 0x58, 0x89, 0x3E, 0xA5, 0xA3, 0x27, 0x06, 0x58, 0xFC, 0x76, 0xE1, 0x68, 0xA3, 0xC8,
    0xEA, 0x7D, 0xCF, 0xB7, 0xC9, 0xBC, 0xBC, 0x7B, 0xFC, 0x81, 0x4D, 0x2E, 0x65, 0x3B, 0x43, 0x9A,
    0x0D, 0x64, 0x6B, 0xE1, 0xE3, 0x89, 0xD8, 0xE3, 0x8E, 0xE3, 0x0F, 0x79, 0x03, 0xCA, 0x0E, 0x94,
    0x46, 0xA1, 0xD4, 0x21, 0x26, 0x4D, 0x41, 0x83, 0x74, 0x59, 0x49, 0x50, 0xB8, 0x6A, 0x04, 0x62,
    0xA1, 0xC8, 0xFA, 0x44, 0x78, 0x80, 0x70, 0x85, 0x80, 0x1F, 0x68, 0x4E, 0x48, 0x62, 0xF6, 0x27,
    0x10, 0xDF, 0xCC, 0xA1, 0x95, 0x0F, 0x69, 0x0B, 0x42, 0x29, 0x30, 0x85, 0x3C, 0x00, 0xEA, 0x27,
    0x62, 0x18, 0x91, 0xA3, 0xAA, 0xC9, 0x42, 0x82, 0x20, 0x99, 0xEA, 0x20, 0xDD, 0x76, 0xDE, 0x48,
    0xEA, 0x9F, 0x30, 0xF3, 0x15, 0xF8, 0x22, 0x3C, 0xC4, 0xDD, 0x99, 0xCF, 0x47, 0xD0, 0x4F, 0x6F,
    0x97, 0xEC, 0x53, 0x66, 0x3D, 0xEB, 0xF8, 0xA0, 0x05, 0x8A, 0xCD, 0x17, 0x61, 0x9D, 0x43, 0x81,
    0x20, 0x7E, 0x78, 0x53, 0x4D, 0x80, 0xC8, 0x32, 0x1B, 0x43, 0x99, 0x5D, 0x9C, 0x7C, 0xEB, 0xDE,
    0x71, 0x31, 0xCC, 0x67, 0xAC, 0xA5, 0xA8, 0x4F, 0xBC, 0xB4, 0x99, 0x20, 0x5A, 0x98, 0x00, 0x3C,
    0x04, 0x16, 0x44, 0x3C, 0xFD, 0x21, 0xB9, 0xC2, 0x62, 0x29, 0x27, 0x65, 0x36, 0x48, 0x66, 0x60,
    0x29, 0xD4, 0x90, 0x59, 0x3C, 0x0E, 0xC5, 0xD0, 0x03, 0x5C, 0x43, 0x05, 0x01, 0x99, 0x9F, 0x85,
    0xC1, 0xDC, 0x99, 0x18, 0xD9, 0x71, 0x91, 0x16, 0x40, 0x69, 0xA1, 0x8F, 0x2C, 0xAD, 0x9F, 0x98,
    0xD0, 0x53, 0x8E, 0x82, 0x9A, 0x4C, 0x19, 0x96, 0x20, 0x74, 0x2A, 0x65, 0x1A, 0x83, 0xAA, 0x41,
    0x36, 0x9B, 0x10, 0xFF, 0x8D, 0x66, 0x8C, 0x16, 0xE0, 0x83, 0x78, 0xE9, 0xE2, 0x8E, 0x4B, 0x70,
    0xD8, 0x1C, 0x51, 0x31, 0xDF, 0x42, 0x03, 0xE7, 0xC5, 0xA4, 0xA0, 0xA5, 0xA4, 0x62, 0x51, 0x1D,
    0x24, 0xA8, 0x0B, 0xBE, 0xC6, 0x0A, 0x0B, 0xA0, 0x65, 0x52, 0xA2, 0x29, 0x51, 0x77, 0x60, 0xA4,
    0x50, 0x03, 0x0A, 0x21, 0x04, 0x4D, 0x9E, 0x3B, 0xF8, 0xA7, 0x63, 0xB2, 0x6F, 0xF4, 0xE9, 0x4B,
    0x44, 0xDB, 0xB6, 0xF8, 0x54, 0x31, 0x0B, 0x35, 0x57, 0x92, 0x1B, 0x7A, 0xAC, 0xD1, 0xC4, 0x5F,
    0x52, 0x86, 0x9F, 0x90, 0x5C, 0x9C, 0x19, 0x4A, 0x39, 0xFB, 0x33, 0x04, 0x0E, 0x7C, 0x58, 0x5C,
    0xBA, 0x9E, 0x9A, 0x31, 0x72, 0x4D, 0x6D, 0xAC, 0x69, 0x36, 0x4A, 0x89, 0xB6, 0x16, 0xF0, 0x42,
    0x91, 0xAB, 0xB4, 0x2A, 0xA8, 0x70, 0x1C, 0x07, 0x8C, 0x1D, 0xD3, 0xB0, 0x8F, 0x5F, 0x33, 0x62,
    0x20, 0xF1, 0xB0, 0x88, 0x61, 0x08, 0x61, 0x3B, 0x4E, 0x47, 0x47, 0x15, 0xA0, 0xDB, 0x0E, 0xEC,
    0xC0, 0xA8, 0x12, 0x48, 0x20, 0x3E, 0xF8, 0x5F, 0x63, 0xD1, 0xCE, 0xFA, 0x64, 0x7D, 0x55, 0xD1,
    0xE6, 0x28, 0xBD, 0xC5, 0x86, 0xB9, 0x4C, 0xAC, 0x03, 0xA1, 0x34, 0x89, 0x9C, 0x1B, 0xFD, 0xFB,
    0x44, 0x3E, 0x4C, 0x42, 0x13, 0x25, 0x7A, 0x61, 0xB6, 0x7B, 0xA7, 0x0B, 0x83, 0xDB, 0xE5, 0x46,
    0xB4, 0x6A, 0x12, 0x20, 0xFA, 0x42, 0x1E, 0xA1, 0xBA, 0xA0, 0x9D, 0xE1, 0x69, 0xDA, 0xB3, 0x2C,
    0x6D, 0x6A, 0xE4, 0xCB, 0x88, 0xB1, 0x03, 0xCE, 0x03, 0x50, 0x97, 0x2F, 0xF6, 0x47, 0x47, 0x99,
    0x50, 0xC7, 0xCC, 0x5E, 0x83, 0xF6, 0xF3, 0x50, 0x7E, 0x4A, 0xFC, 0xDF, 0xBF, 0xA3, 0xF8, 0x27,
    0x73, 0xEB, 0x91, 0x18, 0x1F, 0xC9, 0x1D, 0x00, 0xC7, 0xAB, 0xD9, 0xF9, 0xF5, 0x05, 0x24, 0x4A,
    0xC5, 0x28, 0x48, 0xAC, 0x92, 0xAD, 0x2A, 0x8D, 0x22, 0x7B, 0xE9, 0xEF, 0x7F, 0x60, 0x24, 0xA6,
    0xA6, 0x21, 0xD9, 0xCA, 0x68, 0x6B, 0x04, 0xDD, 0x5F, 0xEF, 0x94, 0xE8, 0x8F, 0xAC, 0x8A, 0x89,
    0x05, 0x85, 0xBF, 0xB6, 0xC4, 0xC4, 0x21, 0x92, 0x29, 0xD6, 0x17, 0xF5, 0x79, 0x8E, 0xD1, 0x43,
    0xC3, 0xCF, 0x98, 0x64, 0x10, 0x42, 0x78, 0xB8, 0xFB, 0x00, 0xC3, 0x49, 0x09, 0xB7, 0x56, 0xA3,
    0xA4, 0x1F, 0x88, 0x82, 0xA2, 0x02, 0x00, 0x95, 0x3A, 0x45, 0x0E, 0x99, 0x1C, 0x91, 0x29, 0x0F,
    0x8D, 0x60, 0x0D, 0x48, 0xBA, 0x1F, 0xA8, 0x01, 0xE4, 0x88, 0x42, 0x12, 0x01, 0x0A, 0x98, 0x3C,
    0x22, 0xF8, 0xC0, 0x4C, 0xFA, 0xE7, 0x3D, 0x21, 0xAE, 0xD1, 0x21, 0x7C, 0x63, 0xC7, 0x30, 0x29,
    0x01, 0x5C, 0x25, 0xC0, 0x1A, 0x42, 0x39, 0x21, 0x2D, 0xA7, 0x84, 0x8C, 0xEA, 0x71, 0x0D, 0x0F,
    0x9F, 0x86, 0xAA, 0x58, 0x45, 0x92, 0xC8, 0x4D, 0xF8, 0xAB, 0x66, 0x69, 0xC8, 0x49, 0x58, 0x9B,
    0x77, 0x80, 0x1D, 0x60, 0xB8, 0x2E, 0x4F, 0xE9, 0x31, 0x71, 0x68, 0xB2, 0x1E, 0x06, 0x40, 0x6E,
    0xDB, 0x25, 0x15, 0x69, 0x65, 0xD5, 0xA8, 0x9B, 0xA2, 0xB2, 0xCC, 0x06, 0x0C, 0x10, 0x91, 0x22,
    0x92, 0x08, 0x62, 0x10, 0x14, 0xF1, 0x81, 0xE8, 0xE8, 0xE9, 0xF9, 0xE8, 0x7A, 0xBF, 0x33, 0x00,
    0x35, 0x96, 0x9B, 0x59, 0xA1, 0x07, 0x60, 0xA7, 0x8D, 0x30, 0x8F, 0x00, 0x61, 0x48, 0x11, 0x5A,
    0x3E, 0x50, 0x29, 0xE4, 0x34, 0x02, 0xB5, 0x02, 0x7D, 0x62, 0x23, 0xC0, 0x27, 0x61, 0xC5, 0x99,
    0x30, 0x0B, 0xB1, 0x14, 0xCA, 0xA8, 0x44, 0x5D, 0x48, 0xBB, 0x1C, 0x3B, 0x3B, 0x75, 0x04, 0xE7,
    0x67, 0x2E, 0x27, 0xAF, 0x32, 0xF2, 0x35, 0x60, 0x9A, 0x2A, 0xA9, 0xA1, 0xE4, 0x73, 0x4E, 0x17,
    0x57, 0x3F, 0xB9, 0x1F, 0xC7, 0xFD, 0x3B, 0x38, 0xC7, 0xDD, 0xD3, 0xE0, 0xF4, 0xC2, 0xBA, 0xCF,
    0x40, 0x69, 0xE9, 0x1F, 0x98, 0xDA, 0xCE, 0xE9, 0x81, 0xB8, 0xDF, 0x9F, 0xD1, 0x67, 0x39, 0x73,
    0x41, 0xA5, 0xED, 0x91, 0xCC, 0x3D, 0x0C, 0x03, 0xA9, 0x3A, 0xFD, 0x16, 0x52, 0x6E, 0x10, 0x43,
    0x8F, 0x65, 0x2A, 0x8D, 0x24, 0xB1, 0x4C, 0x24, 0x15, 0xA3, 0x9B, 0x7E, 0xE3, 0x5F, 0x08, 0x32,
    0x78, 0x24, 0x0F, 0xA7, 0xF2, 0x5D, 0xA1, 0x0F, 0x2E, 0x5F, 0xA1, 0x70, 0x06, 0xF5, 0x88, 0x07,
    0x3E, 0x7D, 0xA2, 0x61, 0x46, 0x35, 0x39, 0x92, 0x94, 0x64, 0x64, 0x1A, 0x8C, 0x1B, 0x69, 0xBB,
    0x16, 0x25, 0x65, 0xC9, 0x70, 0xC8, 0x69, 0x26, 0x9C, 0x35, 0x95, 0xAD, 0xC3, 0x23, 0x4C, 0x10,
    0x1A, 0xD5, 0x07, 0x43, 0x96, 0x56, 0x2D, 0x92, 0xC5, 0x36, 0x13, 0x63, 0x29, 0x59, 0x08, 0xDB,
    0x11, 0xA3, 0x2D, 0x0B, 0x94, 0x6D, 0x60, 0x01, 0x44, 0x89, 0x30, 0x32, 0x52, 0x83, 0x64, 0x08,
    0x33, 0x53, 0x43, 0xA0, 0xF4, 0x98, 0xEA, 0xA2, 0x2E, 0x8E, 0xC2, 0x65, 0x46, 0x90, 0xDC, 0x94,
    0x1B, 0x4D, 0xCB, 0xAC, 0x4D, 0x31, 0xC6, 0x23, 0x01, 0xDC, 0xCC, 0xC0, 0xC1, 0x96, 0x44, 0x89,
    0x47, 0x57, 0xD8, 0x6A, 0x34, 0x15, 0x34, 0x31, 0xA5, 0xB8, 0x75, 0x58, 0xB4, 0x26, 0x5D, 0x9A,
    0xC3, 0x44, 0x31, 0x19, 0x11, 0x23, 0x11, 0x6C, 0xB2, 0x13, 0xDC, 0x43, 0x02, 0xE7, 0x01, 0x56,
    0x80, 0xE6, 0x89, 0xC6, 0x24, 0x0B, 0x58, 0x98, 0xC8, 0x26, 0xA0, 0x69, 0xD7, 0x81, 0x83, 0x90,
    0x69, 0x09, 0xFD, 0x65, 0x48, 0x29, 0x7E, 0xA0, 0xD4, 0x21, 0x8D, 0xC6, 0x28, 0x89, 0x39, 0x39,
    0xA1, 0x30, 0x93, 0x01, 0x28, 0x29, 0x20, 0xBA, 0x34, 0x4D, 0x80, 0xB1, 0x76, 0x9D, 0x0A, 0xA8,
    0xF1, 0xB0, 0x56, 0xE8, 0x40, 0x02, 0x00, 0x7D, 0x17, 0xC7, 0x67, 0x86, 0x65, 0x6E, 0x89, 0xAC,
    0x41, 0x91, 0x21, 0x52, 0x4C, 0x32, 0xA2, 0x22, 0xC5, 0xD7, 0x1C, 0x75, 0x32, 0x66, 0x16, 0x73,
    0x3E, 0x50, 0x83, 0xC9, 0xCC, 0x28, 0x47, 0xF0, 0x23, 0xD4, 0x0E, 0xC5, 0x6B, 0x19, 0x87, 0x10,
    0xA6, 0x64, 0x24, 0x64, 0x70, 0x75, 0xA1, 0xC1, 0x99, 0x5D, 0x66, 0x55, 0x56, 0x06, 0x03, 0x28,
    0x4C, 0xA4, 0xCA, 0x4C, 0x03, 0x41, 0xCB, 0xF6, 0x07, 0x4E, 0xC0, 0xFD, 0x86, 0x03, 0xD5, 0x3A,
    0x81, 0xD4, 0x4A, 0xF1, 0xD5, 0xF2, 0x32, 0xE7, 0x9C, 0x5B, 0x52, 0x13, 0x0D, 0x61, 0x4A, 0x41,
    0x4A, 0xB9, 0x30, 0x4A, 0x21, 0xC8, 0x12, 0x48, 0x30, 0x20, 0x0C, 0x42, 0x14, 0x63, 0x03, 0x09,
    0x01, 0xD9, 0x02, 0x11, 0x0D, 0x86, 0xFA, 0x68, 0x2E, 0x66, 0x9C, 0x5C, 0x17, 0xB4, 0x74, 0x95,
    0x33, 0x4A, 0x50, 0x8E, 0x29, 0xE7, 0x84, 0x94, 0x20, 0x95, 0x97, 0x09, 0x54, 0x20, 0x4E, 0x39,
    0x86, 0x42, 0x23, 0x2C, 0x71, 0xD0, 0xEC, 0xC4, 0x42, 0x94, 0x4E, 0x8D, 0x82, 0x16, 0x62, 0x90,
    0x52, 0x03, 0x6C, 0x14, 0x04, 0xC8, 0xF2, 0x04, 0x7A, 0x30, 0x7C, 0xC7, 0x4E, 0x43, 0x29, 0x44,
    0x12, 0x10, 0x8E, 0x80, 0xD1, 0x7A, 0xE3, 0x03, 0xDA, 0x78, 0xDC, 0x95, 0x4E, 0x9A, 0xDC, 0xDC,
    0x19, 0x81, 0x79, 0x1D, 0x40, 0x4A, 0x8E, 0xF2, 0x74, 0x8C, 0x0E, 0x42, 0xA1, 0x10, 0xA0, 0x62,
    0x42, 0x13, 0x23, 0x01, 0x08, 0x31, 0x13, 0x4A, 0x07, 0x61, 0xA5, 0xB0, 0xE3, 0x81, 0xA9, 0x81,
    0x2B, 0xD5, 0x4B, 0x18, 0x08, 0x6E, 0x16, 0x50, 0x31, 0x7D, 0x55, 0xC2, 0xF7, 0x62, 0x10, 0x88,
    0x77, 0x79, 0x74, 0xBD, 0x80, 0xFD, 0xB5, 0x3C, 0xD1, 0xAF, 0x29, 0x9D, 0x1C, 0x3E, 0x04, 0x40,
    0xC2, 0x27, 0x94, 0x61, 0x08, 0x99, 0xA3, 0x86, 0x7E, 0x33, 0x41, 0xE0, 0x48, 0x60, 0x3C, 0x2C,
    0x04, 0x20, 0x84, 0x82, 0x09, 0xA9, 0x88, 0xA2, 0x88, 0x98, 0x84, 0x94, 0x90, 0x83, 0x5A, 0x47,
    0xAF, 0xD2, 0x74, 0x91, 0x83, 0xCE, 0x78, 0x84, 0x65, 0xDE, 0x12, 0x6E, 0x40, 0xC6, 0xF1, 0xB3,
    0xC0, 0xEA, 0xB9, 0x54, 0xDB, 0x15, 0x87, 0x05, 0x05, 0xC1, 0x0C, 0x04, 0x41, 0x5E, 0x22, 0x2B,
    0x49, 0x09, 0x51, 0xD4, 0x6D, 0x49, 0x91, 0x06, 0xF3, 0x9F, 0x34, 0x16, 0x62, 0x44, 0x61, 0x63,
    0xB6, 0x4A, 0x06, 0x16, 0x54, 0x01, 0x89, 0x0E, 0x41, 0x32, 0x14, 0xEF, 0x66, 0xF8, 0xEC, 0x42,
    0x66, 0x18, 0x86, 0xA4, 0xC8, 0x32, 0x4A, 0x1D, 0x6B, 0x13, 0x52, 0x59, 0x61, 0x4B, 0x41, 0x86,
    0x62, 0x04, 0x40, 0x14, 0x01, 0x84, 0xC4, 0xA3, 0x34, 0x43, 0x32, 0xED, 0x52, 0x18, 0xC0, 0xB0,
    0xE6, 0x55, 0x4D, 0xB6, 0xC0, 0x34, 0x8D, 0x29, 0x85, 0x34, 0xAA, 0x1B, 0x51, 0xA8, 0xEC, 0x4A,
    0x46, 0x49, 0x07, 0x0D, 0xF4, 0x55, 0x0D, 0x44, 0x11, 0x0B, 0x0C, 0x04, 0x8E, 0x8B, 0x41, 0xA5,
    0x02, 0xCA, 0x05, 0x20, 0xEC, 0x0D, 0x8C, 0x18, 0x01, 0x6A, 0x8D, 0xCB, 0x12, 0x8A, 0x29, 0x8E,
    0x48, 0x95, 0x81, 0x70, 0x10, 0x14, 0xB4, 0xBA, 0xC4, 0x45, 0x34, 0x2D, 0x01, 0x14, 0x1A, 0xB3,
    0x32, 0x30, 0x4C, 0x80, 0x86, 0x12, 0x42, 0x10, 0x09, 0x4C, 0x17, 0x48, 0x16, 0x1B, 0x93, 0xC9,
    0xA6, 0x60, 0x1A, 0x02, 0x1A, 0x66, 0xDC, 0x0E, 0xCF, 0x21, 0xD2, 0x1F, 0x45, 0x5C, 0x85, 0xF7,
    0x5D, 0xDD, 0x72, 0x2C, 0x40, 0xC4, 0x57, 0x04, 0x6C, 0x3A, 0x71, 0x65, 0x40, 0x31, 0x05, 0x52,
    0x26, 0x07, 0xAE, 0x71, 0x75, 0x4A, 0x95, 0xAE, 0x15, 0x04, 0x88, 0x54, 0x9D, 0x37, 0x7A, 0x67,
    0x00, 0xC0, 0xE3, 0x3E, 0x1F, 0x3F, 0x00, 0x83, 0xEB, 0xFB, 0xFB, 0x55, 0xD9, 0xBF, 0x66, 0x42,
    0x04, 0xDC, 0x01, 0x44, 0x40, 0xFD, 0xB8, 0x86, 0xA6, 0x20, 0x15, 0x00, 0x1E, 0xA1, 0xDC, 0xE6,
    0x7F, 0x5D, 0x09, 0x25, 0x88, 0x22, 0x08, 0x81, 0x81, 0x12, 0x65, 0x15, 0x0F, 0xBD, 0xE6, 0xF2,
    0x03, 0x49, 0xB4, 0xCC, 0x55, 0x54, 0x45, 0x20, 0x7D, 0x54, 0x02, 0x14, 0x5C, 0xFF, 0x00, 0x1F,
    0x6F, 0x51, 0x80, 0x08, 0x06, 0x4F, 0x63, 0xD8, 0x42, 0x04, 0x64, 0x10, 0xFC, 0xDB, 0x69, 0x54,
    0xBD, 0xB3, 0x9D, 0xC9, 0x04, 0x6F, 0x6B, 0x5E, 0x87, 0xCC, 0x9E, 0xD2, 0xED, 0x83, 0xDF, 0x80,
    0x81, 0x76, 0x92, 0xE8, 0x81, 0x51, 0x46, 0xAA, 0x3D, 0x4F, 0x5F, 0x62, 0x32, 0x40, 0x07, 0x41,
    0xDA, 0x76, 0xF7, 0x03, 0xAF, 0x9D, 0x14, 0xF0, 0x5F, 0x48, 0x01, 0x4E, 0x24, 0x7D, 0xDF, 0x83,
    0x6C, 0xA3, 0xE9, 0x07, 0xD6, 0xA9, 0x07, 0x5F, 0xBD, 0x4B, 0xDC, 0x43, 0xA4, 0x34, 0x2F, 0xA6,
    0x1A, 0xAA, 0x58, 0x65, 0x73, 0xA8, 0xC0, 0x4E, 0x49, 0x3C, 0x0A, 0x0D, 0xF1, 0x35, 0x22, 0x55,
    0x0A, 0x53, 0x45, 0xE7, 0xF8, 0x52, 0x91, 0x2B, 0xBC, 0x65, 0x1E, 0x10, 0xD1, 0x89, 0x27, 0xAC,
    0xE4, 0xE2, 0x00, 0xED, 0x20, 0x52, 0x9E, 0xCF, 0x65, 0x94, 0x29, 0x90, 0x82, 0xE8, 0x82, 0x78,
    0x73, 0x50, 0xEF, 0x25, 0xB8, 0xF0, 0xDB, 0x18, 0x4D, 0x2A, 0x97, 0x88, 0x41, 0xEF, 0x47, 0xB7,
    0x73, 0x17, 0x25, 0xE6, 0x2B, 0xC8, 0x3A, 0xD1, 0x91, 0x88, 0x08, 0x91, 0x2A, 0xA9, 0x12, 0x64,
    0x29, 0x00, 0x21, 0x68, 0x89, 0x82, 0x90, 0x24, 0x08, 0xD4, 0x21, 0x07, 0xF0, 0x04, 0x2E, 0x09,
    0x02, 0x47, 0x77, 0x0D, 0x9F, 0x70, 0x40, 0xF2, 0xDC, 0xE5, 0xC6, 0x48, 0xE6, 0x3D, 0x38, 0x43,
    0x3A, 0x3D, 0x3D, 0x9D, 0x06, 0xE5, 0x3A, 0x92, 0x78, 0xC3, 0xC2, 0xFB, 0x37, 0x8E, 0x67, 0xD2,
    0xB2, 0xDB, 0x24, 0xBA, 0x0A, 0x76, 0x08, 0xB9, 0x89, 0x4A, 0x56, 0x06, 0x35, 0x83, 0xDE, 0x35,
    0x1A, 0xC5, 0x72, 0x90, 0x60, 0x47, 0x5A, 0x14, 0x64, 0x71, 0xCE, 0xC1, 0xC6, 0xC4, 0x95, 0x20,
    0x7F, 0x35, 0x26, 0x6E, 0x1B, 0x8E, 0xED, 0xBB, 0xAB, 0xA9, 0x13, 0x7B, 0x30, 0x2C, 0x04, 0x8C,
    0x0A, 0x50, 0x85, 0x0E, 0xDE, 0xC4, 0xF4, 0x11, 0x4C, 0xF6, 0x63, 0xD3, 0xE3, 0x0E, 0x0E, 0xBA,
    0x50, 0xF4, 0xAD, 0x72, 0x53, 0x9C, 0x9E, 0xBE, 0xE7, 0x47, 0xFF, 0xB0, 0xC2, 0xF5, 0x06, 0xE7,
    0xD7, 0x18, 0xC9, 0x24, 0x43, 0x4D, 0x83, 0xD8, 0xA8, 0xD1, 0x54, 0xA0, 0x60, 0x86, 0x1E, 0x78,
    0x59, 0x50, 0x60, 0x3A, 0xD3, 0xB9, 0xE6, 0x44, 0x9E, 0xB7, 0xDD, 0x74, 0xB0, 0x18, 0x1C, 0x3B,
    0x4E, 0x7E, 0x86, 0x66, 0x04, 0x5E, 0x1C, 0x1B, 0x97, 0x7F, 0xE1, 0xD9, 0xA2, 0x94, 0x99, 0x41,
    0x66, 0x53, 0x43, 0x0C, 0xA9, 0xF9, 0xE0, 0x13, 0x7A, 0x68, 0x82, 0x75, 0xE0, 0xDF, 0xBD, 0x05,
    0x40, 0x62, 0xC0, 0x0E, 0xC5, 0xFD, 0x7E, 0xA5, 0xF9, 0xE6, 0xAE, 0x76, 0x1B, 0xDE, 0x18, 0x74,
    0x36, 0xE1, 0x20, 0xF3, 0x14, 0x61, 0xDD, 0xE2, 0x8B, 0x62, 0xBC, 0x4E, 0x6E, 0xF1, 0xD5, 0xA6,
    0xE3, 0xEB, 0x9C, 0xCC, 0xEB, 0x9D, 0x0B, 0x9E, 0x92, 0x85, 0xD0, 0x0C, 0x90, 0x40, 0x12, 0x40,
    0xB6, 0xC7, 0x02, 0xC1, 0x3A, 0x0E, 0x24, 0x76, 0x04, 0x41, 0x2C, 0x50, 0x06, 0x55, 0x88, 0xD0,
    0x7D, 0x00, 0x1C, 0x47, 0x7B, 0x28, 0x91, 0x87, 0xE7, 0x04, 0x82, 0x15, 0xE4, 0x66, 0x89, 0x7E,
    0xB3, 0xD9, 0xBB, 0x9D, 0xCC, 0x95, 0x17, 0x95, 0xD3, 0xCF, 0xC2, 0x1E, 0xD1, 0x07, 0x84, 0xB0,
    0xBE, 0xC4, 0xBF, 0xA2, 0x1D, 0xB0, 0xAC, 0x83, 0xDC, 0xD7, 0xEC, 0x99, 0xB4, 0x90, 0x0C, 0x48,
    0x60, 0x1C, 0xCB, 0x06, 0x12, 0x73, 0x38, 0xE9, 0xD1, 0xF7, 0xF0, 0xB3, 0x13, 0xF9, 0x67, 0x02,
    0x4B, 0x97, 0x35, 0x99, 0xEF, 0x79, 0x8F, 0x24, 0x61, 0x2D, 0x0F, 0x3C, 0x70, 0xF3, 0xA2, 0x9C,
    0x7B, 0x7C, 0x89, 0x80, 0x61, 0x33, 0xEA, 0x4E, 0x43, 0x80, 0x24, 0x15, 0x2D, 0x0F, 0x4A, 0x09,
    0x88, 0x90, 0x04, 0x9A, 0xB6, 0x0F, 0xC9, 0x94, 0x7E, 0x33, 0xED, 0xF4, 0xBF, 0xA5, 0xC1, 0x44,
    0xDD, 0xEB, 0x50, 0xEF, 0xEA, 0xB4, 0xB9, 0xE4, 0x80, 0xFD, 0x07, 0xD8, 0x73, 0x21, 0x4A, 0x00,
    0x69, 0x53, 0xC3, 0x75, 0xF7, 0x41, 0x73, 0x64, 0x48, 0x61, 0x90, 0x05, 0xD6, 0x94, 0x2B, 0x12,
    0xA9, 0x0D, 0x39, 0x8B, 0x72, 0x40, 0x0F, 0x71, 0x3B, 0xE6, 0x36, 0x43, 0x39, 0x38, 0x41, 0x94,
    0x10, 0xC1, 0x58, 0x90, 0x51, 0x20, 0x41, 0x4D, 0x44, 0x42, 0x41, 0x44, 0xF6, 0xC8, 0xE0, 0x50,
    0x4C, 0x49, 0x9F, 0x7F, 0x48, 0x1D, 0xBC, 0x7D, 0x49, 0x1C, 0x88, 0x00, 0x0D, 0xFD, 0x38, 0xAC,
    0x60, 0xE3, 0x08, 0x4C, 0x4E, 0x38, 0x0B, 0xD1, 0xF5, 0x0C, 0x21, 0x18, 0x8C, 0x8A, 0xF6, 0x26,
    0xA7, 0x2C, 0xC4, 0x2A, 0x25, 0x20, 0xA0, 0x38, 0xFB, 0x61, 0xE2, 0x1C, 0x33, 0x7F, 0x32, 0xBB,
    0x75, 0xFE, 0x6B, 0x14, 0xED, 0x08, 0x17, 0x66, 0xC9, 0x81, 0x88, 0x18, 0x06, 0x84, 0xC7, 0xF4,
    0xC9, 0xC5, 0xF9, 0x5F, 0x50, 0xC7, 0x8E, 0x37, 0xD9, 0xF0, 0xBD, 0x3A, 0x3F, 0xAA, 0xCC, 0xA2,
    0x94, 0x21, 0x71, 0x95, 0x49, 0x1E, 0xD6, 0xD8, 0x9A, 0x26, 0x62, 0xD6, 0xA9, 0xE8, 0xCE, 0x9A,
    0x0B, 0x0E, 0xA1, 0x56, 0x70, 0x62, 0x93, 0x73, 0xD8, 0x9F, 0x64, 0x4E, 0x48, 0x78, 0xA0, 0x9E,
    0x7E, 0x7F, 0x13, 0x14, 0x51, 0x05, 0x55, 0x52, 0x2C, 0x84, 0x33, 0x0B, 0xC0, 0x56, 0x1C, 0x92,
    0x98, 0x8A, 0x20, 0x22, 0x9A, 0x68, 0xA1, 0x89, 0x16, 0x06, 0x22, 0x39, 0x89, 0xF6, 0x9E, 0x64,
    0x10, 0x10, 0xC4, 0x72, 0xF0, 0x0D, 0x0B, 0xD9, 0x82, 0x75, 0x68, 0x17, 0x84, 0x12, 0x64, 0xE0,
    0xD1, 0xCB, 0x56, 0x8E, 0xE8, 0x36, 0xDF, 0x1C, 0x92, 0xE3, 0x16, 0x18, 0x43, 0xE6, 0x94, 0xC8,
    0x6B, 0x68, 0xC2, 0x6E, 0x32, 0x18, 0x11, 0x3D, 0xB8, 0x63, 0x44, 0x49, 0xAC, 0x72, 0xCC, 0xC5,
    0x82, 0x99, 0x24, 0xA5, 0x25, 0xA7, 0x08, 0x30, 0x89, 0x28, 0x0B, 0x6C, 0xC7, 0x24, 0xCA, 0x96,
    0x82, 0xA8, 0x91, 0xA1, 0x20, 0x93, 0x33, 0x03, 0x7C, 0x1C, 0xA5, 0x82, 0x2A, 0xB4, 0x1E, 0xFA,
    0x1B, 0xEC, 0x2E, 0xD2, 0x8E, 0x4A, 0x1A, 0x75, 0x85, 0x89, 0x83, 0x03, 0x26, 0x27, 0x92, 0x8A,
    0x84, 0x89, 0x31, 0xC0, 0x0B, 0x1B, 0xE8, 0xCE, 0x92, 0xC4, 0xFD, 0x90, 0xE5, 0x0A, 0x57, 0x64,
    0x43, 0x09, 0x08, 0x08, 0x84, 0x0A, 0x90, 0xE9, 0xCC, 0x40, 0xE0, 0x12, 0x18, 0x0C, 0xA0, 0x4B,
    0x28, 0x7E, 0x81, 0x6A, 0x04, 0x7C, 0x54, 0x21, 0x00, 0xC0, 0x60, 0x30, 0x18, 0x1C, 0x10, 0x17,
    0xB7, 0x20, 0x3D, 0x9E, 0xD6, 0x04, 0x23, 0x98, 0xA1, 0x45, 0x86, 0x0E, 0x01, 0x90, 0xA9, 0x8E,
    0xDE, 0x51, 0xFB, 0x6E, 0x66, 0xC7, 0xB8, 0x0E, 0xCE, 0x41, 0x45, 0x42, 0xCB, 0xD3, 0x71, 0x60,
    0xE9, 0x2A, 0x07, 0xC8, 0xF2, 0xD8, 0x3B, 0x83, 0xC1, 0x4E, 0x43, 0xC0, 0x0D, 0xE0, 0x0D, 0xA4,
    0x0C, 0x49, 0xEF, 0xA5, 0x15, 0xB0, 0x2C, 0x08, 0x54, 0x9A, 0x69, 0x35, 0x6D, 0xB5, 0xB1, 0x8C,
    0x3E, 0x4C, 0x15, 0x1B, 0x0C, 0xB0, 0x26, 0x61, 0x60, 0xD1, 0x08, 0xD4, 0x54, 0x28, 0x41, 0x42,
    0x31, 0x68, 0xD4, 0x1A, 0xCC, 0xA4, 0x71, 0x90, 0x45, 0xFA, 0x67, 0x8C, 0xF4, 0x32, 0x74, 0x4D,
    0xF4, 0x4C, 0x4F, 0xA0, 0x64, 0x80, 0xE3, 0x25, 0xAD, 0x6D, 0xC9, 0x6B, 0x41, 0xC0, 0x09, 0x5A,
    0x9B, 0x66, 0x87, 0x01, 0x2D, 0x6E, 0xEE, 0xB5, 0x65, 0xAE, 0x14, 0x0C, 0x39, 0x28, 0xDA, 0x5D,
    0x54, 0xC8, 0xF7, 0x3F, 0x71, 0x86, 0xF2, 0x03, 0xD1, 0xAA, 0x13, 0x02, 0x06, 0xFF, 0x3B, 0x20,
    0xF5, 0xE4, 0x1C, 0xDC, 0xD0, 0x8D, 0x2E, 0xF8, 0x00, 0xCF, 0x71, 0x91, 0x84, 0x38, 0x0C, 0x60,
    0x1F, 0xA4, 0x11, 0x76, 0x7A, 0x22, 0x65, 0x3C, 0xA3, 0xC9, 0x91, 0xE9, 0x7A, 0xC1, 0x90, 0x36,
    0x6F, 0xAB, 0xAC, 0x04, 0xC2, 0x1A, 0x20, 0x02, 0x20, 0x88, 0x59, 0x5A, 0x43, 0x19, 0x31, 0x08,
    0x4A, 0x16, 0x5F, 0xDA, 0xCC, 0x5C, 0xC7, 0x17, 0x30, 0x31, 0x60, 0xFE, 0xDF, 0x99, 0x77, 0x03,
    0xCF, 0x00, 0x31, 0x9B, 0x1D, 0x72, 0x4A, 0x76, 0x20, 0x1B, 0xE2, 0x1D, 0x4E, 0xEE, 0x9E, 0x74,
    0xE0, 0x45, 0xD5, 0xA7, 0x82, 0xC4, 0xB2, 0x18, 0x39, 0x1A, 0x9C, 0x0C, 0x10, 0x63, 0x40, 0xC3,
    0xA5, 0x5C, 0x3D, 0x22, 0x0F, 0xA9, 0xCD, 0x97, 0xD1, 0xB2, 0x94, 0x84, 0xE3, 0x09, 0x15, 0xC2,
    0x80, 0x34, 0x11, 0x34, 0x52, 0x82, 0x3F, 0x22, 0xF0, 0xF2, 0x23, 0xDA, 0x03, 0xBF, 0xCF, 0x00,
    0xD9, 0xB7, 0xA0, 0x4D, 0x7B, 0x24, 0x60, 0xDE, 0xC3, 0xBD, 0x3A, 0xF4, 0xE9, 0x53, 0xB8, 0x58,
    0x99, 0x16, 0x2E, 0x02, 0x00, 0x7C, 0x00, 0x42, 0x01, 0xC6, 0x15, 0x2E, 0x22, 0xE9, 0x6B, 0xC9,
    0xD6, 0x75, 0x94, 0x32, 0x2E, 0x54, 0x46, 0x32, 0xB5, 0x1A, 0x24, 0x88, 0x83, 0x67, 0x31, 0x72,
    0x20, 0x95, 0x0F, 0x80, 0x45, 0x33, 0x50, 0x68, 0x26, 0x26, 0x51, 0xC0, 0x23, 0x32, 0x0C, 0x98,
    0xB1, 0xF1, 0x44, 0x39, 0xFE, 0x76, 0xE8, 0x6F, 0x3B, 0x99, 0x96, 0xE0, 0x64, 0xE8, 0x08, 0x04,
    0x4E, 0x36, 0x94, 0x6E, 0x3A, 0x28, 0x0B, 0x22, 0x9E, 0x05, 0x65, 0x55, 0x7A, 0xA6, 0x3A, 0x36,
    0xB2, 0x1E, 0xC9, 0x83, 0x22, 0x4C, 0xD1, 0x19, 0x21, 0x20, 0xE6, 0xC8, 0x6C, 0x60, 0xC6, 0x30,
    0x72, 0xC7, 0xEB, 0x8F, 0x5D, 0xCE, 0x1A, 0x31, 0x2D, 0xAF, 0x7A, 0xF1, 0xC3, 0x4E, 0x13, 0x2D,
    0x9A, 0x60, 0x9B, 0xDE, 0x2D, 0x61, 0xD7, 0xA5, 0x50, 0x26, 0xD0, 0xB4, 0x2E, 0x54, 0xF8, 0xA3,
    0x36, 0x97, 0x6C, 0x63, 0x68, 0x20, 0x5A, 0x82, 0x9C, 0x25, 0xC4, 0x85, 0x43, 0x3D, 0xD6, 0x53,
    0x34, 0x98, 0x6C, 0x57, 0xCA, 0x1D, 0x0A, 0x9D, 0xEF, 0x98, 0x57, 0xD5, 0x99, 0xB4, 0x20, 0x44,
    0x45, 0xC9, 0x08, 0xD3, 0x89, 0x11, 0xC6, 0x20, 0xC3, 0x58, 0xC5, 0xA6, 0x0A, 0x67, 0x82, 0x5C,
    0x69, 0x15, 0x1A, 0xE2, 0x3B, 0xB9, 0x90, 0x7B, 0xBA, 0xFA, 0x30, 0xB8, 0xB8, 0x71, 0x7C, 0x51,
    0x50, 0xF5, 0x39, 0xC2, 0x26, 0x5C, 0xD4, 0xCD, 0xB0, 0x96, 0x4E, 0x3E, 0xB9, 0x79, 0x97, 0xB9,
    0x4E, 0x45, 0x9A, 0xF0, 0xFE, 0xD9, 0x27, 0x33, 0x14, 0x40, 0xFB, 0x88, 0xCE, 0x78, 0x6B, 0x39,
    0x05, 0xE6, 0x5E, 0x28, 0x91, 0x28, 0x37, 0x68, 0xA2, 0x12, 0x04, 0xB3, 0x7B, 0x37, 0xAA, 0x24,
    0x77, 0x86, 0xC6, 0xB6, 0x2E, 0xE9, 0x96, 0xF7, 0xED, 0x15, 0x83, 0x62, 0x8E, 0x5E, 0x87, 0x25,
    0x5D, 0x0E, 0xB2, 0xCD, 0x97, 0xDB, 0x68, 0xB2, 0x9A, 0x56, 0xE4, 0xAA, 0xA7, 0x87, 0x85, 0x62,
    0x45, 0x5B, 0x9B, 0x92, 0x59, 0x16, 0x74, 0x92, 0xDA, 0xE6, 0xCD, 0x75, 0x97, 0x8B, 0x70, 0xF8,
    0x30, 0x8D, 0x99, 0x35, 0x34, 0x4A, 0xEA, 0xED, 0x4A, 0x13, 0x36, 0xE6, 0xF8, 0x25, 0x06, 0x59,
    0xC2, 0xAA, 0x6E, 0x67, 0x13, 0x41, 0x8C, 0x63, 0x45, 0x18, 0x49, 0x63, 0xBF, 0x53, 0x96, 0x66,
    0x46, 0x43, 0x50, 0xEA, 0xFE, 0x86, 0x8A, 0xDA, 0x5D, 0xE2, 0xB6, 0x4E, 0x1D, 0xB6, 0x86, 0xB8,
    0x74, 0xFC, 0xF1, 0x58, 0x1E, 0xFC, 0x21, 0xD2, 0x65, 0x8D, 0x45, 0x4B, 0x46, 0xC5, 0x5A, 0xC7,
    0x21, 0x31, 0x54, 0xD7, 0x4E, 0x04, 0xB3, 0x43, 0x09, 0xD3, 0x20, 0xEC, 0x53, 0x6D, 0x57, 0x08,
    0x44, 0x0E, 0x97, 0x21, 0x03, 0xD9, 0x39, 0x80, 0x10, 0xE5, 0x3F, 0x80, 0x26, 0x6B, 0xF3, 0x20,
    0x83, 0x64, 0x95, 0xC9, 0x18, 0x90, 0x24, 0x60, 0xE7, 0x4D, 0x0D, 0xF4, 0x7E, 0xEE, 0x66, 0x9A,
    0xCC, 0xA1, 0x70, 0x73, 0x20, 0xE8, 0x06, 0x83, 0x41, 0xDB, 0xE3, 0x52, 0x42, 0xFE, 0x8B, 0x8E,
    0x09, 0x93, 0xBF, 0xDC, 0x3F, 0x9F, 0x4D, 0xD7, 0x5B, 0xBF, 0x70, 0xDD, 0xA7, 0x66, 0xED, 0xC7,
    0x2B, 0x89, 0x4C, 0x98, 0x88, 0xA7, 0x8E, 0xC9, 0xC4, 0xD8, 0x41, 0x71, 0xB2, 0x79, 0xC8, 0x86,
    0xD9, 0x03, 0x74, 0x46, 0x8D, 0x80, 0x72, 0x36, 0x27, 0xC2, 0xB0, 0x17, 0xC4, 0xAA, 0xAA, 0x82,
    0x52, 0x4D, 0x00, 0x18, 0x98, 0xA9, 0x0B, 0x0E, 0x04, 0x80, 0x66, 0x6C, 0x29, 0x46, 0xD1, 0x82,
    0xF4, 0xAC, 0x40, 0xD7, 0x60, 0xEF, 0x50, 0xA0, 0x53, 0xB2, 0xC8, 0x73, 0x87, 0xE7, 0x4F, 0x8B,
    0xC8, 0xC4, 0xBE, 0x86, 0x38, 0x05, 0x53, 0xA4, 0xDF, 0x5A, 0xC9, 0x1C, 0x48, 0x58, 0x18, 0x34,
    0x10, 0x63, 0x98, 0xC9, 0x93, 0x98, 0xF0, 0xB2, 0x85, 0x88, 0x60, 0x82, 0xD5, 0x43, 0x91, 0x24,
    0x3D, 0x27, 0x24, 0x92, 0xB4, 0x81, 0xE6, 0x03, 0x89, 0x7B, 0xB9, 0x44, 0x33, 0x5A, 0xD9, 0xB7,
    0x9A, 0x0D, 0x8A, 0x77, 0x56, 0x50, 0x83, 0x9C, 0xCD, 0x8D, 0x2E, 0x07, 0x75, 0xE5, 0xEA, 0x91,
    0x08, 0x67, 0x95, 0x4E, 0x03, 0xC4, 0x5D, 0xE5, 0x13, 0x9A, 0x96, 0xB6, 0xBB, 0x01, 0x36, 0x1F,
    0x10, 0x1F, 0x2E, 0xB9, 0x43, 0xC8, 0x87, 0x1E, 0x5C, 0xF6, 0x77, 0x04, 0xCA, 0x27, 0x27, 0x80,
    0x3B, 0x65, 0x0B, 0x34, 0xDF, 0xA7, 0xC2, 0x09, 0xA4, 0x24, 0xDA, 0x40, 0x4D, 0x88, 0x04, 0x72,
    0x80, 0x98, 0x7F, 0x4D, 0x28, 0x19, 0x81, 0xCF, 0x03, 0x50, 0x44, 0xCA, 0x1E, 0x78, 0x11, 0x18,
    0x3D, 0x83, 0x9E, 0x6C, 0x8C, 0x58, 0x2E, 0x5A, 0x79, 0x3C, 0x71, 0x02, 0xE6, 0x74, 0xC5, 0x07,
    0xA4, 0xFD, 0xF2, 0x05, 0x20, 0x52, 0x62, 0x39, 0x8C, 0x42, 0xF0, 0xDE, 0xB2, 0x1A, 0x81, 0xDD,
    0x0E, 0x3B, 0xA7, 0x66, 0xD1, 0xC9, 0x51, 0x0B, 0xC8, 0x0E, 0x7E, 0x10, 0x95, 0x1F, 0x78, 0xC7,
    0x8D, 0xEC, 0x79, 0x00, 0x1E, 0x94, 0x06, 0x08, 0xFA, 0x15, 0x90, 0x01, 0x4C, 0x08, 0x46, 0x09,
    0x06, 0x16, 0x4C, 0x18, 0x4A, 0x40, 0x31, 0x00, 0x82, 0x15, 0x85, 0xC4, 0x21, 0x06, 0x21, 0x4C,
    0x00, 0x90, 0x11, 0x4E, 0xB8, 0x5D, 0xC6, 0x27, 0x50, 0x54, 0x57, 0x7D, 0x95, 0x45, 0x0D, 0xD4,
    0xFD, 0x70, 0xDC, 0x03, 0x61, 0xD3, 0x38, 0x70, 0x3C, 0x4E, 0xAD, 0xC1, 0xBB, 0x32, 0xEC, 0x50,
    0xFA, 0x2C, 0xEB, 0xE3, 0xB2, 0xCC, 0x99, 0x9C, 0x0A, 0x91, 0x9C, 0xB3, 0xF9, 0xE7, 0x58, 0xC9,
    0xF5, 0xB2, 0xBD, 0xFC, 0xA9, 0x09, 0x02, 0x41, 0x0E, 0x01, 0x4B, 0x4A, 0xFD, 0x4C, 0x17, 0x8C,
    0x10, 0x8B, 0x82, 0xE1, 0xC7, 0x49, 0xB1, 0xDB, 0xC3, 0x1C, 0x27, 0x8D, 0x31, 0x55, 0xB8, 0x2D,
    0x81, 0x5B, 0xEA, 0x5D, 0x81, 0xE3, 0x86, 0xE6, 0x83, 0x0A, 0xF4, 0x2C, 0x96, 0xAA, 0x9B, 0x56,
    0x50, 0xC3, 0x15, 0x1A, 0x36, 0x6A, 0x6C, 0xA2, 0x8D, 0xE0, 0x21, 0x40, 0x72, 0xA8, 0x8A, 0x64,
    0x95, 0xE8, 0x5F, 0x32, 0xA1, 0xE4, 0x67, 0x1E, 0x4A, 0x2A, 0x73, 0x13, 0x41, 0xB8, 0x61, 0x80,
    0x76, 0xEE, 0x0E, 0x73, 0x66, 0x33, 0xAE, 0x06, 0xD8, 0x3E, 0xF8, 0xC2, 0x60, 0x80, 0xAA, 0x6C,
    0xA2, 0x49, 0xC6, 0x8A, 0x0F, 0xEE, 0x48, 0x74, 0x2F, 0xE4, 0x87, 0x08, 0xF8, 0x42, 0x5E, 0x83,
    0x49, 0xCF, 0xDE, 0xB9, 0x1A, 0x07, 0x74, 0x84, 0x98, 0x64, 0x17, 0x2D, 0x0D, 0xBB, 0x0C, 0x11,
    0xE2, 0xC5, 0x0E, 0xC3, 0x20, 0xEB, 0x46, 0x24, 0xFD, 0x76, 0x35, 0x2A, 0x9C, 0xBF, 0xB6, 0x8A,
    0x22, 0x53, 0xC1, 0x08, 0xD4, 0x34, 0x79, 0xDE, 0x3E, 0xDD, 0x4A, 0x8D, 0xB7, 0x3E, 0x86, 0x6C,
    0xBB, 0x43, 0x59, 0x0F, 0xB2, 0xB0, 0x3D, 0x32, 0xD9, 0x7B, 0x27, 0x26, 0x9E, 0x44, 0x5B, 0x61,
    0xC4, 0x29, 0xC9, 0x82, 0xB4, 0xCC, 0x9E, 0x83, 0x46, 0xF9, 0xDD, 0xA4, 0x71, 0x03, 0xA7, 0x74,
    0x3B, 0x0E, 0xAA, 0x06, 0xF5, 0x40, 0x69, 0xA4, 0x29, 0x13, 0x98, 0xB7, 0xC9, 0x3A, 0x68, 0xAC,
    0x54, 0x91, 0xD9, 0xDB, 0x7D, 0x1A, 0x32, 0x1E, 0xCD, 0xAD, 0x86, 0x29, 0xBD, 0x26, 0xF1, 0xF9,
    0x62, 0x48, 0xA4, 0x21, 0x26, 0xC9, 0x9E, 0x18, 0x14, 0x17, 0xF5, 0x68, 0x03, 0xBA, 0xD8, 0xE3,
    0x93, 0x6C, 0x86, 0xF5, 0x41, 0xCE, 0x8C, 0x5B, 0x51, 0xCD, 0xD4, 0x12, 0x58, 0xDC, 0x66, 0xAC,
    0x6D, 0x0C, 0x4A, 0x4B, 0xC0, 0x53, 0xBF, 0x5C, 0x97, 0xA5, 0xC9, 0xAB, 0x49, 0x8D, 0xED, 0xBA,
    0xE9, 0x69, 0xDD, 0x8F, 0x73, 0xA1, 0xDB, 0x88, 0x60, 0x75, 0x87, 0x29, 0x3A, 0x24, 0x78, 0x89,
    0x02, 0x58, 0x69, 0xCD, 0xA5, 0x26, 0xD8, 0xD0, 0xE5, 0xEE, 0xED, 0x61, 0x1B, 0x39, 0x61, 0x05,
    0xED, 0xBE, 0x89, 0x7B, 0x44, 0xA8, 0x35, 0x16, 0x55, 0x62, 0xC2, 0x93, 0x23, 0x27, 0x7E, 0xF2,
    0x60, 0xCE, 0x75, 0x75, 0xCD, 0xAE, 0x70, 0x4D, 0xA1, 0xB0, 0xC2, 0x36, 0x11, 0x6C, 0x1B, 0x23,
    0x4E, 0x42, 0x68, 0xD5, 0xEC, 0x89, 0x75, 0x20, 0xF5, 0x2C, 0xEC, 0x9D, 0x33, 0x77, 0x03, 0x06,
    0x59, 0x8F, 0x61, 0x80, 0x3B, 0xB1, 0x44, 0x1C, 0x81, 0xB1, 0x30, 0x51, 0x84, 0x6A, 0x8C, 0xC8,
    0xCD, 0xC2, 0x31, 0x62, 0x26, 0x06, 0x61, 0xD2, 0x4E, 0xF8, 0x70, 0x76, 0x9B, 0x6D, 0x44, 0x6C,
    0xE0, 0x51, 0x13, 0x8D, 0x42, 0x70, 0xA6, 0x75, 0xB1, 0x9B, 0x21, 0xA3, 0x2D, 0x83, 0x08, 0xA0,
    0x8B, 0x6C, 0x50, 0xEE, 0x9A, 0xA9, 0xD6, 0x6A, 0x70, 0x0D, 0x99, 0x6D, 0x3C, 0x8D, 0x87, 0x83,
    0x0B, 0xA3, 0x62, 0x28, 0xA6, 0x45, 0xB0, 0xA9, 0x06, 0x0C, 0x83, 0xC6, 0x3A, 0x72, 0x76, 0xCE,
    0x4C, 0xDD, 0xC2, 0x3A, 0x91, 0x25, 0x64, 0xA2, 0xFA, 0x5E, 0x4C, 0x32, 0x18, 0xB7, 0x6B, 0xE9,
    0x96, 0x9B, 0x2C, 0x0B, 0x7A, 0xEB, 0x26, 0x89, 0xB9, 0x55, 0x4C, 0x72, 0xA3, 0x8D, 0x0C, 0x9A,
    0x2A, 0x8A, 0x6B, 0xC9, 0x8E, 0x40, 0xEC, 0xCF, 0x71, 0x6A, 0x1C, 0x25, 0xF7, 0x86, 0x71, 0x3D,
    0x40, 0x47, 0x1B, 0x46, 0xD2, 0xE5, 0x76, 0x3A, 0x76, 0x7E, 0xA1, 0xAD, 0xB4, 0xB5, 0x54, 0xE9,
    0xDB, 0x27, 0x9F, 0x6D, 0xDE, 0x72, 0x50, 0x45, 0x28, 0x80, 0xC9, 0x22, 0x2D, 0x08, 0x54, 0x53,
    0x44, 0x44, 0x4D, 0x45, 0x23, 0xA9, 0x4C, 0x21, 0x29, 0x02, 0x91, 0x85, 0x80, 0x80, 0x82, 0x82,
    0x92, 0x58, 0xD3, 0x81, 0x89, 0x24, 0x04, 0xC2, 0x50, 0x8D, 0x45, 0x33, 0x11, 0x30, 0xB0, 0x48,
    0x94, 0x33, 0x1D, 0x2E, 0x9B, 0x35, 0x44, 0xA3, 0x21, 0x21, 0x24, 0x4C, 0xAD, 0x02, 0x42, 0xCA,
    0x50, 0x41, 0x00, 0x4D, 0x14, 0xCC, 0x44, 0xC8, 0xC4, 0x09, 0x51, 0x11, 0x12, 0x12, 0xD2, 0x52,
    0x25, 0x45, 0x57, 0x27, 0x03, 0x63, 0x9C, 0x63, 0x91, 0xAD, 0x18, 0xD1, 0x8E, 0x9D, 0x26, 0xDB,
    0x4E, 0x88, 0x50, 0x0C, 0x05, 0xC1, 0x4A, 0x07, 0x73, 0xA8, 0xE8, 0x5E, 0xA0, 0xB1, 0x31, 0x90,
    0xB0, 0x1A, 0x8D, 0x02, 0x39, 0x6C, 0x14, 0xD7, 0x08, 0x77, 0x16, 0x91, 0x08, 0x0C, 0x05, 0x72,
    0x1D, 0xC0, 0x74, 0x38, 0x1C, 0x81, 0xE2, 0x38, 0x40, 0xF0, 0x53, 0x96, 0xC9, 0x4C, 0x52, 0xC1,
    0x82, 0x49, 0xA1, 0xC5, 0xC2, 0x98, 0x48, 0xE1, 0x88, 0xDA, 0x19, 0x8E, 0x1E, 0x0A, 0xD8, 0xE6,
    0x96, 0x34, 0xD0, 0x66, 0x81, 0x48, 0x49, 0xA0, 0x31, 0x27, 0x73, 0x42, 0xD3, 0x43, 0x4D, 0x05,
    0x32, 0x43, 0x43, 0x42, 0x64, 0xB4, 0x29, 0x5D, 0x76, 0xBF, 0x79, 0x82, 0x27, 0x07, 0x62, 0xEA,
    0xF1, 0x13, 0xCE, 0x04, 0x4C, 0x38, 0x69, 0x87, 0x02, 0x09, 0xF1, 0x97, 0xB0, 0xA0, 0x39, 0x17,
    0xBB, 0x47, 0x03, 0x07, 0x04, 0x40, 0xE9, 0xD4, 0x77, 0x60, 0xD2, 0xD0, 0xE1, 0x39, 0x8A, 0xD8,
    0xE9, 0x0E, 0xB1, 0x35, 0x29, 0x3E, 0xFC, 0x06, 0x49, 0x24, 0x74, 0xCE, 0x25, 0x70, 0xA5, 0x2A,
    0x2E, 0x20, 0x5D, 0x41, 0x6F, 0x29, 0x64, 0xC1, 0xD8, 0x3C, 0xCD, 0x5F, 0xA5, 0x7C, 0xDB, 0xE7,
    0x2B, 0xC7, 0x42, 0x8D, 0x87, 0xD2, 0xA1, 0x3D, 0x11, 0xC3, 0xB1, 0x42, 0x77, 0x00, 0xEC, 0x1D,
    0x36, 0x39, 0xAC, 0xA1, 0x8C, 0x71, 0x09, 0x61, 0x10, 0xC0, 0x0F, 0x3E, 0xB3, 0x64, 0x03, 0x83,
    0xA6, 0x5C, 0x04, 0xA9, 0x2A, 0x9E, 0x02, 0x3D, 0x3C, 0xAF, 0x8D, 0xE6, 0x40, 0x6A, 0x00, 0xC2,
    0x08, 0x75, 0xF4, 0x68, 0x75, 0x04, 0x8C, 0x30, 0x53, 0x3C, 0xEC, 0xC8, 0x8D, 0xC0, 0xC0, 0x02,
    0x21, 0x39, 0xFE, 0x7D, 0x45, 0xDD, 0xC9, 0x4A, 0xB4, 0x10, 0x7C, 0x68, 0x8F, 0xEC, 0x24, 0x57,
    0x23, 0x2A, 0x62, 0x1B, 0xCE, 0x83, 0xA4, 0x96, 0x86, 0x28, 0x8A, 0x42, 0x93, 0xBC, 0x84, 0xEC,
    0x3E, 0xB0, 0x1C, 0x15, 0x5E, 0x32, 0x20, 0x44, 0x20, 0x52, 0x23, 0x04, 0x8A, 0xF1, 0x7B, 0xD0,
    0x81, 0xE4, 0x40, 0x86, 0x81, 0xC3, 0x6C, 0x07, 0x35, 0x75, 0x72, 0x81, 0x25, 0xAB, 0xF2, 0x97,
    0x41, 0x88, 0x9E, 0x77, 0xC4, 0x4A, 0x0E, 0xEE, 0xCF, 0x14, 0xB9, 0x92, 0x57, 0x48, 0x14, 0x1E,
    0xAE, 0xE4, 0x46, 0x07, 0x3D, 0xCB, 0x0F, 0x5B, 0xB1, 0xD4, 0x81, 0x04, 0x89, 0xEB, 0xBA, 0x8F,
    0xB4, 0xE4, 0xE6, 0xFA, 0x13, 0xA6, 0x3B, 0xE3, 0xCD, 0x01, 0x03, 0x6D, 0x14, 0x4C, 0x61, 0x09,
    0x24, 0x4C, 0x90, 0x6E, 0x31, 0xB9, 0xBC, 0x91, 0x24, 0x05, 0xC0, 0x46, 0xC2, 0xD2, 0xED, 0xA5,
    0x02, 0x25, 0x20, 0xC6, 0x28, 0x96, 0x90, 0x2A, 0x5B, 0xE9, 0xA2, 0x99, 0x25, 0xCA, 0x84, 0x02,
    0xE7, 0x70, 0x3A, 0x82, 0x99, 0xB3, 0x44, 0x59, 0x53, 0x5A, 0xC0, 0x5A, 0x86, 0xC8, 0x6F, 0xBE,
    0x47, 0x47, 0x48, 0xAE, 0xC1, 0x29, 0x48, 0x34, 0x05, 0x07, 0x50, 0xF5, 0xFF, 0x01, 0xED, 0xF3,
    0x71, 0x8B, 0x87, 0x28, 0x8E, 0x90, 0x22, 0xBC, 0xF6, 0x40, 0xA5, 0xB3, 0xEF, 0xD0, 0x09, 0x4C,
    0x06, 0x9D, 0x06, 0xE7, 0x32, 0x33, 0x43, 0x78, 0x0B, 0x0E, 0xDE, 0xE0, 0x30, 0x3E, 0xC0, 0x30,
    0x1A, 0xC0, 0xE1, 0x01, 0x76, 0xCD, 0x5E, 0x38, 0x98, 0x44, 0x53, 0x99, 0x0D, 0x05, 0x27, 0x92,
    0x16, 0xFA, 0x75, 0xDE, 0xE6, 0xC6, 0x59, 0x83, 0x95, 0x6A, 0xF8, 0x4C, 0xC7, 0x5B, 0x4C, 0x96,
    0x90, 0x2D, 0x50, 0x19, 0x61, 0x64, 0xA2, 0x64, 0x3B, 0xB2, 0xF4, 0x31, 0x55, 0xAD, 0x6B, 0xBD,
    0x20, 0xFB, 0xCF, 0x6B, 0x02, 0xA3, 0x21, 0x43, 0x34, 0x7B, 0x2D, 0x76, 0xF4, 0x6F, 0x9D, 0x8D,
    0xA1, 0x0D, 0x4A, 0xA5, 0x24, 0x39, 0x18, 0x5B, 0x1D, 0x31, 0x67, 0x86, 0x1B, 0xB6, 0x8B, 0x94,
    0x06, 0x49, 0x31, 0x16, 0x6F, 0xAC, 0x75, 0x8C, 0x60, 0x4C, 0x6E, 0x62, 0xE1, 0x44, 0xE8, 0x41,
    0xD8, 0x1D, 0x2A, 0x69, 0x80, 0x80, 0x84, 0x70, 0x78, 0x40, 0xD2, 0x85, 0x2B, 0x30, 0x06, 0x03,
    0xA7, 0x0D, 0xB5, 0xC4, 0x38, 0x28, 0x45, 0x07, 0x4B, 0xBA, 0x1F, 0x29, 0xB3, 0x74, 0x75, 0xE9,
    0x03, 0xC4, 0x34, 0x54, 0x02, 0x62, 0x48, 0x02, 0xE4, 0xB5, 0x5C, 0x40, 0x41, 0xF3, 0x40, 0x6C,
    0xAE, 0x48, 0x1D, 0xFE, 0x0E, 0x10, 0xE2, 0x98, 0x3C, 0xBD, 0x95, 0x4D, 0x42, 0x9A, 0x25, 0x49,
    0xC0, 0xB2, 0xC8, 0x47, 0x45, 0xA0, 0x60, 0x30, 0x70, 0x45, 0x0B, 0x20, 0xA4, 0x76, 0x81, 0xB8,
    0x7E, 0xD7, 0xEF, 0x1F, 0xA6, 0xBF, 0x4F, 0x76, 0x31, 0xFE, 0xBF, 0x37, 0xCD, 0x95, 0x50, 0x9D,
    0xE5, 0x54, 0x59, 0xEF, 0x0F, 0x3F, 0xBF, 0x6B, 0xE2, 0x61, 0xF1, 0xFE, 0x1B, 0xD4, 0x5A, 0xC9,
    0xF2, 0xE2, 0xCE, 0x24, 0xCE, 0x66, 0xB2, 0xEE, 0xB1, 0x33, 0x2F, 0x17, 0xB6, 0x27, 0x31, 0x2E,
    0xF5, 0x11, 0x35, 0x55, 0x68, 0x6B, 0x8E, 0x40, 0xA5, 0xF1, 0x83, 0x32, 0xAE, 0xE9, 0xF2, 0x8A,
    0x2C, 0xD3, 0x29, 0xF6, 0xDC, 0xDC, 0x51, 0x88, 0xB1, 0xDC, 0xC5, 0xB6, 0xFC, 0xC2, 0xCC, 0xBA,
    0xC3, 0x01, 0x9C, 0x01, 0xB8, 0xDC, 0x24, 0x6E, 0x39, 0x6B, 0x4B, 0xDA, 0xBF, 0x36, 0xCF, 0x6B,
    0x24, 0xC6, 0x32, 0x4D, 0x38, 0xCD, 0x4C, 0x19, 0x31, 0x05, 0xF0, 0x5C, 0x74, 0x39, 0x3F, 0xB8,
    0x86, 0xFD, 0x0D, 0x81, 0xDF, 0x58, 0x9C, 0x4D, 0x39, 0x54, 0x93, 0x54, 0xFE, 0x01, 0xCE, 0x0E,
    0x1C, 0xB5, 0xCB, 0xC0, 0x61, 0xB1, 0x53, 0x25, 0x52, 0x29, 0xDA, 0x1D, 0xB6, 0xEA, 0x2C, 0x06,
    0xDB, 0x32, 0x64, 0x16, 0xB5, 0x20, 0xC1, 0xA3, 0xFB, 0x15, 0xB9, 0xB9, 0xCC, 0x7E, 0x50, 0x8D,
    0x8C, 0xDB, 0x74, 0xA2, 0xE9, 0x13, 0x53, 0x33, 0xCA, 0x9A, 0xA1, 0xE6, 0xD2, 0xB9, 0xAD, 0xCB,
    0x12, 0x3D, 0x3C, 0xB4, 0x66, 0x6B, 0x05, 0x5C, 0x58, 0x93, 0x94, 0xC8, 0x61, 0xB3, 0xA5, 0x1A,
    0xE2, 0xCF, 0x16, 0x7C, 0xBA, 0xD6, 0xE8, 0x87, 0x00, 0x58, 0xBD, 0x5D, 0xE7, 0x36, 0xC1, 0x0A,
    0xAD, 0x17, 0xD6, 0x6C, 0xEF, 0x6B, 0x05, 0x65, 0x5E, 0x18, 0x49, 0xA2, 0x01, 0xD9, 0x10, 0x87,
    0x11, 0x23, 0xC6, 0x63, 0x70, 0xE4, 0x4D, 0xB5, 0x5A, 0xD6, 0xD6, 0x8C, 0xE8, 0x51, 0x1A, 0xBA,
    0x57, 0xBD, 0x62, 0xF9, 0x8B, 0x3D, 0xB6, 0x1C, 0x0C, 0x4D, 0x5B, 0x26, 0xD2, 0x3A, 0x2D, 0xCE,
    0xA0, 0x2A, 0x72, 0xE2, 0x58, 0x8D, 0xA9, 0x9D, 0x26, 0xBB, 0xE6, 0x32, 0xEA, 0xF1, 0x9C, 0xDB,
    0x29, 0xC9, 0x51, 0xDA, 0xCA, 0xCB, 0x6C, 0x0E, 0x64, 0x93, 0x26, 0x0B, 0x14, 0x62, 0xF9, 0xC4,
    0x85, 0x8C, 0x38, 0x41, 0x34, 0xD5, 0x11, 0x8B, 0x02, 0xB3, 0x41, 0x96, 0xA4, 0x72, 0xF6, 0xFB,
    0x7C, 0x86, 0x3C, 0x36, 0xDF, 0x61, 0xC7, 0x49, 0x9D, 0xDD, 0xD3, 0x89, 0x0E, 0x21, 0xD2, 0x71,
    0xCE, 0x4F, 0xB2, 0x1C, 0xEC, 0x37, 0xA9, 0xEC, 0x2E, 0x49, 0xBC, 0x96, 0xEA, 0xD1, 0x77, 0x50,
    0xE5, 0xD5, 0xB3, 0x3D, 0x21, 0x38, 0x01, 0xF3, 0x22, 0x7F, 0xF0, 0x3D, 0x70, 0x93, 0x96, 0x7A,
    0xA0, 0x27, 0x9C, 0xB9, 0xE9, 0x80, 0xFC, 0x29, 0xEA, 0x69, 0x40, 0xF5, 0x0A, 0xE0, 0x4C, 0xE2,
    0xB9, 0x90, 0x0D, 0x20, 0x02, 0xB5, 0x14, 0x31, 0x0A, 0xA1, 0xA0, 0x0C, 0x24, 0x1E, 0x68, 0xFD,
    0xD8, 0x58, 0x20, 0x03, 0x5F, 0xB2, 0xA9, 0xF5, 0x2A, 0x18, 0x62, 0x2A, 0x19, 0x64, 0x61, 0x26,
    0x08, 0x46, 0x48, 0x98, 0x11, 0x80, 0xA0, 0xF8, 0x3D, 0xC8, 0x7E, 0x80, 0x78, 0x3D, 0x30, 0x17,
    0x86, 0x1F, 0x4D, 0xFC, 0xCF, 0xDC, 0x79, 0xFF, 0x92, 0x31, 0xA7, 0xE7, 0x30, 0x50, 0xF6, 0x7E,
    0x6A, 0x97, 0xC6, 0xD0, 0xB5, 0xDE, 0xD8, 0x2A, 0x54, 0xB3, 0xB1, 0xD6, 0x80, 0xC7, 0x18, 0x1F,
    0x96, 0x34, 0x07, 0xA2, 0xCF, 0x81, 0x69, 0x0A, 0x51, 0xC6, 0x93, 0x63, 0x0F, 0x12, 0x61, 0x8F,
    0x20, 0x8C, 0x79, 0x20, 0x81, 0x42, 0x21, 0x48, 0xA1, 0x40, 0x24, 0x12, 0x24, 0x7F, 0x80, 0x77,
    0x10, 0x85, 0xB5, 0x23, 0xE5, 0xBB, 0xAC, 0xF7, 0x1F, 0x34, 0xB7, 0x23, 0x9F, 0xE8, 0x0A, 0x0F,
    0xBD, 0xBB, 0x3E, 0x38, 0x80, 0x0C, 0x98, 0x34, 0x02, 0x49, 0x07, 0x62, 0x1E, 0x1B, 0x9D, 0xC4,
    0x48, 0x3A, 0x92, 0xD6, 0x18, 0xDB, 0xE5, 0x3E, 0x37, 0x6F, 0xB6, 0x2A, 0x27, 0x03, 0xAE, 0x7B,
    0xC1, 0xF4, 0xDF, 0x67, 0xDD, 0x99, 0x54, 0xCD, 0x61, 0xE4, 0x19, 0xEB, 0x23, 0xD2, 0x69, 0x36,
    0x75, 0xB5, 0xB1, 0x68, 0x82, 0xA5, 0xDF, 0x2C, 0x2C, 0x35, 0x06, 0xEC, 0x42, 0x7A, 0x8B, 0x13,
    0x92, 0x17, 0xA7, 0x0F, 0xB7, 0x01, 0xA8, 0x43, 0x6D, 0x72, 0xAD, 0xA7, 0xA9, 0x02, 0x0C, 0x52,
    0xA2, 0xA2, 0x07, 0x44, 0x01, 0x07, 0x8F, 0xE5, 0xF6, 0x65, 0x98, 0x6D, 0xDF, 0xE3, 0x6E, 0x04,
    0x5E, 0xA8, 0x2F, 0x02, 0x1A, 0xD3, 0xF6, 0x20, 0x89, 0x97, 0x71, 0x81, 0x3A, 0xFF, 0x73, 0xC8,
    0x0B, 0x22, 0x7E, 0x21, 0x38, 0x9B, 0x9C, 0x8E, 0xC8, 0xF4, 0x46, 0x18, 0x65, 0x99, 0x61, 0x14,
    0x11, 0x21, 0x83, 0x09, 0x2C, 0x2C, 0xC0, 0x31, 0x51, 0x3D, 0xC1, 0x0B, 0x96, 0x94, 0xE3, 0xC9,
    0x99, 0x53, 0x4A, 0x99, 0x0F, 0xD0, 0xC4, 0x07, 0x60, 0x41, 0xBE, 0xE7, 0x07, 0xDE, 0xF0, 0xFD,
    0x5E, 0xE0, 0xD8, 0xBD, 0x83, 0x60, 0xF5, 0x13, 0x02, 0x0E, 0x30, 0x01, 0x92, 0x00, 0x63, 0x89,
    0x8A, 0x92, 0x41, 0x07, 0xB8, 0x8D, 0x09, 0xE0, 0x6C, 0x26, 0x85, 0xBD, 0x7E, 0x38, 0xAA, 0x2E,
    0xBD, 0x73, 0x9B, 0x7C, 0xA0, 0xD9, 0x06, 0xBC, 0xAB, 0x06, 0x36, 0x31, 0x36, 0x8A, 0xC1, 0x1D,
    0x5A, 0x9F, 0xAD, 0x6D, 0xA5, 0x97, 0x74, 0x03, 0x37, 0xC1, 0x0E, 0x01, 0xAA, 0x2F, 0x22, 0x40,
    0xD6, 0x4B, 0xA0, 0x3C, 0x63, 0x88, 0x48, 0xE3, 0x41, 0xE1, 0xAF, 0xBE, 0xDB, 0x89, 0xF4, 0xF4,
    0x99, 0x7F, 0x40, 0x6D, 0xCF, 0x87, 0x2E, 0x43, 0x0B, 0x8E, 0x84, 0x2F, 0xB1, 0xAB, 0x6E, 0xF4,
    0x80, 0x7D, 0xB5, 0xCF, 0x5C, 0xBB, 0x71, 0x0F, 0xD6, 0x25, 0x0F, 0xC9, 0xE9, 0x62, 0x1C, 0x4D,
    0x04, 0xA9, 0x90, 0xF4, 0xDA, 0x25, 0x43, 0xF9, 0xF6, 0x31, 0xDC, 0x4C, 0x38, 0xC1, 0xFB, 0x8C,
    0x3C, 0x87, 0x18, 0x64, 0x90, 0x7D, 0x67, 0x83, 0x00, 0x69, 0x03, 0x71, 0x7D, 0xC0, 0x18, 0xF8,
    0x6F, 0x18, 0x0D, 0x3E, 0x73, 0xD0, 0xD9, 0x12, 0xA6, 0x12, 0xC4, 0xB2, 0x44, 0x0C, 0x7F, 0x9B,
    0x30, 0x23, 0x18, 0x29, 0x20, 0xB1, 0x59, 0xC2, 0x9E, 0x72, 0xC1, 0xB8, 0xA6, 0x40, 0x8A, 0x63,
    0x5D, 0x0E, 0xCE, 0x15, 0xD4, 0x54, 0xBA, 0x0C, 0x81, 0x82, 0xB1, 0x7E, 0xAF, 0xE9, 0xA8, 0xA9,
    0x2F, 0xE0, 0x54, 0x86, 0x20, 0xC5, 0xD7, 0x23, 0x8D, 0x62, 0xFE, 0x96, 0x91, 0x2C, 0xF6, 0xD0,
    0x25, 0xBB, 0x3D, 0x44, 0xF6, 0x6F, 0xFB, 0x9B, 0xC3, 0x80, 0x6A, 0x07, 0xE0, 0xA3, 0xDD, 0x15,
    0x39, 0x8F, 0xF2, 0x38, 0x5B, 0xD4, 0xC2, 0x6A, 0x09, 0x57, 0x4B, 0x64, 0x0E, 0x65, 0xA6, 0xD1,
    0x8C, 0x9D, 0xE6, 0x2C, 0x6A, 0x1E, 0xD4, 0xF6, 0x06, 0xA0, 0x96, 0x85, 0x12, 0x8F, 0x14, 0xDB,
    0x1E, 0x3A, 0xB4, 0xDC, 0xBA, 0x29, 0x4A, 0xDE, 0x68, 0x19, 0xEB, 0xC0, 0x98, 0xFC, 0x28, 0x9F,
    0xB5, 0xF7, 0xCF, 0x23, 0xF1, 0x7E, 0x2B, 0x30, 0xC2, 0x06, 0x43, 0x25, 0xC4, 0x59, 0x45, 0x1C,
    0x02, 0xD0, 0xB4, 0x50, 0xBA, 0x31, 0x7B, 0x5E, 0x46, 0xCC, 0x8A, 0xD2, 0x21, 0xEF, 0x3A, 0xF3,
    0x31, 0x81, 0xF1, 0x86, 0x94, 0x48, 0xA4, 0x86, 0xFD, 0xA1, 0x0A, 0x43, 0x52, 0x97, 0xD7, 0x19,
    0x6D, 0x12, 0x7E, 0xF4, 0xA6, 0x11, 0xDE, 0xBB, 0xB2, 0xC0, 0xC8, 0x83, 0x20, 0x10, 0xC0, 0x41,
    0x04, 0x49, 0x09, 0xEB, 0x07, 0xF7, 0x67, 0x78, 0x0F, 0xA8, 0xD8, 0xCF, 0x26, 0x03, 0x74, 0xFE,
    0x4F, 0xE3, 0xDA, 0xC1, 0x28, 0x82, 0x9F, 0x34, 0x14, 0x94, 0x27, 0x58, 0xCE, 0x5F, 0x7E, 0x3E,
    0xB4, 0xEB, 0x58, 0x3B, 0x6C, 0x63, 0xA8, 0x4B, 0xEB, 0x60, 0x6F, 0x6A, 0x0A, 0x0A, 0x0C, 0xB2,
    0x4A, 0x33, 0x30, 0x68, 0x29, 0x28, 0x28, 0x28, 0x69, 0x28, 0x28, 0x72, 0x13, 0x25, 0x69, 0x28,
    0x37, 0x8F, 0xBA, 0x46, 0xF3, 0xA8, 0x36, 0x90, 0xA0, 0xA2, 0x0C, 0x4F, 0x9B, 0x64, 0x01, 0x2A,
    0xD6, 0xC5, 0x84, 0x69, 0x44, 0xBD, 0xB8, 0xA0, 0x91, 0xF6, 0xE7, 0xA4, 0x50, 0x86, 0x9A, 0x52,
    0x44, 0xB2, 0xD0, 0xB4, 0xB6, 0x04, 0x7F, 0x16, 0xDF, 0xF6, 0xB1, 0x33, 0xC5, 0x26, 0x92, 0x2C,
    0x4D, 0xCE, 0x85, 0x9C, 0xD2, 0x41, 0xDA, 0x18, 0x20, 0xE5, 0x1C, 0x23, 0x26, 0xA9, 0x28, 0xA6,
    0x8E, 0xA8, 0x32, 0x69, 0xA7, 0xA0, 0x3F, 0x88, 0x20, 0xE9, 0x34, 0x6D, 0x14, 0x3C, 0x63, 0xED,
    0x42, 0x78, 0x0B, 0x1A, 0x8D, 0xBF, 0x70, 0xDF, 0x5D, 0x13, 0x6D, 0xA4, 0xB4, 0xCE, 0x88, 0x04,
    0x17, 0xF7, 0x48, 0x9F, 0xA8, 0xE7, 0x43, 0x22, 0x66, 0xA0, 0x1D, 0xBD, 0xA2, 0xCD, 0x30, 0xD5,
    0x49, 0x9A, 0x84, 0xC8, 0x48, 0x8A, 0x28, 0x17, 0xD6, 0x61, 0x06, 0x0B, 0xD3, 0x29, 0x41, 0x4B,
    0xE1, 0x6C, 0x24, 0x94, 0x07, 0x47, 0x81, 0xD0, 0x69, 0x03, 0x78, 0x5E, 0x12, 0x65, 0x92, 0x65,
    0x92, 0x65, 0x92, 0x65, 0x92, 0x64, 0x1B, 0x90, 0xEA, 0x0A, 0x79, 0xD2, 0x97, 0x16, 0x84, 0xA2,
    0x86, 0x08, 0xF5, 0x7E, 0x2D, 0x26, 0xA0, 0x0E, 0x1B, 0xE8, 0x0D, 0x06, 0xA1, 0xE3, 0xFD, 0x38,
    0xE4, 0x7B, 0x20, 0x22, 0x68, 0xDD, 0x90, 0x89, 0x9A, 0x3A, 0xF3, 0xF1, 0xC0, 0x1C, 0x4A, 0x22,
    0x85, 0xB9, 0x6E, 0x06, 0x68, 0x48, 0x31, 0xCC, 0xC3, 0x7D, 0x94, 0x73, 0x66, 0x66, 0x81, 0x92,
    0x95, 0x80, 0x88, 0x43, 0x6D, 0x68, 0x0D, 0x6A, 0x14, 0x8C, 0x72, 0x04, 0xD8, 0xCC, 0x85, 0x3A,
    0x60, 0xA5, 0x0C, 0x2E, 0x59, 0x8D, 0x34, 0xB5, 0xBC, 0xE1, 0x43, 0x26, 0xD0, 0xF7, 0x77, 0x0E,
    0x33, 0xB1, 0x80, 0x83, 0x00, 0x27, 0xF9, 0xF0, 0xEE, 0x8A, 0x3F, 0xA2, 0x1D, 0x92, 0xAA, 0xA4,
    0x81, 0x93, 0x8C, 0x14, 0xF4, 0xF9, 0x0B, 0xF2, 0x07, 0xC4, 0xCF, 0xC6, 0x7D, 0xB2, 0xA5, 0x82,
    0x00, 0x82, 0x0A, 0x3F, 0x45, 0x90, 0x41, 0x3E, 0x87, 0xD4, 0x26, 0x38, 0x8C, 0x12, 0xA4, 0x4E,
    0x22, 0x64, 0x14, 0xC2, 0x21, 0x53, 0x83, 0xA4, 0xA1, 0x5B, 0x54, 0x80, 0xE0, 0xF9, 0xCF, 0xBB,
    0x2F, 0xEF, 0x55, 0x2C, 0x20, 0x06, 0x49, 0x82, 0xC7, 0xEF, 0x42, 0x04, 0x63, 0xEC, 0x89, 0x9E,
    0x59, 0x30, 0x80, 0xC8, 0xD0, 0x25, 0x86, 0xA3, 0x2D, 0xE6, 0xD7, 0xEE, 0xD0, 0x7D, 0x8C, 0x86,
    0x13, 0xBD, 0x1B, 0x4D, 0xB1, 0xAB, 0x6E, 0x35, 0x1E, 0x02, 0x3D, 0x6F, 0xE8, 0xD1, 0x5A, 0xC9,
    0x50, 0xA5, 0x85, 0x42, 0x21, 0xF0, 0x23, 0x09, 0x22, 0xBE, 0xE8, 0xE4, 0x5C, 0x55, 0xB9, 0x83,
    0x0D, 0x9B, 0xF0, 0x0C, 0x73, 0x06, 0x5B, 0xB0, 0x84, 0xC2, 0x3A, 0x03, 0x7D, 0xE8, 0x84, 0x2E,
    0xC5, 0x61, 0x90, 0x1A, 0x92, 0x1D, 0x9C, 0xEC, 0x97, 0xAC, 0x6C, 0x07, 0x43, 0x1F, 0x9E, 0xD1,
    0x99, 0x86, 0xC2, 0x4D, 0xBE, 0xCA, 0x26, 0x52, 0x22, 0xAD, 0x87, 0xEF, 0xEB, 0xF7, 0x3B, 0xF5,
    0xE4, 0x03, 0xEF, 0x1C, 0x0A, 0x42, 0x04, 0x22, 0x28, 0x44, 0x54, 0x44, 0x41, 0x04, 0xCD, 0xCF,
    0xC1, 0x76, 0xF1, 0x3F, 0x55, 0xAF, 0x23, 0xFB, 0x30, 0x07, 0x43, 0xC5, 0x2E, 0xD3, 0xEF, 0x90,
    0x41, 0x57, 0x68, 0xAF, 0xA0, 0x95, 0x23, 0x0F, 0x1D, 0x18, 0x1E, 0x12, 0x18, 0x44, 0x77, 0x87,
    0x99, 0x2A, 0xAA, 0xF2, 0xDF, 0x76, 0x8F, 0x9F, 0xEE, 0x68, 0x0F, 0x63, 0xC0, 0x19, 0x45, 0xE6,
    0xB3, 0xD2, 0xAC, 0x1C, 0x50, 0xE8, 0x1D, 0xAD, 0x5C, 0x80, 0x2A, 0x7F, 0x6C, 0x82, 0x1F, 0x3B,
    0xD7, 0xD9, 0x1F, 0xDB, 0x86, 0x0F, 0x78, 0xA8, 0x77, 0x3E, 0xAD, 0x92, 0x2A, 0x26, 0x40, 0x65,
    0xA4, 0x4B, 0x09, 0x34, 0xE2, 0x60, 0x5A, 0x8C, 0x21, 0x8F, 0x69, 0x07, 0xC7, 0x2F, 0xBE, 0x3A,
    0x41, 0xFF, 0xF8, 0xBB, 0x92, 0x29, 0xC2, 0x84, 0x83, 0x07, 0x6A, 0x03, 0x08, 0x00, 0x00, 0x00,
    0x00, 0x00, 0x00, 0x00, 0x00, 0x00, 0x00, 0x00, 0x00, 0x00, 0x00, 0x00, 0x00, 0x00, 0x00, 0x00,
    0x00, 0x00, 0x00, 0x00, 0x00, 0x00, 0x00, 0x00, 0x00, 0x00, 0x00, 0x00, 0x00, 0x00, 0x00, 0x00,
    0x00, 0x00, 0x00, 0x00, 0x00, 0x00, 0x00, 0x00, 0x00, 0x00, 0x00, 0x00, 0x00, 0x00, 0x00, 0x00,
    0x00, 0x00, 0x00, 0x00, 0x00, 0x00, 0x00, 0x00, 0x00, 0x00, 0x00, 0x00, 0x00, 0x00, 0x00, 0x00,
    0x00, 0x00, 0x00, 0x00, 0x00, 0x00, 0x00, 0x00, 0x00, 0x00, 0x00, 0x00, 0x00, 0x00, 0x00, 0x00,
    0x00, 0x00, 0x00, 0x00, 0x00, 0x00, 0x00, 0x00, 0x00, 0x00, 0x00, 0x00, 0x00, 0x00, 0x00, 0x00,
    0x00, 0x00, 0x00, 0x00, 0x00, 0x00, 0x00, 0x00, 0x00, 0x00, 0x00, 0x00, 0x00, 0x00, 0x00, 0x00,
    0x00, 0x00, 0x00, 0x00, 0x00, 0x00, 0x00, 0x00, 0x00, 0x00, 0x00, 0x00, 0x00, 0x00, 0x00, 0x00,
    0x00, 0x00, 0x00, 0x00, 0x00, 0x00, 0x00, 0x00, 0x00, 0x00, 0x00, 0x00, 0x00, 0x00, 0x00, 0x00,
    0x00, 0x00, 0x00, 0x00, 0x00, 0x00, 0x00, 0x00, 0x00, 0x00, 0x00, 0x00, 0x00, 0x00, 0x00, 0x00,
    0x00, 0x00, 0x00, 0x00, 0x00, 0x00, 0x00, 0x00, 0x00, 0x00, 0x00, 0x00, 0x00, 0x00, 0x00, 0x00,
    0x00, 0x00, 0x00, 0x00, 0x00, 0x00, 0x00, 0x00, 0x00, 0x00, 0x00, 0x00, 0x00, 0x00, 0x00, 0x00,
    0x00, 0x00, 0x00, 0x00, 0x00, 0x00, 0x00, 0x00, 0x00, 0x00, 0x00, 0x00, 0x00, 0x00, 0x00, 0x00,
    0x00, 0x00, 0x00, 0x00, 0x00, 0x00, 0x00, 0x00, 0x00, 0x00, 0x00, 0x00, 0x00, 0x00, 0x00, 0x00,
    0x00, 0x00, 0x00, 0x00, 0x00, 0x00, 0x00, 0x00, 0x00, 0x00, 0x00, 0x00, 0x00, 0x00, 0x00, 0x00,
    0x00, 0x00, 0x00, 0x00, 0x00, 0x00, 0x00, 0x00, 0x00, 0x00, 0x00, 0x00, 0x00, 0x00, 0x00, 0x00,
    0x00, 0x00, 0x00, 0x00, 0x00, 0x00, 0x00, 0x00, 0x00, 0x00, 0x00, 0x00, 0x00, 0x00, 0x00, 0x00,
    0x00, 0x00, 0x00, 0x00, 0x00, 0x00, 0x00, 0x00, 0x00, 0x00, 0x00, 0x00, 0x00, 0x00, 0x00, 0x00,
    0x00, 0x00, 0x00, 0x00, 0x00, 0x00, 0x00, 0x00, 0x00, 0x00, 0x00, 0x00, 0x00, 0x00, 0x00, 0x00,
    0x00, 0x00, 0x00, 0x00, 0x00, 0x00, 0x00, 0x00, 0x00, 0x00, 0x00, 0x00, 0x00, 0x00, 0x00, 0x00,
    0x00, 0x00, 0x00, 0x00, 0x00, 0x00, 0x00, 0x00, 0x00, 0x00, 0x00, 0x00, 0x00, 0x00, 0x00, 0x00,
    0x00, 0x00, 0x00, 0x00, 0x00, 0x00, 0x00, 0x00, 0x00, 0x00, 0x00, 0x00, 0x00, 0x00, 0x00, 0x00,
    0x00, 0x00, 0x00, 0x00, 0x00, 0x00, 0x00, 0x00, 0x00, 0x00, 0x00, 0x00, 0x00, 0x00, 0x00, 0x00,
    0x00, 0x00, 0x00, 0x00, 0x00, 0x00, 0x00, 0x00, 0x00, 0x00, 0x00, 0x00, 0x00, 0x00, 0x00, 0x00,
    0x00, 0x00, 0x00, 0x00, 0x00, 0x00, 0x00, 0x00, 0x00, 0x00, 0x00, 0x00, 0x00, 0x00, 0x00, 0x00,
    0x00, 0x00, 0x00, 0x00, 0x00, 0x00, 0x00, 0x00, 0x00, 0x00, 0x00, 0x00, 0x00, 0x00, 0x00, 0x00,
    0x00, 0x00, 0x00, 0x00, 0x00, 0x00, 0x00, 0x00, 0x00, 0x00, 0x00, 0x00, 0x00, 0x00, 0x00, 0x00,
    0x00, 0x00, 0x00, 0x00, 0x00, 0x00, 0x00, 0x00, 0x00, 0x00, 0x00, 0x00, 0x00, 0x00, 0x00, 0x00,
    0x00, 0x00, 0x00, 0x00, 0x00, 0x00, 0x00, 0x00, 0x00, 0x00, 0x00, 0x00, 0x00, 0x00, 0x00, 0x00,
    0x00, 0x00, 0x00, 0x00, 0x00, 0x00, 0x00, 0x00, 0x00, 0x00, 0x00, 0x00, 0x00, 0x00, 0x00, 0x00,
    0x00, 0x00, 0x00, 0x00, 0x00, 0x00, 0x00, 0x00, 0x00, 0x00, 0x00, 0x00, 0x00, 0x00, 0x00, 0x00,
    0x00, 0x00, 0x00, 0x00, 0x00, 0x00, 0x00, 0x00, 0x00, 0x00, 0x00, 0x00, 0x00, 0x00, 0x00, 0x00,
    0x00, 0x00, 0x00, 0x00, 0x00, 0x00, 0x00, 0x00, 0x00, 0x00, 0x00, 0x00, 0x00, 0x00, 0x00, 0x00,
    0x00, 0x00, 0x00, 0x00, 0x00, 0x00, 0x00, 0x00, 0x00, 0x00, 0x00, 0x00, 0x00, 0x00, 0x00, 0x00,
    0x00, 0x00, 0x00, 0x00, 0x00, 0x00, 0x00, 0x00, 0x00, 0x00, 0x00, 0x00, 0x00, 0x00, 0x00, 0x00,
    0x00, 0x00, 0x00, 0x00, 0x00, 0x00, 0x00, 0x00, 0x00, 0x00, 0x00, 0x00, 0x00, 0x00, 0x00, 0x00,
    0x00, 0x00, 0x00, 0x00, 0x00, 0x00, 0x00, 0x00, 0x00, 0x00, 0x00, 0x00, 0x00, 0x00, 0x00, 0x00,
    0x00, 0x00, 0x00, 0x00, 0x00, 0x00, 0x00, 0x00, 0x00, 0x00, 0x00, 0x00, 0x00, 0x00, 0x00, 0x00,
    0x00, 0x00, 0x00, 0x00, 0x00, 0x00, 0x00, 0x00, 0x00, 0x00, 0x00, 0x00, 0x00, 0x00, 0x00, 0x00,
    0x00, 0x00, 0x00, 0x00, 0x00, 0x00, 0x00, 0x00, 0x00, 0x00, 0x00, 0x00, 0x00, 0x00, 0x00, 0x00,
    0x00, 0x00, 0x00, 0x00, 0x00, 0x00, 0x00, 0x00, 0x00, 0x00, 0x00, 0x00, 0x00, 0x00, 0x00, 0x00,
    0x00, 0x00, 0x00, 0x00, 0x00, 0x00, 0x00, 0x00, 0x00, 0x00, 0x00, 0x00, 0x00, 0x00, 0x00, 0x00,
    0x00, 0x00, 0x00, 0x00, 0x00, 0x00, 0x00, 0x00, 0x00, 0x00, 0x00, 0x00, 0x00, 0x00, 0x00, 0x00,
    0x00, 0x00, 0x00, 0x00, 0x00, 0x00, 0x00, 0x00, 0x00, 0x00, 0x00, 0x00, 0x00, 0x00, 0x00, 0x00,
    0x00, 0x00, 0x00, 0x00, 0x00, 0x00, 0x00, 0x00, 0x00, 0x00, 0x00, 0x00, 0x00, 0x00, 0x00, 0x00,
    0x00, 0x00, 0x00, 0x00, 0x00, 0x00, 0x00, 0x00, 0x00, 0x00, 0x00, 0x00, 0x00, 0x00, 0x00, 0x00,
    0x00, 0x00, 0x00, 0x00, 0x00, 0x00, 0x00, 0x00, 0x00, 0x00, 0x00, 0x00, 0x00, 0x00, 0x00, 0x00,
    0x00, 0x00, 0x00, 0x00, 0x00, 0x00, 0x00, 0x00, 0x00, 0x00, 0x00, 0x00, 0x00, 0x00, 0x00, 0x00,
    0x00, 0x00, 0x00, 0x00, 0x00, 0x00, 0x00, 0x00, 0x00, 0x00, 0x00, 0x00, 0x00, 0x00, 0x00, 0x00,
    0x00, 0x00, 0x00, 0x00, 0x00, 0x00, 0x00, 0x00, 0x00, 0x00, 0x00, 0x00, 0x00, 0x00, 0x00, 0x00,
    0x00, 0x00, 0x00, 0x00, 0x00, 0x00, 0x00, 0x00, 0x00, 0x00, 0x00, 0x00, 0x00, 0x00, 0x00, 0x00,
    0x00, 0x00, 0x00, 0x00, 0x00, 0x00, 0x00, 0x00, 0x00, 0x00, 0x00, 0x00, 0x00, 0x00, 0x00, 0x00,
    0x00, 0x00, 0x00, 0x00, 0x00, 0x00, 0x00, 0x00, 0x00, 0x00, 0x00, 0x00, 0x00, 0x00, 0x00, 0x00,
    0x00, 0x00, 0x00, 0x00, 0x00, 0x00, 0x00, 0x00, 0x00, 0x00, 0x00, 0x00, 0x00, 0x00, 0x00, 0x00,
    0x00, 0x00, 0x00, 0x00, 0x00, 0x00, 0x00, 0x00, 0x00, 0x00, 0x00, 0x00, 0x00, 0x00, 0x00, 0x00,
    0x00, 0x00, 0x00, 0x00, 0x00, 0x00, 0x00, 0x00, 0x00, 0x00, 0x00, 0x00, 0x00, 0x00, 0x00, 0x00,
    0x00, 0x00, 0x00, 0x00, 0x00, 0x00, 0x00, 0x00, 0x00, 0x00, 0x00, 0x00, 0x00, 0x00, 0x00, 0x00,
    0x00, 0x00, 0x00, 0x00, 0x00, 0x00, 0x00, 0x00, 0x00, 0x00, 0x00, 0x00, 0x00, 0x00, 0x00, 0x00,
    0x00, 0x00, 0x00, 0x00, 0x00, 0x00, 0x00, 0x00, 0x00, 0x00, 0x00, 0x00, 0x00, 0x00, 0x00, 0x00,
    0x00, 0x00, 0x00, 0x00, 0x00, 0x00, 0x00, 0x00, 0x00, 0x00, 0x00, 0x00, 0x00, 0x00, 0x00, 0x00,
    0x00, 0x00, 0x00, 0x00, 0x00, 0x00, 0x00, 0x00, 0x00, 0x00, 0x00, 0x00, 0x00, 0x00, 0x00, 0x00,
    0x00, 0x00, 0x00, 0x00, 0x00, 0x00, 0x00, 0x00, 0x00, 0x00, 0x00, 0x00, 0x00, 0x00, 0x00, 0x00,
    0x00, 0x00, 0x00, 0x00, 0x00, 0x00, 0x00, 0x00, 0x00, 0x00, 0x00, 0x00, 0x00, 0x00, 0x00, 0x00,
    0x00, 0x00, 0x00, 0x00, 0x00, 0x00, 0x00, 0x00, 0x00, 0x00, 0x00, 0x00, 0x00, 0x00, 0x00, 0x00,
    0x00, 0x00, 0x00, 0x00, 0x00, 0x00, 0x00, 0x00, 0x00, 0x00, 0x00, 0x00, 0x00, 0x00, 0x00, 0x00,
    0x00, 0x00, 0x00, 0x00, 0x00, 0x00, 0x00, 0x00, 0x00, 0x00, 0x00, 0x00, 0x00, 0x00, 0x00, 0x00,
    0x00, 0x00, 0x00, 0x00, 0x00, 0x00, 0x00, 0x00, 0x00, 0x00, 0x00, 0x00, 0x00, 0x00, 0x00, 0x00,
    0x00, 0x00, 0x00, 0x00, 0x00, 0x00, 0x00, 0x00, 0x00, 0x00, 0x00, 0x00, 0x00, 0x00, 0x00, 0x00,
    0x00, 0x00, 0x00, 0x00, 0x00, 0x00, 0x00, 0x00, 0x00, 0x00, 0x00, 0x00, 0x00, 0x00, 0x00, 0x00,
    0x00, 0x00, 0x00, 0x00, 0x00, 0x00, 0x00, 0x00, 0x00, 0x00, 0x00, 0x00, 0x00, 0x00, 0x00, 0x00,
    0x00, 0x00, 0x00, 0x00, 0x00, 0x00, 0x00, 0x00, 0x00, 0x00, 0x00, 0x00, 0x00, 0x00, 0x00, 0x00,
    0x00, 0x00, 0x00, 0x00, 0x00, 0x00, 0x00, 0x00, 0x00, 0x00, 0x00, 0x00, 0x00, 0x00, 0x00, 0x00,
    0x00, 0x00, 0x00, 0x00, 0x00, 0x00, 0x00, 0x00, 0x00, 0x00, 0x00, 0x00, 0x00, 0x00, 0x00, 0x00,
    0x00, 0x00, 0x00, 0x00, 0x00, 0x00, 0x00, 0x00, 0x00, 0x00, 0x00, 0x00, 0x00, 0x00, 0x00, 0x00,
    0x00, 0x00, 0x00, 0x00, 0x00, 0x00, 0x00, 0x00, 0x00, 0x00, 0x00, 0x00, 0x00, 0x00, 0x00, 0x00,
    0x00, 0x00, 0x00, 0x00, 0x00, 0x00, 0x00, 0x00, 0x00, 0x00, 0x00, 0x00, 0x00, 0x00, 0x00, 0x00,
    0x00, 0x00, 0x00, 0x00, 0x00, 0x00, 0x00, 0x00, 0x00, 0x00, 0x00, 0x00, 0x00, 0x00, 0x00, 0x00,
    0x00, 0x00, 0x00, 0x00, 0x00, 0x00, 0x00, 0x00, 0x00, 0x00, 0x00, 0x00, 0x00, 0x00, 0x00, 0x00,
    0x00, 0x00, 0x00, 0x00, 0x00, 0x00, 0x00, 0x00, 0x00, 0x00, 0x00, 0x00, 0x00, 0x00, 0x00, 0x00,
    0x00, 0x00, 0x00, 0x00, 0x00, 0x00, 0x00, 0x00, 0x00, 0x00, 0x00, 0x00, 0x00, 0x00, 0x00, 0x00,
    0x00, 0x00, 0x00, 0x00, 0x00, 0x00, 0x00, 0x00, 0x00, 0x00, 0x00, 0x00, 0x00, 0x00, 0x00, 0x00,
    0x00, 0x00, 0x00, 0x00, 0x00, 0x00, 0x00, 0x00, 0x00, 0x00, 0x00, 0x00, 0x00, 0x00, 0x00, 0x00,
    0x00, 0x00, 0x00, 0x00, 0x00, 0x00, 0x00, 0x00, 0x00, 0x00, 0x00, 0x00, 0x00, 0x00, 0x00, 0x00,
    0x00, 0x00, 0x00, 0x00, 0x00, 0x00, 0x00, 0x00, 0x00, 0x00, 0x00, 0x00, 0x00, 0x00, 0x00, 0x00,
    0x00, 0x00, 0x00, 0x00, 0x00, 0x00, 0x00, 0x00, 0x00, 0x00, 0x00, 0x00, 0x00, 0x00, 0x00, 0x00,
    0x00, 0x00, 0x00, 0x00, 0x00, 0x00, 0x00, 0x00, 0x00, 0x00, 0x00, 0x00, 0x00, 0x00, 0x00, 0x00,
    0x00, 0x00, 0x00, 0x00, 0x00, 0x00, 0x00, 0x00, 0x00, 0x00, 0x00, 0x00, 0x00, 0x00, 0x00, 0x00,
    0x00, 0x00, 0x00, 0x00, 0x00, 0x00, 0x00, 0x00, 0x00, 0x00, 0x00, 0x00, 0x00, 0x00, 0x00, 0x00,
    0x00, 0x00, 0x00, 0x00, 0x00, 0x00, 0x00, 0x00, 0x00, 0x00, 0x00, 0x00, 0x00, 0x00, 0x00, 0x00,
    0x00, 0x00, 0x00, 0x00, 0x00, 0x00, 0x00, 0x00, 0x00, 0x00, 0x00, 0x00, 0x00, 0x00, 0x00, 0x00,
    0x00, 0x00, 0x00, 0x00, 0x00, 0x00, 0x00, 0x00, 0x00, 0x00, 0x00, 0x00, 0x00, 0x00, 0x00, 0x00,
    0x00, 0x00, 0x00, 0x00, 0x00, 0x00, 0x00, 0x00, 0x00, 0x00, 0x00, 0x00, 0x00, 0x00, 0x00, 0x00,
    0x00, 0x00, 0x00, 0x00, 0x00, 0x00, 0x00, 0x00, 0x00, 0x00, 0x00, 0x00, 0x00, 0x00, 0x00, 0x00,
    0x00, 0x00, 0x00, 0x00, 0x00, 0x00, 0x00, 0x00, 0x00, 0x00, 0x00, 0x00, 0x00, 0x00, 0x00, 0x00,
    0x00, 0x00, 0x00, 0x00, 0x00, 0x00, 0x00, 0x00, 0x00, 0x00, 0x00, 0x00, 0x00, 0x00, 0x00, 0x00,
    0x00, 0x00, 0x00, 0x00, 0x00, 0x00, 0x00, 0x00, 0x00, 0x00, 0x00, 0x00, 0x00, 0x00, 0x00, 0x00,
    0x00, 0x00, 0x00, 0x00, 0x00, 0x00, 0x00, 0x00, 0x00, 0x00, 0x00, 0x00, 0x00, 0x00, 0x00, 0x00,
    0x00, 0x00, 0x00, 0x00, 0x00, 0x00, 0x00, 0x00, 0x00, 0x00, 0x00, 0x00, 0x00, 0x00, 0x00, 0x00,
    0x00, 0x00, 0x00, 0x00, 0x00, 0x00, 0x00, 0x00, 0x00, 0x00, 0x00, 0x00, 0x00, 0x00, 0x00, 0x00,
    0x00, 0x00, 0x00, 0x00, 0x00, 0x00, 0x00, 0x00, 0x00, 0x00, 0x00, 0x00, 0x00, 0x00, 0x00, 0x00,
    0x00, 0x00, 0x00, 0x00, 0x00, 0x00, 0x00, 0x00, 0x00, 0x00, 0x00, 0x00, 0x00, 0x00, 0x00, 0x00,
    0x00, 0x00, 0x00, 0x00, 0x00, 0x00, 0x00, 0x00, 0x00, 0x00, 0x00, 0x00, 0x00, 0x00, 0x00, 0x00,
    0x00, 0x00, 0x00, 0x00, 0x00, 0x00, 0x00, 0x00, 0x00, 0x00, 0x00, 0x00, 0x00, 0x00, 0x00, 0x00,
    0x00, 0x00, 0x00, 0x00, 0x00, 0x00, 0x00, 0x00, 0x00, 0x00, 0x00, 0x00, 0x00, 0x00, 0x00, 0x00,
    0x00, 0x00, 0x00, 0x00, 0x00, 0x00, 0x00, 0x00, 0x00, 0x00, 0x00, 0x00, 0x00, 0x00, 0x00, 0x00,
    0x00, 0x00, 0x00, 0x00, 0x00, 0x00, 0x00, 0x00, 0x00, 0x00, 0x00, 0x00, 0x00, 0x00, 0x00, 0x00,
    0x00, 0x00, 0x00, 0x00, 0x00, 0x00, 0x00, 0x00, 0x00, 0x00, 0x00, 0x00, 0x00, 0x00, 0x00, 0x00,
    0x00, 0x00, 0x00, 0x00, 0x00, 0x00, 0x00, 0x00, 0x00, 0x00, 0x00, 0x00, 0x00, 0x00, 0x00, 0x00,
    0x00, 0x00, 0x00, 0x00, 0x00, 0x00, 0x00, 0x00, 0x00, 0x00, 0x00, 0x00, 0x00, 0x00, 0x00, 0x00,
    0x00, 0x00, 0x00, 0x00, 0x00, 0x00, 0x00, 0x00, 0x00, 0x00, 0x00, 0x00, 0x00, 0x00, 0x00, 0x00,
    0x00, 0x00, 0x00, 0x00, 0x00, 0x00, 0x00, 0x00, 0x00, 0x00, 0x00, 0x00, 0x00, 0x00, 0x00, 0x00,
    0x00, 0x00, 0x00, 0x00, 0x00, 0x00, 0x00, 0x00, 0x00, 0x00, 0x00, 0x00, 0x00, 0x00, 0x00, 0x00,
    0x00, 0x00, 0x00, 0x00, 0x00, 0x00, 0x00, 0x00, 0x00, 0x00, 0x00, 0x00, 0x00, 0x00, 0x00, 0x00,
    0x00, 0x00, 0x00, 0x00, 0x00, 0x00, 0x00, 0x00, 0x00, 0x00, 0x00, 0x00, 0x00, 0x00, 0x00, 0x00,
    0x00, 0x00, 0x00, 0x00, 0x00, 0x00, 0x00, 0x00, 0x00, 0x00, 0x00, 0x00, 0x00, 0x00, 0x00, 0x00,
    0x00, 0x00, 0x00, 0x00, 0x00, 0x00, 0x00, 0x00, 0x00, 0x00, 0x00, 0x00, 0x00, 0x00, 0x00, 0x00,
    0x00, 0x00, 0x00, 0x00, 0x00, 0x00, 0x00, 0x00, 0x00, 0x00, 0x00, 0x00, 0x00, 0x00, 0x00, 0x00,
    0x00, 0x00, 0x00, 0x00, 0x00, 0x00, 0x00, 0x00, 0x00, 0x00, 0x00, 0x00, 0x00, 0x00, 0x00, 0x00,
    0x00, 0x00, 0x00, 0x00, 0x00, 0x00, 0x00, 0x00, 0x00, 0x00, 0x00, 0x00, 0x00, 0x00, 0x00, 0x00,
    0x00, 0x00, 0x00, 0x00, 0x00, 0x00, 0x00, 0x00, 0x00, 0x00, 0x00, 0x00, 0x00, 0x00, 0x00, 0x00,
    0x00, 0x00, 0x00, 0x00, 0x00, 0x00, 0x00, 0x00, 0x00, 0x00, 0x00, 0x00, 0x00, 0x00, 0x00, 0x00,
    0x00, 0x00, 0x00, 0x00, 0x00, 0x00, 0x00, 0x00, 0x00, 0x00, 0x00, 0x00, 0x00, 0x00, 0x00, 0x00,
    0x00, 0x00, 0x00, 0x00, 0x00, 0x00, 0x00, 0x00, 0x00, 0x00, 0x00, 0x00, 0x00, 0x00, 0x00, 0x00,
    0x00, 0x00, 0x00, 0x00, 0x00, 0x00, 0x00, 0x00, 0x00, 0x00, 0x00, 0x00, 0x00, 0x00, 0x00, 0x00,
    0x00, 0x00, 0x00, 0x00, 0x00, 0x00, 0x00, 0x00, 0x00, 0x00, 0x00, 0x00, 0x00, 0x00, 0x00, 0x00,
    0x00, 0x00, 0x00, 0x00, 0x00, 0x00, 0x00, 0x00, 0x00, 0x00, 0x00, 0x00, 0x00, 0x00, 0x00, 0x00,
    0x00, 0x00, 0x00, 0x00, 0x00, 0x00, 0x00, 0x00, 0x00, 0x00, 0x00, 0x00, 0x00, 0x00, 0x00, 0x00,
    0x00, 0x00, 0x00, 0x00, 0x00, 0x00, 0x00, 0x00, 0x00, 0x00, 0x00, 0x00, 0x00, 0x00, 0x00, 0x00,
    0x00, 0x00, 0x00, 0x00, 0x00, 0x00, 0x00, 0x00, 0x00, 0x00, 0x00, 0x00, 0x00, 0x00, 0x00, 0x00,
    0x00, 0x00, 0x00, 0x00, 0x00, 0x00, 0x00, 0x00, 0x00, 0x00, 0x00, 0x00, 0x00, 0x00, 0x00, 0x00,
    0x00, 0x00, 0x00, 0x00, 0x00, 0x00, 0x00, 0x00, 0x00, 0x00, 0x00, 0x00, 0x00, 0x00, 0x00, 0x00,
    0x00, 0x00, 0x00, 0x00, 0x00, 0x00, 0x00, 0x00, 0x00, 0x00, 0x00, 0x00, 0x00, 0x00, 0x00, 0x00,
    0x00, 0x00, 0x00, 0x00, 0x00, 0x00, 0x00, 0x00, 0x00, 0x00, 0x00, 0x00, 0x00, 0x00, 0x00, 0x00,
    0x00, 0x00, 0x00, 0x00, 0x00, 0x00, 0x00, 0x00, 0x00, 0x00, 0x00, 0x00, 0x00, 0x00, 0x00, 0x00,
    0x00, 0x00, 0x00, 0x00, 0x00, 0x00, 0x00, 0x00, 0x00, 0x00, 0x00, 0x00, 0x00, 0x00, 0x00, 0x00,
    0x00, 0x00, 0x00, 0x00, 0x00, 0x00, 0x00, 0x00, 0x00, 0x00, 0x00, 0x00, 0x00, 0x00, 0x00, 0x00,
    0x00, 0x00, 0x00, 0x00, 0x00, 0x00, 0x00, 0x00, 0x00, 0x00, 0x00, 0x00, 0x00, 0x00, 0x00, 0x00,
    0x00, 0x00, 0x00, 0x00, 0x00, 0x00, 0x00, 0x00, 0x00, 0x00, 0x00, 0x00, 0x00, 0x00, 0x00, 0x00,
    0x00, 0x00, 0x00, 0x00, 0x00, 0x00, 0x00, 0x00, 0x00, 0x00, 0x00, 0x00, 0x00, 0x00, 0x00, 0x00,
    0x00, 0x00, 0x00, 0x00, 0x00, 0x00, 0x00, 0x00, 0x00, 0x00, 0x00, 0x00, 0x00, 0x00, 0x00, 0x00,
    0x00, 0x00, 0x00, 0x00, 0x00, 0x00, 0x00, 0x00, 0x00, 0x00, 0x00, 0x00, 0x00, 0x00, 0x00, 0x00,
    0x00, 0x00, 0x00, 0x00, 0x00, 0x00, 0x00, 0x00, 0x00, 0x00, 0x00, 0x00, 0x00, 0x00, 0x00, 0x00,
    0x00, 0x00, 0x00, 0x00, 0x00, 0x00, 0x00, 0x00, 0x00, 0x00, 0x00, 0x00, 0x00, 0x00, 0x00, 0x00,
    0x00, 0x00, 0x00, 0x00, 0x00, 0x00, 0x00, 0x00, 0x00, 0x00, 0x00, 0x00, 0x00, 0x00, 0x00, 0x00,
    0x00, 0x00, 0x00, 0x00, 0x00, 0x00, 0x00, 0x00, 0x00, 0x00, 0x00, 0x00, 0x00, 0x00, 0x00, 0x00,
    0x00, 0x00, 0x00, 0x00, 0x00, 0x00, 0x00, 0x00, 0x00, 0x00, 0x00, 0x00, 0x00, 0x00, 0x00, 0x00,
    0x00, 0x00, 0x00, 0x00, 0x00, 0x00, 0x00, 0x00, 0x00, 0x00, 0x00, 0x00, 0x00, 0x00, 0x00, 0x00,
    0x00, 0x00, 0x00, 0x00, 0x00, 0x00, 0x00, 0x00, 0x00, 0x00, 0x00, 0x00, 0x00, 0x00, 0x00, 0x00,
    0x00, 0x00, 0x00, 0x00, 0x00, 0x00, 0x00, 0x00, 0x00, 0x00, 0x00, 0x00, 0x00, 0x00, 0x00, 0x00,
    0x00, 0x00, 0x00, 0x00, 0x00, 0x00, 0x00, 0x00, 0x00, 0x00, 0x00, 0x00, 0x00, 0x00, 0x00, 0x00,
    0x00, 0x00, 0x00, 0x00, 0x00, 0x00, 0x00, 0x00, 0x00, 0x00, 0x00, 0x00, 0x00, 0x00, 0x00, 0x00,
    0x00, 0x00, 0x00, 0x00, 0x00, 0x00, 0x00, 0x00, 0x00, 0x00, 0x00, 0x00, 0x00, 0x00, 0x00, 0x00,
    0x00, 0x00, 0x00, 0x00, 0x00, 0x00, 0x00, 0x00, 0x00, 0x00, 0x00, 0x00, 0x00, 0x00, 0x00, 0x00,
    0x00, 0x00, 0x00, 0x00, 0x00, 0x00, 0x00, 0x00, 0x00, 0x00, 0x00, 0x00, 0x00, 0x00, 0x00, 0x00,
    0x00, 0x00, 0x00, 0x00, 0x00, 0x00, 0x00, 0x00, 0x00, 0x00, 0x00, 0x00, 0x00, 0x00, 0x00, 0x00,
    0x00, 0x00, 0x00, 0x00, 0x00, 0x00, 0x00, 0x00, 0x00, 0x00, 0x00, 0x00, 0x00, 0x00, 0x00, 0x00,
    0x00, 0x00, 0x00, 0x00, 0x00, 0x00, 0x00, 0x00, 0x00, 0x00, 0x00, 0x00, 0x00, 0x00, 0x00, 0x00,
    0x00, 0x00, 0x00, 0x00, 0x00, 0x00, 0x00, 0x00, 0x00, 0x00, 0x00, 0x00, 0x00, 0x00, 0x00, 0x00,
    0x00, 0x00, 0x00, 0x00, 0x00, 0x00, 0x00, 0x00, 0x00, 0x00, 0x00, 0x00, 0x00, 0x00, 0x00, 0x00,
    0x00, 0x00, 0x00, 0x00, 0x00, 0x00, 0x00, 0x00, 0x00, 0x00, 0x00, 0x00, 0x00, 0x00, 0x00, 0x00,
    0x00, 0x00, 0x00, 0x00, 0x00, 0x00, 0x00, 0x00, 0x00, 0x00, 0x00, 0x00, 0x00, 0x00, 0x00, 0x00,
    0x00, 0x00, 0x00, 0x00, 0x00, 0x00, 0x00, 0x00, 0x00, 0x00, 0x00, 0x00, 0x00, 0x00, 0x00, 0x00,
    0x00, 0x00, 0x00, 0x00, 0x00, 0x00, 0x00, 0x00, 0x00, 0x00, 0x00, 0x00, 0x00, 0x00, 0x00, 0x00,
    0x00, 0x00, 0x00, 0x00, 0x00, 0x00, 0x00, 0x00, 0x00, 0x00, 0x00, 0x00, 0x00, 0x00, 0x00, 0x00,
    0x00, 0x00, 0x00, 0x00, 0x00, 0x00, 0x00, 0x00, 0x00, 0x00, 0x00, 0x00, 0x00, 0x00, 0x00, 0x00,
    0x00, 0x00, 0x00, 0x00, 0x00, 0x00, 0x00, 0x00, 0x00, 0x00, 0x00, 0x00, 0x00, 0x00, 0x00, 0x00,
    0x00, 0x00, 0x00, 0x00, 0x00, 0x00, 0x00, 0x00, 0x00, 0x00, 0x00, 0x00, 0x00, 0x00, 0x00, 0x00,
    0x00, 0x00, 0x00, 0x00, 0x00, 0x00, 0x00, 0x00, 0x00, 0x00, 0x00, 0x00, 0x00, 0x00, 0x00, 0x00,
    0x00, 0x00, 0x00, 0x00, 0x00, 0x00, 0x00, 0x00, 0x00, 0x00, 0x00, 0x00, 0x00, 0x00, 0x00, 0x00,
    0x00, 0x00, 0x00, 0x00, 0x00, 0x00, 0x00, 0x00, 0x00, 0x00, 0x00, 0x00, 0x00, 0x00, 0x00, 0x00,
    0x00, 0x00, 0x00, 0x00, 0x00, 0x00, 0x00, 0x00, 0x00, 0x00, 0x00, 0x00, 0x00, 0x00, 0x00, 0x00,
    0x00, 0x00, 0x00, 0x00, 0x00, 0x00, 0x00, 0x00, 0x00, 0x00, 0x00, 0x00, 0x00, 0x00, 0x00, 0x00,
    0x00, 0x00, 0x00, 0x00, 0x00, 0x00, 0x00, 0x00, 0x00, 0x00, 0x00, 0x00, 0x00, 0x00, 0x00, 0x00,
    0x00, 0x00, 0x00, 0x00, 0x00, 0x00, 0x00, 0x00, 0x00, 0x00, 0x00, 0x00, 0x00, 0x00, 0x00, 0x00,
    0x00, 0x00, 0x00, 0x00, 0x00, 0x00, 0x00, 0x00, 0x00, 0x00, 0x00, 0x00, 0x00, 0x00, 0x00, 0x00,
    0x00, 0x00, 0x00, 0x00, 0x00, 0x00, 0x00, 0x00, 0x00, 0x00, 0x00, 0x00, 0x00, 0x00, 0x00, 0x00,
    0x00, 0x00, 0x00, 0x00, 0x00, 0x00, 0x00, 0x00, 0x00, 0x00, 0x00, 0x00, 0x00, 0x00, 0x00, 0x00,
    0x00, 0x00, 0x00, 0x00, 0x00, 0x00, 0x00, 0x00, 0x00, 0x00, 0x00, 0x00, 0x00, 0x00, 0x00, 0x00,
    0x00, 0x00, 0x00, 0x00, 0x00, 0x00, 0x00, 0x00, 0x00, 0x00, 0x00, 0x00, 0x00, 0x00, 0x00, 0x00,
    0x00, 0x00, 0x00, 0x00, 0x00, 0x00, 0x00, 0x00, 0x00, 0x00, 0x00, 0x00, 0x00, 0x00, 0x00, 0x00,
    0x00, 0x00, 0x00, 0x00, 0x00, 0x00, 0x00, 0x00, 0x00, 0x00, 0x00, 0x00, 0x00, 0x00, 0x00, 0x00,
    0x00, 0x00, 0x00, 0x00, 0x00, 0x00, 0x00, 0x00, 0x00, 0x00, 0x00, 0x00, 0x00, 0x00, 0x00, 0x00,
    0x00, 0x00, 0x00, 0x00, 0x00, 0x00, 0x00, 0x00, 0x00, 0x00, 0x00, 0x00, 0x00, 0x00, 0x00, 0x00,
    0x00, 0x00, 0x00, 0x00, 0x00, 0x00, 0x00, 0x00, 0x00, 0x00, 0x00, 0x00, 0x00, 0x00, 0x00, 0x00,
    0x00, 0x00, 0x00, 0x00, 0x00, 0x00, 0x00, 0x00, 0x00, 0x00, 0x00, 0x00, 0x00, 0x00, 0x00, 0x00,
    0x00, 0x00, 0x00, 0x00, 0x00, 0x00, 0x00, 0x00, 0x00, 0x00, 0x00, 0x00, 0x00, 0x00, 0x00, 0x00,
    0x00, 0x00, 0x00, 0x00, 0x00, 0x00, 0x00, 0x00, 0x00, 0x00, 0x00, 0x00, 0x00, 0x00, 0x00, 0x00,
    0x00, 0x00, 0x00, 0x00, 0x00, 0x00, 0x00, 0x00, 0x00, 0x00, 0x00, 0x00, 0x00, 0x00, 0x00, 0x00,
    0x00, 0x00, 0x00, 0x00, 0x00, 0x00, 0x00, 0x00, 0x00, 0x00, 0x00, 0x00, 0x00, 0x00, 0x00, 0x00,
    0x00, 0x00, 0x00, 0x00, 0x00, 0x00, 0x00, 0x00, 0x00, 0x00, 0x00, 0x00, 0x00, 0x00, 0x00, 0x00,
    0x00, 0x00, 0x00, 0x00, 0x00, 0x00, 0x00, 0x00, 0x00, 0x00, 0x00, 0x00, 0x00, 0x00, 0x00, 0x00,
    0x00, 0x00, 0x00, 0x00, 0x00, 0x00, 0x00, 0x00, 0x00, 0x00, 0x00, 0x00, 0x00, 0x00, 0x00, 0x00,
    0x00, 0x00, 0x00, 0x00, 0x00, 0x00, 0x00, 0x00, 0x00, 0x00, 0x00, 0x00, 0x00, 0x00, 0x00, 0x00,
    0x00, 0x00, 0x00, 0x00, 0x00, 0x00, 0x00, 0x00, 0x00, 0x00, 0x00, 0x00, 0x00, 0x00, 0x00, 0x00,
    0x00, 0x00, 0x00, 0x00, 0x00, 0x00, 0x00, 0x00, 0x00, 0x00, 0x00, 0x00, 0x00, 0x00, 0x00, 0x00,
    0x00, 0x00, 0x00, 0x00, 0x00, 0x00, 0x00, 0x00, 0x00, 0x00, 0x00, 0x00, 0x00, 0x00, 0x00, 0x00,
    0x00, 0x00, 0x00, 0x00, 0x00, 0x00, 0x00, 0x00, 0x00, 0x00, 0x00, 0x00, 0x00, 0x00, 0x00, 0x00,
    0x00, 0x00, 0x00, 0x00, 0x00, 0x00, 0x00, 0x00, 0x00, 0x00, 0x00, 0x00, 0x00, 0x00, 0x00, 0x00,
    0x00, 0x00, 0x00, 0x00, 0x00, 0x00, 0x00, 0x00, 0x00, 0x00, 0x00, 0x00, 0x00, 0x00, 0x00, 0x00,
    0x00, 0x00, 0x00, 0x00, 0x00, 0x00, 0x00, 0x00, 0x00, 0x00, 0x00, 0x00, 0x00, 0x00, 0x00, 0x00,
    0x00, 0x00, 0x00, 0x00, 0x00, 0x00, 0x00, 0x00, 0x00, 0x00, 0x00, 0x00, 0x00, 0x00, 0x00, 0x00,
    0x00, 0x00, 0x00, 0x00, 0x00, 0x00, 0x00, 0x00, 0x00, 0x00, 0x00, 0x00, 0x00, 0x00, 0x00, 0x00,
    0x00, 0x00, 0x00, 0x00, 0x00, 0x00, 0x00, 0x00, 0x00, 0x00, 0x00, 0x00, 0x00, 0x00, 0x00, 0x00,
    0x00, 0x00, 0x00, 0x00, 0x00, 0x00, 0x00, 0x00, 0x00, 0x00, 0x00, 0x00, 0x00, 0x00, 0x00, 0x00,
    0x00, 0x00, 0x00, 0x00, 0x00, 0x00, 0x00, 0x00, 0x00, 0x00, 0x00, 0x00, 0x00, 0x00, 0x00, 0x00,
    0x00, 0x00, 0x00, 0x00, 0x00, 0x00, 0x00, 0x00, 0x00, 0x00, 0x00, 0x00, 0x00, 0x00, 0x00, 0x00,
    0x00, 0x00, 0x00, 0x00, 0x00, 0x00, 0x00, 0x00, 0x00, 0x00, 0x00, 0x00, 0x00, 0x00, 0x00, 0x00,
    0x00, 0x00, 0x00, 0x00, 0x00, 0x00, 0x00, 0x00, 0x00, 0x00, 0x00, 0x00, 0x00, 0x00, 0x00, 0x00,
    0x00, 0x00, 0x00, 0x00, 0x00, 0x00, 0x00, 0x00, 0x00, 0x00, 0x00, 0x00, 0x00, 0x00, 0x00, 0x00,
    0x00, 0x00, 0x00, 0x00, 0x00, 0x00, 0x00, 0x00, 0x00, 0x00, 0x00, 0x00, 0x00, 0x00, 0x00, 0x00,
    0x00, 0x00, 0x00, 0x00, 0x00, 0x00, 0x00, 0x00, 0x00, 0x00, 0x00, 0x00, 0x00, 0x00, 0x00, 0x00,
    0x00, 0x00, 0x00, 0x00, 0x00, 0x00, 0x00, 0x00, 0x00, 0x00, 0x00, 0x00, 0x00, 0x00, 0x00, 0x00,
    0x00, 0x00, 0x00, 0x00, 0x00, 0x00, 0x00, 0x00, 0x00, 0x00, 0x00, 0x00, 0x00, 0x00, 0x00, 0x00,
    0x00, 0x00, 0x00, 0x00, 0x00, 0x00, 0x00, 0x00, 0x00, 0x00, 0x00, 0x00, 0x00, 0x00, 0x00, 0x00,
    0x00, 0x00, 0x00, 0x00, 0x00, 0x00, 0x00, 0x00, 0x00, 0x00, 0x00, 0x00, 0x00, 0x00, 0x00, 0x00,
    0x00, 0x00, 0x00, 0x00, 0x00, 0x00, 0x00, 0x00, 0x00, 0x00, 0x00, 0x00, 0x00, 0x00, 0x00, 0x00,
    0x00, 0x00, 0x00, 0x00, 0x00, 0x00, 0x00, 0x00, 0x00, 0x00, 0x00, 0x00, 0x00, 0x00, 0x00, 0x00,
    0x00, 0x00, 0x00, 0x00, 0x00, 0x00, 0x00, 0x00, 0x00, 0x00, 0x00, 0x00, 0x00, 0x00, 0x00, 0x00,
    0x00, 0x00, 0x00, 0x00, 0x00, 0x00, 0x00, 0x00, 0x00, 0x00, 0x00, 0x00, 0x00, 0x00, 0x00, 0x00,
    0x00, 0x00, 0x00, 0x00, 0x00, 0x00, 0x00, 0x00, 0x00, 0x00, 0x00, 0x00, 0x00, 0x00, 0x00, 0x00,
    0x00, 0x00, 0x00, 0x00, 0x00, 0x00, 0x00, 0x00, 0x00, 0x00, 0x00, 0x00, 0x00, 0x00, 0x00, 0x00,
    0x00, 0x00, 0x00, 0x00, 0x00, 0x00, 0x00, 0x00, 0x00, 0x00, 0x00, 0x00, 0x00, 0x00, 0x00, 0x00,
    0x00, 0x00, 0x00, 0x00, 0x00, 0x00, 0x00, 0x00, 0x00, 0x00, 0x00, 0x00, 0x00, 0x00, 0x00, 0x00,
    0x00, 0x00, 0x00, 0x00, 0x00, 0x00, 0x00, 0x00, 0x00, 0x00, 0x00, 0x00, 0x00, 0x00, 0x00, 0x00,
    0x00, 0x00, 0x00, 0x00, 0x00, 0x00, 0x00, 0x00, 0x00, 0x00, 0x00, 0x00, 0x00, 0x00, 0x00, 0x00,
    0x00, 0x00, 0x00, 0x00, 0x00, 0x00, 0x00, 0x00, 0x00, 0x00, 0x00, 0x00, 0x00, 0x00, 0x00, 0x00,
    0x00, 0x00, 0x00, 0x00, 0x00, 0x00, 0x00, 0x00, 0x00, 0x00, 0x00, 0x00, 0x00, 0x00, 0x00, 0x00,
    0x00, 0x00, 0x00, 0x00, 0x00, 0x00, 0x00, 0x00, 0x00, 0x00, 0x00, 0x00, 0x00, 0x00, 0x00, 0x00,
    0x00, 0x00, 0x00, 0x00, 0x00, 0x00, 0x00, 0x00, 0x00, 0x00, 0x00, 0x00, 0x00, 0x00, 0x00, 0x00,
    0x00, 0x00, 0x00, 0x00, 0x00, 0x00, 0x00, 0x00, 0x00, 0x00, 0x00, 0x00, 0x00, 0x00, 0x00, 0x00,
    0x00, 0x00, 0x00, 0x00, 0x00, 0x00, 0x00, 0x00, 0x00, 0x00, 0x00, 0x00, 0x00, 0x00, 0x00, 0x00,
    0x00, 0x00, 0x00, 0x00, 0x00, 0x00, 0x00, 0x00, 0x00, 0x00, 0x00, 0x00, 0x00, 0x00, 0x00, 0x00,
    0x00, 0x00, 0x00, 0x00, 0x00, 0x00, 0x00, 0x00, 0x00, 0x00, 0x00, 0x00, 0x00, 0x00, 0x00, 0x00,
    0x00, 0x00, 0x00, 0x00, 0x00, 0x00, 0x00, 0x00, 0x00, 0x00, 0x00, 0x00, 0x00, 0x00, 0x00, 0x00,
    0x00, 0x00, 0x00, 0x00, 0x00, 0x00, 0x00, 0x00, 0x00, 0x00, 0x00, 0x00, 0x00, 0x00, 0x00, 0x00,
    0x00, 0x00, 0x00, 0x00, 0x00, 0x00, 0x00, 0x00, 0x00, 0x00, 0x00, 0x00, 0x00, 0x00, 0x00, 0x00,
    0x00, 0x00, 0x00, 0x00, 0x00, 0x00, 0x00, 0x00, 0x00, 0x00, 0x00, 0x00, 0x00, 0x00, 0x00, 0x00,
    0x00, 0x00, 0x00, 0x00, 0x00, 0x00, 0x00, 0x00, 0x00, 0x00, 0x00, 0x00, 0x00, 0x00, 0x00, 0x00,
    0x00, 0x00, 0x00, 0x00, 0x00, 0x00, 0x00, 0x00, 0x00, 0x00, 0x00, 0x00, 0x00, 0x00, 0x00, 0x00,
    0x00, 0x00, 0x00, 0x00, 0x00, 0x00, 0x00, 0x00, 0x00, 0x00, 0x00, 0x00, 0x00, 0x00, 0x00, 0x00,
    0x00, 0x00, 0x00, 0x00, 0x00, 0x00, 0x00, 0x00, 0x00, 0x00, 0x00, 0x00, 0x00, 0x00, 0x00, 0x00,
    0x00, 0x00, 0x00, 0x00, 0x00, 0x00, 0x00, 0x00, 0x00, 0x00, 0x00, 0x00, 0x00, 0x00, 0x00, 0x00,
    0x00, 0x00, 0x00, 0x00, 0x00, 0x00, 0x00, 0x00, 0x00, 0x00, 0x00, 0x00, 0x00, 0x00, 0x00, 0x00,
    0x00, 0x00, 0x00, 0x00, 0x00, 0x00, 0x00, 0x00, 0x00, 0x00, 0x00, 0x00, 0x00, 0x00, 0x00, 0x00,
    0x00, 0x00, 0x00, 0x00, 0x00, 0x00, 0x00, 0x00, 0x00, 0x00, 0x00, 0x00, 0x00, 0x00, 0x00, 0x00,
    0x00, 0x00, 0x00, 0x00, 0x00, 0x00, 0x00, 0x00, 0x00, 0x00, 0x00, 0x00, 0x00, 0x00, 0x00, 0x00,
    0x00, 0x00, 0x00, 0x00, 0x00, 0x00, 0x00, 0x00, 0x00, 0x00, 0x00, 0x00, 0x00, 0x00, 0x00, 0x00,
    0x00, 0x00, 0x00, 0x00, 0x00, 0x00, 0x00, 0x00, 0x00, 0x00, 0x00, 0x00, 0x00, 0x00, 0x00, 0x00,
    0x00, 0x00, 0x00, 0x00, 0x00, 0x00, 0x00, 0x00, 0x00, 0x00, 0x00, 0x00, 0x00, 0x00, 0x00, 0x00,
    0x00, 0x00, 0x00, 0x00, 0x00, 0x00, 0x00, 0x00, 0x00, 0x00, 0x00, 0x00, 0x00, 0x00, 0x00, 0x00,
    0x00, 0x00, 0x00, 0x00, 0x00, 0x00, 0x00, 0x00, 0x00, 0x00, 0x00, 0x00, 0x00, 0x00, 0x00, 0x00,
    0x00, 0x00, 0x00, 0x00, 0x00, 0x00, 0x00, 0x00, 0x00, 0x00, 0x00, 0x00, 0x00, 0x00, 0x00, 0x00,
    0x00, 0x00, 0x00, 0x00, 0x00, 0x00, 0x00, 0x00, 0x00, 0x00, 0x00, 0x00, 0x00, 0x00, 0x00, 0x00,
    0x00, 0x00, 0x00, 0x00, 0x00, 0x00, 0x00, 0x00, 0x00, 0x00, 0x00, 0x00, 0x00, 0x00, 0x00, 0x00,
    0x00, 0x00, 0x00, 0x00, 0x00, 0x00, 0x00, 0x00, 0x00, 0x00, 0x00, 0x00, 0x00, 0x00, 0x00, 0x00,
    0x00, 0x00, 0x00, 0x00, 0x00, 0x00, 0x00, 0x00, 0x00, 0x00, 0x00, 0x00, 0x00, 0x00, 0x00, 0x00,
    0x00, 0x00, 0x00, 0x00, 0x00, 0x00, 0x00, 0x00, 0x00, 0x00, 0x00, 0x00, 0x00, 0x00, 0x00, 0x00,
    0x00, 0x00, 0x00, 0x00, 0x00, 0x00, 0x00, 0x00, 0x00, 0x00, 0x00, 0x00, 0x00, 0x00, 0x00, 0x00,
    0x00, 0x00, 0x00, 0x00, 0x00, 0x00, 0x00, 0x00, 0x00, 0x00, 0x00, 0x00, 0x00, 0x00, 0x00, 0x00,
    0x00, 0x00, 0x00, 0x00, 0x00, 0x00, 0x00, 0x00, 0x00, 0x00, 0x00, 0x00, 0x00, 0x00, 0x00, 0x00,
    0x00, 0x00, 0x00, 0x00, 0x00, 0x00, 0x00, 0x00, 0x00, 0x00, 0x00, 0x00, 0x00, 0x00, 0x00, 0x00,
    0x00, 0x00, 0x00, 0x00, 0x00, 0x00, 0x00, 0x00, 0x00, 0x00, 0x00, 0x00, 0x00, 0x00, 0x00, 0x00,
    0x00, 0x00, 0x00, 0x00, 0x00, 0x00, 0x00, 0x00, 0x00, 0x00, 0x00, 0x00, 0x00, 0x00, 0x00, 0x00,
    0x00, 0x00, 0x00, 0x00, 0x00, 0x00, 0x00, 0x00, 0x00, 0x00, 0x00, 0x00, 0x00, 0x00, 0x00, 0x00,
    0x00, 0x00, 0x00, 0x00, 0x00, 0x00, 0x00, 0x00, 0x00, 0x00, 0x00, 0x00, 0x00, 0x00, 0x00, 0x00,
    0x00, 0x00, 0x00, 0x00, 0x00, 0x00, 0x00, 0x00, 0x00, 0x00, 0x00, 0x00, 0x00, 0x00, 0x00, 0x00,
    0x00, 0x00, 0x00, 0x00, 0x00, 0x00, 0x00, 0x00, 0x00, 0x00, 0x00, 0x00, 0x00, 0x00, 0x00, 0x00,
    0x00, 0x00, 0x00, 0x00, 0x00, 0x00, 0x00, 0x00, 0x00, 0x00, 0x00, 0x00, 0x00, 0x00, 0x00, 0x00,
    0x00, 0x00, 0x00, 0x00, 0x00, 0x00, 0x00, 0x00, 0x00, 0x00, 0x00, 0x00, 0x00, 0x00, 0x00, 0x00,
    0x00, 0x00, 0x00, 0x00, 0x00, 0x00, 0x00, 0x00, 0x00, 0x00, 0x00, 0x00, 0x00, 0x00, 0x00, 0x00,
    0x00, 0x00, 0x00, 0x00, 0x00, 0x00, 0x00, 0x00, 0x00, 0x00, 0x00, 0x00, 0x00, 0x00, 0x00, 0x00,
    0x00, 0x00, 0x00, 0x00, 0x00, 0x00, 0x00, 0x00, 0x00, 0x00, 0x00, 0x00, 0x00, 0x00, 0x00, 0x00,
    0x00, 0x00, 0x00, 0x00, 0x00, 0x00, 0x00, 0x00, 0x00, 0x00, 0x00, 0x00, 0x00, 0x00, 0x00, 0x00,
    0x00, 0x00, 0x00, 0x00, 0x00, 0x00, 0x00, 0x00, 0x00, 0x00, 0x00, 0x00, 0x00, 0x00, 0x00, 0x00,
    0x00, 0x00, 0x00, 0x00, 0x00, 0x00, 0x00, 0x00, 0x00, 0x00, 0x00, 0x00, 0x00, 0x00, 0x00, 0x00,
    0x00, 0x00, 0x00, 0x00, 0x00, 0x00, 0x00, 0x00, 0x00, 0x00, 0x00, 0x00, 0x00, 0x00, 0x00, 0x00,
    0x00, 0x00, 0x00, 0x00, 0x00, 0x00, 0x00, 0x00, 0x00, 0x00, 0x00, 0x00, 0x00, 0x00, 0x00, 0x00,
    0x00, 0x00, 0x00, 0x00, 0x00, 0x00, 0x00, 0x00, 0x00, 0x00, 0x00, 0x00, 0x00, 0x00, 0x00, 0x00,
    0x00, 0x00, 0x00, 0x00, 0x00, 0x00, 0x00, 0x00, 0x00, 0x00, 0x00, 0x00, 0x00, 0x00, 0x00, 0x00,
    0x00, 0x00, 0x00, 0x00, 0x00, 0x00, 0x00, 0x00, 0x00, 0x00, 0x00, 0x00, 0x00, 0x00, 0x00, 0x00,
    0x00, 0x00, 0x00, 0x00, 0x00, 0x00, 0x00, 0x00, 0x00, 0x00, 0x00, 0x00, 0x00, 0x00, 0x00, 0x00,
    0x00, 0x00, 0x00, 0x00, 0x00, 0x00, 0x00, 0x00, 0x00, 0x00, 0x00, 0x00, 0x00, 0x00, 0x00, 0x00,
    0x00, 0x00, 0x00, 0x00, 0x00, 0x00, 0x00, 0x00, 0x00, 0x00, 0x00, 0x00, 0x00, 0x00, 0x00, 0x00,
    0x00, 0x00, 0x00, 0x00, 0x00, 0x00, 0x00, 0x00, 0x00, 0x00, 0x00, 0x00, 0x00, 0x00, 0x00, 0x00,
    0x00, 0x00, 0x00, 0x00, 0x00, 0x00, 0x00, 0x00, 0x00, 0x00, 0x00, 0x00, 0x00, 0x00, 0x00, 0x00,
    0x00, 0x00, 0x00, 0x00, 0x00, 0x00, 0x00, 0x00, 0x00, 0x00, 0x00, 0x00, 0x00, 0x00, 0x00, 0x00,
    0x00, 0x00, 0x00, 0x00, 0x00, 0x00, 0x00, 0x00, 0x00, 0x00, 0x00, 0x00, 0x00, 0x00, 0x00, 0x00,
    0x00, 0x00, 0x00, 0x00, 0x00, 0x00, 0x00, 0x00, 0x00, 0x00, 0x00, 0x00, 0x00, 0x00, 0x00, 0x00,
    0x00, 0x00, 0x00, 0x00, 0x00, 0x00, 0x00, 0x00, 0x00, 0x00, 0x00, 0x00, 0x00, 0x00, 0x00, 0x00,
    0x00, 0x00, 0x00, 0x00, 0x00, 0x00, 0x00, 0x00, 0x00, 0x00, 0x00, 0x00, 0x00, 0x00, 0x00, 0x00,
    0x00, 0x00, 0x00, 0x00, 0x00, 0x00, 0x00, 0x00, 0x00, 0x00, 0x00, 0x00, 0x00, 0x00, 0x00, 0x00,
    0x00, 0x00, 0x00, 0x00, 0x00, 0x00, 0x00, 0x00, 0x00, 0x00, 0x00, 0x00, 0x00, 0x00, 0x00, 0x00,
    0x00, 0x00, 0x00, 0x00, 0x00, 0x00, 0x00, 0x00, 0x00, 0x00, 0x00, 0x00, 0x00, 0x00, 0x00, 0x00,
    0x00, 0x00, 0x00, 0x00, 0x00, 0x00, 0x00, 0x00, 0x00, 0x00, 0x00, 0x00, 0x00, 0x00, 0x00, 0x00,
    0x00, 0x00, 0x00, 0x00, 0x00, 0x00, 0x00, 0x00, 0x00, 0x00, 0x00, 0x00, 0x00, 0x00, 0x00, 0x00,
    0x00, 0x00, 0x00, 0x00, 0x00, 0x00, 0x00, 0x00, 0x00, 0x00, 0x00, 0x00, 0x00, 0x00, 0x00, 0x00,
    0x00, 0x00, 0x00, 0x00, 0x00, 0x00, 0x00, 0x00, 0x00, 0x00, 0x00, 0x00, 0x00, 0x00, 0x00, 0x00,
    0x00, 0x00, 0x00, 0x00, 0x00, 0x00, 0x00, 0x00, 0x00, 0x00, 0x00, 0x00, 0x00, 0x00, 0x00, 0x00,
    0x00, 0x00, 0x00, 0x00, 0x00, 0x00, 0x00, 0x00, 0x00, 0x00, 0x00, 0x00, 0x00, 0x00, 0x00, 0x00,
    0x00, 0x00, 0x00, 0x00, 0x00, 0x00, 0x00, 0x00, 0x00, 0x00, 0x00, 0x00, 0x00, 0x00, 0x00, 0x00,
    0x00, 0x00, 0x00, 0x00, 0x00, 0x00, 0x00, 0x00, 0x00, 0x00, 0x00, 0x00, 0x00, 0x00, 0x00, 0x00,
    0x00, 0x00, 0x00, 0x00, 0x00, 0x00, 0x00, 0x00, 0x00, 0x00, 0x00, 0x00, 0x00, 0x00, 0x00, 0x00,
    0x00, 0x00, 0x00, 0x00, 0x00, 0x00, 0x00, 0x00, 0x00, 0x00, 0x00, 0x00, 0x00, 0x00, 0x00, 0x00,
    0x00, 0x00, 0x00, 0x00, 0x00, 0x00, 0x00, 0x00, 0x00, 0x00, 0x00, 0x00, 0x00, 0x00, 0x00, 0x00,
    0x00, 0x00, 0x00, 0x00, 0x00, 0x00, 0x00, 0x00, 0x00, 0x00, 0x00, 0x00, 0x00, 0x00, 0x00, 0x00,
    0x00, 0x00, 0x00, 0x00, 0x00, 0x00, 0x00, 0x00, 0x00, 0x00, 0x00, 0x00, 0x00, 0x00, 0x00, 0x00,
    0x00, 0x00, 0x00, 0x00, 0x00, 0x00, 0x00, 0x00, 0x00, 0x00, 0x00, 0x00, 0x00, 0x00, 0x00, 0x00,
    0x00, 0x00, 0x00, 0x00, 0x00, 0x00, 0x00, 0x00, 0x00, 0x00, 0x00, 0x00, 0x00, 0x00, 0x00, 0x00,
    0x00, 0x00, 0x00, 0x00, 0x00, 0x00, 0x00, 0x00, 0x00, 0x00, 0x00, 0x00, 0x00, 0x00, 0x00, 0x00,
    0x00, 0x00, 0x00, 0x00, 0x00, 0x00, 0x00, 0x00, 0x00, 0x00, 0x00, 0x00, 0x00, 0x00, 0x00, 0x00,
    0x00, 0x00, 0x00, 0x00, 0x00, 0x00, 0x00, 0x00, 0x00, 0x00, 0x00, 0x00, 0x00, 0x00, 0x00, 0x00,
    0x00, 0x00, 0x00, 0x00, 0x00, 0x00, 0x00, 0x00, 0x00, 0x00, 0x00, 0x00, 0x00, 0x00, 0x00, 0x00,
    0x00, 0x00, 0x00, 0x00, 0x00, 0x00, 0x00, 0x00, 0x00, 0x00, 0x00, 0x00, 0x00, 0x00, 0x00, 0x00,
    0x00, 0x00, 0x00, 0x00, 0x00, 0x00, 0x00, 0x00, 0x00, 0x00, 0x00, 0x00, 0x00, 0x00, 0x00, 0x00,
    0x00, 0x00, 0x00, 0x00, 0x00, 0x00, 0x00, 0x00, 0x00, 0x00, 0x00, 0x00, 0x00, 0x00, 0x00, 0x00,
    0x00, 0x00, 0x00, 0x00, 0x00, 0x00, 0x00, 0x00, 0x00, 0x00, 0x00, 0x00, 0x00, 0x00, 0x00, 0x00,
    0x00, 0x00, 0x00, 0x00, 0x00, 0x00, 0x00, 0x00, 0x00, 0x00, 0x00, 0x00, 0x00, 0x00, 0x00, 0x00,
    0x00, 0x00, 0x00, 0x00, 0x00, 0x00, 0x00, 0x00, 0x00, 0x00, 0x00, 0x00, 0x00, 0x00, 0x00, 0x00,
    0x00, 0x00, 0x00, 0x00, 0x00, 0x00, 0x00, 0x00, 0x00, 0x00, 0x00, 0x00, 0x00, 0x00, 0x00, 0x00,
    0x00, 0x00, 0x00, 0x00, 0x00, 0x00, 0x00, 0x00, 0x00, 0x00, 0x00, 0x00, 0x00, 0x00, 0x00, 0x00,
    0x00, 0x00, 0x00, 0x00, 0x00, 0x00, 0x00, 0x00, 0x00, 0x00, 0x00, 0x00, 0x00, 0x00, 0x00, 0x00,
    0x00, 0x00, 0x00, 0x00, 0x00, 0x00, 0x00, 0x00, 0x00, 0x00, 0x00, 0x00, 0x00, 0x00, 0x00, 0x00,
    0x00, 0x00, 0x00, 0x00, 0x00, 0x00, 0x00, 0x00, 0x00, 0x00, 0x00, 0x00, 0x00, 0x00, 0x00, 0x00,
    0x00, 0x00, 0x00, 0x00, 0x00, 0x00, 0x00, 0x00, 0x00, 0x00, 0x00, 0x00, 0x00, 0x00, 0x00, 0x00,
    0x00, 0x00, 0x00, 0x00, 0x00, 0x00, 0x00, 0x00, 0x00, 0x00, 0x00, 0x00, 0x00, 0x00, 0x00, 0x00,
    0x00, 0x00, 0x00, 0x00, 0x00, 0x00, 0x00, 0x00, 0x00, 0x00, 0x00, 0x00, 0x00, 0x00, 0x00, 0x00,
    0x00, 0x00, 0x00, 0x00, 0x00, 0x00, 0x00, 0x00, 0x00, 0x00, 0x00, 0x00, 0x00, 0x00, 0x00, 0x00,
    0x00, 0x00, 0x00, 0x00, 0x00, 0x00, 0x00, 0x00, 0x00, 0x00, 0x00, 0x00, 0x00, 0x00, 0x00, 0x00,
    0x00, 0x00, 0x00, 0x00, 0x00, 0x00, 0x00, 0x00, 0x00, 0x00, 0x00, 0x00, 0x00, 0x00, 0x00, 0x00,
    0x00, 0x00, 0x00, 0x00, 0x00, 0x00, 0x00, 0x00, 0x00, 0x00, 0x00, 0x00, 0x00, 0x00, 0x00, 0x00,
    0x00, 0x00, 0x00, 0x00, 0x00, 0x00, 0x00, 0x00, 0x00, 0x00, 0x00, 0x00, 0x00, 0x00, 0x00, 0x00,
    0x00, 0x00, 0x00, 0x00, 0x00, 0x00, 0x00, 0x00, 0x00, 0x00, 0x00, 0x00, 0x00, 0x00, 0x00, 0x00,
    0x00, 0x00, 0x00, 0x00, 0x00, 0x00, 0x00, 0x00, 0x00, 0x00, 0x00, 0x00, 0x00, 0x00, 0x00, 0x00,
    0x00, 0x00, 0x00, 0x00, 0x00, 0x00, 0x00, 0x00, 0x00, 0x00, 0x00, 0x00, 0x00, 0x00, 0x00, 0x00,
    0x00, 0x00, 0x00, 0x00, 0x00, 0x00, 0x00, 0x00, 0x00, 0x00, 0x00, 0x00, 0x00, 0x00, 0x00, 0x00,
    0x00, 0x00, 0x00, 0x00, 0x00, 0x00, 0x00, 0x00, 0x00, 0x00, 0x00, 0x00, 0x00, 0x00, 0x00, 0x00,
    0x00, 0x00, 0x00, 0x00, 0x00, 0x00, 0x00, 0x00, 0x00, 0x00, 0x00, 0x00, 0x00, 0x00, 0x00, 0x00,
    0x00, 0x00, 0x00, 0x00, 0x00, 0x00, 0x00, 0x00, 0x00, 0x00, 0x00, 0x00, 0x00, 0x00, 0x00, 0x00,
    0x00, 0x00, 0x00, 0x00, 0x00, 0x00, 0x00, 0x00, 0x00, 0x00, 0x00, 0x00, 0x00, 0x00, 0x00, 0x00,
    0x00, 0x00, 0x00, 0x00, 0x00, 0x00, 0x00, 0x00, 0x00, 0x00, 0x00, 0x00, 0x00, 0x00, 0x00, 0x00,
    0x00, 0x00, 0x00, 0x00, 0x00, 0x00, 0x00, 0x00, 0x00, 0x00, 0x00, 0x00, 0x00, 0x00, 0x00, 0x00,
    0x00, 0x00, 0x00, 0x00, 0x00, 0x00, 0x00, 0x00, 0x00, 0x00, 0x00, 0x00, 0x00, 0x00, 0x00, 0x00,
    0x00, 0x00, 0x00, 0x00, 0x00, 0x00, 0x00, 0x00, 0x00, 0x00, 0x00, 0x00, 0x00, 0x00, 0x00, 0x00,
    0x00, 0x00, 0x00, 0x00, 0x00, 0x00, 0x00, 0x00, 0x00, 0x00, 0x00, 0x00, 0x00, 0x00, 0x00, 0x00,
    0x00, 0x00, 0x00, 0x00, 0x00, 0x00, 0x00, 0x00, 0x00, 0x00, 0x00, 0x00, 0x00, 0x00, 0x00, 0x00,
    0x00, 0x00, 0x00, 0x00, 0x00, 0x00, 0x00, 0x00, 0x00, 0x00, 0x00, 0x00, 0x00, 0x00, 0x00, 0x00,
    0x00, 0x00, 0x00, 0x00, 0x00, 0x00, 0x00, 0x00, 0x00, 0x00, 0x00, 0x00, 0x00, 0x00, 0x00, 0x00,
    0x00, 0x00, 0x00, 0x00, 0x00, 0x00, 0x00, 0x00, 0x00, 0x00, 0x00, 0x00, 0x00, 0x00, 0x00, 0x00,
    0x00, 0x00, 0x00, 0x00, 0x00, 0x00, 0x00, 0x00, 0x00, 0x00, 0x00, 0x00, 0x00, 0x00, 0x00, 0x00,
    0x00, 0x00, 0x00, 0x00, 0x00, 0x00, 0x00, 0x00, 0x00, 0x00, 0x00, 0x00, 0x00, 0x00, 0x00, 0x00,
    0x00, 0x00, 0x00, 0x00, 0x00, 0x00, 0x00, 0x00, 0x00, 0x00, 0x00, 0x00, 0x00, 0x00, 0x00, 0x00,
    0x00, 0x00, 0x00, 0x00, 0x00, 0x00, 0x00, 0x00, 0x00, 0x00, 0x00, 0x00, 0x00, 0x00, 0x00, 0x00,
    0x00, 0x00, 0x00, 0x00, 0x00, 0x00, 0x00, 0x00, 0x00, 0x00, 0x00, 0x00, 0x00, 0x00, 0x00, 0x00,
    0x00, 0x00, 0x00, 0x00, 0x00, 0x00, 0x00, 0x00, 0x00, 0x00, 0x00, 0x00, 0x00, 0x00, 0x00, 0x00,
    0x00, 0x00, 0x00, 0x00, 0x00, 0x00, 0x00, 0x00, 0x00, 0x00, 0x00, 0x00, 0x00, 0x00, 0x00, 0x00,
    0x00, 0x00, 0x00, 0x00, 0x00, 0x00, 0x00, 0x00, 0x00, 0x00, 0x00, 0x00, 0x00, 0x00, 0x00, 0x00,
    0x00, 0x00, 0x00, 0x00, 0x00, 0x00, 0x00, 0x00, 0x00, 0x00, 0x00, 0x00, 0x00, 0x00, 0x00, 0x00,
    0x00, 0x00, 0x00, 0x00, 0x00, 0x00, 0x00, 0x00, 0x00, 0x00, 0x00, 0x00, 0x00, 0x00, 0x00, 0x00,
    0x00, 0x00, 0x00, 0x00, 0x00, 0x00, 0x00, 0x00, 0x00, 0x00, 0x00, 0x00, 0x00, 0x00, 0x00, 0x00,
    0x00, 0x00, 0x00, 0x00, 0x00, 0x00, 0x00, 0x00, 0x00, 0x00, 0x00, 0x00, 0x00, 0x00, 0x00, 0x00,
    0x00, 0x00, 0x00, 0x00, 0x00, 0x00, 0x00, 0x00, 0x00, 0x00, 0x00, 0x00, 0x00, 0x00, 0x00, 0x00,
    0x00, 0x00, 0x00, 0x00, 0x00, 0x00, 0x00, 0x00, 0x00, 0x00, 0x00, 0x00, 0x00, 0x00, 0x00, 0x00,
    0x00, 0x00, 0x00, 0x00, 0x00, 0x00, 0x00, 0x00, 0x00, 0x00, 0x00, 0x00, 0x00, 0x00, 0x00, 0x00,
    0x00, 0x00, 0x00, 0x00, 0x00, 0x00, 0x00, 0x00, 0x00, 0x00, 0x00, 0x00, 0x00, 0x00, 0x00, 0x00,
    0x00, 0x00, 0x00, 0x00, 0x00, 0x00, 0x00, 0x00, 0x00, 0x00, 0x00, 0x00, 0x00, 0x00, 0x00, 0x00,
    0x00, 0x00, 0x00, 0x00, 0x00, 0x00, 0x00, 0x00, 0x00, 0x00, 0x00, 0x00, 0x00, 0x00, 0x00, 0x00,
    0x00, 0x00, 0x00, 0x00, 0x00, 0x00, 0x00, 0x00, 0x00, 0x00, 0x00, 0x00, 0x00, 0x00, 0x00, 0x00,
    0x00, 0x00, 0x00, 0x00, 0x00, 0x00, 0x00, 0x00, 0x00, 0x00, 0x00, 0x00, 0x00, 0x00, 0x00, 0x00,
    0x00, 0x00, 0x00, 0x00, 0x00, 0x00, 0x00, 0x00, 0x00, 0x00, 0x00, 0x00, 0x00, 0x00, 0x00, 0x00,
    0x00, 0x00, 0x00, 0x00, 0x00, 0x00, 0x00, 0x00, 0x00, 0x00, 0x00, 0x00, 0x00, 0x00, 0x00, 0x00,
    0x00, 0x00, 0x00, 0x00, 0x00, 0x00, 0x00, 0x00, 0x00, 0x00, 0x00, 0x00, 0x00, 0x00, 0x00, 0x00,
    0x00, 0x00, 0x00, 0x00, 0x00, 0x00, 0x00, 0x00, 0x00, 0x00, 0x00, 0x00, 0x00, 0x00, 0x00, 0x00,
    0x00, 0x00, 0x00, 0x00, 0x00, 0x00, 0x00, 0x00, 0x00, 0x00, 0x00, 0x00, 0x00, 0x00, 0x00, 0x00,
    0x00, 0x00, 0x00, 0x00, 0x00, 0x00, 0x00, 0x00, 0x00, 0x00, 0x00, 0x00, 0x00, 0x00, 0x00, 0x00,
    0x00, 0x00, 0x00, 0x00, 0x00, 0x00, 0x00, 0x00, 0x00, 0x00, 0x00, 0x00, 0x00, 0x00, 0x00, 0x00,
    0x00, 0x00, 0x00, 0x00, 0x00, 0x00, 0x00, 0x00, 0x00, 0x00, 0x00, 0x00, 0x00, 0x00, 0x00, 0x00,
    0x00, 0x00, 0x00, 0x00, 0x00, 0x00, 0x00, 0x00, 0x00, 0x00, 0x00, 0x00, 0x00, 0x00, 0x00, 0x00,
    0x00, 0x00, 0x00, 0x00, 0x00, 0x00, 0x00, 0x00, 0x00, 0x00, 0x00, 0x00, 0x00, 0x00, 0x00, 0x00,
    0x00, 0x00, 0x00, 0x00, 0x00, 0x00, 0x00, 0x00, 0x00, 0x00, 0x00, 0x00, 0x00, 0x00, 0x00, 0x00,
    0x00, 0x00, 0x00, 0x00, 0x00, 0x00, 0x00, 0x00, 0x00, 0x00, 0x00, 0x00, 0x00, 0x00, 0x00, 0x00,
    0x00, 0x00, 0x00, 0x00, 0x00, 0x00, 0x00, 0x00, 0x00, 0x00, 0x00, 0x00, 0x00, 0x00, 0x00, 0x00,
    0x00, 0x00, 0x00, 0x00, 0x00, 0x00, 0x00, 0x00, 0x00, 0x00, 0x00, 0x00, 0x00, 0x00, 0x00, 0x00,
    0x00, 0x00, 0x00, 0x00, 0x00, 0x00, 0x00, 0x00, 0x00, 0x00, 0x00, 0x00, 0x00, 0x00, 0x00, 0x00,
    0x00, 0x00, 0x00, 0x00, 0x00, 0x00, 0x00, 0x00, 0x00, 0x00, 0x00, 0x00, 0x00, 0x00, 0x00, 0x00,
    0x00, 0x00, 0x00, 0x00, 0x00, 0x00, 0x00, 0x00, 0x00, 0x00, 0x00, 0x00, 0x00, 0x00, 0x00, 0x00,
    0x00, 0x00, 0x00, 0x00, 0x00, 0x00, 0x00, 0x00, 0x00, 0x00, 0x00, 0x00, 0x00, 0x00, 0x00, 0x00,
    0x00, 0x00, 0x00, 0x00, 0x00, 0x00, 0x00, 0x00, 0x00, 0x00, 0x00, 0x00, 0x00, 0x00, 0x00, 0x00,
    0x00, 0x00, 0x00, 0x00, 0x00, 0x00, 0x00, 0x00, 0x00, 0x00, 0x00, 0x00, 0x00, 0x00, 0x00, 0x00,
    0x00, 0x00, 0x00, 0x00, 0x00, 0x00, 0x00, 0x00, 0x00, 0x00, 0x00, 0x00, 0x00, 0x00, 0x00, 0x00,
    0x00, 0x00, 0x00, 0x00, 0x00, 0x00, 0x00, 0x00, 0x00, 0x00, 0x00, 0x00, 0x00, 0x00, 0x00, 0x00,
    0x00, 0x00, 0x00, 0x00, 0x00, 0x00, 0x00, 0x00, 0x00, 0x00, 0x00, 0x00, 0x00, 0x00, 0x00, 0x00,
    0x00, 0x00, 0x00, 0x00, 0x00, 0x00, 0x00, 0x00, 0x00, 0x00, 0x00, 0x00, 0x00, 0x00, 0x00, 0x00,
    0x00, 0x00, 0x00, 0x00, 0x00, 0x00, 0x00, 0x00, 0x00, 0x00, 0x00, 0x00, 0x00, 0x00, 0x00, 0x00,
    0x00, 0x00, 0x00, 0x00, 0x00, 0x00, 0x00, 0x00, 0x00, 0x00, 0x00, 0x00, 0x00, 0x00, 0x00, 0x00,
    0x00, 0x00, 0x00, 0x00, 0x00, 0x00, 0x00, 0x00, 0x00, 0x00, 0x00, 0x00, 0x00, 0x00, 0x00, 0x00,
    0x00, 0x00, 0x00, 0x00, 0x00, 0x00, 0x00, 0x00, 0x00, 0x00, 0x00, 0x00, 0x00, 0x00, 0x00, 0x00,
    0x00, 0x00, 0x00, 0x00, 0x00, 0x00, 0x00, 0x00, 0x00, 0x00, 0x00, 0x00, 0x00, 0x00, 0x00, 0x00,
    0x00, 0x00, 0x00, 0x00, 0x00, 0x00, 0x00, 0x00, 0x00, 0x00, 0x00, 0x00, 0x00, 0x00, 0x00, 0x00,
    0x00, 0x00, 0x00, 0x00, 0x00, 0x00, 0x00, 0x00, 0x00, 0x00, 0x00, 0x00, 0x00, 0x00, 0x00, 0x00,
    0x00, 0x00, 0x00, 0x00, 0x00, 0x00, 0x00, 0x00, 0x00, 0x00, 0x00, 0x00, 0x00, 0x00, 0x00, 0x00,
    0x00, 0x00, 0x00, 0x00, 0x00, 0x00, 0x00, 0x00, 0x00, 0x00, 0x00, 0x00, 0x00, 0x00, 0x00, 0x00,
    0x00, 0x00, 0x00, 0x00, 0x00, 0x00, 0x00, 0x00, 0x00, 0x00, 0x00, 0x00, 0x00, 0x00, 0x00, 0x00,
    0x00, 0x00, 0x00, 0x00, 0x00, 0x00, 0x00, 0x00, 0x00, 0x00, 0x00, 0x00, 0x00, 0x00, 0x00, 0x00,
    0x00, 0x00, 0x00, 0x00, 0x00, 0x00, 0x00, 0x00, 0x00, 0x00, 0x00, 0x00, 0x00, 0x00, 0x00, 0x00,
    0x00, 0x00, 0x00, 0x00, 0x00, 0x00, 0x00, 0x00, 0x00, 0x00, 0x00, 0x00, 0x00, 0x00, 0x00, 0x00,
    0x00, 0x00, 0x00, 0x00, 0x00, 0x00, 0x00, 0x00, 0x00, 0x00, 0x00, 0x00, 0x00, 0x00, 0x00, 0x00,
    0x00, 0x00, 0x00, 0x00, 0x00, 0x00, 0x00, 0x00, 0x00, 0x00, 0x00, 0x00, 0x00, 0x00, 0x00, 0x00,
    0x00, 0x00, 0x00, 0x00, 0x00, 0x00, 0x00, 0x00, 0x00, 0x00, 0x00, 0x00, 0x00, 0x00, 0x00, 0x00,
    0x00, 0x00, 0x00, 0x00, 0x00, 0x00, 0x00, 0x00, 0x00, 0x00, 0x00, 0x00, 0x00, 0x00, 0x00, 0x00,
    0x00, 0x00, 0x00, 0x00, 0x00, 0x00, 0x00, 0x00, 0x00, 0x00, 0x00, 0x00, 0x00, 0x00, 0x00, 0x00,
    0x00, 0x00, 0x00, 0x00, 0x00, 0x00, 0x00, 0x00, 0x00, 0x00, 0x00, 0x00, 0x00, 0x00, 0x00, 0x00,
    0x00, 0x00, 0x00, 0x00, 0x00, 0x00, 0x00, 0x00, 0x00, 0x00, 0x00, 0x00, 0x00, 0x00, 0x00, 0x00,
    0x00, 0x00, 0x00, 0x00, 0x00, 0x00, 0x00, 0x00, 0x00, 0x00, 0x00, 0x00, 0x00, 0x00, 0x00, 0x00,
    0x00, 0x00, 0x00, 0x00, 0x00, 0x00, 0x00, 0x00, 0x00, 0x00, 0x00, 0x00, 0x00, 0x00, 0x00, 0x00,
    0x00, 0x00, 0x00, 0x00, 0x00, 0x00, 0x00, 0x00, 0x00, 0x00, 0x00, 0x00, 0x00, 0x00, 0x00, 0x00,
    0x00, 0x00, 0x00, 0x00, 0x00, 0x00, 0x00, 0x00, 0x00, 0x00, 0x00, 0x00, 0x00, 0x00, 0x00, 0x00,
    0x00, 0x00, 0x00, 0x00, 0x00, 0x00, 0x00, 0x00, 0x00, 0x00, 0x00, 0x00, 0x00, 0x00, 0x00, 0x00,
    0x00, 0x00, 0x00, 0x00, 0x00, 0x00, 0x00, 0x00, 0x00, 0x00, 0x00, 0x00, 0x00, 0x00, 0x00, 0x00,
    0x00, 0x00, 0x00, 0x00, 0x00, 0x00, 0x00, 0x00, 0x00, 0x00, 0x00, 0x00, 0x00, 0x00, 0x00, 0x00,
    0x00, 0x00, 0x00, 0x00, 0x00, 0x00, 0x00, 0x00, 0x00, 0x00, 0x00, 0x00, 0x00, 0x00, 0x00, 0x00,
    0x00, 0x00, 0x00, 0x00, 0x00, 0x00, 0x00, 0x00, 0x00, 0x00, 0x00, 0x00, 0x00, 0x00, 0x00, 0x00,
    0x00, 0x00, 0x00, 0x00, 0x00, 0x00, 0x00, 0x00, 0x00, 0x00, 0x00, 0x00, 0x00, 0x00, 0x00, 0x00,
    0x00, 0x00, 0x00, 0x00, 0x00, 0x00, 0x00, 0x00, 0x00, 0x00, 0x00, 0x00, 0x00, 0x00, 0x00, 0x00,
    0x00, 0x00, 0x00, 0x00, 0x00, 0x00, 0x00, 0x00, 0x00, 0x00, 0x00, 0x00, 0x00, 0x00, 0x00, 0x00,
    0x00, 0x00, 0x00, 0x00, 0x00, 0x00, 0x00, 0x00, 0x00, 0x00, 0x00, 0x00, 0x00, 0x00, 0x00, 0x00,
    0x00, 0x00, 0x00, 0x00, 0x00, 0x00, 0x00, 0x00, 0x00, 0x00, 0x00, 0x00, 0x00, 0x00, 0x00, 0x00,
    0x00, 0x00, 0x00, 0x00, 0x00, 0x00, 0x00, 0x00, 0x00, 0x00, 0x00, 0x00, 0x00, 0x00, 0x00, 0x00,
    0x00, 0x00, 0x00, 0x00, 0x00, 0x00, 0x00, 0x00, 0x00, 0x00, 0x00, 0x00, 0x00, 0x00, 0x00, 0x00,
    0x00, 0x00, 0x00, 0x00, 0x00, 0x00, 0x00, 0x00, 0x00, 0x00, 0x00, 0x00, 0x00, 0x00, 0x00, 0x00,
    0x00, 0x00, 0x00, 0x00, 0x00, 0x00, 0x00, 0x00, 0x00, 0x00, 0x00, 0x00, 0x00, 0x00, 0x00, 0x00,
    0x00, 0x00, 0x00, 0x00, 0x00, 0x00, 0x00, 0x00, 0x00, 0x00, 0x00, 0x00, 0x00, 0x00, 0x00, 0x00,
    0x00, 0x00, 0x00, 0x00, 0x00, 0x00, 0x00, 0x00, 0x00, 0x00, 0x00, 0x00, 0x00, 0x00, 0x00, 0x00,
    0x00, 0x00, 0x00, 0x00, 0x00, 0x00, 0x00, 0x00, 0x00, 0x00, 0x00, 0x00, 0x00, 0x00, 0x00, 0x00,
    0x00, 0x00, 0x00, 0x00, 0x00, 0x00, 0x00, 0x00, 0x00, 0x00, 0x00, 0x00, 0x00, 0x00, 0x00, 0x00,
    0x00, 0x00, 0x00, 0x00, 0x00, 0x00, 0x00, 0x00, 0x00, 0x00, 0x00, 0x00, 0x00, 0x00, 0x00, 0x00,
    0x00, 0x00, 0x00, 0x00, 0x00, 0x00, 0x00, 0x00, 0x00, 0x00, 0x00, 0x00, 0x00, 0x00, 0x00, 0x00,
    0x00, 0x00, 0x00, 0x00, 0x00, 0x00, 0x00, 0x00, 0x00, 0x00, 0x00, 0x00, 0x00, 0x00, 0x00, 0x00,
    0x00, 0x00, 0x00, 0x00, 0x00, 0x00, 0x00, 0x00, 0x00, 0x00, 0x00, 0x00, 0x00, 0x00, 0x00, 0x00,
    0x00, 0x00, 0x00, 0x00, 0x00, 0x00, 0x00, 0x00, 0x00, 0x00, 0x00, 0x00, 0x00, 0x00, 0x00, 0x00,
    0x00, 0x00, 0x00, 0x00, 0x00, 0x00, 0x00, 0x00, 0x00, 0x00, 0x00, 0x00, 0x00, 0x00, 0x00, 0x00,
    0x00, 0x00, 0x00, 0x00, 0x00, 0x00, 0x00, 0x00, 0x00, 0x00, 0x00, 0x00, 0x00, 0x00, 0x00, 0x00,
    0x00, 0x00, 0x00, 0x00, 0x00, 0x00, 0x00, 0x00, 0x00, 0x00, 0x00, 0x00, 0x00, 0x00, 0x00, 0x00,
    0x00, 0x00, 0x00, 0x00, 0x00, 0x00, 0x00, 0x00, 0x00, 0x00, 0x00, 0x00, 0x00, 0x00, 0x00, 0x00,
    0x00, 0x00, 0x00, 0x00, 0x00, 0x00, 0x00, 0x00, 0x00, 0x00, 0x00, 0x00, 0x00, 0x00, 0x00, 0x00,
    0x00, 0x00, 0x00, 0x00, 0x00, 0x00, 0x00, 0x00, 0x00, 0x00, 0x00, 0x00, 0x00, 0x00, 0x00, 0x00,
    0x00, 0x00, 0x00, 0x00, 0x00, 0x00, 0x00, 0x00, 0x00, 0x00, 0x00, 0x00, 0x00, 0x00, 0x00, 0x00,
    0x00, 0x00, 0x00, 0x00, 0x00, 0x00, 0x00, 0x00, 0x00, 0x00, 0x00, 0x00, 0x00, 0x00, 0x00, 0x00,
    0x00, 0x00, 0x00, 0x00, 0x00, 0x00, 0x00, 0x00, 0x00, 0x00, 0x00, 0x00, 0x00, 0x00, 0x00, 0x00,
    0x00, 0x00, 0x00, 0x00, 0x00, 0x00, 0x00, 0x00, 0x00, 0x00, 0x00, 0x00, 0x00, 0x00, 0x00, 0x00,
    0x00, 0x00, 0x00, 0x00, 0x00, 0x00, 0x00, 0x00, 0x00, 0x00, 0x00, 0x00, 0x00, 0x00, 0x00, 0x00,
    0x00, 0x00, 0x00, 0x00, 0x00, 0x00, 0x00, 0x00, 0x00, 0x00, 0x00, 0x00, 0x00, 0x00, 0x00, 0x00,
    0x00, 0x00, 0x00, 0x00, 0x00, 0x00, 0x00, 0x00, 0x00, 0x00, 0x00, 0x00, 0x00, 0x00, 0x00, 0x00,
    0x00, 0x00, 0x00, 0x00, 0x00, 0x00, 0x00, 0x00, 0x00, 0x00, 0x00, 0x00, 0x00, 0x00, 0x00, 0x00,
    0x00, 0x00, 0x00, 0x00, 0x00, 0x00, 0x00, 0x00, 0x00, 0x00, 0x00, 0x00, 0x00, 0x00, 0x00, 0x00,
    0x00, 0x00, 0x00, 0x00, 0x00, 0x00, 0x00, 0x00, 0x00, 0x00, 0x00, 0x00, 0x00, 0x00, 0x00, 0x00,
    0x00, 0x00, 0x00, 0x00, 0x00, 0x00, 0x00, 0x00, 0x00, 0x00, 0x00, 0x00, 0x00, 0x00, 0x00, 0x00,
    0x00, 0x00, 0x00, 0x00, 0x00, 0x00, 0x00, 0x00, 0x00, 0x00, 0x00, 0x00, 0x00, 0x00, 0x00, 0x00,
    0x00, 0x00, 0x00, 0x00, 0x00, 0x00, 0x00, 0x00, 0x00, 0x00, 0x00, 0x00, 0x00, 0x00, 0x00, 0x00,
    0x00, 0x00, 0x00, 0x00, 0x00, 0x00, 0x00, 0x00, 0x00, 0x00, 0x00, 0x00, 0x00, 0x00, 0x00, 0x00,
    0x00, 0x00, 0x00, 0x00, 0x00, 0x00, 0x00, 0x00, 0x00, 0x00, 0x00, 0x00, 0x00, 0x00, 0x00, 0x00,
    0x00, 0x00, 0x00, 0x00, 0x00, 0x00, 0x00, 0x00, 0x00, 0x00, 0x00, 0x00, 0x00, 0x00, 0x00, 0x00,
    0x00, 0x00, 0x00, 0x00, 0x00, 0x00, 0x00, 0x00, 0x00, 0x00, 0x00, 0x00, 0x00, 0x00, 0x00, 0x00,
    0x00, 0x00, 0x00, 0x00, 0x00, 0x00, 0x00, 0x00, 0x00, 0x00, 0x00, 0x00, 0x00, 0x00, 0x00, 0x00,
    0x00, 0x00, 0x00, 0x00, 0x00, 0x00, 0x00, 0x00, 0x00, 0x00, 0x00, 0x00, 0x00, 0x00, 0x00, 0x00,
    0x00, 0x00, 0x00, 0x00, 0x00, 0x00, 0x00, 0x00, 0x00, 0x00, 0x00, 0x00, 0x00, 0x00, 0x00, 0x00,
    0x00, 0x00, 0x00, 0x00, 0x00, 0x00, 0x00, 0x00, 0x00, 0x00, 0x00, 0x00, 0x00, 0x00, 0x00, 0x00,
    0x00, 0x00, 0x00, 0x00, 0x00, 0x00, 0x00, 0x00, 0x00, 0x00, 0x00, 0x00, 0x00, 0x00, 0x00, 0x00,
    0x00, 0x00, 0x00, 0x00, 0x00, 0x00, 0x00, 0x00, 0x00, 0x00, 0x00, 0x00, 0x00, 0x00, 0x00, 0x00,
    0x00, 0x00, 0x00, 0x00, 0x00, 0x00, 0x00, 0x00, 0x00, 0x00, 0x00, 0x00, 0x00, 0x00, 0x00, 0x00,
    0x00, 0x00, 0x00, 0x00, 0x00, 0x00, 0x00, 0x00, 0x00, 0x00, 0x00, 0x00, 0x00, 0x00, 0x00, 0x00,
    0x00, 0x00, 0x00, 0x00, 0x00, 0x00, 0x00, 0x00, 0x00, 0x00, 0x00, 0x00, 0x00, 0x00, 0x00, 0x00,
    0x00, 0x00, 0x00, 0x00, 0x00, 0x00, 0x00, 0x00, 0x00, 0x00, 0x00, 0x00, 0x00, 0x00, 0x00, 0x00,
    0x00, 0x00, 0x00, 0x00, 0x00, 0x00, 0x00, 0x00, 0x00, 0x00, 0x00, 0x00, 0x00, 0x00, 0x00, 0x00,
    0x00, 0x00, 0x00, 0x00, 0x00, 0x00, 0x00, 0x00, 0x00, 0x00, 0x00, 0x00, 0x00, 0x00, 0x00, 0x00,
    0x00, 0x00, 0x00, 0x00, 0x00, 0x00, 0x00, 0x00, 0x00, 0x00, 0x00, 0x00, 0x00, 0x00, 0x00, 0x00,
    0x00, 0x00, 0x00, 0x00, 0x00, 0x00, 0x00, 0x00, 0x00, 0x00, 0x00, 0x00, 0x00, 0x00, 0x00, 0x00,
    0x00, 0x00, 0x00, 0x00, 0x00, 0x00, 0x00, 0x00, 0x00, 0x00, 0x00, 0x00, 0x00, 0x00, 0x00, 0x00,
    0x00, 0x00, 0x00, 0x00, 0x00, 0x00, 0x00, 0x00, 0x00, 0x00, 0x00, 0x00, 0x00, 0x00, 0x00, 0x00,
    0x00, 0x00, 0x00, 0x00, 0x00, 0x00, 0x00, 0x00, 0x00, 0x00, 0x00, 0x00, 0x00, 0x00, 0x00, 0x00,
    0x00, 0x00, 0x00, 0x00, 0x00, 0x00, 0x00, 0x00, 0x00, 0x00, 0x00, 0x00, 0x00, 0x00, 0x00, 0x00,
    0x00, 0x00, 0x00, 0x00, 0x00, 0x00, 0x00, 0x00, 0x00, 0x00, 0x00, 0x00, 0x00, 0x00, 0x00, 0x00,
    0x00, 0x00, 0x00, 0x00, 0x00, 0x00, 0x00, 0x00, 0x00, 0x00, 0x00, 0x00, 0x00, 0x00, 0x00, 0x00,
    0x00, 0x00, 0x00, 0x00, 0x00, 0x00, 0x00, 0x00, 0x00, 0x00, 0x00, 0x00, 0x00, 0x00, 0x00, 0x00,
    0x00, 0x00, 0x00, 0x00, 0x00, 0x00, 0x00, 0x00, 0x00, 0x00, 0x00, 0x00, 0x00, 0x00, 0x00, 0x00,
    0x00, 0x00, 0x00, 0x00, 0x00, 0x00, 0x00, 0x00, 0x00, 0x00, 0x00, 0x00, 0x00, 0x00, 0x00, 0x00,
    0x00, 0x00, 0x00, 0x00, 0x00, 0x00, 0x00, 0x00, 0x00, 0x00, 0x00, 0x00, 0x00, 0x00, 0x00, 0x00,
    0x00, 0x00, 0x00, 0x00, 0x00, 0x00, 0x00, 0x00, 0x00, 0x00, 0x00, 0x00, 0x00, 0x00, 0x00, 0x00,
    0x00, 0x00, 0x00, 0x00, 0x00, 0x00, 0x00, 0x00, 0x00, 0x00, 0x00, 0x00, 0x00, 0x00, 0x00, 0x00,
    0x00, 0x00, 0x00, 0x00, 0x00, 0x00, 0x00, 0x00, 0x00, 0x00, 0x00, 0x00, 0x00, 0x00, 0x00, 0x00,
    0x00, 0x00, 0x00, 0x00, 0x00, 0x00, 0x00, 0x00, 0x00, 0x00, 0x00, 0x00, 0x00, 0x00, 0x00, 0x00,
    0x00, 0x00, 0x00, 0x00, 0x00, 0x00, 0x00, 0x00, 0x00, 0x00, 0x00, 0x00, 0x00, 0x00, 0x00, 0x00,
    0x00, 0x00, 0x00, 0x00, 0x00, 0x00, 0x00, 0x00, 0x00, 0x00, 0x00, 0x00, 0x00, 0x00, 0x00, 0x00,
    0x00, 0x00, 0x00, 0x00, 0x00, 0x00, 0x00, 0x00, 0x00, 0x00, 0x00, 0x00, 0x00, 0x00, 0x00, 0x00,
    0x00, 0x00, 0x00, 0x00, 0x00, 0x00, 0x00, 0x00, 0x00, 0x00, 0x00, 0x00, 0x00, 0x00, 0x00, 0x00,
    0x00, 0x00, 0x00, 0x00, 0x00, 0x00, 0x00, 0x00, 0x00, 0x00, 0x00, 0x00, 0x00, 0x00, 0x00, 0x00,
    0x00, 0x00, 0x00, 0x00, 0x00, 0x00, 0x00, 0x00, 0x00, 0x00, 0x00, 0x00, 0x00, 0x00, 0x00, 0x00,
    0x00, 0x00, 0x00, 0x00, 0x00, 0x00, 0x00, 0x00, 0x00, 0x00, 0x00, 0x00, 0x00, 0x00, 0x00, 0x00,
    0x00, 0x00, 0x00, 0x00, 0x00, 0x00, 0x00, 0x00, 0x00, 0x00, 0x00, 0x00, 0x00, 0x00, 0x00, 0x00,
    0x00, 0x00, 0x00, 0x00, 0x00, 0x00, 0x00, 0x00, 0x00, 0x00, 0x00, 0x00, 0x00, 0x00, 0x00, 0x00,
    0x00, 0x00, 0x00, 0x00, 0x00, 0x00, 0x00, 0x00, 0x00, 0x00, 0x00, 0x00, 0x00, 0x00, 0x00, 0x00,
    0x00, 0x00, 0x00, 0x00, 0x00, 0x00, 0x00, 0x00, 0x00, 0x00, 0x00, 0x00, 0x00, 0x00, 0x00, 0x00,
    0x00, 0x00, 0x00, 0x00, 0x00, 0x00, 0x00, 0x00, 0x00, 0x45, 0x4E, 0x44, 0x54,
};
