// Generated with `xb buildshaders`.
const uint8_t texture_load_64bpb_cs_metallib[] = {
    0x4D, 0x54, 0x4C, 0x42, 0x01, 0x80, 0x02, 0x00, 0x09, 0x00, 0x00, 0x81, 0x1A, 0x00, 0x00, 0x00,
    0x09, 0x78, 0x00, 0x00, 0x00, 0x00, 0x00, 0x00, 0x58, 0x00, 0x00, 0x00, 0x00, 0x00, 0x00, 0x00,
    0x8E, 0x00, 0x00, 0x00, 0x00, 0x00, 0x00, 0x00, 0x04, 0x01, 0x00, 0x00, 0x00, 0x00, 0x00, 0x00,
    0x08, 0x00, 0x00, 0x00, 0x00, 0x00, 0x00, 0x00, 0x0C, 0x01, 0x00, 0x00, 0x00, 0x00, 0x00, 0x00,
    0xCE, 0x00, 0x00, 0x00, 0x00, 0x00, 0x00, 0x00, 0xDA, 0x01, 0x00, 0x00, 0x00, 0x00, 0x00, 0x00,
    0xA0, 0x24, 0x00, 0x00, 0x00, 0x00, 0x00, 0x00, 0x01, 0x00, 0x00, 0x00, 0x8E, 0x00, 0x00, 0x00,
    0x4E, 0x41, 0x4D, 0x45, 0x0B, 0x00, 0x78, 0x65, 0x73, 0x6C, 0x5F, 0x65, 0x6E, 0x74, 0x72, 0x79,
    0x00, 0x54, 0x59, 0x50, 0x45, 0x01, 0x00, 0x02, 0x48, 0x41, 0x53, 0x48, 0x20, 0x00, 0xAF, 0xC7,
    0xB9, 0xFB, 0x5D, 0x74, 0x23, 0xB5, 0xAA, 0x95, 0x06, 0xD3, 0x29, 0x51, 0xEC, 0x65, 0x78, 0x0E,
    0x5F, 0x49, 0xBB, 0x89, 0x07, 0xF5, 0xEA, 0x31, 0xA4, 0x01, 0x22, 0x3E, 0x00, 0xFA, 0x4D, 0x44,
    0x53, 0x5A, 0x08, 0x00, 0xA0, 0x24, 0x00, 0x00, 0x00, 0x00, 0x00, 0x00, 0x4F, 0x46, 0x46, 0x54,
    0x18, 0x00, 0x00, 0x00, 0x00, 0x00, 0x00, 0x00, 0x00, 0x00, 0x00, 0x00, 0x00, 0x00, 0x00, 0x00,
    0x00, 0x00, 0x00, 0x00, 0x00, 0x00, 0x00, 0x00, 0x00, 0x00, 0x56, 0x45, 0x52, 0x53, 0x08, 0x00,
    0x02, 0x00, 0x08, 0x00, 0x04, 0x00, 0x00, 0x00, 0x53, 0x4F, 0x46, 0x46, 0x08, 0x00, 0x6D, 0x01,
    0x00, 0x00, 0x00, 0x00, 0x00, 0x00, 0x45, 0x4E, 0x44, 0x54, 0x48, 0x53, 0x52, 0x44, 0x10, 0x00,
    0x7A, 0x26, 0x00, 0x00, 0x00, 0x00, 0x00, 0x00, 0x8F, 0x51, 0x00, 0x00, 0x00, 0x00, 0x00, 0x00,
    0x45, 0x4E, 0x44, 0x54, 0x04, 0x00, 0x00, 0x00, 0x45, 0x4E, 0x44, 0x54, 0xCA, 0x00, 0x00, 0x00,
    0x44, 0x45, 0x42, 0x49, 0x7B, 0x00, 0x10, 0x00, 0x00, 0x00, 0x2F, 0x55, 0x73, 0x65, 0x72, 0x73,
    0x2F, 0x77, 0x6D, 0x61, 0x72, 0x74, 0x69, 0x2F, 0x44, 0x6F, 0x63, 0x75, 0x6D, 0x65, 0x6E, 0x74,
    0x73, 0x2F, 0x78, 0x65, 0x6E, 0x69, 0x61, 0x2D, 0x6D, 0x61, 0x63, 0x2F, 0x73, 0x63, 0x72, 0x61,
    0x74, 0x63, 0x68, 0x2F, 0x77, 0x6F, 0x72, 0x6B, 0x74, 0x72, 0x65, 0x65, 0x73, 0x2F, 0x78, 0x65,
    0x6E, 0x69, 0x61, 0x2D, 0x63, 0x61, 0x6E, 0x61, 0x72, 0x79, 0x2D, 0x72, 0x65, 0x62, 0x61, 0x73,
    0x65, 0x2F, 0x73, 0x72, 0x63, 0x2F, 0x78, 0x65, 0x6E, 0x69, 0x61, 0x2F, 0x67, 0x70, 0x75, 0x2F,
    0x73, 0x68, 0x61, 0x64, 0x65, 0x72, 0x73, 0x2F, 0x74, 0x65, 0x78, 0x74, 0x75, 0x72, 0x65, 0x5F,
    0x6C, 0x6F, 0x61, 0x64, 0x5F, 0x36, 0x34, 0x62, 0x70, 0x62, 0x2E, 0x78, 0x65, 0x73, 0x6C, 0x69,
    0x00, 0x44, 0x45, 0x50, 0x46, 0x3F, 0x00, 0x73, 0x72, 0x63, 0x2F, 0x78, 0x65, 0x6E, 0x69, 0x61,
    0x2F, 0x67, 0x70, 0x75, 0x2F, 0x73, 0x68, 0x61, 0x64, 0x65, 0x72, 0x73, 0x2F, 0x62, 0x79, 0x74,
    0x65, 0x63, 0x6F, 0x64, 0x65, 0x2F, 0x6D, 0x65, 0x74, 0x61, 0x6C, 0x2F, 0x74, 0x65, 0x78, 0x74,
    0x75, 0x72, 0x65, 0x5F, 0x6C, 0x6F, 0x61, 0x64, 0x5F, 0x36, 0x34, 0x62, 0x70, 0x62, 0x5F, 0x63,
    0x73, 0x2E, 0x61, 0x69, 0x72, 0x00, 0x45, 0x4E, 0x44, 0x54, 0xDE, 0xC0, 0x17, 0x0B, 0x00, 0x00,
    0x00, 0x00, 0x14, 0x00, 0x00, 0x00, 0x80, 0x24, 0x00, 0x00, 0xFF, 0xFF, 0xFF, 0xFF, 0x42, 0x43,
    0xC0, 0xDE, 0x35, 0x14, 0x00, 0x00, 0x03, 0x00, 0x00, 0x00, 0x62, 0x0C, 0x30, 0x24, 0x80, 0x10,
    0x05, 0xC8, 0x14, 0x00, 0x00, 0x00, 0x21, 0x0C, 0x00, 0x00, 0xB4, 0x08, 0x00, 0x00, 0x0B, 0x02,
    0x21, 0x00, 0x02, 0x00, 0x00, 0x00, 0x16, 0x00, 0x00, 0x00, 0x07, 0x81, 0x23, 0x91, 0x41, 0xC8,
    0x04, 0x49, 0x06, 0x10, 0x32, 0x39, 0x92, 0x01, 0x84, 0x0C, 0x25, 0x05, 0x08, 0x19, 0x1E, 0x04,
    0x8B, 0x62, 0x80, 0x14, 0x45, 0x02, 0x42, 0x92, 0x0B, 0x42, 0xA4, 0x10, 0x32, 0x14, 0x38, 0x08,
    0x18, 0x4B, 0x0A, 0x32, 0x52, 0x88, 0x48, 0x70, 0xC4, 0x21, 0x23, 0x44, 0x12, 0x87, 0x8C, 0x10,
    0x41, 0x92, 0x02, 0x64, 0xC8, 0x08, 0xB1, 0x14, 0x20, 0x43, 0x46, 0x88, 0x20, 0xC9, 0x01, 0x32,
    0x52, 0x84, 0x18, 0x2A, 0x28, 0x2A, 0x90, 0x31, 0x7C, 0xB0, 0x5C, 0x91, 0x20, 0xC5, 0xC8, 0x00,
    0x00, 0x00, 0x89, 0x20, 0x00, 0x00, 0x2A, 0x00, 0x00, 0x00, 0x32, 0x22, 0x48, 0x09, 0x20, 0x62,
    0x46, 0x00, 0x21, 0x2B, 0x24, 0x98, 0x14, 0x21, 0x25, 0x24, 0x98, 0x14, 0x19, 0x27, 0x0C, 0x85,
    0xA4, 0x90, 0x60, 0x52, 0x64, 0x5C, 0x20, 0x24, 0x65, 0x82, 0x80, 0x1B, 0x01, 0x98, 0x23, 0x00,
    0x83, 0x61, 0x84, 0x21, 0xC0, 0x3B, 0x90, 0xA6, 0x88, 0x12, 0x26, 0xFF, 0x22, 0xA4, 0xE5, 0x47,
    0x86, 0x5F, 0x70, 0x1A, 0x69, 0x02, 0x9A, 0x69, 0xA3, 0x8A, 0x82, 0x88, 0xFE, 0x8B, 0xF8, 0x27,
    0xE2, 0x9A, 0xA8, 0x88, 0xF8, 0x17, 0x07, 0x18, 0x7E, 0xC1, 0x69, 0xA4, 0x09, 0x68, 0x26, 0x29,
    0x21, 0x21, 0x84, 0x20, 0x42, 0x08, 0x83, 0x08, 0x83, 0x30, 0x8C, 0x40, 0x04, 0x83, 0x08, 0x45,
    0x60, 0x0A, 0x40, 0x8C, 0x11, 0x74, 0x0C, 0x51, 0x4A, 0x29, 0x94, 0xCC, 0x10, 0x42, 0xA0, 0x35,
    0x47, 0x80, 0x0C, 0x23, 0x08, 0x81, 0x79, 0x42, 0x6B, 0xC1, 0x85, 0x10, 0x44, 0x08, 0x41, 0x84,
    0x40, 0x6F, 0x8E, 0x20, 0x18, 0x46, 0x10, 0x22, 0x23, 0x44, 0x49, 0x73, 0x20, 0x40, 0x05, 0xC2,
    0x1C, 0x01, 0x28, 0x0C, 0x22, 0x08, 0xC2, 0x30, 0xC2, 0x10, 0x4D, 0x01, 0x0C, 0x22, 0x04, 0x02,
    0x00, 0x00, 0x51, 0x18, 0x00, 0x00, 0xED, 0x00, 0x00, 0x00, 0x1B, 0xF6, 0x23, 0xF8, 0xFF, 0xFF,
    0xFF, 0xFF, 0x01, 0x68, 0x03, 0x60, 0x0D, 0x00, 0x53, 0x00, 0xFC, 0x00, 0xF8, 0x03, 0x40, 0x02,
    0xFA, 0x80, 0x08, 0x07, 0x78, 0x80, 0x07, 0x79, 0x78, 0x07, 0x7C, 0x68, 0x03, 0x73, 0xA8, 0x07,
    0x77, 0x18, 0x87, 0x36, 0x30, 0x07, 0x78, 0x68, 0x83, 0x76, 0x08, 0x07, 0x7A, 0x40, 0x07, 0x80,
    0x1E, 0xE4, 0xA1, 0x1E, 0xCA, 0x01, 0x20, 0xCC, 0x41, 0x1E, 0xC2, 0xA1, 0x1D, 0xCA, 0xA1, 0x0D,
    0xE0, 0xE1, 0x1D, 0xD2, 0xC1, 0x1D, 0xE8, 0xA1, 0x1C, 0xE4, 0x01, 0x08, 0x07, 0x76, 0x60, 0x07,
    0x80, 0x68, 0x87, 0x74, 0x70, 0x87, 0x36, 0x60, 0x87, 0x72, 0x38, 0x87, 0x70, 0x60, 0x87, 0x36,
    0xB0, 0x87, 0x72, 0x18, 0x07, 0x7A, 0x78, 0x07, 0x79, 0x68, 0x83, 0x7B, 0x48, 0x07, 0x72, 0xA0,
    0x07, 0x74, 0x00, 0xE2, 0x40, 0x0E, 0xF0, 0x00, 0x18, 0xDC, 0xE1, 0x1D, 0xDA, 0x40, 0x1C, 0xEA,
    0x21, 0x1D, 0xD8, 0x81, 0x1E, 0xD2, 0xC1, 0x1D, 0xE6, 0x01, 0x20, 0xDC, 0xE1, 0x1D, 0xDA, 0x20,
    0x1D, 0xDC, 0xC1, 0x1C, 0xE6, 0xA1, 0x0D, 0xCC, 0x01, 0x1E, 0xDA, 0xA0, 0x1D, 0xC2, 0x81, 0x1E,
    0xD0, 0x01, 0xA0, 0x07, 0x79, 0xA8, 0x87, 0x72, 0x00, 0x08, 0x77, 0x78, 0x87, 0x36, 0x70, 0x87,
    0x70, 0x70, 0x87, 0x79, 0x68, 0x03, 0x73, 0x80, 0x87, 0x36, 0x68, 0x87, 0x70, 0xA0, 0x07, 0x74,
    0x00, 0xE8, 0x41, 0x1E, 0xEA, 0xA1, 0x1C, 0x00, 0xC2, 0x1D, 0xDE, 0xA1, 0x0D, 0xE6, 0x21, 0x1D,
    0xCE, 0xC1, 0x1D, 0xCA, 0x81, 0x1C, 0xDA, 0x40, 0x1F, 0xCA, 0x41, 0x1E, 0xDE, 0x61, 0x1E, 0xDA,
    0xC0, 0x1C, 0xE0, 0xA1, 0x0D, 0xDA, 0x21, 0x1C, 0xE8, 0x01, 0x1D, 0x00, 0x7A, 0x90, 0x87, 0x7A,
    0x28, 0x07, 0x80, 0x70, 0x87, 0x77, 0x68, 0x03, 0x7A, 0x90, 0x87, 0x70, 0x80, 0x07, 0x78, 0x48,
    0x07, 0x77, 0x38, 0x87, 0x36, 0x68, 0x87, 0x70, 0xA0, 0x07, 0x74, 0x00, 0xE8, 0x41, 0x1E, 0xEA,
    0xA1, 0x1C, 0x00, 0x62, 0x1E, 0xE8, 0x21, 0x1C, 0xC6, 0x61, 0x1D, 0xDA, 0x00, 0x1E, 0xE4, 0xE1,
    0x1D, 0xE8, 0xA1, 0x1C, 0xC6, 0x81, 0x1E, 0xDE, 0x41, 0x1E, 0xDA, 0x40, 0x1C, 0xEA, 0xC1, 0x1C,
    0xCC, 0xA1, 0x1C, 0xE4, 0xA1, 0x0D, 0xE6, 0x21, 0x1D, 0xF4, 0xA1, 0x1C, 0x00, 0x3C, 0x00, 0x88,
    0x7A, 0x70, 0x87, 0x79, 0x08, 0x07, 0x73, 0x28, 0x87, 0x36, 0x30, 0x07, 0x78, 0x68, 0x83, 0x76,
    0x08, 0x07, 0x7A, 0x40, 0x07, 0x80, 0x1E, 0xE4, 0xA1, 0x1E, 0xCA, 0x01, 0xD8, 0x30, 0x06, 0x42,
    0x00, 0x2C, 0x00, 0x29, 0x00, 0x55, 0x10, 0x40, 0x41, 0x1A, 0xC0, 0xC1, 0x10, 0x0E, 0xE9, 0x20,
    0x0F, 0x6D, 0x20, 0x0E, 0xF5, 0x60, 0x0E, 0xE6, 0x50, 0x0E, 0xF2, 0xD0, 0x06, 0xEE, 0xF0, 0x0E,
    0x6D, 0x10, 0x0E, 0xEC, 0x90, 0x0E, 0xE1, 0x30, 0x0F, 0xC0, 0x86, 0x6E, 0x10, 0x80, 0x05, 0x20,
    0x05, 0x80, 0x0E, 0x86, 0x70, 0x48, 0x07, 0x79, 0x68, 0x03, 0x71, 0xA8, 0x07, 0x73, 0x30, 0x87,
    0x72, 0x90, 0x87, 0x36, 0x70, 0x87, 0x77, 0x68, 0x83, 0x70, 0x60, 0x87, 0x74, 0x08, 0x87, 0x79,
    0x00, 0x36, 0x74, 0xC4, 0x00, 0x2C, 0x00, 0x29, 0x00, 0xD5, 0x10, 0x0E, 0xE9, 0x20, 0x0F, 0x6D,
    0x20, 0x0E, 0xF5, 0x60, 0x0E, 0xE6, 0x50, 0x0E, 0xF2, 0xD0, 0x06, 0xEE, 0xF0, 0x0E, 0x6D, 0x10,
    0x0E, 0xEC, 0x90, 0x0E, 0xE1, 0x30, 0x0F, 0xC0, 0x06, 0xA2, 0x20, 0x00, 0x52, 0xD8, 0x00, 0x19,
    0xFF, 0xFF, 0xFF, 0xFF, 0x3F, 0x00, 0xA7, 0x00, 0xF8, 0x01, 0xF0, 0x07, 0x80, 0x04, 0x50, 0x40,
    0x1D, 0x00, 0x7D, 0xB0, 0xC1, 0x39, 0xFE, 0xFF, 0xFF, 0xFF, 0x7F, 0x00, 0x4C, 0x01, 0xF0, 0x03,
    0xE0, 0x0F, 0x00, 0x09, 0xA0, 0x80, 0x3E, 0xD8, 0xA0, 0x1F, 0xC8, 0xFF, 0xFF, 0xFF, 0xFF, 0x0F,
    0x80, 0x29, 0x00, 0x7E, 0x00, 0xC0, 0x01, 0xF0, 0x07, 0x80, 0x04, 0x50, 0x40, 0x1F, 0x10, 0xE1,
    0x00, 0x0F, 0xF0, 0x20, 0x0F, 0xEF, 0x80, 0x0F, 0x6D, 0x60, 0x0E, 0xF5, 0xE0, 0x0E, 0xE3, 0xD0,
    0x06, 0xE6, 0x00, 0x0F, 0x6D, 0xD0, 0x0E, 0xE1, 0x40, 0x0F, 0xE8, 0x00, 0xD0, 0x83, 0x3C, 0xD4,
    0x43, 0x39, 0x00, 0x84, 0x39, 0xC8, 0x43, 0x38, 0xB4, 0x43, 0x39, 0xB4, 0x01, 0x3C, 0xBC, 0x43,
    0x3A, 0xB8, 0x03, 0x3D, 0x94, 0x83, 0x3C, 0x00, 0xE1, 0xC0, 0x0E, 0xEC, 0x00, 0x10, 0xED, 0x90,
    0x0E, 0xEE, 0xD0, 0x06, 0xEC, 0x50, 0x0E, 0xE7, 0x10, 0x0E, 0xEC, 0xD0, 0x06, 0xF6, 0x50, 0x0E,
    0xE3, 0x40, 0x0F, 0xEF, 0x20, 0x0F, 0x6D, 0x70, 0x0F, 0xE9, 0x40, 0x0E, 0xF4, 0x80, 0x0E, 0x40,
    0x1E, 0xD8, 0x01, 0x30, 0xB8, 0xC3, 0x3B, 0xB4, 0x81, 0x38, 0xD4, 0x43, 0x3A, 0xB0, 0x03, 0x3D,
    0xA4, 0x83, 0x3B, 0xCC, 0x03, 0x40, 0xB8, 0xC3, 0x3B, 0xB4, 0x41, 0x3A, 0xB8, 0x83, 0x39, 0xCC,
    0x43, 0x1B, 0x98, 0x03, 0x3C, 0xB4, 0x41, 0x3B, 0x84, 0x03, 0x3D, 0xA0, 0x03, 0x40, 0x0F, 0xF2,
    0x50, 0x0F, 0xE5, 0x00, 0x10, 0xEE, 0xF0, 0x0E, 0x6D, 0xE0, 0x0E, 0xE1, 0xE0, 0x0E, 0xF3, 0xD0,
    0x06, 0xE6, 0x00, 0x0F, 0x6D, 0xD0, 0x0E, 0xE1, 0x40, 0x0F, 0xE8, 0x00, 0xD0, 0x83, 0x3C, 0xD4,
    0x43, 0x39, 0x00, 0x84, 0x3B, 0xBC, 0x43, 0x1B, 0xCC, 0x43, 0x3A, 0x9C, 0x83, 0x3B, 0x94, 0x03,
    0x39, 0xB4, 0x81, 0x3E, 0x94, 0x83, 0x3C, 0xBC, 0xC3, 0x3C, 0xB4, 0x81, 0x39, 0xC0, 0x43, 0x1B,
    0xB4, 0x43, 0x38, 0xD0, 0x03, 0x3A, 0x00, 0xF4, 0x20, 0x0F, 0xF5, 0x50, 0x0E, 0x00, 0xE1, 0x0E,
    0xEF, 0xD0, 0x06, 0xF4, 0x20, 0x0F, 0xE1, 0x00, 0x0F, 0xF0, 0x90, 0x0E, 0xEE, 0x70, 0x0E, 0x6D,
    0xD0, 0x0E, 0xE1, 0x40, 0x0F, 0xE8, 0x00, 0xD0, 0x83, 0x3C, 0xD4, 0x43, 0x39, 0x00, 0xC4, 0x3C,
    0xD0, 0x43, 0x38, 0x8C, 0xC3, 0x3A, 0xB4, 0x01, 0x3C, 0xC8, 0xC3, 0x3B, 0xD0, 0x43, 0x39, 0x8C,
    0x03, 0x3D, 0xBC, 0x83, 0x3C, 0xB4, 0x81, 0x38, 0xD4, 0x83, 0x39, 0x98, 0x43, 0x39, 0xC8, 0x43,
    0x1B, 0xCC, 0x43, 0x3A, 0xE8, 0x43, 0x39, 0x00, 0x78, 0x00, 0x10, 0xF5, 0xE0, 0x0E, 0xF3, 0x10,
    0x0E, 0xE6, 0x50, 0x0E, 0x6D, 0x60, 0x0E, 0xF0, 0xD0, 0x06, 0xED, 0x10, 0x0E, 0xF4, 0x80, 0x0E,
    0x00, 0x3D, 0xC8, 0x43, 0x3D, 0x94, 0x03, 0xB0, 0x81, 0x48, 0x18, 0x80, 0x14, 0x36, 0x10, 0x4A,
    0x03, 0x90, 0xC2, 0x06, 0x62, 0x71, 0x00, 0x52, 0xD8, 0x80, 0x30, 0xFF, 0xFF, 0xFF, 0xFF, 0x3F,
    0x00, 0x12, 0x40, 0x01, 0x7D, 0xB0, 0x21, 0x6A, 0xFE, 0xFF, 0xFF, 0xFF, 0x7F, 0x00, 0x94, 0xC1,
    0x1D, 0xDE, 0xA1, 0x0D, 0xC4, 0xA1, 0x1E, 0xD2, 0x81, 0x1D, 0xE8, 0x21, 0x1D, 0xDC, 0x61, 0x1E,
    0x80, 0x0D, 0x84, 0xF3, 0xFF, 0xFF, 0xFF, 0xFF, 0x03, 0x20, 0x01, 0x00, 0x00, 0x00, 0x49, 0x18,
    0x00, 0x00, 0x07, 0x00, 0x00, 0x00, 0x13, 0x8A, 0x40, 0x18, 0x88, 0x62, 0x42, 0x60, 0x4C, 0x08,
    0x8E, 0x09, 0x04, 0x92, 0x28, 0xCB, 0x84, 0x80, 0x99, 0x40, 0x34, 0x89, 0xB2, 0x4C, 0x08, 0x1C,
    0x00, 0x00, 0x13, 0xB8, 0x70, 0x48, 0x07, 0x79, 0xB0, 0x03, 0x3A, 0xF8, 0x05, 0x7B, 0x90, 0x03,
    0x3C, 0x68, 0x83, 0x70, 0x80, 0x07, 0x78, 0x60, 0x87, 0x72, 0x68, 0x83, 0x76, 0x08, 0x87, 0x71,
    0x78, 0x87, 0x79, 0xC0, 0x07, 0x39, 0xB0, 0x03, 0x37, 0x80, 0x03, 0x37, 0x80, 0x83, 0x0D, 0xB7,
    0x51, 0x0E, 0x6D, 0x00, 0x0F, 0x7A, 0x60, 0x07, 0x74, 0xA0, 0x07, 0x76, 0x40, 0x07, 0x7A, 0x60,
    0x07, 0x74, 0xD0, 0x06, 0xE9, 0x10, 0x07, 0x7A, 0x80, 0x07, 0x7A, 0x80, 0x07, 0x6D, 0x90, 0x0E,
    0x78, 0xA0, 0x07, 0x78, 0xA0, 0x07, 0x78, 0xD0, 0x06, 0xE9, 0x10, 0x07, 0x76, 0xA0, 0x07, 0x71,
    0x60, 0x07, 0x7A, 0x10, 0x07, 0x76, 0xD0, 0x06, 0xE9, 0x30, 0x07, 0x72, 0xA0, 0x07, 0x73, 0x20,
    0x07, 0x7A, 0x30, 0x07, 0x72, 0xD0, 0x06, 0xE9, 0x60, 0x07, 0x74, 0xA0, 0x07, 0x76, 0x40, 0x07,
    0x7A, 0x60, 0x07, 0x74, 0xD0, 0x06, 0xE6, 0x30, 0x07, 0x72, 0xA0, 0x07, 0x73, 0x20, 0x07, 0x7A,
    0x30, 0x07, 0x72, 0xD0, 0x06, 0xE6, 0x60, 0x07, 0x74, 0xA0, 0x07, 0x76, 0x40, 0x07, 0x7A, 0x60,
    0x07, 0x74, 0xD0, 0x06, 0xF6, 0x10, 0x07, 0x76, 0xA0, 0x07, 0x71, 0x60, 0x07, 0x7A, 0x10, 0x07,
    0x76, 0xD0, 0x06, 0xF6, 0x20, 0x07, 0x74, 0xA0, 0x07, 0x73, 0x20, 0x07, 0x7A, 0x30, 0x07, 0x72,
    0xD0, 0x06, 0xF6, 0x30, 0x07, 0x72, 0xA0, 0x07, 0x73, 0x20, 0x07, 0x7A, 0x30, 0x07, 0x72, 0xD0,
    0x06, 0xF6, 0x40, 0x07, 0x78, 0xA0, 0x07, 0x76, 0x40, 0x07, 0x7A, 0x60, 0x07, 0x74, 0xD0, 0x06,
    0xF6, 0x60, 0x07, 0x74, 0xA0, 0x07, 0x76, 0x40, 0x07, 0x7A, 0x60, 0x07, 0x74, 0xD0, 0x06, 0xF6,
    0x90, 0x07, 0x76, 0xA0, 0x07, 0x71, 0x20, 0x07, 0x78, 0xA0, 0x07, 0x71, 0x20, 0x07, 0x78, 0xD0,
    0x06, 0xF6, 0x10, 0x07, 0x72, 0x80, 0x07, 0x7A, 0x10, 0x07, 0x72, 0x80, 0x07, 0x7A, 0x10, 0x07,
    0x72, 0x80, 0x07, 0x6D, 0x60, 0x0F, 0x71, 0x90, 0x07, 0x72, 0xA0, 0x07, 0x72, 0x50, 0x07, 0x76,
    0xA0, 0x07, 0x72, 0x50, 0x07, 0x76, 0xD0, 0x06, 0xF6, 0x20, 0x07, 0x75, 0x60, 0x07, 0x7A, 0x20,
    0x07, 0x75, 0x60, 0x07, 0x7A, 0x20, 0x07, 0x75, 0x60, 0x07, 0x6D, 0x60, 0x0F, 0x75, 0x10, 0x07,
    0x72, 0xA0, 0x07, 0x75, 0x10, 0x07, 0x72, 0xA0, 0x07, 0x75, 0x10, 0x07, 0x72, 0xD0, 0x06, 0xF6,
    0x10, 0x07, 0x70, 0x20, 0x07, 0x74, 0xA0, 0x07, 0x71, 0x00, 0x07, 0x72, 0x40, 0x07, 0x7A, 0x10,
    0x07, 0x70, 0x20, 0x07, 0x74, 0xD0, 0x06, 0xEE, 0x80, 0x07, 0x7A, 0x10, 0x07, 0x76, 0xA0, 0x07,
    0x73, 0x20, 0x07, 0x1A, 0x21, 0x0C, 0xA9, 0x5C, 0x84, 0xB4, 0xFC, 0x44, 0x33, 0x45, 0xD8, 0x90,
    0x0A, 0x50, 0x0E, 0x00, 0x00, 0x02, 0x00, 0x00, 0x00, 0x01, 0x00, 0x00, 0x00, 0x00, 0x00, 0x05,
    0x18, 0x52, 0x29, 0x4F, 0x02, 0x04, 0x80, 0x00, 0x00, 0x00, 0x00, 0x00, 0x00, 0x00, 0x00, 0x00,
    0xA0, 0x00, 0x43, 0xAA, 0xAC, 0x59, 0x80, 0x00, 0x18, 0x00, 0x00, 0x00, 0x04, 0x00, 0x00, 0x00,
    0x00, 0x00, 0x14, 0x60, 0x48, 0x65, 0x06, 0x7B, 0xF0, 0x20, 0xC0, 0x40, 0x00, 0x00, 0x00, 0x04,
    0x00, 0x00, 0x00, 0x40, 0x00, 0x28, 0xC0, 0x90, 0x2A, 0x1C, 0x98, 0x09, 0x08, 0x80, 0x01, 0x00,
    0x00, 0x40, 0x00, 0x00, 0x00, 0x00, 0x00, 0x40, 0x01, 0x24, 0x36, 0x08, 0x14, 0xB5, 0x45, 0x00,
    0x00, 0xC8, 0x02, 0x01, 0x00, 0x00, 0x0F, 0x00, 0x00, 0x00, 0x32, 0x1E, 0x98, 0x14, 0x19, 0x11,
    0x4C, 0x90, 0x8C, 0x09, 0x26, 0x47, 0xC6, 0x04, 0x43, 0x0A, 0x45, 0x50, 0x0E, 0x85, 0x50, 0x06,
    0x25, 0x50, 0x3E, 0x05, 0x28, 0x50, 0x10, 0x05, 0x32, 0x02, 0x50, 0x60, 0x85, 0x51, 0x40, 0x85,
    0x54, 0x50, 0x74, 0x47, 0x00, 0x0A, 0xA1, 0x20, 0x0A, 0xA3, 0x40, 0x0A, 0xA8, 0x90, 0x0A, 0x8A,
    0xEC, 0x58, 0x82, 0x26, 0x00, 0x00, 0xB1, 0x18, 0x00, 0x00, 0xA5, 0x00, 0x00, 0x00, 0x33, 0x08,
    0x80, 0x1C, 0xC4, 0xE1, 0x1C, 0x66, 0x14, 0x01, 0x3D, 0x88, 0x43, 0x38, 0x84, 0xC3, 0x8C, 0x42,
    0x80, 0x07, 0x79, 0x78, 0x07, 0x73, 0x98, 0x71, 0x0C, 0xE6, 0x00, 0x0F, 0xED, 0x10, 0x0E, 0xF4,
    0x80, 0x0E, 0x33, 0x0C, 0x42, 0x1E, 0xC2, 0xC1, 0x1D, 0xCE, 0xA1, 0x1C, 0x66, 0x30, 0x05, 0x3D,
    0x88, 0x43, 0x38, 0x84, 0x83, 0x1B, 0xCC, 0x03, 0x3D, 0xC8, 0x43, 0x3D, 0x8C, 0x03, 0x3D, 0xCC,
    0x78, 0x8C, 0x74, 0x70, 0x07, 0x7B, 0x08, 0x07, 0x79, 0x48, 0x87, 0x70, 0x70, 0x07, 0x7A, 0x70,
    0x03, 0x76, 0x78, 0x87, 0x70, 0x20, 0x87, 0x19, 0xCC, 0x11, 0x0E, 0xEC, 0x90, 0x0E, 0xE1, 0x30,
    0x0F, 0x6E, 0x30, 0x0F, 0xE3, 0xF0, 0x0E, 0xF0, 0x50, 0x0E, 0x33, 0x10, 0xC4, 0x1D, 0xDE, 0x21,
    0x1C, 0xD8, 0x21, 0x1D, 0xC2, 0x61, 0x1E, 0x66, 0x30, 0x89, 0x3B, 0xBC, 0x83, 0x3B, 0xD0, 0x43,
    0x39, 0xB4, 0x03, 0x3C, 0xBC, 0x83, 0x3C, 0x84, 0x03, 0x3B, 0xCC, 0xF0, 0x14, 0x76, 0x60, 0x07,
    0x7B, 0x68, 0x07, 0x37, 0x68, 0x87, 0x72, 0x68, 0x07, 0x37, 0x80, 0x87, 0x70, 0x90, 0x87, 0x70,
    0x60, 0x07, 0x76, 0x28, 0x07, 0x76, 0xF8, 0x05, 0x76, 0x78, 0x87, 0x77, 0x80, 0x87, 0x5F, 0x08,
    0x87, 0x71, 0x18, 0x87, 0x72, 0x98, 0x87, 0x79, 0x98, 0x81, 0x2C, 0xEE, 0xF0, 0x0E, 0xEE, 0xE0,
    0x0E, 0xF5, 0xC0, 0x0E, 0xEC, 0x30, 0x03, 0x62, 0xC8, 0xA1, 0x1C, 0xE4, 0xA1, 0x1C, 0xCC, 0xA1,
    0x1C, 0xE4, 0xA1, 0x1C, 0xDC, 0x61, 0x1C, 0xCA, 0x21, 0x1C, 0xC4, 0x81, 0x1D, 0xCA, 0x61, 0x06,
    0xD6, 0x90, 0x43, 0x39, 0xC8, 0x43, 0x39, 0x98, 0x43, 0x39, 0xC8, 0x43, 0x39, 0xB8, 0xC3, 0x38,
    0x94, 0x43, 0x38, 0x88, 0x03, 0x3B, 0x94, 0xC3, 0x2F, 0xBC, 0x83, 0x3C, 0xFC, 0x82, 0x3B, 0xD4,
    0x03, 0x3B, 0xB0, 0xC3, 0x0C, 0xC7, 0x69, 0x87, 0x70, 0x58, 0x87, 0x72, 0x70, 0x83, 0x74, 0x68,
    0x07, 0x78, 0x60, 0x87, 0x74, 0x18, 0x87, 0x74, 0xA0, 0x87, 0x19, 0xCE, 0x53, 0x0F, 0xEE, 0x00,
    0x0F, 0xF2, 0x50, 0x0E, 0xE4, 0x90, 0x0E, 0xE3, 0x40, 0x0F, 0xE1, 0x20, 0x0E, 0xEC, 0x50, 0x0E,
    0x33, 0x20, 0x28, 0x1D, 0xDC, 0xC1, 0x1E, 0xC2, 0x41, 0x1E, 0xD2, 0x21, 0x1C, 0xDC, 0x81, 0x1E,
    0xDC, 0xE0, 0x1C, 0xE4, 0xE1, 0x1D, 0xEA, 0x01, 0x1E, 0x66, 0x18, 0x51, 0x38, 0xB0, 0x43, 0x3A,
    0x9C, 0x83, 0x3B, 0xCC, 0x50, 0x24, 0x76, 0x60, 0x07, 0x7B, 0x68, 0x07, 0x37, 0x60, 0x87, 0x77,
    0x78, 0x07, 0x78, 0x98, 0x51, 0x4C, 0xF4, 0x90, 0x0F, 0xF0, 0x50, 0x0E, 0x33, 0x1E, 0x6A, 0x1E,
    0xCA, 0x61, 0x1C, 0xE8, 0x21, 0x1D, 0xDE, 0xC1, 0x1D, 0x7E, 0x01, 0x1E, 0xE4, 0xA1, 0x1C, 0xCC,
    0x21, 0x1D, 0xF0, 0x61, 0x06, 0x54, 0x85, 0x83, 0x38, 0xCC, 0xC3, 0x3B, 0xB0, 0x43, 0x3D, 0xD0,
    0x43, 0x39, 0xFC, 0xC2, 0x3C, 0xE4, 0x43, 0x3B, 0x88, 0xC3, 0x3B, 0xB0, 0xC3, 0x8C, 0xC5, 0x0A,
    0x87, 0x79, 0x98, 0x87, 0x77, 0x18, 0x87, 0x74, 0x08, 0x07, 0x7A, 0x28, 0x07, 0x72, 0x98, 0x81,
    0x5C, 0xE3, 0x10, 0x0E, 0xEC, 0xC0, 0x0E, 0xE5, 0x50, 0x0E, 0xF3, 0x30, 0x23, 0xC1, 0xD2, 0x41,
    0x1E, 0xE4, 0xE1, 0x17, 0xD8, 0xE1, 0x1D, 0xDE, 0x01, 0x1E, 0x66, 0x48, 0x19, 0x3B, 0xB0, 0x83,
    0x3D, 0xB4, 0x83, 0x1B, 0x84, 0xC3, 0x38, 0x8C, 0x43, 0x39, 0xCC, 0xC3, 0x3C, 0xB8, 0xC1, 0x39,
    0xC8, 0xC3, 0x3B, 0xD4, 0x03, 0x3C, 0xCC, 0x48, 0xB4, 0x71, 0x08, 0x07, 0x76, 0x60, 0x07, 0x71,
    0x08, 0x87, 0x71, 0x58, 0x87, 0x19, 0xDB, 0xC6, 0x0E, 0xEC, 0x60, 0x0F, 0xED, 0xE0, 0x06, 0xF0,
    0x20, 0x0F, 0xE5, 0x30, 0x0F, 0xE5, 0x20, 0x0F, 0xF6, 0x50, 0x0E, 0x6E, 0x10, 0x0E, 0xE3, 0x30,
    0x0E, 0xE5, 0x30, 0x0F, 0xF3, 0xE0, 0x06, 0xE9, 0xE0, 0x0E, 0xE4, 0x50, 0x0E, 0xF8, 0x30, 0x23,
    0xE2, 0xEC, 0x61, 0x1C, 0xC2, 0x81, 0x1D, 0xD8, 0xE1, 0x17, 0xEC, 0x21, 0x1D, 0xE6, 0x21, 0x1D,
    0xC4, 0x21, 0x1D, 0xD8, 0x21, 0x1D, 0xE8, 0x21, 0x1F, 0x66, 0x20, 0x9D, 0x3B, 0xBC, 0x43, 0x3D,
    0xB8, 0x03, 0x39, 0x94, 0x83, 0x39, 0xCC, 0x58, 0xBC, 0x70, 0x70, 0x07, 0x77, 0x78, 0x07, 0x7A,
    0x08, 0x07, 0x7A, 0x48, 0x87, 0x77, 0x70, 0x87, 0x19, 0xCE, 0x87, 0x0E, 0xE5, 0x10, 0x0E, 0xF0,
    0x10, 0x0E, 0xEC, 0xC0, 0x0E, 0xEF, 0x30, 0x0E, 0xF3, 0x90, 0x0E, 0xF4, 0x50, 0x0E, 0x33, 0x28,
    0x30, 0x08, 0x87, 0x74, 0x90, 0x07, 0x37, 0x30, 0x87, 0x7A, 0x70, 0x87, 0x71, 0xA0, 0x87, 0x74,
    0x78, 0x07, 0x77, 0xF8, 0x85, 0x73, 0x90, 0x87, 0x77, 0xA8, 0x07, 0x78, 0x98, 0x07, 0x00, 0x00,
    0x00, 0x00, 0x79, 0x20, 0x00, 0x00, 0x3B, 0x02, 0x00, 0x00, 0x72, 0x1E, 0x48, 0x20, 0x43, 0x88,
    0x0C, 0x19, 0x09, 0x72, 0x32, 0x48, 0x20, 0x23, 0x81, 0x8C, 0x91, 0x91, 0xD1, 0x44, 0xA0, 0x10,
    0x28, 0x64, 0x3C, 0x31, 0x32, 0x42, 0x8E, 0x90, 0x21, 0xA3, 0x88, 0x07, 0x74, 0xE0, 0xC7, 0x01,
    0x00, 0x00, 0x70, 0x70, 0x0A, 0x74, 0xB0, 0x5C, 0x6B, 0xA1, 0x30, 0x71, 0x20, 0x0E, 0xCE, 0xD2,
    0x48, 0x4A, 0x63, 0x61, 0x1B, 0xB4, 0x41, 0xC5, 0xC6, 0x91, 0x81, 0xF2, 0x48, 0x48, 0x44, 0x11,
    0x68, 0xC0, 0x8D, 0x41, 0x1C, 0x14, 0xDB, 0xA6, 0x75, 0xD1, 0x15, 0xC1, 0x01, 0x93, 0x39, 0x05,
    0x65, 0x6D, 0x17, 0x1A, 0xAC, 0x01, 0x73, 0x72, 0x63, 0x2F, 0x78, 0x65, 0x6E, 0x69, 0x61, 0x2F,
    0x67, 0x70, 0x75, 0x2F, 0x73, 0x68, 0x61, 0x64, 0x65, 0x72, 0x73, 0x2F, 0x74, 0x65, 0x78, 0x74,
    0x75, 0x72, 0x65, 0x5F, 0x6C, 0x6F, 0x61, 0x64, 0x5F, 0x36, 0x34, 0x62, 0x70, 0x62, 0x2E, 0x63,
    0x73, 0x2E, 0x78, 0x65, 0x73, 0x6C, 0x2F, 0x55, 0x73, 0x65, 0x72, 0x73, 0x2F, 0x77, 0x6D, 0x61,
    0x72, 0x74, 0x69, 0x2F, 0x44, 0x6F, 0x63, 0x75, 0x6D, 0x65, 0x6E, 0x74, 0x73, 0x2F, 0x78, 0x65,
    0x6E, 0x69, 0x61, 0x2D, 0x6D, 0x61, 0x63, 0x2F, 0x73, 0x63, 0x72, 0x61, 0x74, 0x63, 0x68, 0x2F,
    0x77, 0x6F, 0x72, 0x6B, 0x74, 0x72, 0x65, 0x65, 0x73, 0x2F, 0x78, 0x65, 0x6E, 0x69, 0x61, 0x2D,
    0x63, 0x61, 0x6E, 0x61, 0x72, 0x79, 0x2D, 0x72, 0x65, 0x62, 0x61, 0x73, 0x65, 0x41, 0x70, 0x70,
    0x6C, 0x65, 0x20, 0x6D, 0x65, 0x74, 0x61, 0x6C, 0x20, 0x76, 0x65, 0x72, 0x73, 0x69, 0x6F, 0x6E,
    0x20, 0x33, 0x32, 0x30, 0x32, 0x33, 0x2E, 0x38, 0x35, 0x30, 0x20, 0x28, 0x6D, 0x65, 0x74, 0x61,
    0x6C, 0x66, 0x65, 0x2D, 0x33, 0x32, 0x30, 0x32, 0x33, 0x2E, 0x38, 0x35, 0x30, 0x2E, 0x31, 0x30,
    0x29, 0x6D, 0x65, 0x74, 0x61, 0x6C, 0x5F, 0x74, 0x79, 0x70, 0x65, 0x73, 0x22, 0x2D, 0x44, 0x58,
    0x45, 0x53, 0x4C, 0x5F, 0x4C, 0x41, 0x4E, 0x47, 0x55, 0x41, 0x47, 0x45, 0x5F, 0x4D, 0x53, 0x4C,
    0x3D, 0x31, 0x22, 0x2F, 0x70, 0x72, 0x69, 0x76, 0x61, 0x74, 0x65, 0x2F, 0x76, 0x61, 0x72, 0x2F,
    0x72, 0x75, 0x6E, 0x2F, 0x63, 0x6F, 0x6D, 0x2E, 0x61, 0x70, 0x70, 0x6C, 0x65, 0x2E, 0x73, 0x65,
    0x63, 0x75, 0x72, 0x69, 0x74, 0x79, 0x2E, 0x63, 0x72, 0x79, 0x70, 0x74, 0x65, 0x78, 0x64, 0x2F,
    0x6D, 0x6E, 0x74, 0x2F, 0x63, 0x6F, 0x6D, 0x2E, 0x61, 0x70, 0x70, 0x6C, 0x65, 0x2E, 0x4D, 0x6F,
    0x62, 0x69, 0x6C, 0x65, 0x41, 0x73, 0x73, 0x65, 0x74, 0x2E, 0x4D, 0x65, 0x74, 0x61, 0x6C, 0x54,
    0x6F, 0x6F, 0x6C, 0x63, 0x68, 0x61, 0x69, 0x6E, 0x2D, 0x76, 0x31, 0x37, 0x2E, 0x33, 0x2E, 0x34,
    0x38, 0x2E, 0x30, 0x2E, 0x6E, 0x31, 0x71, 0x46, 0x75, 0x4F, 0x2F, 0x4D, 0x65, 0x74, 0x61, 0x6C,
    0x2E, 0x78, 0x63, 0x74, 0x6F, 0x6F, 0x6C, 0x63, 0x68, 0x61, 0x69, 0x6E, 0x2F, 0x75, 0x73, 0x72,
    0x2F, 0x6D, 0x65, 0x74, 0x61, 0x6C, 0x2F, 0x33, 0x32, 0x30, 0x32, 0x33, 0x2F, 0x6C, 0x69, 0x62,
    0x2F, 0x63, 0x6C, 0x61, 0x6E, 0x67, 0x2F, 0x33, 0x32, 0x30, 0x32, 0x33, 0x2E, 0x38, 0x35, 0x30,
    0x2F, 0x69, 0x6E, 0x63, 0x6C, 0x75, 0x64, 0x65, 0x2F, 0x6D, 0x65, 0x74, 0x61, 0x6C, 0x3C, 0x62,
    0x75, 0x69, 0x6C, 0x74, 0x2D, 0x69, 0x6E, 0x3E, 0x6D, 0x65, 0x74, 0x61, 0x6C, 0x5F, 0x73, 0x74,
    0x64, 0x6C, 0x69, 0x62, 0x73, 0x72, 0x63, 0x2F, 0x78, 0x65, 0x6E, 0x69, 0x61, 0x2F, 0x67, 0x70,
    0x75, 0x2F, 0x73, 0x68, 0x61, 0x64, 0x65, 0x72, 0x73, 0x2F, 0x2E, 0x2E, 0x2F, 0x2E, 0x2E, 0x2F,
    0x75, 0x69, 0x2F, 0x73, 0x68, 0x61, 0x64, 0x65, 0x72, 0x73, 0x2F, 0x78, 0x65, 0x73, 0x6C, 0x2E,
    0x78, 0x65, 0x73, 0x6C, 0x69, 0x2F, 0x41, 0x70, 0x70, 0x6C, 0x69, 0x63, 0x61, 0x74, 0x69, 0x6F,
    0x6E, 0x73, 0x2F, 0x58, 0x63, 0x6F, 0x64, 0x65, 0x2E, 0x61, 0x70, 0x70, 0x2F, 0x43, 0x6F, 0x6E,
    0x74, 0x65, 0x6E, 0x74, 0x73, 0x2F, 0x44, 0x65, 0x76, 0x65, 0x6C, 0x6F, 0x70, 0x65, 0x72, 0x2F,
    0x50, 0x6C, 0x61, 0x74, 0x66, 0x6F, 0x72, 0x6D, 0x73, 0x2F, 0x4D, 0x61, 0x63, 0x4F, 0x53, 0x58,
    0x2E, 0x70, 0x6C, 0x61, 0x74, 0x66, 0x6F, 0x72, 0x6D, 0x2F, 0x44, 0x65, 0x76, 0x65, 0x6C, 0x6F,
    0x70, 0x65, 0x72, 0x2F, 0x53, 0x44, 0x4B, 0x73, 0x2F, 0x4D, 0x61, 0x63, 0x4F, 0x53, 0x58, 0x32,
    0x36, 0x2E, 0x32, 0x2E, 0x73, 0x64, 0x6B, 0x4D, 0x61, 0x63, 0x4F, 0x53, 0x58, 0x32, 0x36, 0x2E,
    0x32, 0x2E, 0x73, 0x64, 0x6B, 0x53, 0x44, 0x4B, 0x20, 0x56, 0x65, 0x72, 0x73, 0x69, 0x6F, 0x6E,
    0x44, 0x77, 0x61, 0x72, 0x66, 0x20, 0x56, 0x65, 0x72, 0x73, 0x69, 0x6F, 0x6E, 0x44, 0x65, 0x62,
    0x75, 0x67, 0x20, 0x49, 0x6E, 0x66, 0x6F, 0x20, 0x56, 0x65, 0x72, 0x73, 0x69, 0x6F, 0x6E, 0x77,
    0x63, 0x68, 0x61, 0x72, 0x5F, 0x73, 0x69, 0x7A, 0x65, 0x66, 0x72, 0x61, 0x6D, 0x65, 0x2D, 0x70,
    0x6F, 0x69, 0x6E, 0x74, 0x65, 0x72, 0x61, 0x69, 0x72, 0x2E, 0x6D, 0x61, 0x78, 0x5F, 0x64, 0x65,
    0x76, 0x69, 0x63, 0x65, 0x5F, 0x62, 0x75, 0x66, 0x66, 0x65, 0x72, 0x73, 0x61, 0x69, 0x72, 0x2E,
    0x6D, 0x61, 0x78, 0x5F, 0x63, 0x6F, 0x6E, 0x73, 0x74, 0x61, 0x6E, 0x74, 0x5F, 0x62, 0x75, 0x66,
    0x66, 0x65, 0x72, 0x73, 0x61, 0x69, 0x72, 0x2E, 0x6D, 0x61, 0x78, 0x5F, 0x74, 0x68, 0x72, 0x65,
    0x61, 0x64, 0x67, 0x72, 0x6F, 0x75, 0x70, 0x5F, 0x62, 0x75, 0x66, 0x66, 0x65, 0x72, 0x73, 0x61,
    0x69, 0x72, 0x2E, 0x6D, 0x61, 0x78, 0x5F, 0x74, 0x65, 0x78, 0x74, 0x75, 0x72, 0x65, 0x73, 0x61,
    0x69, 0x72, 0x2E, 0x6D, 0x61, 0x78, 0x5F, 0x72, 0x65, 0x61, 0x64, 0x5F, 0x77, 0x72, 0x69, 0x74,
    0x65, 0x5F, 0x74, 0x65, 0x78, 0x74, 0x75, 0x72, 0x65, 0x73, 0x61, 0x69, 0x72, 0x2E, 0x6D, 0x61,
    0x78, 0x5F, 0x73, 0x61, 0x6D, 0x70, 0x6C, 0x65, 0x72, 0x73, 0x4D, 0x65, 0x74, 0x61, 0x6C, 0x61,
    0x69, 0x72, 0x2E, 0x63, 0x6F, 0x6D, 0x70, 0x69, 0x6C, 0x65, 0x2E, 0x64, 0x65, 0x6E, 0x6F, 0x72,
    0x6D, 0x73, 0x5F, 0x64, 0x69, 0x73, 0x61, 0x62, 0x6C, 0x65, 0x61, 0x69, 0x72, 0x2E, 0x63, 0x6F,
    0x6D, 0x70, 0x69, 0x6C, 0x65, 0x2E, 0x66, 0x61, 0x73, 0x74, 0x5F, 0x6D, 0x61, 0x74, 0x68, 0x5F,
    0x65, 0x6E, 0x61, 0x62, 0x6C, 0x65, 0x61, 0x69, 0x72, 0x2E, 0x63, 0x6F, 0x6D, 0x70, 0x69, 0x6C,
    0x65, 0x2E, 0x66, 0x72, 0x61, 0x6D, 0x65, 0x62, 0x75, 0x66, 0x66, 0x65, 0x72, 0x5F, 0x66, 0x65,
    0x74, 0x63, 0x68, 0x5F, 0x65, 0x6E, 0x61, 0x62, 0x6C, 0x65, 0x61, 0x69, 0x72, 0x2E, 0x62, 0x75,
    0x66, 0x66, 0x65, 0x72, 0x61, 0x69, 0x72, 0x2E, 0x62, 0x75, 0x66, 0x66, 0x65, 0x72, 0x5F, 0x73,
    0x69, 0x7A, 0x65, 0x61, 0x69, 0x72, 0x2E, 0x6C, 0x6F, 0x63, 0x61, 0x74, 0x69, 0x6F, 0x6E, 0x5F,
    0x69, 0x6E, 0x64, 0x65, 0x78, 0x61, 0x69, 0x72, 0x2E, 0x72, 0x65, 0x61, 0x64, 0x61, 0x69, 0x72,
    0x2E, 0x61, 0x64, 0x64, 0x72, 0x65, 0x73, 0x73, 0x5F, 0x73, 0x70, 0x61, 0x63, 0x65, 0x61, 0x69,
    0x72, 0x2E, 0x73, 0x74, 0x72, 0x75, 0x63, 0x74, 0x5F, 0x74, 0x79, 0x70, 0x65, 0x5F, 0x69, 0x6E,
    0x66, 0x6F, 0x75, 0x69, 0x6E, 0x74, 0x78, 0x65, 0x5F, 0x74, 0x65, 0x78, 0x74, 0x75, 0x72, 0x65,
    0x5F, 0x6C, 0x6F, 0x61, 0x64, 0x5F, 0x69, 0x73, 0x5F, 0x74, 0x69, 0x6C, 0x65, 0x64, 0x5F, 0x33,
    0x64, 0x5F, 0x65, 0x6E, 0x64, 0x69, 0x61, 0x6E, 0x5F, 0x73, 0x63, 0x61, 0x6C, 0x65, 0x78, 0x65,
    0x5F, 0x74, 0x65, 0x78, 0x74, 0x75, 0x72, 0x65, 0x5F, 0x6C, 0x6F, 0x61, 0x64, 0x5F, 0x67, 0x75,
    0x65, 0x73, 0x74, 0x5F, 0x6F, 0x66, 0x66, 0x73, 0x65, 0x74, 0x78, 0x65, 0x5F, 0x74, 0x65, 0x78,
    0x74, 0x75, 0x72, 0x65, 0x5F, 0x6C, 0x6F, 0x61, 0x64, 0x5F, 0x67, 0x75, 0x65, 0x73, 0x74, 0x5F,
    0x70, 0x69, 0x74, 0x63, 0x68, 0x5F, 0x61, 0x6C, 0x69, 0x67, 0x6E, 0x65, 0x64, 0x78, 0x65, 0x5F,
    0x74, 0x65, 0x78, 0x74, 0x75, 0x72, 0x65, 0x5F, 0x6C, 0x6F, 0x61, 0x64, 0x5F, 0x67, 0x75, 0x65,
    0x73, 0x74, 0x5F, 0x7A, 0x5F, 0x73, 0x74, 0x72, 0x69, 0x64, 0x65, 0x5F, 0x62, 0x6C, 0x6F, 0x63,
    0x6B, 0x5F, 0x72, 0x6F, 0x77, 0x73, 0x5F, 0x61, 0x6C, 0x69, 0x67, 0x6E, 0x65, 0x64, 0x75, 0x69,
    0x6E, 0x74, 0x33, 0x78, 0x65, 0x5F, 0x74, 0x65, 0x78, 0x74, 0x75, 0x72, 0x65, 0x5F, 0x6C, 0x6F,
    0x61, 0x64, 0x5F, 0x73, 0x69, 0x7A, 0x65, 0x5F, 0x62, 0x6C, 0x6F, 0x63, 0x6B, 0x73, 0x78, 0x65,
    0x5F, 0x74, 0x65, 0x78, 0x74, 0x75, 0x72, 0x65, 0x5F, 0x6C, 0x6F, 0x61, 0x64, 0x5F, 0x68, 0x6F,
    0x73, 0x74, 0x5F, 0x6F, 0x66, 0x66, 0x73, 0x65, 0x74, 0x78, 0x65, 0x5F, 0x74, 0x65, 0x78, 0x74,
    0x75, 0x72, 0x65, 0x5F, 0x6C, 0x6F, 0x61, 0x64, 0x5F, 0x68, 0x6F, 0x73, 0x74, 0x5F, 0x70, 0x69,
    0x74, 0x63, 0x68, 0x78, 0x65, 0x5F, 0x74, 0x65, 0x78, 0x74, 0x75, 0x72, 0x65, 0x5F, 0x6C, 0x6F,
    0x61, 0x64, 0x5F, 0x68, 0x65, 0x69, 0x67, 0x68, 0x74, 0x5F, 0x74, 0x65, 0x78, 0x65, 0x6C, 0x73,
    0x61, 0x69, 0x72, 0x2E, 0x61, 0x72, 0x67, 0x5F, 0x74, 0x79, 0x70, 0x65, 0x5F, 0x73, 0x69, 0x7A,
    0x65, 0x61, 0x69, 0x72, 0x2E, 0x61, 0x72, 0x67, 0x5F, 0x74, 0x79, 0x70, 0x65, 0x5F, 0x61, 0x6C,
    0x69, 0x67, 0x6E, 0x5F, 0x73, 0x69, 0x7A, 0x65, 0x61, 0x69, 0x72, 0x2E, 0x61, 0x72, 0x67, 0x5F,
    0x74, 0x79, 0x70, 0x65, 0x5F, 0x6E, 0x61, 0x6D, 0x65, 0x78, 0x65, 0x73, 0x6C, 0x5F, 0x69, 0x64,
    0x5F, 0x63, 0x6F, 0x6E, 0x73, 0x74, 0x61, 0x6E, 0x74, 0x42, 0x75, 0x66, 0x66, 0x65, 0x72, 0x5F,
    0x78, 0x65, 0x5F, 0x74, 0x65, 0x78, 0x74, 0x75, 0x72, 0x65, 0x5F, 0x6C, 0x6F, 0x61, 0x64, 0x5F,
    0x63, 0x6F, 0x6E, 0x73, 0x74, 0x61, 0x6E, 0x74, 0x73, 0x61, 0x69, 0x72, 0x2E, 0x61, 0x72, 0x67,
    0x5F, 0x6E, 0x61, 0x6D, 0x65, 0x78, 0x65, 0x5F, 0x74, 0x65, 0x78, 0x74, 0x75, 0x72, 0x65, 0x5F,
    0x6C, 0x6F, 0x61, 0x64, 0x5F, 0x63, 0x6F, 0x6E, 0x73, 0x74, 0x61, 0x6E, 0x74, 0x73, 0x61, 0x69,
    0x72, 0x2E, 0x72, 0x65, 0x61, 0x64, 0x5F, 0x77, 0x72, 0x69, 0x74, 0x65, 0x75, 0x69, 0x6E, 0x74,
    0x34, 0x78, 0x65, 0x5F, 0x74, 0x65, 0x78, 0x74, 0x75, 0x72, 0x65, 0x5F, 0x6C, 0x6F, 0x61, 0x64,
    0x5F, 0x64, 0x65, 0x73, 0x74, 0x78, 0x65, 0x5F, 0x74, 0x65, 0x78, 0x74, 0x75, 0x72, 0x65, 0x5F,
    0x6C, 0x6F, 0x61, 0x64, 0x5F, 0x73, 0x6F, 0x75, 0x72, 0x63, 0x65, 0x61, 0x69, 0x72, 0x2E, 0x74,
    0x68, 0x72, 0x65, 0x61, 0x64, 0x5F, 0x70, 0x6F, 0x73, 0x69, 0x74, 0x69, 0x6F, 0x6E, 0x5F, 0x69,
    0x6E, 0x5F, 0x67, 0x72, 0x69, 0x64, 0x78, 0x65, 0x73, 0x6C, 0x5F, 0x47, 0x6C, 0x6F, 0x62, 0x61,
    0x6C, 0x49, 0x6E, 0x76, 0x6F, 0x63, 0x61, 0x74, 0x69, 0x6F, 0x6E, 0x49, 0x44, 0x73, 0x72, 0x63,
    0x2F, 0x78, 0x65, 0x6E, 0x69, 0x61, 0x2F, 0x67, 0x70, 0x75, 0x2F, 0x73, 0x68, 0x61, 0x64, 0x65,
    0x72, 0x73, 0x2F, 0x74, 0x65, 0x78, 0x74, 0x75, 0x72, 0x65, 0x5F, 0x6C, 0x6F, 0x61, 0x64, 0x2E,
    0x78, 0x65, 0x73, 0x6C, 0x69, 0x73, 0x72, 0x63, 0x2F, 0x78, 0x65, 0x6E, 0x69, 0x61, 0x2F, 0x67,
    0x70, 0x75, 0x2F, 0x73, 0x68, 0x61, 0x64, 0x65, 0x72, 0x73, 0x2F, 0x74, 0x65, 0x78, 0x74, 0x75,
    0x72, 0x65, 0x5F, 0x61, 0x64, 0x64, 0x72, 0x65, 0x73, 0x73, 0x2E, 0x78, 0x65, 0x73, 0x6C, 0x69,
    0x00, 0x00, 0x66, 0xCF, 0x00, 0x00, 0x00, 0x00, 0x00, 0x00, 0x30, 0x82, 0x10, 0x14, 0x23, 0x08,
    0x16, 0x37, 0x82, 0x10, 0x18, 0x23, 0x08, 0xC1, 0x31, 0x82, 0x10, 0x20, 0x23, 0x08, 0x41, 0x32,
    0x82, 0x10, 0x28, 0x23, 0x08, 0xC1, 0x32, 0x82, 0x10, 0x30, 0x23, 0x08, 0x41, 0x33, 0x82, 0x10,
    0x38, 0x23, 0x08, 0x08, 0x30, 0x82, 0x10, 0x3C, 0x23, 0x08, 0x01, 0x34, 0x82, 0x10, 0x44, 0x23,
    0x08, 0x81, 0x34, 0x82, 0x10, 0x4C, 0x43, 0x59, 0x41, 0x1F, 0xAC, 0xC2, 0x10, 0x00, 0x00, 0x20,
    0x00, 0x00, 0x00, 0xC8, 0x02, 0x00, 0x00, 0x80, 0x00, 0x28, 0xCB, 0x40, 0x05, 0x10, 0x08, 0x00,
    0x30, 0x60, 0x90, 0x00, 0x00, 0x40, 0x14, 0x06, 0x00, 0x00, 0x03, 0x15, 0xC0, 0x21, 0x00, 0xC0,
    0x7C, 0x08, 0x80, 0xA8, 0x02, 0x2B, 0x04, 0x40, 0x2B, 0x00, 0x03, 0x06, 0x09, 0x00, 0x00, 0x48,
    0x61, 0x00, 0x00, 0x30, 0x50, 0x01, 0x24, 0x02, 0x00, 0xCC, 0x87, 0x00, 0x88, 0x2A, 0xBC, 0xC2,
    0x18, 0x00, 0xB0, 0x00, 0xCC, 0x20, 0xB8, 0x42, 0x2C, 0xCC, 0x30, 0xE4, 0x01, 0xA3, 0x07, 0x33,
    0x0C, 0x7B, 0xD0, 0xF0, 0xC1, 0x0C, 0x43, 0x1E, 0x38, 0x7D, 0x30, 0xC3, 0xE0, 0x07, 0x0F, 0x1F,
    0xCC, 0x30, 0xEC, 0x01, 0x94, 0x07, 0x33, 0x0C, 0x7B, 0x10, 0xFD, 0xC1, 0x0C, 0xC3, 0x1E, 0x48,
    0x7F, 0x30, 0xC3, 0xB0, 0x07, 0xD3, 0x1F, 0xCC, 0x30, 0xEC, 0x01, 0x05, 0x0A, 0x33, 0x0C, 0x7B,
    0x50, 0x85, 0xC2, 0x0C, 0xC3, 0x1E, 0x58, 0xA2, 0x30, 0x43, 0x30, 0xCC, 0x30, 0xE4, 0x41, 0x28,
    0x8C, 0xC2, 0x0C, 0xC4, 0xC5, 0x07, 0xA3, 0x30, 0x0A, 0x33, 0x04, 0xD8, 0x0C, 0x41, 0x36, 0x43,
    0xA0, 0xCD, 0x00, 0xCC, 0x80, 0x06, 0xA3, 0xC0, 0x07, 0xA3, 0x10, 0x06, 0x62, 0xC0, 0x07, 0x7C,
    0x30, 0x0A, 0x61, 0x30, 0x06, 0xA1, 0xC0, 0x07, 0xA3, 0x10, 0x06, 0x64, 0x60, 0x0A, 0x7C, 0x30,
    0x0A, 0x61, 0x50, 0x06, 0xA2, 0x20, 0x0A, 0xA3, 0x60, 0x06, 0x67, 0x70, 0x0A, 0x7C, 0x30, 0x0A,
    0x61, 0x80, 0x06, 0xA8, 0xC0, 0x07, 0xA3, 0x10, 0x06, 0x69, 0x90, 0x0A, 0x7C, 0x30, 0x0A, 0x61,
    0xA0, 0x06, 0x33, 0x50, 0xA3, 0xB0, 0x71, 0xA5, 0xD0, 0x8D, 0x82, 0x1F, 0x78, 0x5F, 0x1E, 0x80,
    0x41, 0x39, 0xAC, 0x41, 0x29, 0xB0, 0x81, 0x28, 0xB4, 0x81, 0x1B, 0xBC, 0x01, 0x1C, 0xCC, 0x00,
    0xF9, 0xC1, 0xD6, 0xF9, 0x81, 0x1F, 0xC4, 0xC1, 0xE7, 0x07, 0x6B, 0x20, 0x0A, 0x6C, 0x20, 0x0A,
    0x6D, 0x20, 0x07, 0x6F, 0x30, 0x07, 0x33, 0x40, 0x79, 0xB0, 0x75, 0x79, 0xE0, 0x07, 0xDE, 0xE7,
    0x07, 0x6B, 0x20, 0x0A, 0x6C, 0x20, 0x0A, 0x6D, 0x20, 0x07, 0x6F, 0x40, 0x07, 0x33, 0x18, 0x7D,
    0x50, 0x07, 0x6D, 0x60, 0x06, 0x6F, 0x60, 0x07, 0x33, 0x10, 0xE6, 0x70, 0x0E, 0xE8, 0x90, 0x0E,
    0x33, 0x0C, 0xA4, 0x40, 0x0E, 0xEA, 0x30, 0x13, 0x21, 0x00, 0xE4, 0x00, 0x0C, 0x54, 0x00, 0x77,
    0x20, 0x00, 0xC0, 0x40, 0x05, 0x80, 0x07, 0x02, 0x00, 0x9C, 0x1D, 0x00, 0x1C, 0xC7, 0x71, 0x1C,
    0xC7, 0x71, 0x1C, 0xC7, 0x71, 0x1C, 0xC7, 0x71, 0x9C, 0x59, 0xB8, 0x01, 0x2B, 0xB8, 0x81, 0x2C,
    0xB0, 0x82, 0x1B, 0xE0, 0x02, 0x1A, 0xB8, 0x81, 0x1B, 0xB8, 0x81, 0x1B, 0xB8, 0x81, 0x1B, 0xB8,
    0x81, 0x1B, 0xB8, 0x81, 0x1B, 0xB8, 0x81, 0x45, 0x07, 0x7A, 0x60, 0x59, 0x16, 0x64, 0x3F, 0xE2,
    0xE1, 0x17, 0x78, 0x81, 0x0B, 0xA0, 0x40, 0x07, 0x6E, 0x40, 0x07, 0x32, 0x12, 0x98, 0xA0, 0x5C,
    0xD8, 0xD8, 0xEC, 0xDA, 0x5C, 0xC8, 0xC4, 0xCE, 0x5C, 0xC6, 0xEA, 0x46, 0x09, 0x52, 0x21, 0x23,
    0x36, 0x36, 0xBB, 0x36, 0x97, 0xB6, 0x37, 0xB2, 0x3A, 0xB6, 0x32, 0x17, 0x33, 0xB6, 0xB0, 0xB3,
    0xB9, 0x51, 0x16, 0x59, 0x98, 0x05, 0x5A, 0xA8, 0x05, 0x5B, 0xB8, 0x05, 0x5C, 0xC8, 0x05, 0x5D,
    0xD8, 0x05, 0x5E, 0x48, 0x85, 0x8D, 0xCD, 0xAE, 0xCD, 0x25, 0x8D, 0xAC, 0xCC, 0x8D, 0x6E, 0x94,
    0xA0, 0x17, 0x72, 0x09, 0x4B, 0x93, 0x73, 0xB1, 0x2B, 0x93, 0x9B, 0x4B, 0x7B, 0x73, 0x1B, 0x25,
    0xF0, 0x85, 0xA4, 0xC2, 0xD2, 0xE4, 0x5C, 0xD8, 0xC2, 0xDC, 0xCE, 0xEA, 0xC2, 0xCE, 0xCA, 0xBE,
    0xEC, 0xCA, 0xE4, 0xE6, 0xD2, 0xDE, 0xDC, 0x46, 0x09, 0x7E, 0x21, 0xA7, 0xB0, 0x34, 0x39, 0x97,
    0xB1, 0xB7, 0x36, 0xB8, 0x34, 0xB6, 0xB2, 0xAF, 0x37, 0x38, 0xBA, 0xB4, 0x37, 0xB7, 0xB9, 0x51,
    0x06, 0x70, 0x08, 0x07, 0x71, 0x48, 0x25, 0x2C, 0x4D, 0xCE, 0x65, 0xAD, 0x4C, 0xCE, 0xAD, 0x8C,
    0x6D, 0x94, 0x40, 0x1D, 0x00, 0x00, 0xA9, 0x18, 0x00, 0x00, 0x25, 0x00, 0x00, 0x00, 0x0B, 0x0A,
    0x72, 0x28, 0x87, 0x77, 0x80, 0x07, 0x7A, 0x58, 0x70, 0x98, 0x43, 0x3D, 0xB8, 0xC3, 0x38, 0xB0,
    0x43, 0x39, 0xD0, 0xC3, 0x82, 0xE6, 0x1C, 0xC6, 0xA1, 0x0D, 0xE8, 0x41, 0x1E, 0xC2, 0xC1, 0x1D,
    0xE6, 0x21, 0x1D, 0xE8, 0x21, 0x1D, 0xDE, 0xC1, 0x1D, 0x16, 0x34, 0xE3, 0x60, 0x0E, 0xE7, 0x50,
    0x0F, 0xE1, 0x20, 0x0F, 0xE4, 0x40, 0x0F, 0xE1, 0x20, 0x0F, 0xE7, 0x50, 0x0E, 0xF4, 0xB0, 0x80,
    0x81, 0x07, 0x79, 0x28, 0x87, 0x70, 0x60, 0x07, 0x76, 0x78, 0x87, 0x71, 0x08, 0x07, 0x7A, 0x28,
    0x07, 0x72, 0x58, 0x70, 0x9C, 0xC3, 0x38, 0xB4, 0x01, 0x3B, 0xA4, 0x83, 0x3D, 0x94, 0xC3, 0x02,
    0x6B, 0x1C, 0xD8, 0x21, 0x1C, 0xDC, 0xE1, 0x1C, 0xDC, 0x20, 0x1C, 0xE4, 0x61, 0x1C, 0xDC, 0x20,
    0x1C, 0xE8, 0x81, 0x1E, 0xC2, 0x61, 0x1C, 0xD0, 0xA1, 0x1C, 0xC8, 0x61, 0x1C, 0xC2, 0x81, 0x1D,
    0xD8, 0x61, 0xC1, 0x01, 0x0F, 0xF4, 0x20, 0x0F, 0xE1, 0x50, 0x0F, 0xF4, 0x80, 0x0E, 0x00, 0x00,
    0x00, 0x00, 0xD1, 0x10, 0x00, 0x00, 0x06, 0x00, 0x00, 0x00, 0x07, 0xCC, 0x3C, 0xA4, 0x83, 0x3B,
    0x9C, 0x03, 0x3B, 0x94, 0x03, 0x3D, 0xA0, 0x83, 0x3C, 0x94, 0x43, 0x38, 0x90, 0xC3, 0x01, 0x00,
    0x00, 0x00, 0x61, 0x20, 0x00, 0x00, 0x4A, 0x02, 0x00, 0x00, 0x13, 0x04, 0x45, 0x2C, 0x10, 0x00,
    0x00, 0x00, 0x16, 0x00, 0x00, 0x00, 0x14, 0x66, 0x00, 0x8A, 0xA1, 0x14, 0x6A, 0x80, 0xC4, 0x58,
    0x83, 0x00, 0x00, 0x33, 0x00, 0x54, 0xC6, 0x22, 0x10, 0x04, 0x41, 0xC6, 0x22, 0x40, 0xFC, 0x0F,
    0xE1, 0x7F, 0x00, 0xF1, 0x3F, 0x84, 0xFF, 0x01, 0xC4, 0xFF, 0x10, 0xFE, 0x07, 0x10, 0xFF, 0x43,
    0xF8, 0x1F, 0xC6, 0x22, 0xFE, 0x13, 0xF4, 0x9F, 0xFF, 0x04, 0xFD, 0xE7, 0x3F, 0x41, 0xFF, 0xF9,
    0x4F, 0xD0, 0x7F, 0xC6, 0x22, 0x20, 0x08, 0x82, 0xA8, 0x95, 0xC0, 0x08, 0x00, 0xB9, 0xB1, 0x04,
    0x20, 0x98, 0x01, 0xA0, 0x5B, 0x02, 0x45, 0x40, 0x79, 0x34, 0x00, 0x00, 0x00, 0x00, 0xF1, 0x30,
    0x00, 0x00, 0x40, 0x01, 0x00, 0x00, 0x22, 0x47, 0xC8, 0x90, 0x51, 0x52, 0x58, 0x9A, 0x01, 0x00,
    0x00, 0x00, 0x6E, 0xA0, 0x50, 0xCF, 0xC3, 0x59, 0x96, 0xC5, 0x17, 0x83, 0x1D, 0x0C, 0x99, 0x18,
    0x38, 0x69, 0x90, 0x17, 0xC3, 0x18, 0x00, 0x00, 0x00, 0x00, 0x73, 0x72, 0x63, 0x2F, 0x78, 0x65,
    0x6E, 0x69, 0x61, 0x2F, 0x67, 0x70, 0x75, 0x2F, 0x73, 0x68, 0x61, 0x64, 0x65, 0x72, 0x73, 0x2F,
    0x74, 0x65, 0x78, 0x74, 0x75, 0x72, 0x65, 0x5F, 0x6C, 0x6F, 0x61, 0x64, 0x5F, 0x36, 0x34, 0x62,
    0x70, 0x62, 0x2E, 0x78, 0x65, 0x73, 0x6C, 0x69, 0x78, 0x65, 0x73, 0x6C, 0x5F, 0x65, 0x6E, 0x74,
    0x72, 0x79, 0x58, 0x65, 0x54, 0x65, 0x78, 0x74, 0x75, 0x72, 0x65, 0x4C, 0x6F, 0x61, 0x64, 0x47,
    0x65, 0x74, 0x49, 0x6E, 0x66, 0x6F, 0x6F, 0x6D, 0x6E, 0x69, 0x70, 0x6F, 0x74, 0x65, 0x6E, 0x74,
    0x20, 0x63, 0x68, 0x61, 0x72, 0x53, 0x69, 0x6D, 0x70, 0x6C, 0x65, 0x20, 0x43, 0x2B, 0x2B, 0x20,
    0x54, 0x42, 0x41, 0x41, 0x61, 0x69, 0x72, 0x2D, 0x61, 0x6C, 0x69, 0x61, 0x73, 0x2D, 0x73, 0x63,
    0x6F, 0x70, 0x65, 0x73, 0x28, 0x78, 0x65, 0x73, 0x6C, 0x5F, 0x65, 0x6E, 0x74, 0x72, 0x79, 0x29,
    0x61, 0x69, 0x72, 0x2D, 0x61, 0x6C, 0x69, 0x61, 0x73, 0x2D, 0x73, 0x63, 0x6F, 0x70, 0x65, 0x2D,
    0x61, 0x72, 0x67, 0x28, 0x30, 0x29, 0x61, 0x69, 0x72, 0x2D, 0x61, 0x6C, 0x69, 0x61, 0x73, 0x2D,
    0x73, 0x63, 0x6F, 0x70, 0x65, 0x2D, 0x61, 0x72, 0x67, 0x28, 0x32, 0x29, 0x61, 0x69, 0x72, 0x2D,
    0x61, 0x6C, 0x69, 0x61, 0x73, 0x2D, 0x73, 0x63, 0x6F, 0x70, 0x65, 0x2D, 0x61, 0x72, 0x67, 0x28,
    0x31, 0x29, 0x2F, 0x70, 0x72, 0x69, 0x76, 0x61, 0x74, 0x65, 0x2F, 0x76, 0x61, 0x72, 0x2F, 0x72,
    0x75, 0x6E, 0x2F, 0x63, 0x6F, 0x6D, 0x2E, 0x61, 0x70, 0x70, 0x6C, 0x65, 0x2E, 0x73, 0x65, 0x63,
    0x75, 0x72, 0x69, 0x74, 0x79, 0x2E, 0x63, 0x72, 0x79, 0x70, 0x74, 0x65, 0x78, 0x64, 0x2F, 0x6D,
    0x6E, 0x74, 0x2F, 0x63, 0x6F, 0x6D, 0x2E, 0x61, 0x70, 0x70, 0x6C, 0x65, 0x2E, 0x4D, 0x6F, 0x62,
    0x69, 0x6C, 0x65, 0x41, 0x73, 0x73, 0x65, 0x74, 0x2E, 0x4D, 0x65, 0x74, 0x61, 0x6C, 0x54, 0x6F,
    0x6F, 0x6C, 0x63, 0x68, 0x61, 0x69, 0x6E, 0x2D, 0x76, 0x31, 0x37, 0x2E, 0x33, 0x2E, 0x34, 0x38,
    0x2E, 0x30, 0x2E, 0x6E, 0x31, 0x71, 0x46, 0x75, 0x4F, 0x2F, 0x4D, 0x65, 0x74, 0x61, 0x6C, 0x2E,
    0x78, 0x63, 0x74, 0x6F, 0x6F, 0x6C, 0x63, 0x68, 0x61, 0x69, 0x6E, 0x2F, 0x75, 0x73, 0x72, 0x2F,
    0x6D, 0x65, 0x74, 0x61, 0x6C, 0x2F, 0x33, 0x32, 0x30, 0x32, 0x33, 0x2F, 0x6C, 0x69, 0x62, 0x2F,
    0x63, 0x6C, 0x61, 0x6E, 0x67, 0x2F, 0x33, 0x32, 0x30, 0x32, 0x33, 0x2E, 0x38, 0x35, 0x30, 0x2F,
    0x69, 0x6E, 0x63, 0x6C, 0x75, 0x64, 0x65, 0x2F, 0x6D, 0x65, 0x74, 0x61, 0x6C, 0x2F, 0x6D, 0x65,
    0x74, 0x61, 0x6C, 0x5F, 0x72, 0x65, 0x6C, 0x61, 0x74, 0x69, 0x6F, 0x6E, 0x61, 0x6C, 0x61, 0x6E,
    0x79, 0x5F, 0x5A, 0x54, 0x53, 0x34, 0x38, 0x78, 0x65, 0x73, 0x6C, 0x5F, 0x69, 0x64, 0x5F, 0x63,
    0x6F, 0x6E, 0x73, 0x74, 0x61, 0x6E, 0x74, 0x42, 0x75, 0x66, 0x66, 0x65, 0x72, 0x5F, 0x78, 0x65,
    0x5F, 0x74, 0x65, 0x78, 0x74, 0x75, 0x72, 0x65, 0x5F, 0x6C, 0x6F, 0x61, 0x64, 0x5F, 0x63, 0x6F,
    0x6E, 0x73, 0x74, 0x61, 0x6E, 0x74, 0x73, 0x69, 0x6E, 0x74, 0x58, 0x65, 0x54, 0x65, 0x78, 0x74,
    0x75, 0x72, 0x65, 0x48, 0x6F, 0x73, 0x74, 0x4C, 0x69, 0x6E, 0x65, 0x61, 0x72, 0x4F, 0x66, 0x66,
    0x73, 0x65, 0x74, 0x73, 0x72, 0x63, 0x2F, 0x78, 0x65, 0x6E, 0x69, 0x61, 0x2F, 0x67, 0x70, 0x75,
    0x2F, 0x73, 0x68, 0x61, 0x64, 0x65, 0x72, 0x73, 0x2F, 0x65, 0x6E, 0x64, 0x69, 0x61, 0x6E, 0x2E,
    0x78, 0x65, 0x73, 0x6C, 0x69, 0x58, 0x65, 0x45, 0x6E, 0x64, 0x69, 0x61, 0x6E, 0x53, 0x77, 0x61,
    0x70, 0x33, 0x32, 0x58, 0x65, 0x54, 0x65, 0x78, 0x74, 0x75, 0x72, 0x65, 0x4C, 0x6F, 0x61, 0x64,
    0x52, 0x69, 0x67, 0x68, 0x74, 0x43, 0x6F, 0x6E, 0x73, 0x65, 0x63, 0x75, 0x74, 0x69, 0x76, 0x65,
    0x42, 0x6C, 0x6F, 0x63, 0x6B, 0x73, 0x4F, 0x66, 0x66, 0x73, 0x65, 0x74, 0x2F, 0x70, 0x72, 0x69,
    0x76, 0x61, 0x74, 0x65, 0x2F, 0x76, 0x61, 0x72, 0x2F, 0x72, 0x75, 0x6E, 0x2F, 0x63, 0x6F, 0x6D,
    0x2E, 0x61, 0x70, 0x70, 0x6C, 0x65, 0x2E, 0x73, 0x65, 0x63, 0x75, 0x72, 0x69, 0x74, 0x79, 0x2E,
    0x63, 0x72, 0x79, 0x70, 0x74, 0x65, 0x78, 0x64, 0x2F, 0x6D, 0x6E, 0x74, 0x2F, 0x63, 0x6F, 0x6D,
    0x2E, 0x61, 0x70, 0x70, 0x6C, 0x65, 0x2E, 0x4D, 0x6F, 0x62, 0x69, 0x6C, 0x65, 0x41, 0x73, 0x73,
    0x65, 0x74, 0x2E, 0x4D, 0x65, 0x74, 0x61, 0x6C, 0x54, 0x6F, 0x6F, 0x6C, 0x63, 0x68, 0x61, 0x69,
    0x6E, 0x2D, 0x76, 0x31, 0x37, 0x2E, 0x33, 0x2E, 0x34, 0x38, 0x2E, 0x30, 0x2E, 0x6E, 0x31, 0x71,
    0x46, 0x75, 0x4F, 0x2F, 0x4D, 0x65, 0x74, 0x61, 0x6C, 0x2E, 0x78, 0x63, 0x74, 0x6F, 0x6F, 0x6C,
    0x63, 0x68, 0x61, 0x69, 0x6E, 0x2F, 0x75, 0x73, 0x72, 0x2F, 0x6D, 0x65, 0x74, 0x61, 0x6C, 0x2F,
    0x33, 0x32, 0x30, 0x32, 0x33, 0x2F, 0x6C, 0x69, 0x62, 0x2F, 0x63, 0x6C, 0x61, 0x6E, 0x67, 0x2F,
    0x33, 0x32, 0x30, 0x32, 0x33, 0x2E, 0x38, 0x35, 0x30, 0x2F, 0x69, 0x6E, 0x63, 0x6C, 0x75, 0x64,
    0x65, 0x2F, 0x6D, 0x65, 0x74, 0x61, 0x6C, 0x2F, 0x6D, 0x65, 0x74, 0x61, 0x6C, 0x5F, 0x69, 0x6E,
    0x74, 0x65, 0x67, 0x65, 0x72, 0x6D, 0x69, 0x6E, 0x58, 0x65, 0x54, 0x65, 0x78, 0x74, 0x75, 0x72,
    0x65, 0x54, 0x69, 0x6C, 0x65, 0x64, 0x43, 0x6F, 0x6E, 0x73, 0x65, 0x63, 0x75, 0x74, 0x69, 0x76,
    0x65, 0x42, 0x6C, 0x6F, 0x63, 0x6B, 0x73, 0x4C, 0x6F, 0x67, 0x32, 0x00, 0x00, 0x00, 0x13, 0x84,
    0x8B, 0x9A, 0x20, 0x5C, 0xD5, 0x04, 0xE1, 0xB2, 0x26, 0x08, 0xD7, 0x35, 0x41, 0xB8, 0xB0, 0x09,
    0xC2, 0x95, 0x4D, 0x10, 0x2E, 0x6D, 0x82, 0x70, 0x6D, 0xAB, 0xA8, 0xE3, 0x27, 0xE0, 0x01, 0xF8,
    0x09, 0x88, 0x1D, 0x32, 0x00, 0x03, 0x40, 0x14, 0x04, 0x41, 0x48, 0x15, 0x00, 0x80, 0x1C, 0x00,
    0x00, 0x00, 0x56, 0x51, 0x47, 0x3B, 0xC4, 0x03, 0xD0, 0x0E, 0xA7, 0xC0, 0x0E, 0xA8, 0x00, 0x60,
    0x00, 0x88, 0x82, 0x20, 0x08, 0xA9, 0x02, 0x00, 0x90, 0x03, 0x00, 0x00, 0x80, 0xCE, 0x03, 0x09,
    0x64, 0x08, 0x91, 0x21, 0x23, 0xA1, 0xB9, 0x10, 0x95, 0x00, 0xAC, 0x10, 0x5C, 0x82, 0x1E, 0x56,
    0x0C, 0x2F, 0xE1, 0x12, 0xF5, 0xB0, 0x62, 0x80, 0x09, 0x97, 0xB0, 0x87, 0x15, 0x43, 0x4C, 0xB8,
    0xC4, 0x3D, 0xAC, 0xA2, 0x8E, 0xB2, 0xC8, 0x07, 0xA0, 0x2C, 0xD4, 0x8B, 0x1D, 0xD6, 0x0B, 0xC0,
    0x00, 0x10, 0x05, 0x41, 0x10, 0x52, 0x05, 0x00, 0x20, 0x07, 0x00, 0x00, 0x80, 0x06, 0x83, 0x03,
    0x95, 0x00, 0xAC, 0xA2, 0x0E, 0x77, 0xE0, 0x07, 0xC0, 0x1D, 0xD2, 0x82, 0x1D, 0xD2, 0x02, 0xC0,
    0x00, 0x10, 0x05, 0x41, 0x10, 0x52, 0x05, 0x00, 0x20, 0x07, 0x00, 0x00, 0x80, 0x26, 0x03, 0x04,
    0x95, 0x00, 0xAC, 0xA2, 0x0E, 0xB8, 0xF0, 0x07, 0x00, 0x2E, 0xE4, 0x80, 0x1D, 0xE4, 0x00, 0xC0,
    0x00, 0x10, 0x05, 0x41, 0x10, 0x52, 0x05, 0x00, 0x20, 0x07, 0x00, 0x00, 0x80, 0x4E, 0x83, 0x0E,
    0x95, 0x00, 0xAC, 0xA2, 0x8E, 0x76, 0xF8, 0x07, 0xA0, 0x1D, 0x62, 0x82, 0x1D, 0x64, 0x02, 0xC0,
    0x00, 0x10, 0x05, 0x41, 0x10, 0x52, 0x05, 0x00, 0x20, 0x07, 0x00, 0x00, 0x80, 0x86, 0x83, 0x03,
    0x95, 0x00, 0xAC, 0xA2, 0x8E, 0xB9, 0x08, 0x09, 0x60, 0x2E, 0x72, 0x70, 0x60, 0x07, 0x1D, 0x1C,
    0x00, 0x0C, 0x00, 0x51, 0x10, 0x04, 0x21, 0x55, 0x00, 0x00, 0x72, 0x00, 0x00, 0x00, 0x58, 0x45,
    0x1D, 0xEE, 0x20, 0x12, 0x80, 0x3B, 0xE0, 0x01, 0x3B, 0xE0, 0x01, 0x80, 0x01, 0x20, 0x0A, 0x82,
    0x20, 0xA4, 0x0A, 0x00, 0x40, 0x0E, 0x00, 0x00, 0x00, 0x9D, 0x13, 0x09, 0x37, 0x91, 0x13, 0xBA,
    0x0F, 0x14, 0x74, 0x82, 0x27, 0xB4, 0x1C, 0x48, 0xA8, 0x04, 0x60, 0x50, 0x01, 0xBC, 0x83, 0x00,
    0x00, 0x1B, 0x82, 0x79, 0xD8, 0x30, 0xC8, 0x03, 0x58, 0x8C, 0xC4, 0x86, 0x21, 0x2C, 0xC2, 0x62,
    0x24, 0x36, 0x04, 0x2F, 0xB1, 0x41, 0x88, 0x09, 0x98, 0x18, 0x54, 0x00, 0xF8, 0x00, 0x00, 0xC0,
    0x86, 0x61, 0x1F, 0xC2, 0x62, 0x24, 0x36, 0x44, 0xFA, 0x60, 0x16, 0x23, 0x61, 0x16, 0x24, 0x61,
    0x16, 0x25, 0x61, 0x16, 0x26, 0x11, 0x16, 0x27, 0x61, 0x16, 0x28, 0x61, 0x16, 0x29, 0x61, 0x16,
    0x2A, 0xB1, 0x61, 0x38, 0x0B, 0xB3, 0x48, 0x89, 0x0D, 0xC3, 0x59, 0x98, 0x05, 0x4A, 0x6C, 0x18,
    0xCE, 0xC2, 0x2C, 0x4C, 0x62, 0xC3, 0x70, 0x16, 0x66, 0x51, 0x12, 0x1B, 0x86, 0xB3, 0x30, 0x0B,
    0x92, 0xD8, 0x30, 0x9C, 0x85, 0x59, 0x8C, 0xC4, 0x86, 0x00, 0x26, 0x36, 0x08, 0x2F, 0x11, 0x13,
    0x83, 0x0A, 0xA0, 0x1F, 0x04, 0x00, 0xD8, 0x10, 0xC4, 0xC4, 0x06, 0xE1, 0x25, 0x60, 0x62, 0x50,
    0x01, 0x80, 0x04, 0x00, 0x00, 0x00, 0x7D, 0x0C, 0x95, 0xB7, 0x06, 0x33, 0x06, 0xC5, 0x38, 0x1C,
    0x2C, 0xD1, 0x12, 0x00, 0x05, 0xA2, 0x4C, 0x18, 0x00, 0x47, 0x3D, 0x37, 0x63, 0x50, 0x78, 0x74,
    0xB0, 0x12, 0x00, 0x30, 0xDC, 0x10, 0x08, 0x63, 0x30, 0x63, 0x50, 0x80, 0xC1, 0xB2, 0x12, 0x00,
    0x30, 0xC8, 0x10, 0x14, 0xC9, 0x84, 0x01, 0x30, 0x62, 0x50, 0x14, 0x21, 0x08, 0x06, 0xD3, 0x1C,
    0x04, 0x33, 0x06, 0x05, 0x7B, 0x29, 0x32, 0x31, 0x13, 0xC0, 0x2C, 0x03, 0x11, 0x04, 0x33, 0x06,
    0x05, 0x18, 0x1C, 0x2B, 0x01, 0x00, 0x7D, 0x0C, 0x1B, 0x19, 0x58, 0x33, 0x06, 0xC5, 0x39, 0x1C,
    0x2C, 0xD1, 0x12, 0x00, 0x05, 0x61, 0x4C, 0x18, 0x00, 0x7D, 0x0C, 0x9D, 0x19, 0x5C, 0x33, 0x06,
    0x45, 0x39, 0x1C, 0x2C, 0xD1, 0x12, 0x00, 0x05, 0xA1, 0x4C, 0x18, 0x00, 0x7D, 0x0C, 0x1F, 0x1A,
    0xD0, 0xC1, 0x8C, 0x41, 0x01, 0x0E, 0x07, 0x4B, 0xB4, 0x04, 0x40, 0x41, 0x18, 0x13, 0x06, 0x40,
    0x1F, 0x43, 0x18, 0xA8, 0x41, 0x1E, 0xCC, 0x18, 0x14, 0xBD, 0x30, 0x06, 0x2C, 0xD1, 0x12, 0x00,
    0x05, 0x81, 0x4C, 0x18, 0x00, 0x7D, 0x0C, 0x63, 0xC0, 0x06, 0x77, 0x30, 0x63, 0x50, 0xF0, 0xC2,
    0xC1, 0x12, 0x2D, 0x01, 0x50, 0x10, 0xC6, 0x84, 0x01, 0xD0, 0xC7, 0x50, 0x06, 0x6E, 0x40, 0x07,
    0x33, 0x06, 0x85, 0x2A, 0x8C, 0x01, 0x4B, 0xB4, 0x04, 0x40, 0x41, 0x28, 0x13, 0x06, 0xC0, 0x05,
    0x7F, 0x80, 0x33, 0x06, 0x05, 0x2D, 0xCC, 0x01, 0x4B, 0xB4, 0x04, 0x70, 0x41, 0x1F, 0xE8, 0x8C,
    0x41, 0x41, 0x0B, 0x7A, 0xC0, 0x12, 0x2D, 0x01, 0xE4, 0xD0, 0x60, 0xC6, 0xA0, 0x88, 0x05, 0x8C,
    0x25, 0x5A, 0x02, 0xB8, 0x80, 0xC3, 0x19, 0x83, 0x62, 0x16, 0x26, 0x96, 0x68, 0x09, 0xE0, 0x82,
    0x4E, 0x27, 0x0C, 0x80, 0x1B, 0x3C, 0x9D, 0x31, 0x28, 0x62, 0x01, 0x63, 0x89, 0x96, 0x00, 0xC6,
    0x10, 0xAE, 0x6D, 0xC6, 0xA0, 0x28, 0x03, 0x31, 0x58, 0x09, 0x00, 0x18, 0x43, 0xB8, 0xEE, 0x60,
    0xC6, 0xA0, 0x50, 0x0B, 0x85, 0x26, 0x6A, 0x02, 0xC0, 0x80, 0x14, 0x4E, 0x60, 0xC6, 0xA0, 0x50,
    0x0B, 0x87, 0x26, 0x6A, 0x02, 0x18, 0x43, 0xC8, 0xBA, 0x19, 0x83, 0x42, 0x2D, 0x38, 0x9A, 0xA8,
    0x09, 0x00, 0x89, 0x40, 0x04, 0x66, 0x0C, 0x0A, 0xB5, 0x00, 0x03, 0x9A, 0xA8, 0x09, 0x60, 0x0C,
    0x61, 0x03, 0x83, 0x19, 0x83, 0x42, 0x2D, 0xE0, 0x80, 0x26, 0x6A, 0x02, 0x40, 0x21, 0x00, 0x81,
    0x19, 0x83, 0x42, 0x2D, 0xDC, 0x80, 0x26, 0x6A, 0x02, 0x40, 0x2C, 0x10, 0x81, 0x19, 0x83, 0x42,
    0x2D, 0xEA, 0x80, 0x26, 0x6A, 0x02, 0xC0, 0xC0, 0x00, 0x81, 0x19, 0x83, 0x42, 0x2D, 0x32, 0x9A,
    0xA8, 0x09, 0xE0, 0x02, 0x0C, 0x66, 0x0C, 0x8A, 0x32, 0xF8, 0x83, 0x95, 0x00, 0x80, 0x0B, 0x5A,
    0x01, 0x67, 0x0C, 0x0A, 0x33, 0xF8, 0x56, 0x02, 0x00, 0x46, 0x0C, 0x24, 0x23, 0x06, 0xC1, 0xE0,
    0x91, 0x05, 0xA6, 0xA1, 0x83, 0x33, 0xA0, 0x2C, 0xEC, 0x0D, 0xE8, 0x80, 0x0E, 0xE8, 0x20, 0x0C,
    0x52, 0xA1, 0x15, 0x66, 0x0C, 0x0A, 0x34, 0x38, 0x56, 0x02, 0x00, 0x2E, 0x78, 0x05, 0x9C, 0x31,
    0x28, 0xD0, 0xA0, 0x14, 0x56, 0x02, 0x00, 0x32, 0xB8, 0x31, 0x63, 0x50, 0xA8, 0xC1, 0xB1, 0x12,
    0x00, 0xD0, 0x8B, 0x90, 0x07, 0xC1, 0x84, 0x01, 0x40, 0x41, 0x29, 0x13, 0x06, 0x00, 0x56, 0x76,
    0x00, 0x02, 0x33, 0x06, 0x85, 0x1C, 0x04, 0x36, 0x71, 0x13, 0xC0, 0x70, 0x43, 0x60, 0x0B, 0x64,
    0x30, 0x61, 0x00, 0xDC, 0x50, 0x07, 0x37, 0x61, 0x00, 0x5C, 0x50, 0x07, 0x3A, 0x61, 0x00, 0x5C,
    0x71, 0x07, 0x38, 0x61, 0x00, 0x5C, 0x60, 0x07, 0x3A, 0x61, 0x00, 0xDC, 0x10, 0xEC, 0x84, 0x01,
    0x30, 0xDD, 0x10, 0x20, 0xC6, 0x84, 0x01, 0x70, 0x9F, 0x2D, 0xE8, 0x84, 0x01, 0x30, 0xDC, 0x10,
    0xD4, 0x42, 0x18, 0x4C, 0x18, 0x00, 0x23, 0x06, 0xC7, 0x11, 0x82, 0x60, 0x90, 0x8C, 0xC3, 0x30,
    0xE8, 0xC1, 0x74, 0x43, 0x40, 0x08, 0x13, 0x06, 0x40, 0x4A, 0x37, 0x66, 0x0C, 0x0A, 0x36, 0x18,
    0x56, 0x02, 0x00, 0x7A, 0x11, 0x52, 0x21, 0x98, 0x30, 0x00, 0x86, 0x0D, 0x88, 0x60, 0x28, 0x80,
    0x09, 0x03, 0x00, 0xA9, 0x5F, 0x80, 0x81, 0x19, 0x83, 0xC2, 0x0D, 0x86, 0x95, 0x00, 0x80, 0xE1,
    0x06, 0x30, 0xE8, 0x03, 0x30, 0x98, 0x31, 0x28, 0x74, 0xA2, 0x0C, 0x70, 0x22, 0x27, 0x80, 0x59,
    0x06, 0x61, 0x08, 0x66, 0x0C, 0x0A, 0x9D, 0xD8, 0x70, 0x22, 0x27, 0x80, 0x11, 0x03, 0xA3, 0x08,
    0x41, 0x30, 0x58, 0xD0, 0x21, 0x1C, 0xC4, 0x61, 0xC6, 0xA0, 0xD8, 0xC1, 0x41, 0xD1, 0x89, 0x9E,
    0x00, 0x2E, 0x18, 0x07, 0x98, 0x31, 0x28, 0x7A, 0xE2, 0x0D, 0x70, 0x22, 0x27, 0x80, 0x0B, 0xC4,
    0x41, 0x67, 0x0C, 0x8A, 0x9E, 0x98, 0x70, 0x22, 0x27, 0x00, 0x24, 0x87, 0xE0, 0x02, 0x26, 0x0C,
    0x80, 0x0B, 0xCE, 0x01, 0x67, 0x09, 0x86, 0x81, 0x8A, 0x40, 0x10, 0x68, 0x23, 0xC0, 0x40, 0x83,
    0x81, 0x19, 0x83, 0xE2, 0x0D, 0xAC, 0x95, 0x00, 0x80, 0x0C, 0x6E, 0xCC, 0x18, 0x14, 0x73, 0x70,
    0xAC, 0x04, 0x00, 0xF4, 0x22, 0xCC, 0x42, 0x30, 0x61, 0x00, 0x50, 0x50, 0xCA, 0x84, 0x01, 0x70,
    0x41, 0x2B, 0xDC, 0x8C, 0x41, 0x21, 0x07, 0x81, 0x4D, 0xF8, 0x04, 0x70, 0x41, 0x2B, 0xE8, 0x84,
    0x01, 0x70, 0xC3, 0x2B, 0xE0, 0x84, 0x01, 0x70, 0x81, 0x2B, 0xE8, 0x84, 0x01, 0x70, 0x43, 0xB0,
    0x13, 0x06, 0xC0, 0x74, 0x43, 0x60, 0x78, 0x13, 0x06, 0xC0, 0x88, 0xC1, 0x71, 0x84, 0x20, 0x18,
    0x24, 0xF9, 0x10, 0x04, 0xB0, 0x30, 0xDD, 0x10, 0x08, 0xD8, 0x84, 0x01, 0x90, 0xD4, 0x8D, 0x19,
    0x83, 0xA2, 0x0E, 0x86, 0x95, 0x00, 0x80, 0x5E, 0x84, 0x5F, 0x08, 0x26, 0x0C, 0x80, 0x61, 0x03,
    0x22, 0x18, 0x0A, 0x60, 0xC2, 0x00, 0x98, 0x25, 0x20, 0x66, 0x0C, 0x8A, 0x3B, 0x08, 0x56, 0x02,
    0x00, 0x74, 0xC2, 0x00, 0x08, 0x88, 0x01, 0x00, 0x00, 0x00, 0x1C, 0x00, 0x00, 0x00, 0x5B, 0x04,
    0x40, 0x25, 0xB6, 0x1C, 0x41, 0x10, 0x16, 0x87, 0x58, 0x20, 0x63, 0xB1, 0xE5, 0x40, 0x82, 0xB3,
    0x38, 0xC4, 0x02, 0x19, 0x8B, 0x2D, 0x87, 0x12, 0xA0, 0xC5, 0x21, 0x16, 0xC8, 0x58, 0x6C, 0x39,
    0x98, 0x20, 0x2D, 0x0E, 0xB1, 0x40, 0xC6, 0x62, 0xCB, 0xE1, 0x04, 0x6A, 0x71, 0x88, 0x05, 0x32,
    0x16, 0x5B, 0x0E, 0x28, 0x58, 0x8B, 0x43, 0x2C, 0x90, 0xB1, 0xD8, 0x72, 0x48, 0x01, 0x5B, 0x1C,
    0x62, 0x81, 0x8C, 0xC5, 0x96, 0x03, 0x0D, 0x82, 0xB0, 0x38, 0xDA, 0x02, 0x71, 0x8B, 0x2D, 0xC7,
    0x1D, 0x04, 0x61, 0x71, 0xC0, 0x05, 0x12, 0x17, 0x5B, 0x8E, 0x52, 0x08, 0xC2, 0xE2, 0x68, 0x0B,
    0xC4, 0x2D, 0xB6, 0x1C, 0xB0, 0x10, 0x84, 0xC5, 0x01, 0x17, 0x48, 0x5C, 0x00, 0x00, 0x00, 0x00,
    0x00, 0x00, 0x61, 0x20, 0x00, 0x00, 0x87, 0x01, 0x00, 0x00, 0x13, 0x04, 0x46, 0x2C, 0x10, 0x00,
    0x00, 0x00, 0x0B, 0x00, 0x00, 0x00, 0x14, 0x4A, 0xA1, 0x18, 0xCA, 0xA3, 0xE0, 0x2A, 0x10, 0xA8,
    0xFC, 0x8A, 0xFF, 0xFF, 0xFF, 0x7F, 0xA0, 0x60, 0x0A, 0xFC, 0xFF, 0xFF, 0xFF, 0xA1, 0x82, 0x0A,
    0x10, 0xA4, 0x00, 0x39, 0x0A, 0x70, 0x80, 0x5A, 0x09, 0x8C, 0x00, 0xD0, 0x2D, 0x81, 0x22, 0x00,
    0x00, 0x00, 0xF1, 0x30, 0x00, 0x00, 0x3E, 0x00, 0x00, 0x00, 0x22, 0x47, 0xC8, 0x90, 0x51, 0x12,
    0xC4, 0x39, 0x00, 0x00, 0x00, 0x00, 0x9D, 0x65, 0x69, 0x00, 0x58, 0x65, 0x54, 0x65, 0x78, 0x74,
    0x75, 0x72, 0x65, 0x4C, 0x6F, 0x61, 0x64, 0x47, 0x75, 0x65, 0x73, 0x74, 0x42, 0x6C, 0x6F, 0x63,
    0x6B, 0x4F, 0x66, 0x66, 0x73, 0x65, 0x74, 0x58, 0x65, 0x54, 0x65, 0x78, 0x74, 0x75, 0x72, 0x65,
    0x54, 0x69, 0x6C, 0x65, 0x64, 0x4F, 0x66, 0x66, 0x73, 0x65, 0x74, 0x33, 0x44, 0x58, 0x65, 0x54,
    0x65, 0x78, 0x74, 0x75, 0x72, 0x65, 0x54, 0x69, 0x6C, 0x65, 0x64, 0x4F, 0x66, 0x66, 0x73, 0x65,
    0x74, 0x32, 0x44, 0x58, 0x65, 0x54, 0x65, 0x78, 0x74, 0x75, 0x72, 0x65, 0x47, 0x75, 0x65, 0x73,
    0x74, 0x4C, 0x69, 0x6E, 0x65, 0x61, 0x72, 0x4F, 0x66, 0x66, 0x73, 0x65, 0x74, 0x00, 0xAB, 0xA8,
    0xA3, 0x1D, 0xDE, 0x01, 0x68, 0x07, 0x77, 0x60, 0x07, 0x78, 0x00, 0x30, 0x00, 0x44, 0x41, 0x10,
    0x84, 0x54, 0x01, 0x00, 0xC8, 0x01, 0x00, 0x00, 0x60, 0x15, 0x75, 0xB8, 0x03, 0x3C, 0x00, 0xEE,
    0x00, 0x06, 0xEC, 0x10, 0x06, 0x00, 0x06, 0x80, 0x28, 0x08, 0x82, 0x90, 0x2A, 0x00, 0x00, 0x39,
    0x00, 0x00, 0x00, 0xE8, 0x3C, 0x90, 0x40, 0x86, 0x10, 0x19, 0x32, 0x12, 0xDA, 0x1F, 0x3C, 0xE4,
    0x01, 0xB0, 0x8A, 0x3A, 0xDC, 0x21, 0x1E, 0x00, 0x77, 0x78, 0xD8, 0xE1, 0x01, 0x30, 0x00, 0x44,
    0x41, 0x10, 0x84, 0x54, 0x01, 0x00, 0xC8, 0x01, 0x00, 0x00, 0xA0, 0x45, 0xC2, 0x43, 0x1E, 0x00,
    0xAB, 0xA8, 0xC3, 0x1D, 0xE4, 0x01, 0x70, 0x07, 0xB2, 0x60, 0x87, 0xB2, 0x00, 0x30, 0x00, 0x44,
    0x41, 0x10, 0x84, 0x54, 0x01, 0x00, 0xC8, 0x01, 0x00, 0x00, 0xA0, 0x4F, 0x82, 0x43, 0x1E, 0x00,
    0x00, 0x00, 0xF7, 0x11, 0x3A, 0x63, 0x50, 0xF0, 0x43, 0x19, 0xCC, 0x03, 0x00, 0x0C, 0x37, 0x04,
    0x04, 0x18, 0x4C, 0x18, 0x00, 0xB3, 0x0C, 0x44, 0x10, 0xCC, 0x18, 0x14, 0xFC, 0xB0, 0xCD, 0x03,
    0x00, 0x1C, 0x18, 0x18, 0x3A, 0x63, 0x50, 0xF4, 0xC3, 0x19, 0xCC, 0x03, 0x00, 0x0C, 0x37, 0x04,
    0x06, 0x18, 0x4C, 0x18, 0x00, 0xB3, 0x0C, 0x83, 0x10, 0xCC, 0x18, 0x14, 0xFD, 0xD0, 0xCD, 0x03,
    0x00, 0x8C, 0x21, 0x60, 0xC6, 0x8C, 0x41, 0x31, 0x06, 0x17, 0x3D, 0xD4, 0x03, 0x70, 0x81, 0x1E,
    0xE0, 0x8C, 0x41, 0x31, 0x06, 0x1B, 0x3D, 0xD4, 0x03, 0x30, 0x86, 0xA0, 0x1D, 0x33, 0x06, 0xC5,
    0x18, 0x90, 0x01, 0x3D, 0xD4, 0x03, 0x70, 0x81, 0x1F, 0xE4, 0x8C, 0x41, 0x31, 0x06, 0x68, 0x40,
    0x0F, 0xF5, 0x00, 0x5C, 0x18, 0xF4, 0x01, 0xCE, 0x18, 0x14, 0x63, 0x30, 0x0A, 0xF4, 0x50, 0x0F,
    0x00, 0x0A, 0x81, 0x08, 0xCC, 0x18, 0x14, 0x63, 0xE0, 0x06, 0xF4, 0x50, 0x0F, 0xC0, 0x05, 0x05,
    0xCC, 0x18, 0x14, 0x63, 0x10, 0x06, 0xF4, 0x50, 0x0F, 0xC0, 0x95, 0x01, 0x87, 0x33, 0x06, 0x05,
    0x19, 0x9C, 0x01, 0x3D, 0xD4, 0x03, 0x70, 0x42, 0x20, 0x33, 0x06, 0xC5, 0x18, 0xAC, 0x02, 0x3D,
    0xD4, 0x03, 0x30, 0x86, 0x10, 0x06, 0x75, 0x30, 0x63, 0x50, 0x94, 0xC1, 0x44, 0x0F, 0xF5, 0x00,
    0x5C, 0xF0, 0xE5, 0x8C, 0x41, 0x51, 0x06, 0x17, 0x3D, 0xD4, 0x03, 0x70, 0x43, 0x00, 0x33, 0x06,
    0x45, 0x19, 0x74, 0xF4, 0x50, 0x0F, 0xC0, 0x89, 0x01, 0x18, 0xC0, 0x8C, 0x41, 0x51, 0x06, 0x79,
    0x40, 0x0F, 0xF5, 0x00, 0x5C, 0x30, 0x0A, 0x3A, 0x63, 0x50, 0x94, 0x01, 0x1B, 0xD0, 0x43, 0x3D,
    0x00, 0x37, 0x04, 0x37, 0x61, 0x00, 0x5C, 0x60, 0x0A, 0x37, 0x63, 0x50, 0x94, 0x01, 0x2B, 0xD0,
    0x43, 0x3D, 0x00, 0x17, 0x7C, 0x3A, 0x61, 0x00, 0x1C, 0xB2, 0x0A, 0x3A, 0x63, 0x50, 0x98, 0x81,
    0x45, 0x0F, 0xF5, 0x00, 0x9C, 0xD4, 0x0A, 0x37, 0x63, 0x50, 0x98, 0x01, 0x1A, 0xD0, 0x43, 0x3D,
    0x00, 0x17, 0x84, 0x81, 0x4E, 0x18, 0x00, 0x17, 0x0C, 0x3B, 0x63, 0x50, 0x98, 0xC1, 0x46, 0x0F,
    0xF5, 0x00, 0x5C, 0x80, 0xDC, 0x8C, 0x41, 0x61, 0x06, 0x6F, 0x40, 0x0F, 0xF5, 0x00, 0x5C, 0xA0,
    0x06, 0x39, 0x63, 0x50, 0x98, 0x81, 0x28, 0xD0, 0x43, 0x3D, 0x00, 0x77, 0xBD, 0x02, 0xCE, 0x18,
    0x14, 0x67, 0xC0, 0xD1, 0x43, 0x3D, 0x00, 0x18, 0x54, 0x20, 0x30, 0x63, 0x50, 0x9C, 0x81, 0x18,
    0xD0, 0x43, 0x3D, 0x00, 0x17, 0xC0, 0x82, 0xCE, 0x18, 0x14, 0x67, 0x00, 0x07, 0xF4, 0x50, 0x0F,
    0xC0, 0x45, 0xB2, 0x80, 0x33, 0x06, 0x05, 0x1A, 0xA0, 0x01, 0x3D, 0xD4, 0x03, 0x80, 0x82, 0x2C,
    0xDC, 0xC0, 0x8C, 0x41, 0x81, 0x06, 0x7E, 0x40, 0x0F, 0xF5, 0x00, 0x60, 0x20, 0xC0, 0xC0, 0x8C,
    0x41, 0x81, 0x06, 0x6E, 0x40, 0x0F, 0xF5, 0x00, 0x60, 0x40, 0x0B, 0x37, 0x30, 0x63, 0x50, 0xA0,
    0x81, 0x2A, 0xD0, 0x43, 0x3D, 0x00, 0x17, 0xC8, 0x81, 0x4E, 0x18, 0x00, 0x97, 0xB0, 0x81, 0xCE,
    0x18, 0x14, 0x69, 0x20, 0x06, 0xF4, 0x50, 0x0F, 0x00, 0x42, 0x01, 0x04, 0xCC, 0x18, 0x14, 0x69,
    0x90, 0xD1, 0x43, 0x3D, 0x00, 0x17, 0xE0, 0xC2, 0xCD, 0x18, 0x14, 0x69, 0xA0, 0x06, 0xF4, 0x50,
    0x0F, 0xC0, 0x31, 0x75, 0xA0, 0x33, 0x06, 0x45, 0x1A, 0xE4, 0x01, 0x3D, 0xD4, 0x03, 0x70, 0x61,
    0xB0, 0x0B, 0x3A, 0x63, 0x50, 0xA8, 0xC1, 0x45, 0x0F, 0xF5, 0x00, 0x5C, 0x70, 0xDD, 0x8C, 0x41,
    0xA1, 0x06, 0x1C, 0x3D, 0xD4, 0x03, 0x70, 0x65, 0xE0, 0x0B, 0x37, 0x63, 0x50, 0xA8, 0x01, 0x1F,
    0xD0, 0x43, 0x3D, 0x00, 0x17, 0xE4, 0x82, 0x4E, 0x18, 0x00, 0x37, 0x04, 0x30, 0x63, 0x50, 0xA4,
    0x01, 0x1C, 0xD0, 0x43, 0x3D, 0x00, 0x17, 0x18, 0x30, 0x63, 0x50, 0xA4, 0xC1, 0x1F, 0xD0, 0x43,
    0x3D, 0x00, 0x17, 0x20, 0x30, 0x63, 0x50, 0xA8, 0xC1, 0x1B, 0xD0, 0x43, 0x3D, 0x00, 0x18, 0xF9,
    0xC1, 0x0D, 0xCC, 0x18, 0x14, 0x6D, 0xB0, 0xD0, 0x43, 0x3D, 0x00, 0x27, 0x8C, 0x03, 0x4E, 0x18,
    0x00, 0x17, 0xF8, 0x81, 0x4E, 0x18, 0x00, 0x17, 0x0C, 0x3B, 0x61, 0x00, 0x5C, 0x00, 0xED, 0x8C,
    0x41, 0xE1, 0x06, 0x0B, 0x3D, 0xD4, 0x03, 0x80, 0x01, 0x29, 0xDC, 0xC0, 0x8C, 0x41, 0x11, 0x07,
    0x0B, 0x3D, 0xD4, 0x03, 0x70, 0x07, 0x3A, 0xDC, 0x84, 0x01, 0x70, 0x81, 0x28, 0xE8, 0x84, 0x01,
    0x70, 0x43, 0xB0, 0x13, 0x06, 0xC0, 0x29, 0xA3, 0xA0, 0x33, 0x06, 0x85, 0x1C, 0x58, 0xF4, 0x50,
    0x0F, 0xC0, 0x09, 0xC1, 0xCE, 0x18, 0x14, 0x72, 0xB0, 0xD0, 0x43, 0x3D, 0x00, 0xB3, 0x04, 0xC5,
    0x8C, 0x41, 0x11, 0x12, 0xC7, 0x3C, 0x00, 0xC0, 0x18, 0x42, 0x2B, 0x84, 0xC3, 0x8C, 0x41, 0x31,
    0x25, 0xF6, 0x70, 0x0F, 0xC0, 0x05, 0xAB, 0x90, 0x33, 0x06, 0xC5, 0xD4, 0xD8, 0xC3, 0x3D, 0x00,
    0x63, 0x08, 0xAF, 0xD0, 0x07, 0x33, 0x06, 0xC5, 0x64, 0xD9, 0xC3, 0x3D, 0x00, 0x17, 0xB4, 0x42,
    0xCE, 0x18, 0x14, 0x93, 0x66, 0x0F, 0xF7, 0x00, 0xDC, 0x2D, 0xB8, 0x02, 0xCE, 0x18, 0x14, 0x13,
    0x1D, 0xD8, 0xC3, 0x3D, 0x00, 0x28, 0x04, 0x22, 0x30, 0x63, 0x50, 0x4C, 0x60, 0x60, 0x0F, 0xF7,
    0x00, 0x60, 0x50, 0x80, 0xC0, 0x8C, 0x41, 0x31, 0x4D, 0xF6, 0x70, 0x0F, 0xC0, 0xC9, 0x82, 0x3D,
    0xC0, 0x8C, 0x41, 0x31, 0xA5, 0x82, 0x3D, 0xDC, 0x03, 0x70, 0xC1, 0x3C, 0xE8, 0x8C, 0x41, 0x31,
    0xF1, 0x81, 0x3D, 0xDC, 0x03, 0x70, 0x43, 0x70, 0x13, 0x06, 0xC0, 0x29, 0xF9, 0xA0, 0x33, 0x06,
    0x45, 0x55, 0xD9, 0xC3, 0x3D, 0x00, 0x97, 0xEC, 0xC3, 0xCD, 0x18, 0x14, 0x55, 0x1A, 0xD8, 0xC3,
    0x3D, 0x00, 0x17, 0xCC, 0x82, 0x4E, 0x18, 0x00, 0x17, 0x0C, 0x3B, 0x63, 0x50, 0x54, 0x9A, 0x3D,
    0xDC, 0x03, 0x70, 0xB9, 0x90, 0x0F, 0x3A, 0x63, 0x50, 0x54, 0x70, 0x60, 0x0F, 0xF7, 0x00, 0x9C,
    0x10, 0xDC, 0x84, 0x01, 0x70, 0x01, 0x3F, 0xDC, 0x8C, 0x41, 0x71, 0xA1, 0x81, 0x3D, 0xDC, 0x03,
    0x70, 0x81, 0x2C, 0xE8, 0x84, 0x01, 0x70, 0x83, 0x2E, 0xE8, 0x8C, 0x41, 0x71, 0xDD, 0x81, 0x3D,
    0xDC, 0x03, 0x70, 0x51, 0x48, 0xDC, 0x8C, 0x41, 0x71, 0xAD, 0x82, 0x3D, 0xDC, 0x03, 0x70, 0x01,
    0x3F, 0xE8, 0x84, 0x01, 0x70, 0x4C, 0x00, 0x33, 0x06, 0xC5, 0x65, 0xD9, 0xC3, 0x3D, 0x00, 0x17,
    0x10, 0x30, 0x63, 0x50, 0x5C, 0x6E, 0x60, 0x0F, 0xF7, 0x00, 0x5C, 0x60, 0xC0, 0x8C, 0x41, 0x71,
    0xF9, 0x81, 0x3D, 0xDC, 0x03, 0x70, 0x41, 0x49, 0xDC, 0x8C, 0x41, 0x91, 0x75, 0xF6, 0x70, 0x0F,
    0xC0, 0x05, 0xBF, 0xA0, 0x13, 0x06, 0xC0, 0x61, 0x29, 0x71, 0x33, 0x06, 0x85, 0x66, 0xD9, 0xC3,
    0x3D, 0x00, 0x17, 0xEC, 0x82, 0x4E, 0x18, 0x00, 0x57, 0xB0, 0xC4, 0xCD, 0x18, 0x14, 0x1B, 0x67,
    0x0F, 0xF7, 0x00, 0x5C, 0xC0, 0x0B, 0x3A, 0x61, 0x00, 0x1C, 0xE7, 0x12, 0x38, 0x63, 0x50, 0x70,
    0x98, 0x3D, 0xDC, 0x03, 0x70, 0xC1, 0x4B, 0xE8, 0x84, 0x01, 0x70, 0x60, 0xD0, 0x12, 0x38, 0x63,
    0x50, 0x70, 0x65, 0x60, 0x0F, 0xF7, 0x00, 0xA0, 0x10, 0xC0, 0xC0, 0x8C, 0x41, 0xC1, 0x79, 0xF6,
    0x70, 0x0F, 0xC0, 0x05, 0xEB, 0x70, 0x33, 0x06, 0x05, 0x17, 0x07, 0xF6, 0x70, 0x0F, 0xC0, 0x05,
    0xE1, 0xA0, 0x13, 0x06, 0xC0, 0x35, 0xE9, 0xA0, 0x33, 0x06, 0x45, 0x27, 0xD9, 0xC3, 0x3D, 0x00,
    0x27, 0x28, 0x3B, 0x63, 0x50, 0x64, 0x63, 0x60, 0x0F, 0xF7, 0x00, 0x5C, 0x20, 0xEC, 0x8C, 0x41,
    0xA1, 0x71, 0xF6, 0x70, 0x0F, 0xC0, 0x05, 0xCE, 0xCE, 0x18, 0x14, 0x9B, 0x18, 0xD8, 0xC3, 0x3D,
    0x00, 0x17, 0x2C, 0x3B, 0x63, 0x50, 0x70, 0x77, 0x60, 0x0F, 0xF7, 0x00, 0xCC, 0x12, 0x14, 0x63,
    0x08, 0xF6, 0xA0, 0x12, 0x33, 0x06, 0x85, 0x59, 0x28, 0xF8, 0x90, 0x0F, 0x00, 0x06, 0xF6, 0x20,
    0x02, 0x33, 0x06, 0x85, 0x59, 0x38, 0xF8, 0x90, 0x0F, 0xC0, 0x18, 0x02, 0x3E, 0x94, 0xC3, 0x8C,
    0x41, 0x61, 0x16, 0x1C, 0x3E, 0xE4, 0x03, 0x80, 0x81, 0x3F, 0x88, 0xC0, 0x8C, 0x41, 0x61, 0x16,
    0x60, 0x80, 0x0F, 0xF9, 0x00, 0x8C, 0x21, 0xE8, 0x03, 0x3A, 0xCC, 0x18, 0x14, 0x66, 0x81, 0x07,
    0xF8, 0x90, 0x0F, 0x00, 0x0A, 0x01, 0x08, 0xCC, 0x18, 0x14, 0x66, 0x61, 0x07, 0xF8, 0x90, 0x0F,
    0x00, 0x06, 0x22, 0x21, 0x02, 0x33, 0x06, 0x85, 0x59, 0xF4, 0x01, 0x3E, 0xE4, 0x03, 0x80, 0x81,
    0x01, 0x02, 0x33, 0x06, 0x85, 0x59, 0x64, 0xF8, 0x90, 0x0F, 0xC0, 0x2C, 0x41, 0x31, 0xD0, 0x11,
    0x90, 0x83, 0x20, 0x0D, 0x02, 0x31, 0x63, 0x50, 0x00, 0xC0, 0x3C, 0x00, 0x00, 0x06, 0x26, 0x01,
    0x02, 0x33, 0x06, 0xC5, 0x4A, 0xB4, 0xC1, 0x3C, 0x00, 0xC0, 0x06, 0x33, 0x06, 0xC5, 0x4A, 0x14,
    0xF3, 0x00, 0x00, 0x01, 0x31, 0x00, 0x02, 0x00, 0x00, 0x00, 0x5B, 0x04, 0x40, 0x1E, 0x00, 0x00,
    0x00, 0x00, 0x00, 0x00, 0x00, 0x00, 0x71, 0x20, 0x00, 0x00, 0x03, 0x00, 0x00, 0x00, 0x32, 0x0E,
    0x10, 0x22, 0x84, 0x00, 0xE1, 0x09, 0x38, 0xD0, 0xEA, 0x00, 0x00, 0x00, 0x00, 0x00, 0x65, 0x0C,
    0x00, 0x00, 0x37, 0x00, 0x00, 0x00, 0x12, 0x03, 0x94, 0xB0, 0x01, 0x00, 0x00, 0x00, 0x03, 0x00,
    0x00, 0x00, 0x6D, 0x00, 0x00, 0x00, 0x0C, 0x00, 0x00, 0x00, 0x4C, 0x00, 0x00, 0x00, 0x01, 0x00,
    0x00, 0x00, 0x58, 0x00, 0x00, 0x00, 0x00, 0x00, 0x00, 0x00, 0x58, 0x00, 0x00, 0x00, 0x05, 0x00,
    0x00, 0x00, 0xD0, 0x00, 0x00, 0x00, 0x00, 0x00, 0x00, 0x00, 0x79, 0x00, 0x00, 0x00, 0x1C, 0x00,
    0x00, 0x00, 0x00, 0x00, 0x00, 0x00, 0x0A, 0x00, 0x00, 0x00, 0x0A, 0x00, 0x00, 0x00, 0x00, 0x00,
    0x00, 0x00, 0xD0, 0x00, 0x00, 0x00, 0x00, 0x00, 0x00, 0x00, 0x00, 0x00, 0x00, 0x00, 0x05, 0x00,
    0x00, 0x00, 0x00, 0x00, 0x00, 0x00, 0x00, 0x00, 0x00, 0x00, 0x0A, 0x00, 0x00, 0x00, 0x00, 0x00,
    0x00, 0x00, 0x0A, 0x00, 0x00, 0x00, 0xFF, 0xFF, 0xFF, 0xFF, 0x00, 0x24, 0x00, 0x00, 0x0A, 0x00,
    0x00, 0x00, 0x0F, 0x00, 0x00, 0x00, 0x0A, 0x00, 0x00, 0x00, 0x0F, 0x00, 0x00, 0x00, 0xFF, 0xFF,
    0xFF, 0xFF, 0x08, 0x2C, 0x00, 0x00, 0x19, 0x00, 0x00, 0x00, 0x0D, 0x00, 0x00, 0x00, 0x19, 0x00,
    0x00, 0x00, 0x0D, 0x00, 0x00, 0x00, 0xFF, 0xFF, 0xFF, 0xFF, 0x08, 0x24, 0x00, 0x00, 0x26, 0x00,
    0x00, 0x00, 0x3B, 0x00, 0x00, 0x00, 0x26, 0x00, 0x00, 0x00, 0x3B, 0x00, 0x00, 0x00, 0xFF, 0xFF,
    0xFF, 0xFF, 0x00, 0x30, 0x00, 0x00, 0x61, 0x00, 0x00, 0x00, 0x0C, 0x00, 0x00, 0x00, 0x61, 0x00,
    0x00, 0x00, 0x0C, 0x00, 0x00, 0x00, 0xFF, 0xFF, 0xFF, 0xFF, 0x08, 0x24, 0x00, 0x00, 0x00, 0x00,
    0x00, 0x00, 0x5D, 0x0C, 0x00, 0x00, 0x29, 0x00, 0x00, 0x00, 0x12, 0x03, 0x94, 0x35, 0x01, 0x00,
    0x00, 0x00, 0x78, 0x65, 0x73, 0x6C, 0x5F, 0x65, 0x6E, 0x74, 0x72, 0x79, 0x6C, 0x6C, 0x76, 0x6D,
    0x2E, 0x66, 0x73, 0x68, 0x6C, 0x2E, 0x76, 0x34, 0x69, 0x33, 0x32, 0x61, 0x69, 0x72, 0x2E, 0x6D,
    0x69, 0x6E, 0x2E, 0x75, 0x2E, 0x69, 0x33, 0x32, 0x5F, 0x5A, 0x32, 0x39, 0x58, 0x65, 0x54, 0x65,
    0x78, 0x74, 0x75, 0x72, 0x65, 0x4C, 0x6F, 0x61, 0x64, 0x47, 0x75, 0x65, 0x73, 0x74, 0x42, 0x6C,
    0x6F, 0x63, 0x6B, 0x4F, 0x66, 0x66, 0x73, 0x65, 0x74, 0x31, 0x37, 0x58, 0x65, 0x54, 0x65, 0x78,
    0x74, 0x75, 0x72, 0x65, 0x4C, 0x6F, 0x61, 0x64, 0x49, 0x6E, 0x66, 0x6F, 0x44, 0x76, 0x33, 0x5F,
    0x6A, 0x6A, 0x6A, 0x61, 0x69, 0x72, 0x2E, 0x61, 0x6E, 0x79, 0x2E, 0x76, 0x32, 0x69, 0x31, 0x33,
    0x32, 0x30, 0x32, 0x33, 0x2E, 0x38, 0x35, 0x30, 0x2E, 0x31, 0x30, 0x61, 0x69, 0x72, 0x36, 0x34,
    0x5F, 0x76, 0x32, 0x38, 0x2D, 0x61, 0x70, 0x70, 0x6C, 0x65, 0x2D, 0x6D, 0x61, 0x63, 0x6F, 0x73,
    0x78, 0x32, 0x36, 0x2E, 0x30, 0x2E, 0x30, 0x00, 0x00, 0x00, 0x00, 0x00, 0x00, 0x00, 0x00, 0x00,
    0x00, 0x00, 0x00, 0x00, 0x00, 0x00, 0x00, 0x00, 0x00, 0x00, 0x01, 0x00, 0x00, 0x00, 0x2F, 0x70,
    0x72, 0x69, 0x76, 0x61, 0x74, 0x65, 0x2F, 0x76, 0x61, 0x72, 0x2F, 0x72, 0x75, 0x6E, 0x2F, 0x63,
    0x6F, 0x6D, 0x2E, 0x61, 0x70, 0x70, 0x6C, 0x65, 0x2E, 0x73, 0x65, 0x63, 0x75, 0x72, 0x69, 0x74,
    0x79, 0x2E, 0x63, 0x72, 0x79, 0x70, 0x74, 0x65, 0x78, 0x64, 0x2F, 0x6D, 0x6E, 0x74, 0x2F, 0x63,
    0x6F, 0x6D, 0x2E, 0x61, 0x70, 0x70, 0x6C, 0x65, 0x2E, 0x4D, 0x6F, 0x62, 0x69, 0x6C, 0x65, 0x41,
    0x73, 0x73, 0x65, 0x74, 0x2E, 0x4D, 0x65, 0x74, 0x61, 0x6C, 0x54, 0x6F, 0x6F, 0x6C, 0x63, 0x68,
    0x61, 0x69, 0x6E, 0x2D, 0x76, 0x31, 0x37, 0x2E, 0x33, 0x2E, 0x34, 0x38, 0x2E, 0x30, 0x2E, 0x6E,
    0x31, 0x71, 0x46, 0x75, 0x4F, 0x2F, 0x4D, 0x65, 0x74, 0x61, 0x6C, 0x2E, 0x78, 0x63, 0x74, 0x6F,
    0x6F, 0x6C, 0x63, 0x68, 0x61, 0x69, 0x6E, 0x2F, 0x75, 0x73, 0x72, 0x2F, 0x6D, 0x65, 0x74, 0x61,
    0x6C, 0x2F, 0x33, 0x32, 0x30, 0x32, 0x33, 0x2F, 0x62, 0x69, 0x6E, 0x2F, 0x6D, 0x65, 0x74, 0x61,
    0x6C, 0x6C, 0x69, 0x62, 0x20, 0x73, 0x72, 0x63, 0x2F, 0x78, 0x65, 0x6E, 0x69, 0x61, 0x2F, 0x67,
    0x70, 0x75, 0x2F, 0x73, 0x68, 0x61, 0x64, 0x65, 0x72, 0x73, 0x2F, 0x62, 0x79, 0x74, 0x65, 0x63,
    0x6F, 0x64, 0x65, 0x2F, 0x6D, 0x65, 0x74, 0x61, 0x6C, 0x2F, 0x74, 0x65, 0x78, 0x74, 0x75, 0x72,
    0x65, 0x5F, 0x6C, 0x6F, 0x61, 0x64, 0x5F, 0x36, 0x34, 0x62, 0x70, 0x62, 0x5F, 0x63, 0x73, 0x2E,
    0x61, 0x69, 0x72, 0x20, 0x2D, 0x6F, 0x20, 0x73, 0x72, 0x63, 0x2F, 0x78, 0x65, 0x6E, 0x69, 0x61,
    0x2F, 0x67, 0x70, 0x75, 0x2F, 0x73, 0x68, 0x61, 0x64, 0x65, 0x72, 0x73, 0x2F, 0x62, 0x79, 0x74,
    0x65, 0x63, 0x6F, 0x64, 0x65, 0x2F, 0x6D, 0x65, 0x74, 0x61, 0x6C, 0x2F, 0x74, 0x65, 0x78, 0x74,
    0x75, 0x72, 0x65, 0x5F, 0x6C, 0x6F, 0x61, 0x64, 0x5F, 0x36, 0x34, 0x62, 0x70, 0x62, 0x5F, 0x63,
    0x73, 0x2E, 0x6D, 0x65, 0x74, 0x61, 0x6C, 0x6C, 0x69, 0x62, 0x00, 0x2F, 0x55, 0x73, 0x65, 0x72,
    0x73, 0x2F, 0x77, 0x6D, 0x61, 0x72, 0x74, 0x69, 0x2F, 0x44, 0x6F, 0x63, 0x75, 0x6D, 0x65, 0x6E,
    0x74, 0x73, 0x2F, 0x78, 0x65, 0x6E, 0x69, 0x61, 0x2D, 0x6D, 0x61, 0x63, 0x2F, 0x73, 0x63, 0x72,
    0x61, 0x74, 0x63, 0x68, 0x2F, 0x77, 0x6F, 0x72, 0x6B, 0x74, 0x72, 0x65, 0x65, 0x73, 0x2F, 0x78,
    0x65, 0x6E, 0x69, 0x61, 0x2D, 0x63, 0x61, 0x6E, 0x61, 0x72, 0x79, 0x2D, 0x72, 0x65, 0x62, 0x61,
    0x73, 0x65, 0x00, 0x22, 0x50, 0x00, 0x00, 0x53, 0x41, 0x52, 0x43, 0x16, 0x50, 0x00, 0x00, 0x74,
    0x65, 0x78, 0x74, 0x75, 0x72, 0x65, 0x5F, 0x6C, 0x6F, 0x61, 0x64, 0x5F, 0x36, 0x34, 0x62, 0x70,
    0x62, 0x5F, 0x63, 0x73, 0x00, 0x42, 0x5A, 0x68, 0x39, 0x31, 0x41, 0x59, 0x26, 0x53, 0x59, 0xBB,
    0x7C, 0x3B, 0xE5, 0x00, 0x65, 0x8C, 0xFF, 0xF8, 0xFF, 0xFC, 0xEB, 0xFF, 0xFF, 0xFF, 0xFF, 0xFF,
    0xBF, 0xFF, 0xDF, 0xFE, 0xFF, 0xFF, 0xFF, 0xFF, 0x00, 0x04, 0x01, 0x02, 0x04, 0x00, 0x02, 0x81,
    0x00, 0x08, 0x60, 0x4B, 0xDE, 0xFB, 0xEF, 0xBD, 0xED, 0xDF, 0x7D, 0xF6, 0x85, 0xDF, 0x7B, 0xBC,
    0xA9, 0xEE, 0x9E, 0x8D, 0xF7, 0xCD, 0xF6, 0xAA, 0x26, 0x9B, 0xDB, 0x75, 0x82, 0x2A, 0xA5, 0xB6,
    0x2A, 0xA4, 0xAA, 0x36, 0x30, 0x3B, 0x4E, 0xDF, 0x7B, 0xCF, 0x7D, 0xEE, 0xA3, 0xBB, 0xEA, 0x3E,
    0xE9, 0x9E, 0xBE, 0x5D, 0x28, 0xBA, 0xE9, 0xCF, 0x36, 0xEC, 0x65, 0xDB, 0xC1, 0xDE, 0xF5, 0x6F,
    0x5E, 0x5D, 0xF3, 0xBB, 0xEF, 0x65, 0x6F, 0x9B, 0x3A, 0x3C, 0xDF, 0x71, 0xEB, 0xDE, 0xF4, 0x6B,
    0xA2, 0xCB, 0x29, 0xC3, 0xB8, 0x77, 0x71, 0xD3, 0x90, 0xAA, 0x19, 0x39, 0x6E, 0xC9, 0xA6, 0x86,
    0x39, 0x9A, 0x38, 0x1D, 0x75, 0xDB, 0xAC, 0xEB, 0xE0, 0x4D, 0x77, 0x4D, 0x4C, 0x46, 0x2C, 0x4B,
    0xBE, 0xF6, 0x69, 0xE2, 0xFA, 0xDE, 0x4C, 0x0D, 0xAB, 0x6C, 0xED, 0xDD, 0xDC, 0xE0, 0x3B, 0xDE,
    0xE7, 0xBD, 0xCE, 0x66, 0xBA, 0xEE, 0xBB, 0xAE, 0x6E, 0xF7, 0x9E, 0x1C, 0xF4, 0x74, 0x1B, 0x65,
    0x01, 0x5B, 0xBB, 0x9D, 0x5C, 0xED, 0xD0, 0xB5, 0x66, 0x02, 0xBA, 0xDD, 0x68, 0xAF, 0x81, 0xAD,
    0x8B, 0xA6, 0x0F, 0x59, 0xBC, 0x53, 0x89, 0x0E, 0x8A, 0xEE, 0xC7, 0x3B, 0x6F, 0x3B, 0xBB, 0xB7,
    0x7B, 0xDC, 0xEB, 0xCB, 0xB6, 0xAE, 0xEF, 0x7B, 0x7B, 0x7B, 0x50, 0x51, 0x4D, 0xEF, 0x73, 0xBC,
    0x25, 0x34, 0x41, 0x00, 0x08, 0x20, 0x03, 0x53, 0x21, 0x94, 0x53, 0xD8, 0x88, 0x9B, 0x14, 0xF2,
    0x9E, 0x84, 0xD0, 0xDA, 0x40, 0xD3, 0x40, 0x34, 0x0D, 0x32, 0x0D, 0x00, 0x00, 0x00, 0x04, 0xA6,
    0x82, 0x04, 0x21, 0x04, 0x69, 0xA0, 0x9A, 0x9E, 0x9A, 0x32, 0x53, 0x6A, 0x78, 0x26, 0x53, 0xD2,
    0x3D, 0x4F, 0x44, 0x00, 0x00, 0x00, 0x00, 0x00, 0x03, 0x6A, 0x6D, 0x41, 0xEA, 0x0D, 0x00, 0x90,
    0x51, 0x26, 0x89, 0xA6, 0x94, 0xF5, 0x1A, 0x9F, 0x8A, 0x7A, 0xA6, 0x9F, 0xAA, 0x69, 0xFA, 0x51,
    0xA3, 0x10, 0xDA, 0x80, 0xF4, 0x8D, 0xA8, 0x68, 0x69, 0xA6, 0x8D, 0x0D, 0xA4, 0x34, 0xD3, 0x41,
    0xEA, 0x34, 0x79, 0x40, 0x68, 0x1A, 0x03, 0x40, 0x04, 0x29, 0x11, 0x20, 0x9E, 0x89, 0x93, 0x49,
    0x84, 0x25, 0x37, 0xA6, 0xA4, 0xDE, 0x54, 0xF4, 0xD3, 0x28, 0xC9, 0xEA, 0x36, 0x83, 0x44, 0xD3,
    0x27, 0xA9, 0xE9, 0x34, 0x64, 0x68, 0x34, 0xD0, 0x0D, 0x34, 0x00, 0x03, 0x40, 0x7A, 0x46, 0x82,
    0x24, 0x88, 0x99, 0x32, 0x46, 0x84, 0xD1, 0xA5, 0x4F, 0xF2, 0x04, 0xC0, 0x92, 0x7B, 0x11, 0x4F,
    0x49, 0xA7, 0x8D, 0x29, 0xBD, 0x29, 0xFA, 0x29, 0xFA, 0xA7, 0xA6, 0xD1, 0x47, 0xEA, 0x9E, 0x0A,
    0x7A, 0x9E, 0x53, 0x43, 0x23, 0xD4, 0x01, 0xA0, 0x69, 0xEA, 0x1A, 0x7A, 0x80, 0x44, 0x90, 0x81,
    0x02, 0x0D, 0x04, 0xD3, 0x4D, 0x04, 0x26, 0x9B, 0x22, 0x49, 0xEC, 0xC4, 0x9A, 0x27, 0xAA, 0x34,
    0x68, 0x0F, 0x28, 0x03, 0x40, 0x0D, 0x34, 0xC0, 0x8D, 0x18, 0x8C, 0x86, 0x4C, 0x41, 0xF9, 0xFE,
    0xD9, 0xFF, 0xDB, 0xAA, 0x9B, 0x93, 0xC6, 0x87, 0xE8, 0x62, 0x1F, 0xA1, 0xC2, 0x1E, 0xA3, 0x83,
    0xB2, 0x41, 0x84, 0xD8, 0x2A, 0xE1, 0x14, 0x1F, 0xB3, 0xED, 0xF7, 0xD5, 0x7C, 0x76, 0xF8, 0xFE,
    0x4D, 0xCB, 0xA1, 0x05, 0xFE, 0x14, 0x20, 0x21, 0x4E, 0xD3, 0xEB, 0x80, 0xD9, 0x62, 0x11, 0x0F,
    0xAC, 0x85, 0x06, 0x80, 0x31, 0x53, 0xB3, 0x0D, 0x58, 0x08, 0x42, 0x06, 0xB0, 0xC1, 0x43, 0x25,
    0x52, 0x3E, 0xAD, 0x08, 0x15, 0xC6, 0x09, 0x49, 0x04, 0x0D, 0x03, 0x00, 0xEF, 0x6F, 0x7D, 0xF6,
    0xFB, 0x5C, 0x57, 0xCF, 0x3E, 0x69, 0xBF, 0xB8, 0xFF, 0xD9, 0xBF, 0x40, 0xFE, 0x6F, 0xAE, 0xEB,
    0xEF, 0x3B, 0x8F, 0x40, 0xB5, 0x95, 0xE5, 0xFF, 0x8F, 0xFB, 0xEA, 0x3D, 0xDD, 0x8B, 0xFB, 0x14,
    0x93, 0x7D, 0xFC, 0x20, 0xC1, 0x3E, 0x38, 0xEB, 0x5D, 0x51, 0x94, 0xDF, 0x9F, 0x5A, 0xAC, 0x5F,
    0x7F, 0xA7, 0xFA, 0xD2, 0x19, 0x7F, 0x6F, 0xE9, 0x34, 0xE2, 0xB8, 0x51, 0xBF, 0x1A, 0xAF, 0xB8,
    0xB4, 0x10, 0x74, 0x80, 0x48, 0x2B, 0x9C, 0xB8, 0xF3, 0x0F, 0xD2, 0x9A, 0x74, 0xEA, 0x61, 0xA3,
    0xA0, 0xBB, 0xAC, 0x03, 0x0C, 0xC9, 0xEA, 0xC0, 0xC2, 0x75, 0x88, 0x5F, 0x60, 0xB0, 0x8E, 0xC2,
    0x44, 0x39, 0x38, 0x1D, 0xE9, 0x35, 0x31, 0x21, 0xA8, 0xE9, 0x05, 0x23, 0xFB, 0x5A, 0xAE, 0x0D,
    0xE4, 0x20, 0x4C, 0xC5, 0xAA, 0xE1, 0xD7, 0x9A, 0x62, 0xAB, 0xEA, 0x92, 0x09, 0x53, 0x1F, 0xA4,
    0x9A, 0x41, 0x26, 0x01, 0x09, 0x99, 0x09, 0x18, 0xC6, 0x40, 0x90, 0xF4, 0xC5, 0xA8, 0x0C, 0x3B,
    0xB4, 0xFF, 0x9F, 0x4D, 0xBB, 0xFA, 0xDE, 0x96, 0xF1, 0xF4, 0x65, 0x6E, 0xDC, 0xCE, 0x8B, 0x57,
    0xB4, 0xF3, 0x2C, 0xAA, 0x93, 0x77, 0xBF, 0x16, 0xE3, 0x33, 0xD8, 0x8F, 0x67, 0x1B, 0xD4, 0xD2,
    0xDA, 0xC9, 0x49, 0xE3, 0x29, 0x2D, 0x35, 0x45, 0xA8, 0x5F, 0xEA, 0xEF, 0x75, 0xB6, 0x6C, 0x8A,
    0xC8, 0xAD, 0xB6, 0x1D, 0x6C, 0x71, 0xCD, 0x15, 0x72, 0x59, 0xE4, 0x4D, 0x2C, 0x91, 0x15, 0xCB,
    0x68, 0x84, 0x47, 0x61, 0x6C, 0x9E, 0xF1, 0xD8, 0x76, 0x17, 0xE9, 0xDD, 0xC1, 0x5B, 0xB0, 0xEE,
    0xFB, 0x42, 0x52, 0xD4, 0x75, 0x21, 0xDC, 0xAC, 0x4E, 0x4B, 0x1A, 0x98, 0xA3, 0xAF, 0x72, 0xE0,
    0xE6, 0x19, 0xE7, 0x46, 0x71, 0xCC, 0xC9, 0x62, 0xD6, 0xD0, 0xB9, 0x09, 0x11, 0xA9, 0xAE, 0x8D,
    0xC6, 0x38, 0x32, 0xD7, 0xF1, 0x39, 0x4A, 0x59, 0x7A, 0xDF, 0x72, 0x71, 0x90, 0xDB, 0x5A, 0x8D,
    0x54, 0x34, 0x81, 0x84, 0xC9, 0xB0, 0x7B, 0x11, 0xA9, 0xA9, 0xA9, 0x7D, 0x41, 0xAB, 0x85, 0x98,
    0x9E, 0x5A, 0xE6, 0x67, 0x90, 0xA7, 0x55, 0x63, 0xD9, 0x03, 0x16, 0xE6, 0x98, 0x81, 0x88, 0xD5,
    0x29, 0x7A, 0xBD, 0x01, 0x6D, 0xF4, 0x7F, 0xD8, 0xDC, 0x7B, 0x8B, 0x9E, 0xE4, 0xD4, 0x3D, 0x7C,
    0x37, 0x5C, 0xDD, 0x13, 0x75, 0xA2, 0x2A, 0xBC, 0x64, 0xE0, 0xEF, 0xB5, 0x4C, 0xA6, 0x9D, 0x5A,
    0x7F, 0x66, 0x7C, 0xEA, 0x11, 0x5F, 0x4F, 0x97, 0x9F, 0x99, 0x66, 0xB4, 0xC0, 0xB0, 0x61, 0x11,
    0x79, 0xF4, 0x32, 0x22, 0xCA, 0xA2, 0x62, 0xF2, 0x92, 0xB3, 0x97, 0x37, 0x6B, 0x08, 0xE0, 0xC0,
    0x75, 0xB8, 0x0C, 0xB7, 0x90, 0x65, 0xE1, 0xEE, 0xE2, 0xC4, 0x73, 0x62, 0x43, 0xAB, 0x8B, 0x87,
    0xD9, 0xAE, 0x2A, 0x97, 0x39, 0x26, 0x56, 0x16, 0x51, 0x0A, 0x16, 0xA0, 0xB6, 0xA1, 0x54, 0xDC,
    0xDA, 0xBF, 0x5C, 0x7E, 0x61, 0x83, 0x04, 0x20, 0xFB, 0x83, 0x3E, 0x0F, 0xD4, 0x14, 0xEB, 0xE9,
    0xAF, 0x37, 0xB2, 0xFB, 0x70, 0x9C, 0xBC, 0xD2, 0xF2, 0x72, 0xF4, 0x5A, 0xD5, 0x49, 0xD5, 0x37,
    0xC3, 0x9B, 0x41, 0x23, 0xBB, 0xD0, 0xF6, 0xD4, 0x79, 0xEB, 0xC5, 0xC5, 0xB1, 0x02, 0xC1, 0xDF,
    0xE8, 0x3D, 0x56, 0xF5, 0x41, 0x76, 0xCE, 0x69, 0x11, 0xE8, 0xA2, 0x4E, 0x3B, 0xA4, 0xE3, 0x4D,
    0x1B, 0xC3, 0x20, 0xE4, 0x9B, 0x72, 0xDB, 0x3D, 0x94, 0x05, 0x32, 0x7C, 0x60, 0x1D, 0x09, 0x33,
    0x7B, 0x32, 0xC2, 0xA9, 0xEA, 0xAB, 0xA6, 0x81, 0x49, 0xE7, 0x2A, 0x58, 0x8A, 0x96, 0x5D, 0xA5,
    0x50, 0x9D, 0xDD, 0x0B, 0xD3, 0x75, 0x89, 0xDD, 0x3E, 0x0D, 0xEC, 0x5B, 0x46, 0x37, 0x40, 0x24,
    0x6E, 0x21, 0x43, 0xB7, 0x28, 0xF6, 0xDC, 0x44, 0x5A, 0x87, 0xF4, 0x87, 0xBF, 0x5C, 0x72, 0xCF,
    0x57, 0x81, 0xCA, 0x54, 0xFA, 0x1F, 0x30, 0xF7, 0xBC, 0x36, 0x27, 0x57, 0x8E, 0xEB, 0xEC, 0x9F,
    0xB4, 0x58, 0xA7, 0x41, 0x09, 0xB5, 0x9E, 0x3B, 0xEF, 0x2B, 0x41, 0x26, 0x64, 0xA8, 0xA1, 0x41,
    0x34, 0xED, 0x7E, 0xAE, 0xBC, 0xF5, 0x7D, 0x6D, 0xF6, 0xAA, 0x8F, 0x63, 0xE8, 0x7D, 0x7D, 0xCD,
    0x78, 0x71, 0xCB, 0x35, 0xAB, 0x57, 0x09, 0xFD, 0xC7, 0xDA, 0xF6, 0x8F, 0xA5, 0x4D, 0xA3, 0x4F,
    0x56, 0x7C, 0x3F, 0x38, 0x58, 0x27, 0xE8, 0x7A, 0x5D, 0x5C, 0xE2, 0xDC, 0x72, 0x93, 0xC9, 0xB4,
    0x56, 0xD9, 0xAB, 0x6C, 0x5B, 0xC3, 0xE3, 0x9F, 0x1D, 0x69, 0x79, 0x75, 0xB6, 0xA4, 0xDB, 0xBB,
    0xEA, 0x43, 0x79, 0x51, 0xD4, 0x7D, 0x1E, 0x0D, 0x3F, 0x51, 0xF0, 0x1E, 0x06, 0xD9, 0x7E, 0x4F,
    0x05, 0xEB, 0xD8, 0xEB, 0x78, 0x45, 0x6C, 0xF3, 0x92, 0x9E, 0x63, 0xA1, 0x03, 0xF0, 0x00, 0x1F,
    0x8C, 0x03, 0xF4, 0xD8, 0xAC, 0x40, 0xF9, 0x50, 0x80, 0x14, 0xAA, 0x22, 0x9A, 0x2B, 0xB0, 0x79,
    0xB8, 0xAA, 0xBE, 0xEC, 0xF0, 0xD2, 0xA0, 0x98, 0xC2, 0xBD, 0xAE, 0x39, 0x04, 0x85, 0xC0, 0xC6,
    0x26, 0x18, 0xE1, 0xE5, 0x81, 0x80, 0x51, 0xF9, 0xCC, 0x9B, 0x37, 0x38, 0x43, 0x2B, 0xD4, 0x7E,
    0xEE, 0x06, 0x88, 0xA0, 0xE7, 0x1B, 0x15, 0x64, 0xA2, 0x91, 0x68, 0x8E, 0x51, 0x85, 0x99, 0x7B,
    0x2D, 0x32, 0x71, 0x1A, 0x82, 0x9A, 0x28, 0x4B, 0x07, 0x7D, 0x81, 0x04, 0xD0, 0xBC, 0x20, 0x0A,
    0x40, 0x14, 0x0B, 0x79, 0x22, 0x30, 0x09, 0xCC, 0xFD, 0xE6, 0x42, 0x8D, 0x28, 0x49, 0xB4, 0x26,
    0x95, 0xA8, 0x25, 0x08, 0x24, 0x26, 0x11, 0xA1, 0x56, 0x25, 0x54, 0x3B, 0x83, 0x9D, 0xEC, 0xC4,
    0x42, 0x95, 0xBD, 0x4C, 0x91, 0x80, 0x58, 0x80, 0xAA, 0x5A, 0x00, 0x09, 0xDF, 0x12, 0xF3, 0xCD,
    0x4E, 0xF3, 0xCB, 0x16, 0x34, 0xF5, 0xDC, 0xBC, 0xB5, 0xFC, 0xD4, 0xAF, 0x5E, 0xA5, 0x2E, 0xBB,
    0x0D, 0x74, 0xDA, 0x06, 0x87, 0x1F, 0x6C, 0xF6, 0x1C, 0xAB, 0x9A, 0xD0, 0x61, 0xE6, 0x98, 0x05,
    0x9E, 0xAD, 0x5E, 0xCF, 0xC7, 0xB6, 0x9C, 0xB7, 0x6E, 0x39, 0x5D, 0x50, 0xA0, 0xB0, 0x7A, 0x0D,
    0x87, 0x2F, 0xAA, 0x61, 0x6E, 0xDB, 0xAB, 0x6B, 0x67, 0x71, 0x0D, 0xAB, 0x62, 0x43, 0x4C, 0x8A,
    0x64, 0xE3, 0x4B, 0xCA, 0xAF, 0xE3, 0xFE, 0x7F, 0x83, 0xD5, 0x39, 0xDD, 0xB2, 0x67, 0xF7, 0x7B,
    0xBA, 0xBE, 0x6D, 0x8C, 0xEA, 0x1F, 0x19, 0xCE, 0x38, 0x77, 0x1B, 0xFD, 0x23, 0x61, 0xC8, 0x60,
    0xBC, 0xE5, 0x34, 0x9A, 0xF5, 0x63, 0x16, 0xC0, 0x0F, 0x96, 0x2D, 0x17, 0xB3, 0xD7, 0x43, 0x22,
    0xF8, 0x69, 0xE2, 0x34, 0x17, 0xBD, 0x11, 0xF3, 0xE9, 0xA6, 0xC1, 0x4B, 0x3B, 0x7A, 0xA7, 0x3C,
    0xDC, 0xDE, 0xC9, 0x23, 0x06, 0xF1, 0xF1, 0xE0, 0x6D, 0xBC, 0x71, 0x0E, 0xEE, 0xF3, 0x10, 0xE4,
    0x08, 0xE3, 0x82, 0x46, 0x43, 0x24, 0xCA, 0xDF, 0x16, 0x09, 0xD9, 0x26, 0x90, 0xD5, 0x55, 0x26,
    0x34, 0xA8, 0x77, 0x63, 0x39, 0x52, 0x6C, 0xFF, 0x17, 0xE3, 0xF5, 0xBF, 0xAB, 0x63, 0xE2, 0x56,
    0xEE, 0x6B, 0xDA, 0x37, 0x65, 0xEA, 0xA7, 0xA7, 0x8E, 0x35, 0x32, 0xC7, 0xD8, 0x53, 0x12, 0xF9,
    0xFF, 0x5E, 0x0A, 0xEB, 0x36, 0xEE, 0x3B, 0x49, 0xE3, 0x98, 0xF4, 0x8E, 0xCF, 0x16, 0x18, 0x18,
    0x0A, 0x5F, 0x0B, 0x03, 0x9B, 0xDB, 0xE7, 0xF0, 0xFB, 0x1B, 0x37, 0x5C, 0x7C, 0x9F, 0x6D, 0x83,
    0x2B, 0x0F, 0x03, 0xD8, 0xC1, 0xE1, 0xF2, 0x1F, 0x47, 0x64, 0xF3, 0xE5, 0x61, 0xEB, 0x3D, 0xB7,
    0x33, 0x9E, 0xF7, 0x8F, 0x45, 0x3D, 0x6F, 0xF0, 0x75, 0xFB, 0xD7, 0xFA, 0xFD, 0x3D, 0x38, 0xD6,
    0xE0, 0xF8, 0xE7, 0x86, 0x9E, 0x56, 0x11, 0xEE, 0xAB, 0xD5, 0x77, 0x75, 0x9D, 0x75, 0x7B, 0xDB,
    0x14, 0xCF, 0xB6, 0xA4, 0xB5, 0x92, 0x04, 0x8F, 0x6E, 0xFA, 0xD0, 0x6B, 0xB9, 0xB1, 0x97, 0xC9,
    0xD5, 0x3B, 0xB1, 0x27, 0xAD, 0xB8, 0xB6, 0x34, 0x33, 0x65, 0x7E, 0x3A, 0x9E, 0x6B, 0x89, 0x9C,
    0xB4, 0xF2, 0x7F, 0x6D, 0x30, 0xA5, 0xAA, 0x7C, 0xFE, 0x23, 0x65, 0xB8, 0xE1, 0xC2, 0xD6, 0xD7,
    0x85, 0x69, 0x4D, 0xAC, 0x38, 0x5E, 0xBE, 0x39, 0x33, 0xC7, 0xA6, 0x1B, 0x4F, 0xC2, 0xE5, 0x8A,
    0xCC, 0x30, 0x6C, 0xDE, 0x7F, 0x53, 0xA3, 0x8D, 0x96, 0x50, 0xB3, 0x17, 0xD5, 0x1D, 0x11, 0x9D,
    0xE3, 0xCE, 0xA5, 0x83, 0xC3, 0x35, 0xBE, 0x5E, 0xDE, 0xE3, 0x82, 0xE7, 0xDD, 0x48, 0xE7, 0x1B,
    0x28, 0xDC, 0x80, 0xB4, 0xF5, 0x20, 0xB9, 0x19, 0xA9, 0x26, 0x84, 0x01, 0xB3, 0xBA, 0x7C, 0xDD,
    0xA4, 0xAF, 0x2E, 0x4D, 0xD5, 0x2E, 0xD7, 0xE2, 0xDE, 0x38, 0x2E, 0x3A, 0xDC, 0x93, 0xE2, 0xC9,
    0x56, 0x99, 0x6F, 0x77, 0x53, 0x64, 0x3E, 0x2E, 0x3B, 0x65, 0x97, 0x3A, 0x94, 0x5A, 0x72, 0xD1,
    0xC8, 0x98, 0x24, 0xE0, 0xC0, 0x1C, 0xFC, 0x70, 0x5D, 0x19, 0x57, 0xF5, 0x3A, 0xAB, 0xFA, 0xA4,
    0xDB, 0x05, 0x58, 0xB1, 0x95, 0xDB, 0x10, 0x34, 0xB7, 0xD5, 0xF2, 0xAF, 0x81, 0xA8, 0xC2, 0xE3,
    0x17, 0xAE, 0x1D, 0xC5, 0x3C, 0x0B, 0x03, 0xA8, 0x43, 0xFC, 0x63, 0x70, 0x41, 0x7E, 0x79, 0xFA,
    0xE3, 0x64, 0x28, 0x31, 0x2E, 0x09, 0x24, 0x57, 0x72, 0xE9, 0x18, 0xEC, 0x4F, 0x2D, 0xB8, 0xBD,
    0xC8, 0x08, 0x41, 0xE4, 0x52, 0xAF, 0x68, 0xD2, 0xB1, 0x46, 0x93, 0x50, 0xD0, 0x0E, 0xCD, 0x7A,
    0xE1, 0x49, 0x25, 0x26, 0x3C, 0x01, 0xEA, 0x87, 0x20, 0x69, 0x46, 0x23, 0x43, 0x5F, 0xD6, 0x75,
    0xC6, 0xC3, 0x2C, 0x86, 0x4D, 0x92, 0xA7, 0x20, 0x1E, 0x12, 0x93, 0xDC, 0x25, 0x5F, 0xB1, 0x01,
    0x30, 0xA6, 0x43, 0xC0, 0x6E, 0x3D, 0x5A, 0x7D, 0x7B, 0xF0, 0xB7, 0xE3, 0x99, 0x99, 0x99, 0x99,
    0x93, 0x62, 0x30, 0xB4, 0xA5, 0x30, 0xD9, 0x82, 0x10, 0x97, 0x62, 0x96, 0x29, 0xB7, 0x1B, 0xDA,
    0x9F, 0x6C, 0x5A, 0x6E, 0xE9, 0x79, 0xB1, 0xEC, 0x3B, 0xE4, 0x45, 0xE9, 0xF4, 0xA8, 0x49, 0x24,
    0x96, 0xC3, 0x4A, 0x7E, 0xBE, 0x76, 0x72, 0x3A, 0x53, 0xC2, 0x1B, 0x84, 0x47, 0x66, 0xAD, 0x4A,
    0x0F, 0x32, 0x0F, 0x8D, 0xBE, 0xBF, 0x70, 0xC3, 0x48, 0x43, 0x69, 0x0A, 0x82, 0xBA, 0x1F, 0x25,
    0xAD, 0x72, 0xA9, 0xD1, 0x26, 0xD0, 0x85, 0x8D, 0x73, 0xB5, 0xFB, 0x7E, 0xE6, 0x08, 0x75, 0x40,
    0x77, 0x9F, 0x73, 0x7C, 0xAD, 0x41, 0x15, 0xCD, 0x8B, 0xF6, 0x87, 0xE1, 0xD8, 0x3E, 0x87, 0xD6,
    0x5B, 0xC4, 0x59, 0xCC, 0xA8, 0x45, 0x3B, 0xEE, 0x82, 0xD9, 0x40, 0x9D, 0x22, 0x79, 0xDB, 0x6A,
    0x8C, 0x3D, 0xE3, 0x37, 0x7A, 0xDB, 0xB1, 0xFD, 0xDA, 0xEB, 0x66, 0xC5, 0xAA, 0x71, 0x39, 0xF6,
    0x4A, 0xDA, 0x67, 0x6F, 0x3D, 0xEB, 0x7B, 0x99, 0xB7, 0x4D, 0x5B, 0x4A, 0xC9, 0x3E, 0xCF, 0xB1,
    0x36, 0xE9, 0x1D, 0x7E, 0xE5, 0x7D, 0x9D, 0xBE, 0x5A, 0xF3, 0xD8, 0xF9, 0xE8, 0xE2, 0xCF, 0x8C,
    0xA7, 0xDF, 0x9D, 0xA5, 0x54, 0x45, 0x35, 0x2A, 0xF0, 0x0C, 0x9E, 0x4F, 0x4D, 0xFB, 0x24, 0x55,
    0xDC, 0x57, 0x43, 0x26, 0x2B, 0xDD, 0xC4, 0x34, 0xCF, 0x6C, 0x1E, 0x98, 0x9B, 0xCC, 0x11, 0xB7,
    0x1B, 0xF8, 0x4A, 0xF0, 0xE0, 0xDB, 0x0B, 0x32, 0xF9, 0x71, 0x03, 0x33, 0xC3, 0x85, 0xB5, 0x6B,
    0x1E, 0xC3, 0xF3, 0xD3, 0x67, 0x38, 0x21, 0x4A, 0xBA, 0x19, 0xF8, 0x87, 0x82, 0x54, 0xA9, 0x8D,
    0x4A, 0x24, 0x2A, 0x1E, 0xA5, 0xD2, 0xAC, 0x63, 0x33, 0x9B, 0xF6, 0x71, 0x76, 0x27, 0x91, 0x69,
    0xD5, 0x10, 0xAE, 0xB5, 0x6D, 0x2B, 0xA9, 0xEA, 0xE2, 0x0C, 0x74, 0x7F, 0x8B, 0xE5, 0x96, 0xCE,
    0x5C, 0xFB, 0x6D, 0x18, 0x79, 0xD9, 0x90, 0x97, 0x5D, 0xCE, 0x76, 0x38, 0xE2, 0xA5, 0xBA, 0x73,
    0x2E, 0x9C, 0xDE, 0x9C, 0x37, 0xDE, 0x59, 0x85, 0x97, 0x52, 0xBB, 0x11, 0x98, 0xAE, 0x91, 0x8A,
    0xA7, 0x07, 0x1A, 0x0C, 0xD7, 0xB6, 0x0E, 0xD8, 0x94, 0xAB, 0x35, 0x4E, 0x7D, 0xD0, 0xA3, 0x7B,
    0x58, 0x6D, 0x59, 0x51, 0xD9, 0x4A, 0xE4, 0xDA, 0xEB, 0xAD, 0x5A, 0xF4, 0x58, 0x36, 0x41, 0xA3,
    0xDD, 0x33, 0xF0, 0x76, 0xB9, 0xD5, 0x38, 0x37, 0x50, 0xB0, 0x16, 0x40, 0x39, 0x32, 0x55, 0x7D,
    0x4B, 0x8D, 0x6C, 0x84, 0x57, 0x41, 0xFB, 0x8E, 0x6F, 0x81, 0xEA, 0xF1, 0xFE, 0x9C, 0x27, 0xD6,
    0x73, 0x19, 0xD1, 0xE6, 0x16, 0x2C, 0xD0, 0x14, 0xF7, 0x88, 0x6F, 0xBB, 0xF7, 0x7E, 0x9D, 0x1E,
    0x7E, 0x47, 0x4E, 0x37, 0xCF, 0x55, 0x1E, 0x81, 0x18, 0x82, 0x8A, 0xE3, 0xDE, 0xCD, 0xAD, 0xCC,
    0x40, 0xF3, 0x18, 0x88, 0xA7, 0x1E, 0x88, 0xA4, 0x13, 0x1A, 0x83, 0x44, 0x47, 0x82, 0x25, 0xCD,
    0xBE, 0x7E, 0xD6, 0x37, 0x2F, 0xCF, 0x5B, 0x68, 0x9B, 0x6F, 0xA3, 0x8F, 0x50, 0xDF, 0x88, 0x5D,
    0x8E, 0x8C, 0xB0, 0x19, 0x16, 0x25, 0xB5, 0x06, 0x20, 0x5B, 0xFD, 0x57, 0x31, 0x5B, 0xEC, 0x74,
    0x69, 0x0D, 0x6B, 0x4A, 0x3F, 0x9F, 0x9E, 0x91, 0x40, 0x36, 0xEE, 0xE3, 0x76, 0xD6, 0x74, 0xF8,
    0x31, 0x4E, 0xFE, 0x7B, 0x3B, 0x6D, 0x37, 0x69, 0xB1, 0xA2, 0xF5, 0x4E, 0x3D, 0x44, 0xFF, 0x00,
    0xF0, 0x18, 0xBB, 0xE3, 0x04, 0xBC, 0x18, 0x10, 0xF0, 0xBA, 0xE8, 0x6E, 0xBA, 0xA7, 0x9C, 0xDE,
    0xCE, 0x0D, 0x66, 0x89, 0x45, 0xAE, 0xE5, 0x79, 0xA7, 0x17, 0xAE, 0xD9, 0xC3, 0x8F, 0x1D, 0xF9,
    0xAE, 0x3B, 0xCA, 0xE9, 0xB5, 0xA3, 0x7F, 0x78, 0xE7, 0xBB, 0xCB, 0x1C, 0xF9, 0x30, 0x33, 0x6E,
    0xFE, 0x07, 0xB7, 0x2D, 0x04, 0x27, 0xD7, 0x2B, 0x7B, 0xB1, 0x95, 0x85, 0x05, 0xE4, 0xE5, 0x3C,
    0xAE, 0x7A, 0x69, 0xC7, 0x1C, 0x9A, 0x73, 0xEA, 0xEB, 0x23, 0x9B, 0x9A, 0x99, 0x20, 0xB1, 0x11,
    0xC4, 0x2D, 0x7A, 0x9B, 0xDA, 0x8C, 0x51, 0x29, 0x26, 0x7C, 0x8E, 0x80, 0xE1, 0xD0, 0x9B, 0x93,
    0x5C, 0xFA, 0x35, 0x76, 0x5D, 0x93, 0xBF, 0xF9, 0x33, 0xE5, 0xAE, 0x31, 0xC7, 0xBA, 0x6E, 0xEE,
    0x34, 0xDC, 0x96, 0xF5, 0xA9, 0x6F, 0x16, 0xD1, 0x69, 0x31, 0x62, 0x68, 0xED, 0x56, 0x7F, 0x1B,
    0x93, 0x35, 0x79, 0x6C, 0xA8, 0x91, 0xE4, 0xFB, 0x63, 0x2F, 0x4F, 0xAC, 0x65, 0xAE, 0xBA, 0x60,
    0x0D, 0x67, 0x4E, 0xC5, 0x74, 0xB3, 0x0B, 0x16, 0x6E, 0x08, 0xC8, 0x9B, 0x62, 0x58, 0xA2, 0xED,
    0xE0, 0xDF, 0x13, 0x18, 0xA6, 0x4D, 0x77, 0x7F, 0x7F, 0x45, 0x64, 0xB1, 0xA1, 0x11, 0x7F, 0x7F,
    0x03, 0xB3, 0xE8, 0xF1, 0xA6, 0xAD, 0xAD, 0xE2, 0x8B, 0x6A, 0xE4, 0xE1, 0xE0, 0xEE, 0x78, 0xD9,
    0x3D, 0x2E, 0x78, 0xAD, 0x6A, 0xD2, 0xA9, 0x18, 0xF2, 0xB6, 0xCC, 0x96, 0xBA, 0xEB, 0x3C, 0xBE,
    0xAA, 0x49, 0x09, 0x30, 0x90, 0x8B, 0x61, 0xEE, 0xBB, 0x06, 0x1A, 0x23, 0x21, 0x27, 0x23, 0x78,
    0x61, 0x9D, 0xBD, 0x83, 0x63, 0x17, 0x5E, 0xCF, 0x5C, 0x1D, 0x33, 0xBB, 0x6C, 0xDA, 0x64, 0x09,
    0x21, 0x27, 0x8A, 0xDF, 0x35, 0xC2, 0x18, 0xE3, 0x95, 0x9B, 0xDE, 0x41, 0xD6, 0xD5, 0xE4, 0xCF,
    0x1E, 0x0E, 0xDB, 0x7B, 0x30, 0xEA, 0xC9, 0xCB, 0xF7, 0x68, 0x77, 0xDB, 0x21, 0xE2, 0x0D, 0x56,
    0xFD, 0x1F, 0x15, 0x70, 0xD7, 0x3E, 0x8C, 0x30, 0xFA, 0x61, 0xEA, 0x8E, 0xDD, 0x56, 0x57, 0x73,
    0x2B, 0x38, 0x73, 0x41, 0xB1, 0x18, 0x89, 0xB4, 0x11, 0xF3, 0x9E, 0xC4, 0x3C, 0x17, 0x47, 0xCE,
    0xE8, 0x70, 0x8A, 0x69, 0x89, 0x46, 0xB8, 0x73, 0x66, 0x60, 0x17, 0xBE, 0x8A, 0x27, 0x49, 0x24,
    0xDE, 0x79, 0xBC, 0x93, 0xD2, 0xA2, 0x34, 0x91, 0xC0, 0x33, 0x1D, 0x2A, 0xE7, 0x11, 0xA4, 0x11,
    0xE6, 0xEF, 0xAB, 0x3B, 0x54, 0xDB, 0x89, 0x67, 0xF0, 0x23, 0xB5, 0x4E, 0x2B, 0xE0, 0xA2, 0xAD,
    0x9B, 0x65, 0xEE, 0x90, 0x25, 0x5C, 0xAA, 0x6F, 0xA8, 0xAB, 0x43, 0xAB, 0xC1, 0xE0, 0xF0, 0xDA,
    0xA6, 0xDD, 0xD9, 0x8C, 0xD5, 0x0E, 0xEF, 0xAF, 0x24, 0x21, 0x17, 0x77, 0x9B, 0xF2, 0xF4, 0xF7,
    0xD6, 0xDD, 0x7E, 0xAF, 0x6F, 0x66, 0xE4, 0x65, 0x1C, 0xB9, 0x46, 0x69, 0x63, 0x49, 0xDD, 0xE2,
    0xFE, 0x87, 0x6D, 0xD6, 0x93, 0x9A, 0x07, 0xB2, 0xC9, 0xA2, 0xEF, 0x34, 0x66, 0xD9, 0x5B, 0xE8,
    0x54, 0xCD, 0xDC, 0x54, 0xF4, 0xC5, 0xD8, 0xB7, 0x05, 0xA9, 0xC3, 0xC0, 0xD1, 0xBA, 0x71, 0xD7,
    0x1D, 0xFD, 0x78, 0xB7, 0x0F, 0x8F, 0x38, 0x93, 0xB8, 0x4D, 0x2F, 0x25, 0xC1, 0x47, 0x91, 0x36,
    0xC7, 0xD6, 0xE4, 0x94, 0x21, 0xBB, 0xD4, 0x36, 0x2C, 0xCE, 0x0F, 0x54, 0x30, 0xC7, 0x9F, 0xCE,
    0xEC, 0x04, 0x20, 0x09, 0xDF, 0x98, 0xBC, 0xF0, 0x6E, 0xA5, 0xFE, 0xC3, 0x3D, 0xB6, 0xDA, 0xBC,
    0x78, 0x7C, 0x44, 0x8A, 0x29, 0x3A, 0xC0, 0xA8, 0xCF, 0x4A, 0xD7, 0x50, 0x39, 0xA7, 0x4D, 0x1F,
    0xA9, 0x25, 0x66, 0xF0, 0x71, 0xA7, 0xD2, 0x8C, 0x5E, 0xF2, 0xF2, 0x49, 0x68, 0xC0, 0x6C, 0x26,
    0x05, 0x5D, 0x8F, 0xAE, 0xC1, 0xBE, 0x2B, 0x8D, 0xE6, 0x13, 0x75, 0x1B, 0x8C, 0xB6, 0xE7, 0x30,
    0xBE, 0xBF, 0x65, 0x81, 0x8A, 0xA2, 0xB6, 0xE0, 0x5E, 0xB9, 0x76, 0x3B, 0x0F, 0x3A, 0xE2, 0x18,
    0x0D, 0xD5, 0x0C, 0x1C, 0x4D, 0x68, 0x73, 0xE4, 0xB7, 0x70, 0x90, 0x72, 0x0D, 0xC5, 0xAD, 0x01,
    0x24, 0x54, 0x58, 0x2E, 0x9C, 0x9F, 0x5E, 0x68, 0xBA, 0xAF, 0x83, 0xAF, 0x0A, 0xA1, 0x1C, 0x1F,
    0xBF, 0xD3, 0x65, 0xB5, 0xCE, 0xCF, 0x15, 0xA3, 0x36, 0xD8, 0xEF, 0x82, 0x59, 0x22, 0xDE, 0xD9,
    0xC7, 0xF5, 0xBF, 0x5D, 0xF2, 0x4B, 0x57, 0x56, 0x76, 0x74, 0x2E, 0x61, 0xCA, 0x69, 0x53, 0xAF,
    0x37, 0x1A, 0x9C, 0x48, 0xA4, 0x4A, 0xD5, 0x7D, 0x97, 0x73, 0xA2, 0xBE, 0xC3, 0x72, 0xB8, 0x97,
    0xD4, 0x3B, 0x5F, 0xDB, 0xDB, 0xEB, 0xD4, 0x2E, 0x4E, 0x7C, 0x4C, 0x78, 0xB6, 0x2A, 0xE6, 0xD1,
    0x4E, 0x3D, 0x79, 0x96, 0x33, 0xC9, 0xC5, 0xBD, 0x7F, 0x96, 0x13, 0xAD, 0xEE, 0x9A, 0x6D, 0x1C,
    0x28, 0x6F, 0x1A, 0x3C, 0x3C, 0x93, 0x2C, 0x91, 0x1C, 0xA1, 0xE3, 0x33, 0x53, 0xE5, 0xEF, 0xEF,
    0xB8, 0xDB, 0xDF, 0xBA, 0x23, 0x7F, 0x2E, 0xF5, 0x97, 0x8C, 0x48, 0x2A, 0xB5, 0xF8, 0xC6, 0xD7,
    0xBB, 0x5B, 0x30, 0x2C, 0x6A, 0x81, 0x58, 0xB9, 0x7B, 0xDE, 0xAC, 0x55, 0x58, 0xBD, 0xB0, 0xA1,
    0xD5, 0x61, 0xD1, 0xD4, 0x2C, 0x3F, 0x27, 0xCE, 0x6F, 0x6E, 0xAA, 0x1B, 0x3A, 0x77, 0xBE, 0xDD,
    0xF7, 0x7E, 0x07, 0x97, 0x18, 0xBE, 0xF0, 0xBA, 0x3E, 0xC4, 0x6F, 0x7E, 0x95, 0x39, 0x9B, 0x61,
    0xA2, 0xD5, 0xD2, 0xAD, 0xC2, 0x95, 0xF6, 0xAD, 0x2F, 0xA0, 0xFD, 0x13, 0xF1, 0x3E, 0x86, 0xB6,
    0xB8, 0xE7, 0xB1, 0xAE, 0x1D, 0x32, 0x48, 0xDA, 0xBB, 0x3D, 0x90, 0xD9, 0x28, 0x1F, 0x92, 0x85,
    0x1B, 0xDD, 0xC8, 0x48, 0xAA, 0xB9, 0x46, 0x82, 0xC2, 0x9A, 0x62, 0x1E, 0x79, 0x6E, 0x62, 0x55,
    0x3A, 0x30, 0x37, 0x2D, 0xEB, 0x38, 0xC8, 0xB1, 0xB1, 0xDD, 0x89, 0x74, 0xAC, 0xF0, 0x1D, 0x98,
    0x40, 0x99, 0x02, 0x61, 0x03, 0x5C, 0x74, 0x0E, 0x01, 0x94, 0x30, 0x48, 0xA1, 0xD5, 0xE1, 0xAE,
    0xB7, 0x6D, 0x98, 0xDA, 0x31, 0xBF, 0x7D, 0xD4, 0x67, 0xC1, 0xEE, 0xBF, 0xCE, 0x0E, 0xF6, 0xEF,
    0xA9, 0x13, 0xF3, 0xD0, 0xE3, 0xA7, 0x0A, 0x4B, 0x13, 0x54, 0x93, 0x6F, 0x95, 0x7B, 0x2B, 0x3B,
    0xB3, 0xDF, 0x5B, 0xEF, 0x67, 0x89, 0xAA, 0x07, 0x06, 0xD8, 0x76, 0x99, 0xBA, 0x96, 0xD4, 0x5F,
    0x09, 0x3B, 0xE1, 0xEB, 0x9E, 0x5D, 0x07, 0x31, 0x29, 0xE0, 0xF8, 0x2F, 0xF2, 0xE4, 0x4B, 0x49,
    0x61, 0x7B, 0xEA, 0xA2, 0x2D, 0xBE, 0x25, 0x4A, 0x61, 0x4A, 0xC7, 0xAE, 0x90, 0xB7, 0x75, 0xB9,
    0x60, 0x7C, 0x15, 0x7D, 0x32, 0x41, 0x1A, 0x5B, 0x19, 0xB9, 0x16, 0x4E, 0xB5, 0xE1, 0x18, 0xE0,
    0xF1, 0x04, 0xD9, 0x51, 0x55, 0x55, 0x79, 0xC7, 0xD3, 0xED, 0x7B, 0x76, 0x73, 0x64, 0xDC, 0xB0,
    0x6E, 0x1C, 0xA3, 0x4E, 0x79, 0xB0, 0xF5, 0x84, 0x85, 0xE1, 0x9B, 0x4D, 0xC4, 0x37, 0x52, 0x61,
    0x77, 0x3B, 0x21, 0xDD, 0xB1, 0xD5, 0xA2, 0x68, 0xA3, 0x62, 0x1F, 0x84, 0xE8, 0xBB, 0xBC, 0x23,
    0x2C, 0x9C, 0xCC, 0xCC, 0xCE, 0x9A, 0xC6, 0xB9, 0x8C, 0x9A, 0x69, 0xE4, 0xCC, 0x7E, 0xCE, 0x63,
    0x4F, 0x33, 0x4B, 0x90, 0xFD, 0x83, 0xC0, 0xEE, 0x23, 0x7B, 0xE2, 0x32, 0xC8, 0xD6, 0xFE, 0x88,
    0xD0, 0xF1, 0x18, 0x72, 0x73, 0xBD, 0xB4, 0xEC, 0x98, 0x79, 0x3C, 0x9E, 0x4D, 0x34, 0xD3, 0x61,
    0xB3, 0x66, 0xCD, 0x34, 0xD3, 0x8C, 0x0E, 0xF5, 0xD8, 0xA2, 0x92, 0xA8, 0x9C, 0x0D, 0x2E, 0x91,
    0x30, 0x60, 0xC1, 0x83, 0xBA, 0xA8, 0xA2, 0x8A, 0x3A, 0x88, 0x44, 0x22, 0x35, 0x61, 0x21, 0x21,
    0x21, 0x21, 0x21, 0x20, 0x90, 0x90, 0x90, 0x24, 0x24, 0x03, 0x7B, 0xC9, 0x93, 0x62, 0x60, 0x68,
    0x67, 0x9D, 0xB0, 0x56, 0xE6, 0x6B, 0xA5, 0x8B, 0x14, 0xE3, 0x8E, 0xF5, 0x2A, 0x54, 0xA8, 0xEE,
    0xFF, 0x1C, 0xD8, 0x2C, 0x4A, 0xE7, 0x19, 0x2A, 0x89, 0x9F, 0x8F, 0xB9, 0xD6, 0xA7, 0xBA, 0x6D,
    0x9A, 0x33, 0x4F, 0x63, 0xAF, 0x4D, 0x19, 0x39, 0x06, 0xBC, 0x3C, 0x3C, 0x36, 0x9D, 0xF0, 0x9C,
    0xCF, 0xD3, 0x21, 0xD9, 0x25, 0x25, 0x25, 0x25, 0x27, 0xA4, 0x3E, 0x66, 0xB0, 0xCC, 0xC0, 0xCA,
    0xA5, 0x7E, 0x83, 0xDF, 0x7A, 0x01, 0xEC, 0xD1, 0x9B, 0xD5, 0xC5, 0x5A, 0x7B, 0x30, 0x5F, 0x65,
    0x90, 0xAB, 0x90, 0x5A, 0x42, 0xB9, 0x1C, 0x8E, 0x47, 0x23, 0x86, 0x01, 0xE1, 0x09, 0x1C, 0xCC,
    0xA1, 0x94, 0x32, 0xBD, 0xCC, 0xC4, 0xB6, 0x20, 0xA6, 0x86, 0x49, 0x24, 0x90, 0xA5, 0x29, 0x4B,
    0x6D, 0xB6, 0xC9, 0x29, 0x6D, 0x91, 0xB9, 0x4B, 0x5A, 0xD2, 0x80, 0x8B, 0x4B, 0x65, 0xA2, 0x8A,
    0x39, 0xDB, 0xA1, 0xA8, 0x26, 0xFD, 0x8E, 0x50, 0xD2, 0xA9, 0xDF, 0xB7, 0x15, 0x79, 0xF6, 0x20,
    0xA7, 0x15, 0x24, 0xC5, 0x55, 0x76, 0x13, 0x1F, 0x3E, 0x64, 0x3F, 0xCB, 0x81, 0x36, 0xCA, 0xF4,
    0xF5, 0x34, 0x15, 0x4B, 0xC4, 0xD7, 0xA3, 0x99, 0x3D, 0xB2, 0xE8, 0xAF, 0xC6, 0x30, 0x5D, 0x3F,
    0x22, 0x87, 0x82, 0xDE, 0x70, 0x89, 0x02, 0x10, 0xC2, 0x14, 0xA8, 0x34, 0x28, 0xD2, 0x35, 0x12,
    0x87, 0xF5, 0x2A, 0x00, 0x28, 0x28, 0x28, 0x29, 0x28, 0x5C, 0x80, 0x49, 0x12, 0x08, 0x02, 0x09,
    0x50, 0x96, 0x11, 0x84, 0x84, 0x20, 0x84, 0x49, 0x64, 0x6F, 0xF5, 0x02, 0x4B, 0xFE, 0xDF, 0xB5,
    0x82, 0xBE, 0x01, 0xDA, 0x52, 0x7F, 0xB5, 0x80, 0x7B, 0x4B, 0x5D, 0x81, 0xE2, 0x3C, 0x43, 0xB2,
    0xCC, 0xE6, 0xD7, 0xA4, 0xEF, 0xD0, 0xCD, 0x9A, 0x3E, 0xB7, 0x63, 0x60, 0x21, 0xF7, 0x46, 0x7A,
    0x6C, 0x68, 0x19, 0xCC, 0xA4, 0x76, 0x18, 0xB1, 0x56, 0xBD, 0x8A, 0x01, 0x00, 0x3D, 0x6D, 0xC7,
    0x0E, 0xBE, 0xBE, 0x15, 0x11, 0x0E, 0x42, 0x88, 0xB6, 0xA6, 0xAA, 0x61, 0xE9, 0xDD, 0xE2, 0xD2,
    0xE2, 0xF3, 0x74, 0x35, 0xD4, 0x52, 0x13, 0x35, 0x38, 0xF8, 0x68, 0xF3, 0x47, 0xD1, 0x53, 0x9D,
    0xD4, 0xC8, 0x60, 0x8D, 0xC1, 0xAD, 0xED, 0x4C, 0x4C, 0x67, 0x1E, 0x1B, 0x41, 0xD5, 0x9D, 0x06,
    0x68, 0x68, 0x49, 0x2D, 0xB6, 0xDB, 0x10, 0x44, 0x43, 0x85, 0xA2, 0x26, 0xCD, 0x49, 0x72, 0x64,
    0xD9, 0x3B, 0x07, 0x6E, 0x6D, 0x23, 0xA1, 0xA8, 0x59, 0xF7, 0xA4, 0xFC, 0x31, 0xC5, 0xB6, 0xDB,
    0x57, 0xBF, 0x33, 0x31, 0x90, 0x94, 0xD4, 0xC9, 0x21, 0x0D, 0xCF, 0x9C, 0x09, 0x7C, 0x02, 0x37,
    0x66, 0xBB, 0x2B, 0x30, 0x53, 0x01, 0xC3, 0x70, 0x35, 0xC3, 0x3B, 0x6D, 0x9F, 0xB0, 0x94, 0xCC,
    0xCC, 0xCC, 0xCF, 0xF8, 0xB5, 0xC2, 0x66, 0x73, 0xE2, 0x5C, 0x31, 0xBA, 0x6F, 0xD3, 0x81, 0xD0,
    0x09, 0x20, 0x81, 0x9A, 0xA0, 0x26, 0x62, 0xAA, 0x13, 0x64, 0x18, 0x7C, 0x57, 0xE7, 0x0F, 0xA4,
    0xC1, 0xD1, 0x51, 0x15, 0x07, 0xB8, 0x03, 0x69, 0x37, 0x33, 0xF6, 0xB1, 0x3E, 0x65, 0x6E, 0x44,
    0xFD, 0x40, 0x30, 0x1B, 0xA8, 0xD9, 0xD5, 0x8E, 0xCA, 0x79, 0xA1, 0x27, 0x44, 0xCF, 0x5A, 0x3B,
    0xBC, 0xF6, 0xA1, 0x3C, 0xF6, 0xE1, 0xBE, 0xFB, 0xDB, 0x1F, 0xB5, 0x6F, 0xE9, 0xEA, 0x5B, 0x75,
    0x9F, 0x79, 0x75, 0xF0, 0x07, 0x63, 0x19, 0x98, 0x0D, 0xD6, 0x12, 0x09, 0x9A, 0x88, 0x63, 0xFA,
    0x4E, 0x73, 0xA0, 0x40, 0x84, 0x4E, 0xC3, 0x5E, 0x05, 0x96, 0xD5, 0xD8, 0xB8, 0x99, 0x52, 0x02,
    0x37, 0x8E, 0x0F, 0x0E, 0x0F, 0xE0, 0xB5, 0x83, 0x89, 0xDA, 0x25, 0x89, 0x91, 0x22, 0x49, 0x12,
    0x79, 0x97, 0x24, 0x91, 0x2F, 0x93, 0xEC, 0xA3, 0xAE, 0x8A, 0xA4, 0x22, 0xE7, 0x73, 0xF7, 0x64,
    0xB1, 0x69, 0x42, 0x29, 0x55, 0x1F, 0x3E, 0x2E, 0x5E, 0xC8, 0x4D, 0x7B, 0xDC, 0xE9, 0xBA, 0x5E,
    0x0E, 0xC6, 0xD1, 0xA1, 0xCF, 0x11, 0x99, 0xCE, 0xD1, 0x65, 0x0B, 0x57, 0x36, 0xAD, 0x5C, 0xDA,
    0xB5, 0x17, 0xBB, 0x9A, 0xDE, 0x65, 0x55, 0x55, 0x55, 0x55, 0x7A, 0xB4, 0x6F, 0x7B, 0xDE, 0xC9,
    0x99, 0x99, 0x26, 0x64, 0x99, 0x8F, 0x28, 0x60, 0x30, 0x19, 0x0E, 0xDF, 0x91, 0x28, 0xF0, 0x03,
    0x7C, 0x55, 0xE0, 0x77, 0x41, 0xD0, 0x43, 0x52, 0x17, 0x28, 0x4E, 0xDD, 0x13, 0xF5, 0xE8, 0x97,
    0xA3, 0xA6, 0x47, 0xD0, 0xC6, 0x49, 0x07, 0x9F, 0x9C, 0x2F, 0x8D, 0xED, 0x3B, 0x70, 0x2A, 0x61,
    0xE5, 0xD0, 0x28, 0x92, 0x49, 0xBB, 0xAF, 0xFE, 0xA7, 0x63, 0x9B, 0x7F, 0x0D, 0x55, 0x6E, 0xD2,
    0x6A, 0x1A, 0x31, 0xD1, 0x1E, 0x89, 0x38, 0x48, 0x4B, 0x9D, 0xB3, 0xD3, 0x92, 0x4E, 0xE7, 0x83,
    0x0D, 0xC0, 0x37, 0x4D, 0x15, 0xC4, 0x9F, 0x0D, 0xF3, 0x13, 0x3F, 0xAF, 0xA8, 0xE7, 0x1F, 0xB7,
    0x97, 0xEE, 0x26, 0xAF, 0xEE, 0x1D, 0xF3, 0xDB, 0x2B, 0xAE, 0xDC, 0xF9, 0x0C, 0xAD, 0xC8, 0xA6,
    0x66, 0xD7, 0x64, 0x66, 0x9E, 0x8F, 0xF7, 0xF8, 0x6F, 0x0D, 0xDF, 0xA5, 0x66, 0x0D, 0x6C, 0xB2,
    0x2D, 0xBB, 0x00, 0x23, 0xD5, 0x93, 0xCD, 0x19, 0x8F, 0x84, 0x90, 0x79, 0x25, 0xC4, 0x3B, 0xB1,
    0x7E, 0xB7, 0x61, 0x3C, 0x9D, 0x42, 0x4D, 0x5E, 0x49, 0x57, 0xA1, 0x0A, 0xF7, 0xA7, 0x01, 0xDE,
    0x84, 0x8A, 0x14, 0xB5, 0x35, 0x22, 0x63, 0xC5, 0x0C, 0x77, 0xDF, 0x51, 0x0A, 0x53, 0x12, 0x3B,
    0x98, 0x79, 0x0B, 0xC8, 0xCC, 0xCC, 0x5B, 0x6C, 0xEF, 0xDC, 0x6A, 0x1A, 0x9E, 0x9E, 0xD1, 0x3F,
    0x3B, 0x16, 0xE4, 0xCF, 0xD2, 0x48, 0x66, 0xF6, 0x92, 0x69, 0x6F, 0x4E, 0x53, 0x12, 0xF4, 0xFD,
    0x0A, 0x38, 0x0D, 0xE9, 0xA3, 0x8D, 0x04, 0x88, 0x47, 0x27, 0xF6, 0x95, 0x2A, 0x9A, 0x67, 0xDD,
    0xB5, 0x0A, 0x9D, 0xDF, 0xBD, 0x76, 0x47, 0x75, 0x0F, 0xC7, 0x27, 0xBF, 0x7C, 0x93, 0x2F, 0xE6,
    0xB4, 0x4E, 0xB9, 0x4F, 0x89, 0x17, 0xDC, 0xE4, 0xDC, 0x8F, 0x41, 0x0B, 0xA1, 0x15, 0x90, 0x30,
    0x2D, 0x96, 0x44, 0xDD, 0x63, 0x8E, 0x32, 0x10, 0xC8, 0x4C, 0xD5, 0x13, 0x5D, 0x46, 0x24, 0x16,
    0xC4, 0xEC, 0xC6, 0xA5, 0x33, 0xE5, 0x84, 0x59, 0xBC, 0x98, 0x5B, 0x9F, 0x05, 0xA7, 0xC7, 0x76,
    0xD1, 0xD2, 0xFF, 0x95, 0x9C, 0x00, 0xDF, 0x9D, 0xCD, 0xBA, 0x10, 0x40, 0xDA, 0xE0, 0xFB, 0x2D,
    0xD3, 0x7F, 0x47, 0x61, 0x5E, 0x7B, 0x38, 0xF9, 0x6B, 0x10, 0xF3, 0x2D, 0x6B, 0xCB, 0x92, 0x61,
    0x0C, 0x83, 0x82, 0x24, 0x23, 0x50, 0x50, 0x13, 0x54, 0xC5, 0x13, 0x54, 0xC5, 0x13, 0x54, 0xC5,
    0x14, 0x42, 0x15, 0x56, 0xEB, 0x65, 0x3A, 0xC4, 0x89, 0x33, 0x1B, 0x37, 0x2A, 0x34, 0x30, 0x48,
    0x33, 0x40, 0x73, 0x72, 0x17, 0x7F, 0xF2, 0x8D, 0xFD, 0x03, 0x71, 0x1A, 0x07, 0xDD, 0x8A, 0x3B,
    0xF6, 0x92, 0x86, 0xDF, 0xB8, 0x34, 0x21, 0x80, 0x21, 0xFA, 0x68, 0x78, 0xBB, 0x5C, 0xD8, 0x08,
    0x5F, 0xBA, 0xC5, 0x06, 0xFB, 0x9F, 0x08, 0xE3, 0x26, 0x41, 0xCC, 0x74, 0xB6, 0x5D, 0x29, 0xBA,
    0x63, 0x41, 0x75, 0x2C, 0xBA, 0x9F, 0x82, 0xEC, 0xF9, 0x9E, 0xFB, 0x6D, 0x95, 0x98, 0x33, 0x11,
    0xF7, 0x31, 0x3B, 0xFD, 0x32, 0xCC, 0xF7, 0x9F, 0xB9, 0x93, 0x72, 0x6C, 0x41, 0x34, 0xC6, 0xA7,
    0x70, 0xF4, 0x1C, 0xCA, 0x21, 0xA0, 0xC5, 0x16, 0x6B, 0x29, 0x2A, 0xC5, 0x30, 0xF7, 0xEF, 0xB1,
    0x8B, 0xB4, 0xB5, 0x37, 0x5B, 0x23, 0x4C, 0x8A, 0x1A, 0x5D, 0xC7, 0xCD, 0xE6, 0x3A, 0xEE, 0xEE,
    0x3B, 0xC2, 0xF6, 0xAA, 0xCA, 0xDC, 0x47, 0x11, 0xD8, 0x60, 0xD1, 0x01, 0xCB, 0x53, 0xF1, 0xB9,
    0x4D, 0xC4, 0xB4, 0x6D, 0x0D, 0x0D, 0xF0, 0x56, 0xD6, 0xEC, 0x86, 0xA8, 0xD9, 0x2E, 0x5E, 0xBE,
    0x29, 0xAF, 0x76, 0x61, 0x9C, 0x6E, 0x60, 0xF4, 0xA1, 0xCD, 0xE9, 0x4D, 0x9A, 0x6C, 0x50, 0x50,
    0x37, 0x18, 0x3D, 0x45, 0x8D, 0xF8, 0x47, 0x94, 0x84, 0xB1, 0x5C, 0xA0, 0x75, 0x18, 0xAB, 0x09,
    0x81, 0x4F, 0xCF, 0x00, 0x35, 0x60, 0x06, 0x7B, 0xF8, 0x7B, 0x31, 0x74, 0xD7, 0x5E, 0x7A, 0x28,
    0x95, 0x24, 0x92, 0x20, 0x12, 0x00, 0xD7, 0x2A, 0x60, 0xD2, 0x66, 0x61, 0x51, 0x82, 0xC8, 0x92,
    0x42, 0x5F, 0x69, 0xF5, 0x12, 0xC3, 0x16, 0xBA, 0x96, 0xA7, 0xDF, 0x57, 0x7C, 0x94, 0xC9, 0xB0,
    0xB4, 0x64, 0x57, 0x63, 0xC7, 0x0B, 0xE3, 0x63, 0x91, 0xD6, 0x5F, 0x2D, 0xBF, 0x10, 0x19, 0x3D,
    0x04, 0xB3, 0x21, 0xEE, 0x92, 0x58, 0x85, 0x3A, 0x71, 0x78, 0xB7, 0x5C, 0x13, 0x4C, 0x11, 0xC3,
    0xCD, 0xD7, 0x01, 0x4F, 0x1C, 0x3C, 0x5D, 0xDA, 0xBC, 0xFA, 0x48, 0x09, 0xBF, 0x6E, 0x9B, 0xBD,
    0x6F, 0x87, 0x83, 0xCD, 0x09, 0x77, 0xA4, 0x8E, 0xF7, 0xCA, 0xFE, 0x5B, 0x99, 0x9D, 0x8E, 0xAE,
    0x38, 0x76, 0xE8, 0x63, 0x9F, 0xEE, 0xCA, 0xCF, 0xA6, 0xDB, 0xE9, 0x57, 0x6B, 0x3A, 0x98, 0x57,
    0x43, 0xCA, 0xCF, 0x09, 0xB9, 0x3A, 0x72, 0xB2, 0x0E, 0x0F, 0x84, 0xEF, 0xBE, 0xCD, 0x3B, 0x71,
    0x97, 0x14, 0x6C, 0xCD, 0x91, 0x7A, 0xC6, 0xD6, 0xBE, 0x13, 0xC0, 0xFD, 0xB8, 0x70, 0xEE, 0x9F,
    0x63, 0x32, 0x32, 0xCA, 0xE0, 0xC2, 0x58, 0x63, 0xF6, 0xF6, 0xF9, 0x70, 0x18, 0xB3, 0x73, 0x1D,
    0xFA, 0xE9, 0xB1, 0xB3, 0x72, 0x2A, 0xB0, 0x82, 0x0D, 0xA0, 0x92, 0x52, 0xF0, 0x46, 0x39, 0xE0,
    0xD0, 0x32, 0x64, 0xDB, 0xAF, 0x37, 0x77, 0x97, 0x57, 0xAD, 0x2C, 0xBB, 0xEE, 0xDF, 0x5F, 0xA4,
    0xC9, 0x64, 0x95, 0x8E, 0xD7, 0xC4, 0xBF, 0x3B, 0x2E, 0xEB, 0x8C, 0x4D, 0xA7, 0x11, 0x84, 0x4D,
    0x5E, 0x1E, 0x1C, 0xD2, 0x32, 0xA9, 0x24, 0xAA, 0xEA, 0xB9, 0xD6, 0x53, 0x48, 0x9A, 0xC2, 0xB8,
    0x87, 0x71, 0x9C, 0x6B, 0x59, 0xD2, 0x34, 0x6B, 0x4A, 0xCE, 0x44, 0x52, 0xE8, 0xBA, 0x75, 0xAF,
    0xE5, 0x9E, 0xE3, 0xF6, 0xC3, 0x46, 0x6F, 0x5B, 0x25, 0xB9, 0x7A, 0x3E, 0xB7, 0x8E, 0x8C, 0xC6,
    0x17, 0xBF, 0x41, 0x99, 0x1E, 0x93, 0xC6, 0x9E, 0xDA, 0x3B, 0x9C, 0xC2, 0x00, 0xEF, 0xCC, 0x7F,
    0xCF, 0x76, 0xE1, 0x3C, 0xFA, 0x59, 0x9D, 0xB9, 0x79, 0xB2, 0xBF, 0x82, 0x71, 0xA2, 0x4A, 0x44,
    0x1E, 0x55, 0xE6, 0xB9, 0x66, 0x86, 0x07, 0x23, 0x87, 0xC7, 0x92, 0x22, 0x49, 0x98, 0x57, 0x30,
    0x35, 0xD3, 0x40, 0x87, 0x42, 0xCA, 0xB5, 0xA3, 0x34, 0xEC, 0x7E, 0xB1, 0xF8, 0x21, 0xEC, 0x81,
    0x16, 0x24, 0x06, 0x95, 0xA5, 0x50, 0xA0, 0x42, 0x09, 0x48, 0xA2, 0x04, 0x28, 0x1F, 0xFD, 0xFE,
    0x3B, 0xF1, 0xE6, 0x7C, 0xC7, 0xED, 0x28, 0x1C, 0xC9, 0x22, 0x30, 0x84, 0xC4, 0x4D, 0x44, 0x95,
    0x14, 0x04, 0xD1, 0x49, 0x24, 0x55, 0x43, 0x15, 0x54, 0xCD, 0x2C, 0x9F, 0x6C, 0xB2, 0x2A, 0x80,
    0xBF, 0x01, 0x98, 0x34, 0x5A, 0xC4, 0x0C, 0xAB, 0x31, 0x57, 0x21, 0xA1, 0x70, 0x92, 0x80, 0xB3,
    0x11, 0xA0, 0xA4, 0x4F, 0xDD, 0xFC, 0x8F, 0x67, 0xBF, 0x8F, 0x0F, 0x3F, 0x9B, 0xEA, 0x17, 0x3F,
    0xD3, 0xA6, 0xA9, 0x59, 0xEE, 0xC4, 0x6F, 0xFB, 0xC2, 0xCC, 0x39, 0x56, 0x0E, 0x8E, 0x9E, 0xB8,
    0xCF, 0x9F, 0xDF, 0x60, 0xEE, 0xA6, 0x9D, 0x67, 0x66, 0x71, 0xF0, 0x33, 0x7B, 0x18, 0x38, 0xB5,
    0x06, 0xD5, 0x38, 0x4D, 0x39, 0xCD, 0x30, 0xC1, 0x3C, 0x4B, 0x14, 0xCC, 0x48, 0xF6, 0xBB, 0x88,
    0x72, 0xA1, 0x15, 0x1C, 0x8F, 0x0F, 0x53, 0xF5, 0xBC, 0x03, 0x89, 0x83, 0x07, 0x9E, 0xC6, 0xF7,
    0xFF, 0x1F, 0x9B, 0x26, 0x04, 0x0F, 0x0F, 0xCB, 0x53, 0x4F, 0x43, 0xE8, 0xEE, 0xB9, 0x9B, 0xB6,
    0x33, 0xF2, 0x43, 0xA1, 0x51, 0xE3, 0x05, 0x1A, 0x53, 0xE5, 0x42, 0x20, 0xE2, 0x84, 0x3D, 0x13,
    0xB5, 0x3B, 0xBF, 0x77, 0x93, 0x24, 0x3A, 0x87, 0xBE, 0x39, 0xBC, 0x7D, 0x40, 0x28, 0x7A, 0xDD,
    0x5C, 0xD0, 0xEC, 0x83, 0xF6, 0xD8, 0x31, 0x62, 0x1C, 0xC8, 0x9F, 0xD3, 0x19, 0x1F, 0x3C, 0x0D,
    0xFA, 0x1D, 0xC7, 0x6E, 0xBF, 0x5F, 0x0C, 0xF2, 0x86, 0x6A, 0x44, 0x37, 0xA5, 0x9C, 0x0B, 0xD1,
    0x6A, 0x31, 0x14, 0x32, 0x6B, 0x4E, 0xA0, 0xE9, 0xFB, 0xBF, 0x4E, 0x74, 0xB7, 0x5F, 0x08, 0x6F,
    0x7D, 0xC7, 0x68, 0xC4, 0x13, 0xEE, 0xE8, 0xE8, 0x59, 0x4B, 0x09, 0x9E, 0xEE, 0x1F, 0x31, 0x33,
    0x0E, 0x7F, 0x4F, 0xDB, 0x61, 0xC3, 0xC4, 0x0E, 0x5A, 0x06, 0xFB, 0xD9, 0xF5, 0xED, 0xDB, 0x46,
    0x84, 0x6C, 0xB7, 0x0B, 0x82, 0x48, 0x71, 0x90, 0x3A, 0x0D, 0xB9, 0xFC, 0xEE, 0xE8, 0x5A, 0x3B,
    0xA5, 0x60, 0xE2, 0xAF, 0xCE, 0xCC, 0xFD, 0x88, 0x79, 0x3B, 0x83, 0xE3, 0xDA, 0x39, 0xAE, 0xBD,
    0x39, 0xEE, 0x3B, 0xB9, 0x74, 0x73, 0x9C, 0xDB, 0x8D, 0x91, 0x93, 0xC4, 0xA0, 0xE9, 0x87, 0x71,
    0x51, 0x64, 0x67, 0x0E, 0x2E, 0x1F, 0x25, 0x38, 0x86, 0xB5, 0x9B, 0x22, 0xC3, 0x1E, 0x27, 0xA1,
    0x17, 0x11, 0x2F, 0x06, 0x07, 0x54, 0xD0, 0xCC, 0x40, 0xA4, 0x88, 0x5C, 0xC8, 0x90, 0xA1, 0xC6,
    0x5D, 0x9E, 0xD8, 0xF8, 0x14, 0x86, 0x5D, 0x28, 0x43, 0x7D, 0x0B, 0x4E, 0xBD, 0x67, 0x1B, 0xF0,
    0xF9, 0x6F, 0x6E, 0x78, 0x13, 0x8A, 0x6E, 0xC0, 0x78, 0x74, 0x05, 0x07, 0x13, 0xE9, 0x09, 0x8A,
    0x6A, 0x32, 0xFF, 0x89, 0xA4, 0xA2, 0xC9, 0x66, 0x07, 0x3B, 0xF1, 0x7A, 0x09, 0x21, 0x4B, 0x68,
    0xE5, 0xA3, 0x96, 0x92, 0xDA, 0xED, 0xA1, 0x25, 0xBA, 0x83, 0x1A, 0x5A, 0xAC, 0xAF, 0x0E, 0x95,
    0xB3, 0x99, 0x92, 0x4E, 0x24, 0x16, 0x34, 0x6E, 0x5D, 0x9E, 0x8E, 0x9A, 0xDB, 0x6E, 0xE6, 0x98,
    0x1A, 0x8C, 0x17, 0x48, 0xC4, 0xD4, 0xAA, 0x61, 0x44, 0xD2, 0xC7, 0x78, 0x61, 0x90, 0x6A, 0x0D,
    0x91, 0x2D, 0x1F, 0x1F, 0x77, 0xA2, 0x94, 0x18, 0x0C, 0xAA, 0x2C, 0xCE, 0xD8, 0xFB, 0xC8, 0x9C,
    0xB9, 0x31, 0xA3, 0x94, 0x2A, 0xCD, 0x4F, 0xC3, 0xD1, 0xDA, 0xB7, 0x74, 0xF0, 0xB2, 0xD6, 0xFB,
    0xA5, 0x87, 0xE6, 0x04, 0x92, 0xB8, 0x77, 0x1B, 0x80, 0xDB, 0x9F, 0x4E, 0x36, 0x19, 0xC7, 0x4F,
    0x8F, 0x95, 0x2A, 0x07, 0x17, 0x51, 0xD5, 0x1B, 0x8D, 0x71, 0x61, 0xCD, 0x39, 0xAA, 0xA4, 0xC5,
    0x57, 0x72, 0x1A, 0xD1, 0xAE, 0x32, 0x26, 0x57, 0x31, 0x10, 0xC4, 0x0C, 0x44, 0x06, 0x92, 0x2C,
    0x34, 0x0A, 0xAB, 0xB4, 0xC4, 0x93, 0x52, 0x04, 0x3B, 0x1C, 0x1F, 0x80, 0x67, 0x9E, 0x57, 0x35,
    0x83, 0x13, 0xC2, 0x98, 0xF7, 0xF4, 0x7D, 0x9C, 0x40, 0xB0, 0x2D, 0x30, 0x71, 0x91, 0xD2, 0x85,
    0xE2, 0xF0, 0x92, 0x5F, 0x03, 0xE6, 0xB2, 0x42, 0xFA, 0x79, 0xA3, 0x4F, 0x56, 0xC6, 0xDA, 0xD9,
    0xB1, 0x49, 0x61, 0xCF, 0x6B, 0x59, 0x45, 0x52, 0x4A, 0x49, 0x80, 0x4C, 0x23, 0xF8, 0x2A, 0xA1,
    0x7C, 0xD6, 0xDE, 0x53, 0xD2, 0xD1, 0x8C, 0xD0, 0xF3, 0x89, 0x87, 0x39, 0xEE, 0xC2, 0x6D, 0x10,
    0x37, 0xF4, 0xE0, 0x2C, 0xF4, 0xBF, 0xDF, 0x89, 0xFB, 0xAB, 0x58, 0xDA, 0xC7, 0x13, 0x09, 0x1B,
    0x9D, 0xD4, 0xC4, 0x1E, 0x18, 0x8C, 0xCE, 0x0D, 0x24, 0xBE, 0xCE, 0xDD, 0xF2, 0x5A, 0x6B, 0x85,
    0xBF, 0xB2, 0x1C, 0x90, 0xF7, 0xA6, 0x4A, 0x31, 0xF9, 0x7A, 0xF5, 0x1F, 0x74, 0x0E, 0xC5, 0x7D,
    0x5B, 0xFE, 0x4E, 0xF3, 0x7D, 0xB7, 0x95, 0x0A, 0x81, 0xAD, 0xFF, 0x26, 0xE9, 0x2D, 0x93, 0x2D,
    0x85, 0xD5, 0x44, 0xA7, 0x79, 0x53, 0x74, 0x90, 0x84, 0x97, 0xCC, 0xE2, 0xD3, 0x8E, 0xA2, 0x93,
    0xAD, 0xEB, 0x68, 0x96, 0x1F, 0xCA, 0xCB, 0xAB, 0xC8, 0xAD, 0x7C, 0xDC, 0x91, 0x79, 0xE1, 0xC6,
    0xC2, 0x2B, 0x37, 0x7F, 0x7F, 0x68, 0xFB, 0x6F, 0x16, 0x74, 0xDB, 0xAB, 0x65, 0xCB, 0xA6, 0x25,
    0xBA, 0x3B, 0x00, 0xC7, 0x8A, 0x94, 0x56, 0x21, 0xFD, 0xE5, 0x01, 0x57, 0x72, 0xEF, 0xCE, 0x71,
    0x9A, 0x13, 0x6E, 0xD8, 0x49, 0x2C, 0xA0, 0x11, 0x8F, 0xCE, 0x37, 0x40, 0x80, 0x0E, 0x04, 0x28,
    0x57, 0xFA, 0xA0, 0x36, 0x78, 0x1D, 0xB8, 0xFB, 0x39, 0x0E, 0x35, 0x4C, 0x20, 0x73, 0xFC, 0x56,
    0xB2, 0xC9, 0x73, 0xE3, 0x88, 0x32, 0x07, 0xCA, 0x6D, 0x3E, 0x63, 0xDC, 0x21, 0x76, 0xD7, 0x85,
    0x09, 0x71, 0x8C, 0x26, 0x0C, 0x2A, 0x00, 0x75, 0xF9, 0x3B, 0x19, 0xA7, 0x2F, 0xB9, 0xFA, 0xFA,
    0x6D, 0xE1, 0x26, 0xA0, 0xD6, 0x25, 0x9C, 0xB1, 0xC3, 0xF0, 0xE2, 0x49, 0x24, 0xFA, 0x74, 0x2F,
    0x20, 0x26, 0x45, 0xE5, 0x27, 0xE7, 0x6C, 0x75, 0xF6, 0x34, 0x51, 0xD9, 0x2A, 0xAA, 0xAA, 0xAD,
    0xB0, 0x00, 0xF6, 0xDB, 0x9E, 0x61, 0x3D, 0x67, 0xFE, 0x41, 0xA4, 0x77, 0xFE, 0xA5, 0x47, 0xDD,
    0x7F, 0x74, 0x3A, 0xCD, 0xD5, 0x1B, 0x07, 0xD0, 0x7A, 0x51, 0xAD, 0x4F, 0xE7, 0x12, 0xC0, 0xF2,
    0x1D, 0xFB, 0xAF, 0x65, 0x09, 0xF8, 0xEF, 0xD5, 0xFC, 0x17, 0xD5, 0x03, 0x8C, 0xF7, 0x9E, 0x43,
    0xE8, 0x7A, 0x61, 0x88, 0xD8, 0xFD, 0x41, 0x40, 0x1B, 0x40, 0x1E, 0xA8, 0x29, 0x04, 0xDC, 0x85,
    0xA5, 0x88, 0x89, 0xD5, 0x66, 0x55, 0x45, 0x51, 0x18, 0x57, 0xCF, 0x98, 0xD6, 0xB2, 0xAA, 0xBE,
    0xE3, 0x87, 0x0F, 0xEA, 0x7B, 0x30, 0xE5, 0x39, 0x06, 0x4E, 0x00, 0xCB, 0x32, 0xC8, 0xB0, 0xB0,
    0x29, 0xC8, 0xA9, 0x80, 0xC0, 0xC1, 0xB6, 0x3F, 0x1F, 0x20, 0xE6, 0x3B, 0xC0, 0xA6, 0xBF, 0xBC,
    0xE4, 0x87, 0xCD, 0xEE, 0x4D, 0xA1, 0x27, 0x63, 0xEF, 0x0C, 0x3C, 0x90, 0x4E, 0xEF, 0x99, 0x1A,
    0x2C, 0xF3, 0xEE, 0x0E, 0x24, 0x88, 0x26, 0x09, 0xB3, 0xAD, 0xA2, 0x1D, 0xB8, 0x0A, 0x70, 0x13,
    0x0C, 0x52, 0x37, 0x3E, 0x99, 0x00, 0x84, 0x28, 0xA1, 0x95, 0x4A, 0xFE, 0x75, 0x78, 0x9C, 0x6E,
    0x07, 0x8D, 0x8E, 0x86, 0x22, 0x6D, 0x7B, 0x0D, 0x37, 0x01, 0x2E, 0x6B, 0xC0, 0x51, 0x9D, 0x26,
    0xE9, 0xD6, 0x53, 0x40, 0x3A, 0x53, 0xD8, 0xD1, 0xF5, 0x03, 0x85, 0xA7, 0x34, 0x7C, 0xE0, 0xF7,
    0x07, 0x7B, 0x8B, 0xF4, 0x23, 0xC6, 0x0F, 0xA0, 0xC4, 0x54, 0x32, 0x5E, 0xF2, 0x86, 0x65, 0x36,
    0x13, 0x81, 0x16, 0x52, 0x34, 0xAC, 0x68, 0x63, 0x56, 0x6F, 0x98, 0xEF, 0x00, 0xF4, 0x30, 0x1C,
    0x0E, 0xD4, 0x24, 0x84, 0x13, 0x63, 0x96, 0x1C, 0x05, 0xD2, 0x98, 0x3B, 0xE0, 0xF9, 0xC3, 0xCC,
    0xBD, 0xAC, 0x75, 0x43, 0x89, 0xF0, 0x03, 0xB5, 0xF5, 0x49, 0x04, 0x3B, 0x14, 0x86, 0xF1, 0xC0,
    0x0C, 0xCF, 0xBE, 0xFD, 0x07, 0x64, 0x3A, 0x6E, 0x4A, 0x8F, 0x44, 0x0E, 0x2B, 0xF0, 0xC0, 0xE2,
    0x11, 0xEE, 0xE8, 0xA8, 0xF0, 0xF7, 0x01, 0xFD, 0x58, 0x0A, 0x02, 0x80, 0xA0, 0x1F, 0x39, 0x90,
    0x66, 0x3F, 0xCF, 0xDA, 0x87, 0xFA, 0x6D, 0x10, 0x92, 0x5F, 0x06, 0x47, 0x50, 0x3F, 0x4E, 0x14,
    0xC2, 0x39, 0x21, 0xE0, 0x02, 0x86, 0x87, 0x91, 0xA7, 0x8E, 0x85, 0xC0, 0x17, 0x58, 0xBB, 0x5D,
    0x5E, 0x93, 0xF1, 0x9F, 0x23, 0xB2, 0xCA, 0x48, 0xE4, 0x69, 0xC8, 0xDC, 0x71, 0xB5, 0x54, 0x15,
    0x09, 0x44, 0xE6, 0x7D, 0x69, 0xA9, 0xE4, 0x74, 0xBF, 0x2A, 0xF0, 0x2E, 0xD9, 0xDE, 0x0E, 0x1E,
    0x83, 0xA1, 0x81, 0xD2, 0xF3, 0xE3, 0xC2, 0x21, 0xC7, 0x90, 0xE0, 0xCC, 0x44, 0x9E, 0x81, 0x3C,
    0x80, 0x0C, 0xF8, 0xFD, 0x82, 0x1F, 0x47, 0x47, 0x78, 0x03, 0xEE, 0x92, 0x08, 0xFF, 0xC2, 0x7D,
    0x1C, 0xD5, 0x1F, 0x20, 0xD5, 0xEB, 0x1C, 0x03, 0xEA, 0x13, 0x08, 0xF4, 0x81, 0xF4, 0x0F, 0x9E,
    0x48, 0x48, 0x48, 0x42, 0x26, 0x26, 0x29, 0xA2, 0x2A, 0xA2, 0x0A, 0xAB, 0xF9, 0xE1, 0xCB, 0x84,
    0xAA, 0xFA, 0x7A, 0x07, 0x68, 0x7A, 0xCE, 0xF4, 0x84, 0x64, 0x64, 0x64, 0x6E, 0x0D, 0x9D, 0x84,
    0xA1, 0x3E, 0x8B, 0x40, 0xC8, 0x06, 0x8D, 0xE1, 0xB3, 0xC0, 0xF1, 0x81, 0xC0, 0x86, 0x62, 0xE2,
    0x93, 0xC2, 0x51, 0x95, 0x6B, 0x62, 0x73, 0xE6, 0xDB, 0xD6, 0x47, 0x95, 0x74, 0x54, 0x68, 0x42,
    0x05, 0xCB, 0x14, 0x46, 0xCD, 0x82, 0xC8, 0xDD, 0xE0, 0x4E, 0x3B, 0xAB, 0xC2, 0x01, 0xFD, 0x7E,
    0xFF, 0x25, 0x4E, 0x61, 0xF8, 0x9E, 0x0C, 0x20, 0x47, 0x7B, 0xED, 0x0F, 0xC6, 0x6E, 0x13, 0x6E,
    0x6C, 0x27, 0x77, 0xCF, 0xD1, 0x68, 0x54, 0xA9, 0x66, 0x87, 0xB5, 0x41, 0xC1, 0x93, 0xF2, 0x87,
    0x59, 0xC4, 0x9F, 0x07, 0xCE, 0xA5, 0x09, 0xD8, 0xE6, 0x79, 0xB4, 0x42, 0x84, 0xEE, 0x7C, 0xB9,
    0x96, 0xC4, 0x3A, 0x9F, 0x98, 0x36, 0xE6, 0xE4, 0xF6, 0x3B, 0x07, 0x43, 0xCE, 0xA1, 0x1D, 0x44,
    0xC4, 0x22, 0xBE, 0xCE, 0x94, 0x4E, 0x54, 0x22, 0x07, 0x2A, 0x71, 0xAE, 0xD9, 0xB5, 0x89, 0xD5,
    0x28, 0xA2, 0x8B, 0x17, 0xDA, 0x3E, 0x5F, 0x60, 0xFA, 0xC6, 0x83, 0x60, 0xF3, 0xCC, 0x85, 0x51,
    0x45, 0x51, 0x11, 0x45, 0x44, 0x53, 0x47, 0xB6, 0x32, 0x46, 0x80, 0xA8, 0xAF, 0x50, 0x82, 0x77,
    0x93, 0xC9, 0x40, 0x62, 0x27, 0x01, 0x93, 0xC4, 0xC1, 0xEA, 0x31, 0xEC, 0x68, 0x07, 0x16, 0x54,
    0x33, 0xBA, 0x24, 0x33, 0x78, 0xC6, 0xB8, 0xD0, 0x0A, 0x71, 0x08, 0xDB, 0xC1, 0xF9, 0xC0, 0x28,
    0x38, 0x9B, 0xCD, 0x14, 0x39, 0xBD, 0xA1, 0x41, 0xF8, 0x54, 0x30, 0x42, 0xB3, 0xF7, 0xE8, 0x6C,
    0x08, 0x6E, 0xF2, 0x91, 0x8C, 0x92, 0x42, 0x16, 0x53, 0xF0, 0xFB, 0xFE, 0xCC, 0x80, 0xE8, 0x60,
    0xE3, 0x31, 0x13, 0xA6, 0xB3, 0x1B, 0xA9, 0x4F, 0x59, 0x51, 0xE8, 0x37, 0x27, 0x47, 0x5D, 0x43,
    0xAC, 0x1E, 0x04, 0x3B, 0xE0, 0xDF, 0x2F, 0xDA, 0x6A, 0xAE, 0x4A, 0x58, 0x78, 0x4E, 0xC0, 0x9D,
    0xCF, 0x0E, 0x7E, 0x00, 0x64, 0x3E, 0x70, 0x52, 0x1C, 0x47, 0x14, 0x1A, 0xCC, 0x09, 0xE4, 0x61,
    0xB6, 0xC2, 0xD2, 0x65, 0x6C, 0x10, 0x1B, 0x03, 0xF7, 0x94, 0x22, 0xD3, 0x03, 0xF5, 0x82, 0x40,
    0x87, 0xF2, 0x9F, 0x5D, 0x2F, 0xE0, 0x3E, 0x64, 0x4A, 0x43, 0x61, 0x6F, 0x82, 0x36, 0x1A, 0x04,
    0x06, 0xD7, 0x66, 0xCA, 0x35, 0x5A, 0x3D, 0x5B, 0x23, 0x55, 0xAA, 0xC6, 0xD2, 0xF2, 0xD0, 0x1D,
    0x98, 0xDB, 0xDE, 0xBC, 0x15, 0x21, 0x77, 0x57, 0xA7, 0x1A, 0x6D, 0xB0, 0x35, 0x67, 0xD4, 0x16,
    0x91, 0x13, 0x23, 0x79, 0xA1, 0x6A, 0x0A, 0x92, 0x3D, 0xC6, 0x93, 0x6B, 0xFA, 0x7F, 0x2F, 0xE3,
    0xED, 0xDC, 0x20, 0xF3, 0x1F, 0xF5, 0xCF, 0xCE, 0x99, 0xC2, 0x1E, 0xC7, 0x0D, 0x4D, 0x27, 0xFA,
    0x31, 0x01, 0x61, 0xE8, 0x30, 0x18, 0xCF, 0x73, 0x9A, 0x74, 0xB0, 0x3E, 0xBE, 0xD8, 0x8F, 0x93,
    0x1B, 0xF5, 0xBF, 0x03, 0x31, 0xED, 0x74, 0xF2, 0xD4, 0x1C, 0x8B, 0xBF, 0xE0, 0x7C, 0x31, 0xE8,
    0x76, 0x3E, 0x88, 0x5F, 0xFC, 0xBE, 0x86, 0x07, 0x84, 0x1B, 0xA2, 0x7E, 0x47, 0xF7, 0x5C, 0x7C,
    0xB2, 0xFF, 0x5E, 0x80, 0xFF, 0x77, 0xC7, 0x29, 0x22, 0x7D, 0x19, 0xFF, 0x1B, 0x03, 0xF5, 0x07,
    0xBD, 0x3C, 0x90, 0x7C, 0x90, 0x0F, 0x2F, 0xAF, 0xDB, 0x47, 0xF8, 0xFE, 0xCF, 0x4F, 0xA0, 0x76,
    0xB9, 0x27, 0x81, 0xF3, 0x5B, 0xDA, 0x9B, 0xB7, 0x5C, 0xB5, 0x5A, 0xFA, 0xC6, 0x4B, 0xEB, 0x23,
    0xE7, 0x06, 0xCB, 0xFC, 0x1F, 0x2F, 0xCF, 0x55, 0x56, 0x1F, 0x74, 0xCF, 0xCA, 0x99, 0x8C, 0x4F,
    0x38, 0xEE, 0x5F, 0x20, 0x41, 0xB8, 0xBE, 0x47, 0xF1, 0x9F, 0x01, 0xF0, 0x38, 0x9E, 0x77, 0xCC,
    0xFC, 0x7B, 0x04, 0xF7, 0xDC, 0x53, 0x70, 0x16, 0x10, 0xF9, 0x10, 0xA1, 0xC1, 0xB2, 0x98, 0x3F,
    0x13, 0x8A, 0xDA, 0x2A, 0x91, 0x1C, 0x04, 0x8A, 0xEB, 0xD7, 0xE5, 0x92, 0x49, 0x24, 0xBB, 0x94,
    0x59, 0xA8, 0x62, 0xE8, 0x1E, 0x57, 0xF4, 0x21, 0xDE, 0xD8, 0x4C, 0xDE, 0x0E, 0x42, 0x47, 0x37,
    0xF3, 0x86, 0xBB, 0x1C, 0x9A, 0xCD, 0x30, 0xC4, 0xD2, 0xB8, 0xE9, 0x69, 0x6B, 0x5A, 0xD6, 0xC4,
    0xD7, 0x0F, 0x13, 0x9C, 0xF1, 0xC3, 0xA1, 0x78, 0xC3, 0x40, 0xBA, 0x3A, 0xE3, 0x1B, 0x8D, 0x41,
    0xC6, 0x37, 0x24, 0x8E, 0x31, 0xEF, 0xFF, 0x64, 0x01, 0x82, 0xF1, 0x11, 0x0D, 0x07, 0x40, 0x9C,
    0x86, 0x82, 0x22, 0x84, 0xCA, 0xA1, 0x89, 0x4D, 0x07, 0xE7, 0xC8, 0xBF, 0xBC, 0x87, 0x74, 0x30,
    0x92, 0x87, 0x1A, 0x4E, 0x40, 0xED, 0x09, 0x70, 0x46, 0x24, 0xE1, 0xD0, 0x77, 0xA0, 0xCE, 0x21,
    0xCA, 0x18, 0x9E, 0x00, 0x9A, 0x36, 0x52, 0xD0, 0x90, 0x60, 0x0E, 0x93, 0x6F, 0xDB, 0x1A, 0x95,
    0x1A, 0xA9, 0x09, 0x70, 0x88, 0xC4, 0x7A, 0x32, 0x1F, 0x8C, 0xB2, 0xB8, 0xA0, 0x6E, 0xA0, 0xE4,
    0x03, 0xD4, 0x3D, 0x52, 0x66, 0xE0, 0x30, 0x13, 0x13, 0xAE, 0x51, 0x44, 0x4A, 0xF0, 0xBC, 0x2A,
    0xA3, 0xD8, 0x51, 0x15, 0x50, 0xC0, 0xA9, 0x24, 0x28, 0xF1, 0x83, 0x8B, 0xEA, 0x31, 0x03, 0x64,
    0x60, 0xC0, 0x81, 0xFA, 0xD7, 0x04, 0x71, 0x86, 0xDF, 0xDD, 0xB0, 0xC4, 0x30, 0x22, 0x70, 0x35,
    0x45, 0x29, 0x42, 0x21, 0x98, 0xA8, 0x51, 0x17, 0x06, 0xC3, 0x14, 0x4D, 0x44, 0xB0, 0x9B, 0xC3,
    0x77, 0x19, 0x0C, 0x58, 0xA2, 0x29, 0x92, 0x99, 0x59, 0x67, 0x09, 0xC7, 0x4C, 0x1E, 0x89, 0xC8,
    0x04, 0x8D, 0x01, 0x41, 0x12, 0x24, 0xCC, 0xC1, 0x0A, 0x47, 0xF7, 0xB5, 0x35, 0x44, 0x44, 0x71,
    0xDD, 0x55, 0x55, 0x55, 0x51, 0x53, 0x2F, 0x1A, 0xA1, 0x2C, 0x0C, 0x4E, 0xF1, 0x09, 0xD9, 0x3F,
    0xB6, 0x7A, 0x93, 0xB4, 0x88, 0x90, 0x0E, 0x40, 0xF0, 0x45, 0xE1, 0x19, 0x24, 0xEE, 0x18, 0x21,
    0xFA, 0xB9, 0x38, 0x0D, 0x45, 0x76, 0x66, 0x59, 0x99, 0x93, 0x86, 0x42, 0x1B, 0x03, 0xA0, 0x66,
    0x3B, 0x2D, 0xC1, 0x0C, 0xD7, 0x08, 0x3D, 0x36, 0x4D, 0x81, 0x8F, 0x50, 0x24, 0x40, 0x38, 0x3A,
    0x38, 0xE0, 0x61, 0xF6, 0x9B, 0xC4, 0xAA, 0x29, 0xB3, 0xCB, 0x32, 0x70, 0x33, 0x18, 0xB0, 0xEF,
    0x43, 0x1A, 0x30, 0xC0, 0xC5, 0x72, 0x4F, 0xF5, 0xAE, 0x15, 0xC2, 0x9D, 0x63, 0xBC, 0x70, 0x2B,
    0x66, 0x21, 0x02, 0x08, 0x06, 0xF4, 0x88, 0x77, 0x98, 0x0E, 0x3E, 0x30, 0x91, 0x34, 0x18, 0xA1,
    0x1B, 0x00, 0x1E, 0xD9, 0x45, 0xA5, 0x52, 0x95, 0xD9, 0x5E, 0x31, 0x99, 0x8E, 0x19, 0x52, 0x26,
    0x86, 0x07, 0xB8, 0x3D, 0x49, 0x8F, 0x6D, 0x44, 0x55, 0x41, 0xC8, 0x80, 0xB0, 0x02, 0xB9, 0xDA,
    0xD1, 0x02, 0x60, 0xB7, 0x64, 0x5E, 0x24, 0x60, 0x6A, 0x12, 0x96, 0x9C, 0x42, 0x5B, 0xFA, 0x7F,
    0x89, 0xBE, 0xEB, 0xF9, 0xE8, 0x42, 0x7F, 0x08, 0x12, 0x50, 0xA4, 0x89, 0x23, 0xCD, 0xB0, 0x6C,
    0x2E, 0x90, 0x4C, 0xB5, 0x0C, 0xC3, 0x10, 0x31, 0x57, 0xD8, 0xAE, 0x1C, 0xF3, 0xD7, 0x8B, 0x86,
    0x65, 0xAD, 0xF8, 0x97, 0xE6, 0x32, 0x5E, 0x65, 0x12, 0xEF, 0xDF, 0xDE, 0xB2, 0xA6, 0x22, 0x60,
    0x74, 0xC9, 0xC6, 0xF3, 0xC1, 0x89, 0x20, 0x42, 0x12, 0x40, 0xE2, 0x13, 0x09, 0x44, 0xA5, 0x12,
    0x21, 0xB5, 0xAB, 0xCE, 0x58, 0x86, 0x6D, 0x79, 0x09, 0x4A, 0xCF, 0x0E, 0x36, 0x26, 0xA5, 0xCB,
    0x8D, 0x1C, 0x00, 0xFA, 0xD1, 0xCF, 0x87, 0x6E, 0x83, 0x3C, 0x56, 0xD3, 0x1A, 0x62, 0x39, 0xE8,
    0x54, 0x00, 0xC5, 0x81, 0x08, 0x60, 0xCC, 0x09, 0xD3, 0x81, 0x17, 0x7E, 0x84, 0x16, 0x7C, 0x21,
    0x8B, 0x8F, 0xDE, 0x3C, 0x51, 0xBF, 0x44, 0xED, 0x70, 0x19, 0x56, 0x17, 0x26, 0xF0, 0x8B, 0xC5,
    0x6B, 0x9E, 0x8D, 0xCA, 0xA3, 0xF5, 0xE2, 0xB4, 0x28, 0xDE, 0x84, 0xDB, 0xB0, 0xE2, 0x77, 0xC1,
    0x51, 0x14, 0x51, 0x44, 0x52, 0x26, 0x4D, 0x98, 0xA2, 0x77, 0x3F, 0x52, 0x1C, 0x66, 0x5C, 0x89,
    0x41, 0x01, 0xF9, 0xE2, 0xC8, 0x14, 0xE3, 0xB5, 0x9D, 0x5E, 0x39, 0x73, 0xD0, 0x70, 0x55, 0xF0,
    0x41, 0xB0, 0x69, 0xFB, 0x3A, 0x71, 0xDD, 0xB4, 0x86, 0x75, 0x79, 0x5A, 0x8F, 0x1B, 0xE6, 0x36,
    0x1E, 0xC1, 0x14, 0x09, 0xB9, 0x16, 0xEA, 0x87, 0x8C, 0x24, 0x44, 0xA2, 0x01, 0x81, 0xEE, 0x0F,
    0x8E, 0xEF, 0xE6, 0x21, 0x82, 0x25, 0x08, 0x87, 0xB0, 0xF8, 0xC7, 0x82, 0x91, 0xD7, 0xCE, 0x5E,
    0xF3, 0x41, 0x8C, 0x1B, 0x1E, 0x26, 0x27, 0x10, 0x81, 0x4D, 0x2F, 0xAF, 0xBA, 0x0E, 0xFE, 0x8A,
    0x0F, 0xE0, 0xB8, 0x36, 0x88, 0x9E, 0xE1, 0xB9, 0xDD, 0x7C, 0x94, 0x0F, 0x54, 0x11, 0x3B, 0x51,
    0x82, 0x39, 0xC0, 0x5A, 0x2E, 0x64, 0x69, 0x0F, 0xC2, 0x81, 0xE2, 0xD6, 0x48, 0x6B, 0xA4, 0xE7,
    0x02, 0x2A, 0x8B, 0xE2, 0x0A, 0x59, 0x18, 0x16, 0x1C, 0xFA, 0xD0, 0xDE, 0x60, 0x35, 0x92, 0xB2,
    0x34, 0xA1, 0x8C, 0xB4, 0xC8, 0x5F, 0x04, 0x70, 0x03, 0x3E, 0x0C, 0x0D, 0x90, 0xD7, 0x9F, 0x9A,
    0xD9, 0x6F, 0x59, 0x99, 0x75, 0xD5, 0xDE, 0x42, 0x43, 0x48, 0x15, 0xD7, 0x41, 0x68, 0x42, 0x03,
    0xE0, 0x74, 0x7E, 0x22, 0x86, 0x87, 0x17, 0x03, 0x28, 0x16, 0x77, 0x70, 0x0E, 0xFF, 0x4E, 0x3B,
    0x9E, 0xB9, 0xE5, 0x64, 0xF5, 0xA6, 0xD2, 0x92, 0xAA, 0x32, 0x12, 0x48, 0x10, 0x02, 0x41, 0x1F,
    0x34, 0x95, 0x42, 0x80, 0x61, 0x90, 0xF2, 0x44, 0xF7, 0xAF, 0x7E, 0xF0, 0xF3, 0xBC, 0x6C, 0x3C,
    0x7D, 0x86, 0x68, 0xB4, 0x0B, 0x31, 0x93, 0xB2, 0x26, 0x2E, 0x86, 0x0E, 0x92, 0xEF, 0xBC, 0x3B,
    0xC2, 0x00, 0x9A, 0x0F, 0xAA, 0x69, 0xF4, 0x6E, 0xD6, 0xAA, 0xB5, 0x35, 0x28, 0x9D, 0x4A, 0x04,
    0xC6, 0x74, 0xDA, 0x21, 0x37, 0xEE, 0xCA, 0x13, 0x31, 0xC0, 0x72, 0xA0, 0x4F, 0xBB, 0xAF, 0xAF,
    0xB4, 0x7A, 0x53, 0x21, 0xF6, 0x6F, 0x4C, 0x76, 0x1D, 0xAC, 0x81, 0x2B, 0xCF, 0xD4, 0x14, 0xC0,
    0xE1, 0x89, 0x45, 0x07, 0x00, 0x09, 0x42, 0x76, 0xA1, 0x04, 0x83, 0xC1, 0x84, 0x4E, 0xC4, 0x68,
    0x37, 0xE9, 0xD2, 0x1E, 0xFE, 0xDC, 0x9C, 0x80, 0x0C, 0xC0, 0xA4, 0xC0, 0x66, 0x29, 0xB2, 0x6F,
    0xDD, 0x07, 0xF3, 0x7B, 0x7C, 0x78, 0x88, 0x9D, 0x78, 0x1F, 0x2C, 0x0D, 0x00, 0x02, 0x0F, 0x0A,
    0x9C, 0x17, 0xB0, 0xEE, 0x3A, 0xFB, 0xAF, 0xE9, 0xC8, 0x4C, 0x46, 0x2A, 0x90, 0xFF, 0xBF, 0xAB,
    0xFC, 0xEE, 0x85, 0xC0, 0x80, 0x86, 0x81, 0xC4, 0x5A, 0x01, 0x3A, 0xE8, 0x11, 0x4D, 0xBB, 0x8D,
    0x00, 0xD3, 0x1C, 0x0C, 0xA1, 0xC0, 0xC0, 0x84, 0x3E, 0x9F, 0xA8, 0xA5, 0xFC, 0xD8, 0x03, 0xE8,
    0xB3, 0x4C, 0x36, 0x40, 0xD8, 0x59, 0x83, 0x17, 0x1C, 0x96, 0x0D, 0x38, 0x0D, 0x83, 0x69, 0x6E,
    0x80, 0x7B, 0x02, 0xE9, 0xEF, 0xFA, 0x1F, 0x42, 0x1E, 0xCE, 0x86, 0xD1, 0x86, 0x86, 0x82, 0xA1,
    0x44, 0x31, 0xBF, 0xB3, 0x20, 0xC3, 0xFD, 0xB5, 0x9D, 0x9A, 0x6B, 0xAB, 0xF8, 0x3A, 0x01, 0xE4,
    0x30, 0x6F, 0xD9, 0x7C, 0x04, 0x31, 0x89, 0x64, 0xA1, 0x9E, 0x81, 0x0A, 0x4E, 0xE0, 0x88, 0x75,
    0x1D, 0xC5, 0x06, 0x50, 0x8C, 0x0B, 0xB7, 0x80, 0xF7, 0xFE, 0x5E, 0x6B, 0xF3, 0x89, 0xB7, 0xC8,
    0x8F, 0xAB, 0x4D, 0x07, 0x23, 0x44, 0x43, 0xE3, 0xB6, 0x7E, 0xD1, 0x02, 0xC3, 0x2F, 0xBD, 0x07,
    0x33, 0x21, 0xEE, 0x23, 0x9A, 0xDD, 0xAC, 0x01, 0x0C, 0x32, 0x4E, 0xB9, 0xB1, 0xC1, 0xF1, 0xE8,
    0xBE, 0x4A, 0xF0, 0x9B, 0xF3, 0xC2, 0xD4, 0xC2, 0x05, 0x2A, 0x55, 0x9A, 0x56, 0x51, 0x4B, 0xAF,
    0xE4, 0x98, 0x1B, 0x74, 0x98, 0x32, 0xA7, 0x28, 0xE3, 0xE4, 0xB8, 0xF6, 0x16, 0xB1, 0x9C, 0x05,
    0xCE, 0x2B, 0xF5, 0x10, 0x37, 0x9B, 0x29, 0x79, 0x90, 0x1C, 0x93, 0x34, 0x22, 0xA1, 0x05, 0x8A,
    0x06, 0x03, 0xD4, 0x3D, 0x49, 0x92, 0x09, 0x2D, 0x98, 0x10, 0x4B, 0xDC, 0xEA, 0x10, 0xB1, 0xE6,
    0xCE, 0x8B, 0x27, 0x79, 0xF0, 0xA0, 0x4B, 0x39, 0x10, 0x75, 0xFF, 0x50, 0x5C, 0x53, 0x34, 0x61,
    0x1E, 0xD0, 0x92, 0xB1, 0x87, 0xF8, 0x5B, 0xDC, 0x4F, 0x12, 0xEE, 0xD0, 0x60, 0x39, 0x28, 0x17,
    0x61, 0x0E, 0x25, 0x01, 0x76, 0x4E, 0x70, 0xE0, 0x1E, 0xF0, 0x9D, 0xC7, 0x8F, 0x18, 0x49, 0xCF,
    0x0B, 0xA2, 0x3D, 0x61, 0xC2, 0x4C, 0x1A, 0x8D, 0xF0, 0x47, 0x23, 0xEC, 0x14, 0x86, 0xB9, 0xF2,
    0x1D, 0x40, 0x81, 0xAE, 0x4F, 0x93, 0x05, 0x1C, 0xD8, 0xF5, 0x0E, 0xD0, 0xF4, 0x3C, 0x97, 0x9D,
    0x4A, 0x9D, 0x87, 0xB6, 0xBE, 0x7D, 0x66, 0xAA, 0x8C, 0xA6, 0xED, 0xE7, 0x34, 0x4E, 0xF3, 0xED,
    0xDC, 0x43, 0xBF, 0x85, 0xC4, 0x3B, 0x2D, 0x8F, 0x68, 0x58, 0x46, 0xE4, 0xC9, 0xBA, 0xD9, 0xCE,
    0x18, 0x2E, 0xEE, 0x77, 0xBD, 0x50, 0xCC, 0x5C, 0x38, 0x6D, 0x83, 0x0B, 0x45, 0x3C, 0xDC, 0x16,
    0x9A, 0x80, 0x96, 0xA1, 0x34, 0x2C, 0x8C, 0x4B, 0x37, 0x43, 0x04, 0x4D, 0x6B, 0x97, 0x2B, 0x14,
    0x15, 0x68, 0xD6, 0x0E, 0x22, 0x20, 0x23, 0x0D, 0x6F, 0x03, 0x57, 0x13, 0xBC, 0xB1, 0x1C, 0xC2,
    0x3A, 0xE3, 0xEF, 0x08, 0x37, 0xD2, 0xA2, 0x26, 0x6B, 0x00, 0xE8, 0x89, 0x76, 0x17, 0x76, 0x47,
    0x58, 0x9A, 0x37, 0x07, 0x6A, 0x05, 0x81, 0xA2, 0x2A, 0x1A, 0x31, 0x68, 0x6B, 0x4A, 0x4C, 0x2E,
    0x9C, 0x0D, 0x23, 0x2B, 0x07, 0x2B, 0x0A, 0x3B, 0x50, 0x8E, 0x76, 0x18, 0x4B, 0x06, 0xC3, 0x86,
    0xC3, 0x6B, 0x07, 0x00, 0xE2, 0x74, 0xAB, 0xE1, 0xA7, 0x0C, 0xE7, 0xEC, 0x48, 0xD0, 0xA7, 0xF6,
    0xFA, 0xD7, 0x73, 0x30, 0x9E, 0x10, 0x4B, 0x2C, 0x43, 0x45, 0x36, 0x88, 0x40, 0xEA, 0x43, 0x58,
    0x61, 0xB9, 0x3C, 0x41, 0x01, 0x1B, 0x76, 0x94, 0x51, 0x0C, 0x44, 0x6B, 0x58, 0x64, 0x2E, 0xFA,
    0xC3, 0x99, 0xC4, 0x9C, 0x31, 0x8A, 0x08, 0x90, 0xDB, 0xB8, 0x22, 0x17, 0x4B, 0xD8, 0xA0, 0xE2,
    0xC5, 0x00, 0xE3, 0x82, 0xA1, 0x63, 0x39, 0x98, 0xD9, 0x4E, 0x6C, 0x5A, 0x5C, 0x65, 0x3C, 0xB4,
    0xD2, 0x42, 0xA2, 0xA9, 0x7B, 0x52, 0x8B, 0xB1, 0xED, 0xD0, 0xB2, 0x12, 0xFE, 0x7D, 0x7B, 0xEE,
    0x85, 0xCE, 0x0A, 0x79, 0x44, 0x99, 0xA6, 0xDC, 0x37, 0xA2, 0x6F, 0xCF, 0x62, 0x39, 0x30, 0xE4,
    0x05, 0xE1, 0xB6, 0x7C, 0x73, 0x2D, 0x91, 0xBF, 0x84, 0xFB, 0x29, 0x3D, 0xA4, 0xB3, 0x40, 0x54,
    0x67, 0x2C, 0x26, 0xBB, 0xE3, 0x61, 0x34, 0x6D, 0x83, 0x8F, 0x8C, 0x1F, 0x36, 0xE3, 0x0C, 0x36,
    0x78, 0x0F, 0x89, 0xEF, 0x0B, 0x4D, 0xB2, 0xE0, 0xDB, 0xDF, 0x7A, 0xFC, 0xDB, 0xC4, 0xD3, 0x5C,
    0x50, 0xC2, 0x4D, 0x96, 0x4D, 0x39, 0x0C, 0xA9, 0x34, 0x47, 0xDE, 0x5E, 0xDA, 0x29, 0x18, 0xE3,
    0x65, 0xC4, 0x0E, 0x9D, 0xD6, 0x3E, 0x45, 0x29, 0x95, 0xB3, 0x15, 0x2C, 0x73, 0x49, 0x5B, 0x1C,
    0xD2, 0x78, 0x4D, 0xC6, 0x78, 0x9D, 0x95, 0xB3, 0xAA, 0xBD, 0x86, 0x81, 0xA2, 0xC4, 0x3B, 0xB3,
    0x44, 0x23, 0x9E, 0xED, 0x9A, 0xA5, 0xBD, 0xA2, 0x1F, 0x49, 0xD8, 0xB5, 0xB1, 0x32, 0xC3, 0xAD,
    0xF6, 0x7E, 0x45, 0x41, 0x7E, 0x35, 0x29, 0x58, 0x80, 0xA2, 0x28, 0x67, 0x9C, 0xA2, 0x6C, 0xED,
    0xB2, 0x1A, 0x03, 0xE5, 0xCB, 0x5D, 0x01, 0x22, 0x60, 0x54, 0x8A, 0xDA, 0xEE, 0x43, 0x46, 0xF8,
    0xC6, 0x60, 0xA3, 0x74, 0xDB, 0xB5, 0xB4, 0xDB, 0xEE, 0x6F, 0xBA, 0x38, 0x77, 0x31, 0x95, 0x09,
    0x92, 0x68, 0x10, 0x36, 0xE4, 0x0A, 0x01, 0x10, 0xC9, 0x91, 0x26, 0x6F, 0xA9, 0xB0, 0x8B, 0xF0,
    0x5D, 0xEE, 0x66, 0x81, 0xB8, 0xD3, 0xAB, 0xA8, 0xE3, 0x1D, 0x1E, 0xFC, 0x96, 0xD6, 0x93, 0x6C,
    0xD9, 0x03, 0xF3, 0x5B, 0x2B, 0xAA, 0x39, 0xC0, 0x41, 0xB7, 0x31, 0x14, 0x2D, 0x97, 0x16, 0xBE,
    0xE4, 0x4E, 0x38, 0x36, 0xC9, 0x07, 0x84, 0x40, 0x0C, 0x45, 0x10, 0xDC, 0x44, 0x01, 0x2C, 0x3A,
    0x26, 0x97, 0xA9, 0x34, 0x63, 0x61, 0xA5, 0xDF, 0xC2, 0x83, 0x93, 0x86, 0x80, 0xC0, 0x42, 0x87,
    0x88, 0x94, 0xB4, 0x69, 0x96, 0x69, 0x82, 0xF1, 0x8E, 0x84, 0x0E, 0xEB, 0xA4, 0xF8, 0xC8, 0x72,
    0x02, 0x9C, 0x90, 0x3D, 0x09, 0xA0, 0x03, 0x49, 0x40, 0x3A, 0x0D, 0x31, 0x60, 0x56, 0xC8, 0x66,
    0x50, 0x64, 0x58, 0x6B, 0x18, 0xC3, 0x70, 0xC6, 0xBA, 0xE1, 0xBB, 0x9B, 0xBB, 0x36, 0xC8, 0x37,
    0x34, 0xA4, 0x66, 0x94, 0x05, 0x91, 0xB8, 0x01, 0x42, 0x81, 0x9B, 0x01, 0x2D, 0x5A, 0x56, 0x06,
    0x49, 0xB6, 0xD4, 0xE2, 0xC0, 0x63, 0x1C, 0x6B, 0x55, 0x46, 0x06, 0x35, 0xBE, 0xEF, 0x82, 0x5F,
    0x31, 0x72, 0x21, 0xEE, 0xEC, 0x21, 0x3B, 0x02, 0x1C, 0x48, 0x92, 0xC3, 0xA6, 0x8E, 0x59, 0x32,
    0x49, 0x20, 0x98, 0x81, 0x1C, 0x74, 0xCD, 0x0B, 0xE6, 0x54, 0x25, 0x1A, 0x22, 0x62, 0x98, 0xD1,
    0x99, 0x89, 0xB0, 0x01, 0xD4, 0x4C, 0x43, 0x38, 0x10, 0x00, 0xEF, 0x00, 0x41, 0xA0, 0x53, 0x16,
    0x84, 0x4C, 0x6C, 0x2C, 0x43, 0x0E, 0x2C, 0x2D, 0xC2, 0x81, 0x0A, 0x17, 0x0A, 0x5F, 0x15, 0x8B,
    0x86, 0x80, 0x1C, 0x07, 0x22, 0xC6, 0x83, 0x74, 0x2B, 0x0D, 0x83, 0x48, 0xA6, 0x2C, 0x00, 0x71,
    0x74, 0xDC, 0x11, 0x21, 0x64, 0x1B, 0x8F, 0x6D, 0x10, 0xA6, 0xE2, 0x46, 0x0D, 0x91, 0xE3, 0xF0,
    0xB8, 0x6F, 0x62, 0x48, 0x3D, 0x04, 0x76, 0x48, 0x07, 0xC6, 0x71, 0xE8, 0x1D, 0xE3, 0xDB, 0x90,
    0xE0, 0x5F, 0x4A, 0x45, 0xE4, 0x8C, 0xE6, 0x92, 0x73, 0x52, 0xBA, 0xC3, 0xF5, 0x60, 0xC8, 0x8B,
    0xC4, 0xC5, 0xFF, 0x44, 0xFA, 0x86, 0xD0, 0x39, 0x83, 0x23, 0x7D, 0xA0, 0x66, 0x10, 0xA7, 0x80,
    0x1B, 0x56, 0xF3, 0x2E, 0x7E, 0x4F, 0x23, 0xDC, 0x41, 0x37, 0x97, 0x3C, 0x3C, 0xDC, 0xDD, 0xD9,
    0xF3, 0x82, 0xD3, 0x9C, 0x8C, 0x59, 0x46, 0xB5, 0xAB, 0xD8, 0x88, 0xB6, 0x2A, 0x9F, 0xBE, 0xD0,
    0x62, 0x9B, 0x64, 0x5C, 0xBF, 0x07, 0x8B, 0x0D, 0x7A, 0x1D, 0xF0, 0xF0, 0x92, 0x19, 0x3B, 0xC0,
    0x5B, 0xA5, 0x39, 0xE0, 0xA8, 0x06, 0x83, 0x0E, 0x10, 0x82, 0xD0, 0xA4, 0x26, 0xF5, 0x43, 0x5C,
    0x0A, 0x31, 0x0B, 0xD0, 0x26, 0xC8, 0x04, 0x47, 0x67, 0x5D, 0xF8, 0xD5, 0x6B, 0x3E, 0xD0, 0xB8,
    0x07, 0x10, 0x56, 0xF2, 0x86, 0x20, 0x8A, 0x45, 0xEB, 0x75, 0x2B, 0x27, 0x81, 0x74, 0x40, 0xB0,
    0x93, 0xB9, 0x1A, 0x63, 0xD0, 0xB8, 0x87, 0x22, 0x69, 0x01, 0xF2, 0xE8, 0x1E, 0x01, 0xDF, 0xEA,
    0x18, 0x15, 0xF2, 0x22, 0x51, 0xA1, 0x9A, 0x36, 0x10, 0xB2, 0xF0, 0xC6, 0x37, 0x58, 0x66, 0xAD,
    0xD1, 0xE2, 0x1F, 0x7A, 0x56, 0xFB, 0xB2, 0x45, 0x2A, 0xC6, 0x89, 0xB1, 0x7F, 0x6C, 0x60, 0x65,
    0x9C, 0xA4, 0xA3, 0xA8, 0xC2, 0x1B, 0x20, 0x16, 0x7B, 0x99, 0xED, 0xEC, 0x12, 0xFB, 0x51, 0x5D,
    0x39, 0xBC, 0xCF, 0x0F, 0x7C, 0x24, 0x20, 0x1E, 0x0F, 0xF1, 0xF1, 0x36, 0xC9, 0x7A, 0x42, 0xA1,
    0x97, 0x12, 0x77, 0x77, 0x77, 0x97, 0xA8, 0x23, 0x10, 0x3A, 0xC3, 0xC3, 0xBC, 0xE8, 0xC6, 0xC0,
    0x5E, 0x5A, 0x24, 0x0B, 0x74, 0x58, 0x64, 0x81, 0x5B, 0xF8, 0x2C, 0x51, 0x12, 0xE0, 0xE7, 0x03,
    0xC4, 0x28, 0xC7, 0x78, 0x21, 0xF2, 0xE9, 0xB1, 0xAE, 0xAE, 0x0C, 0xBD, 0x11, 0x0F, 0x9B, 0xBD,
    0x03, 0x21, 0x03, 0x2E, 0x9B, 0x40, 0x7A, 0x76, 0xF4, 0x4B, 0x48, 0x8B, 0x3B, 0x23, 0xB6, 0x62,
    0xA9, 0xCE, 0x90, 0xD6, 0x6B, 0x31, 0x6A, 0x22, 0xAA, 0x17, 0xA1, 0xC9, 0x1C, 0xA4, 0xD0, 0x4A,
    0x69, 0xF3, 0xE1, 0x12, 0xCC, 0xE4, 0x49, 0xA7, 0x1D, 0xBC, 0x29, 0x26, 0xBB, 0x50, 0x0E, 0x05,
    0xC0, 0xA3, 0x91, 0x0D, 0x00, 0x88, 0x4C, 0x26, 0x25, 0xD8, 0x56, 0xC5, 0x12, 0x0F, 0x19, 0xF6,
    0x66, 0xFB, 0x88, 0x61, 0xC7, 0x31, 0x0A, 0x0D, 0xA9, 0x0B, 0x20, 0x44, 0x2C, 0x34, 0x9A, 0xA1,
    0x9D, 0x36, 0x88, 0x45, 0x8A, 0x96, 0x02, 0x28, 0xD2, 0xB1, 0x80, 0x24, 0x28, 0x0A, 0x08, 0x05,
    0x76, 0x6B, 0xA3, 0x98, 0x26, 0xD8, 0x0B, 0x65, 0x62, 0xF6, 0x86, 0xD7, 0xA6, 0x60, 0x2E, 0xDD,
    0xE3, 0x1C, 0x0F, 0xD3, 0x2F, 0xCD, 0x17, 0x91, 0xD4, 0xB8, 0x8E, 0x6F, 0x10, 0x61, 0xA9, 0xC0,
    0xBB, 0x10, 0xF7, 0x81, 0x90, 0x1F, 0x93, 0x25, 0x30, 0x45, 0x62, 0xF8, 0x18, 0xBC, 0xF9, 0xC9,
    0x1D, 0xFF, 0xB1, 0x9E, 0xBE, 0xDB, 0x0D, 0xD3, 0xC9, 0x11, 0x09, 0xF9, 0x9E, 0xF4, 0x72, 0xC2,
    0x85, 0x3A, 0xF3, 0xC6, 0xAA, 0xA9, 0x8A, 0x2C, 0xAB, 0xA3, 0xD4, 0x96, 0x2C, 0x82, 0xAF, 0x5B,
    0xEC, 0xB7, 0x0E, 0x1D, 0x2E, 0xDA, 0xDB, 0x88, 0xE6, 0x1C, 0x56, 0xB7, 0xA8, 0xAA, 0x87, 0xAA,
    0x59, 0x2F, 0x10, 0x9A, 0x73, 0xB6, 0x76, 0x6F, 0xA5, 0x2A, 0x49, 0xCC, 0xC6, 0x8E, 0xFB, 0x48,
    0x6B, 0x1F, 0x13, 0xD8, 0x4A, 0x9D, 0xEF, 0x8D, 0x80, 0x24, 0x6D, 0x5D, 0x78, 0xCA, 0x12, 0x30,
    0x50, 0x93, 0x08, 0x87, 0xEA, 0x10, 0x69, 0x84, 0x76, 0x3D, 0xE9, 0xF5, 0x41, 0x5F, 0xE7, 0x56,
    0x63, 0x9A, 0x68, 0xA3, 0x00, 0x06, 0x63, 0x86, 0x79, 0x7D, 0x3D, 0xE4, 0x31, 0xDD, 0x57, 0xC1,
    0x9B, 0xB2, 0xFE, 0xA8, 0x6E, 0x91, 0x24, 0x21, 0x0C, 0x88, 0x8A, 0x08, 0x12, 0x95, 0x81, 0xB8,
    0x1C, 0x50, 0x92, 0xEF, 0x3D, 0xA0, 0xFE, 0x26, 0x5D, 0x40, 0x3B, 0x3E, 0xCE, 0x80, 0x7F, 0x5C,
    0x92, 0x82, 0x94, 0x18, 0x02, 0x12, 0x04, 0x94, 0x40, 0xF7, 0x2E, 0xA7, 0xE9, 0xC3, 0xC0, 0x8A,
    0x21, 0x08, 0x2E, 0xD4, 0x1E, 0x21, 0x65, 0x42, 0x05, 0x75, 0xDA, 0x87, 0x04, 0x59, 0x2A, 0x23,
    0x21, 0x24, 0xFC, 0xF5, 0x21, 0x58, 0x04, 0x70, 0x59, 0xDD, 0x42, 0x55, 0x7B, 0x7A, 0x71, 0xC2,
    0xED, 0xDB, 0x7D, 0xFA, 0x06, 0x13, 0x25, 0x05, 0x2E, 0xC2, 0x30, 0x0C, 0xBC, 0xBC, 0x94, 0x14,
    0xC8, 0x80, 0x6A, 0x09, 0xF0, 0x24, 0x59, 0x16, 0x56, 0x18, 0x09, 0x95, 0x74, 0xA7, 0x63, 0xDC,
    0x07, 0x48, 0x08, 0xED, 0x56, 0x84, 0x51, 0x3E, 0xB0, 0x05, 0x28, 0x30, 0x60, 0xC2, 0x83, 0x65,
    0x00, 0xF9, 0x03, 0x95, 0x11, 0xFB, 0x6D, 0x19, 0x03, 0xA8, 0x0D, 0x1D, 0x0D, 0xF0, 0x89, 0xA7,
    0x33, 0x19, 0x5C, 0x60, 0x3E, 0xF4, 0x81, 0xF7, 0xD3, 0x58, 0x85, 0x14, 0x81, 0x06, 0x64, 0xAD,
    0x80, 0x5C, 0xFB, 0xD0, 0x19, 0x71, 0x4C, 0x40, 0x03, 0x67, 0x03, 0xDD, 0xA6, 0x30, 0xD6, 0x7B,
    0xBC, 0x6E, 0x65, 0x36, 0xA4, 0xD3, 0x42, 0x80, 0xE3, 0x44, 0x1D, 0x4F, 0xC4, 0x23, 0x61, 0x31,
    0x14, 0x63, 0x22, 0xEE, 0xD1, 0x40, 0x4D, 0xE8, 0x0C, 0x0C, 0x11, 0x88, 0x4C, 0x7C, 0x61, 0x1D,
    0x40, 0xB2, 0x8A, 0xF0, 0xD5, 0x8B, 0x18, 0x44, 0xB0, 0x87, 0xDB, 0xCD, 0xD6, 0x11, 0x50, 0x3E,
    0xBC, 0xD0, 0x2A, 0x20, 0x42, 0x0A, 0xC2, 0x0B, 0x5B, 0x93, 0x59, 0xA8, 0x71, 0xA1, 0xE0, 0x30,
    0x07, 0xFE, 0xCF, 0xC1, 0xA7, 0xF4, 0x66, 0xD0, 0x91, 0x80, 0x9C, 0x4D, 0xC2, 0x26, 0x96, 0x36,
    0x42, 0x3A, 0xB2, 0x07, 0xE5, 0xC6, 0x29, 0xF4, 0xB1, 0xEA, 0x50, 0x0D, 0x2E, 0x0B, 0x09, 0x1D,
    0xA7, 0x93, 0xA3, 0x53, 0x94, 0x16, 0x66, 0x4D, 0x9E, 0x1E, 0x40, 0x76, 0x7B, 0x7E, 0x5C, 0xC7,
    0x28, 0x6C, 0x9C, 0x3D, 0xC3, 0x9A, 0xB4, 0x16, 0x40, 0x52, 0x4E, 0x32, 0x2C, 0x3A, 0x84, 0x24,
    0x12, 0x40, 0xB4, 0x07, 0xDC, 0x13, 0x01, 0x74, 0x77, 0x1F, 0x0F, 0xA4, 0xE4, 0x22, 0x24, 0x7B,
    0x87, 0xD7, 0xA4, 0x71, 0xEF, 0xC4, 0x4D, 0xC8, 0xA5, 0x03, 0x10, 0x94, 0x34, 0x85, 0x2A, 0x6F,
    0x7C, 0xC4, 0x41, 0xD7, 0xA9, 0x9C, 0x27, 0xE5, 0x10, 0xA3, 0x4D, 0x89, 0x58, 0x14, 0x1D, 0xDD,
    0x4C, 0x0E, 0xD8, 0xE0, 0x90, 0xE0, 0xFD, 0xBD, 0x68, 0x79, 0x65, 0x38, 0x8A, 0x5E, 0x1E, 0xD4,
    0x80, 0xA1, 0xBF, 0x83, 0x03, 0xEF, 0x60, 0xB6, 0x67, 0xE5, 0x62, 0x7E, 0x5F, 0xE9, 0x8F, 0xD7,
    0x61, 0xC0, 0xE8, 0x68, 0xC9, 0xCF, 0x4D, 0x6E, 0x1D, 0x26, 0xDB, 0xEC, 0x21, 0x1E, 0x22, 0x15,
    0x55, 0x2A, 0xB9, 0x66, 0x64, 0xCB, 0x91, 0x2C, 0x44, 0x7A, 0x51, 0x0B, 0x57, 0xCE, 0xC8, 0x07,
    0xD5, 0x43, 0xEA, 0x7C, 0x07, 0xE2, 0x11, 0x07, 0x9F, 0x72, 0x74, 0x28, 0x06, 0x45, 0xAB, 0x65,
    0xAD, 0xA9, 0x02, 0xC7, 0x70, 0x82, 0x12, 0xFD, 0xCC, 0xD6, 0x87, 0xC2, 0x40, 0x37, 0xAE, 0x78,
    0x0F, 0x61, 0x3A, 0x6C, 0x40, 0x13, 0x6C, 0x8B, 0x2E, 0x9E, 0x8E, 0x87, 0x16, 0xE6, 0x04, 0x37,
    0x81, 0x95, 0x71, 0x15, 0x0F, 0xBF, 0xD0, 0x1F, 0xD3, 0x8C, 0x17, 0xB9, 0x1A, 0x28, 0xA0, 0xC3,
    0xE1, 0x3A, 0x0E, 0x0F, 0x34, 0xF3, 0x0E, 0x73, 0x60, 0x2F, 0x20, 0xE1, 0xC9, 0xFC, 0x23, 0x20,
    0x32, 0x32, 0x31, 0x75, 0x03, 0xB4, 0xFE, 0x14, 0x83, 0x49, 0x02, 0x29, 0x9F, 0x14, 0x49, 0x10,
    0x64, 0x5E, 0x1A, 0x8D, 0x07, 0x60, 0x77, 0xEA, 0x71, 0x3F, 0x1F, 0x85, 0x07, 0xCD, 0x12, 0x90,
    0x20, 0x9D, 0x96, 0xAC, 0xC2, 0x62, 0x1D, 0xA1, 0x61, 0xE6, 0x77, 0xA1, 0xEE, 0x8F, 0x3C, 0xB8,
    0x38, 0x0F, 0x31, 0xD3, 0xD0, 0xFE, 0x47, 0xA4, 0x03, 0x01, 0xBA, 0xA8, 0x91, 0x06, 0x86, 0xB9,
    0x5B, 0x1A, 0x29, 0x20, 0x59, 0x6A, 0x8E, 0x8C, 0x48, 0x63, 0x0A, 0x8F, 0x1A, 0x81, 0xAD, 0x27,
    0x0D, 0x7A, 0xE3, 0xFB, 0x10, 0x90, 0x6B, 0x66, 0xCE, 0x1D, 0x80, 0x90, 0x89, 0x08, 0x3C, 0x84,
    0xDE, 0x37, 0x37, 0x9E, 0x7E, 0x75, 0xDD, 0xB1, 0x02, 0xEE, 0x3B, 0xBB, 0xA2, 0x2A, 0x3F, 0x31,
    0xC1, 0xF7, 0x91, 0xA4, 0x2A, 0x7A, 0x5E, 0x2A, 0x7E, 0xA8, 0xCA, 0x01, 0x4A, 0x25, 0xCD, 0x45,
    0x51, 0x3B, 0x2D, 0x0F, 0xB4, 0x2A, 0xCA, 0x42, 0x64, 0x82, 0x63, 0x90, 0x9C, 0x79, 0xD7, 0x9E,
    0x76, 0xD1, 0x39, 0x95, 0x5C, 0xED, 0x28, 0xFB, 0x14, 0xA8, 0xE3, 0xF7, 0xC6, 0x76, 0x35, 0x89,
    0x0C, 0xED, 0x9A, 0x83, 0x3C, 0xE6, 0x1A, 0x83, 0x33, 0x98, 0xFB, 0x9F, 0x3F, 0xB7, 0xBB, 0x4E,
    0xEE, 0xDD, 0x9A, 0x66, 0x81, 0x94, 0x15, 0xD2, 0x54, 0xD4, 0x65, 0x44, 0x75, 0x08, 0x98, 0x40,
    0x13, 0x81, 0xE6, 0x3A, 0xBC, 0x86, 0x7C, 0xB2, 0x33, 0x9D, 0x3A, 0x5C, 0xA4, 0x0C, 0x69, 0x14,
    0xA0, 0x20, 0x2C, 0x13, 0xE7, 0xEF, 0xD7, 0x1F, 0xDA, 0x58, 0x61, 0x6B, 0xDC, 0xDF, 0xD7, 0x0B,
    0x90, 0xEA, 0x13, 0x9B, 0x84, 0xD9, 0x39, 0x48, 0x6E, 0x10, 0x30, 0x80, 0xF9, 0xEA, 0xA4, 0x8A,
    0xA2, 0x98, 0x0C, 0x25, 0xD1, 0x63, 0x6B, 0x32, 0x7F, 0x1E, 0x83, 0x34, 0xE4, 0x38, 0x5B, 0x18,
    0x3C, 0xC2, 0x5D, 0x73, 0xDD, 0x9A, 0x3B, 0x19, 0x42, 0x26, 0xAA, 0x82, 0x2A, 0x99, 0x82, 0x0A,
    0x42, 0x08, 0x89, 0x28, 0x2B, 0x27, 0x02, 0xA1, 0x18, 0x9A, 0xAA, 0x08, 0xAA, 0x66, 0x60, 0x22,
    0x69, 0x28, 0xC9, 0xC2, 0x40, 0x89, 0xAA, 0xA0, 0xA8, 0xA6, 0x46, 0x84, 0xAF, 0xCE, 0xB5, 0x6A,
    0x88, 0x86, 0x04, 0x68, 0x69, 0xAC, 0x4F, 0xAD, 0x9F, 0x72, 0x87, 0x63, 0x20, 0x44, 0x14, 0xA0,
    0x05, 0x2C, 0x49, 0x42, 0x00, 0x50, 0x5F, 0x3F, 0xA3, 0xA4, 0xEF, 0xEC, 0xCE, 0x49, 0x20, 0x76,
    0xFD, 0xE6, 0xC2, 0x77, 0x20, 0x06, 0xE0, 0xF1, 0x82, 0x78, 0xD4, 0xA6, 0x10, 0x8C, 0x18, 0x11,
    0x98, 0x4E, 0x8F, 0xC8, 0xDE, 0x89, 0x08, 0x13, 0x89, 0x1A, 0x16, 0xB7, 0x91, 0xDD, 0xAE, 0xBA,
    0x65, 0xD4, 0x57, 0x71, 0xD4, 0xC1, 0x9C, 0xAC, 0xE3, 0xD9, 0xC8, 0x4B, 0x79, 0x3A, 0xF9, 0x66,
    0x07, 0xB2, 0x2C, 0xDC, 0x30, 0x61, 0x65, 0x22, 0x23, 0x2B, 0x32, 0x00, 0x9A, 0x48, 0x3C, 0x91,
    0x0F, 0x80, 0x07, 0x8C, 0x7A, 0xD1, 0x3A, 0x21, 0x2F, 0x5F, 0x05, 0x0E, 0x95, 0x0F, 0x89, 0x0B,
    0x42, 0x29, 0x30, 0x85, 0x1C, 0x01, 0xDE, 0x4E, 0xC2, 0x0B, 0xBE, 0xC2, 0x62, 0x7B, 0xC4, 0x4D,
    0x7A, 0xBB, 0xAA, 0x79, 0xC7, 0xE0, 0x83, 0x94, 0x4C, 0x19, 0x6C, 0xDE, 0x9E, 0xEF, 0x2D, 0x32,
    0xAB, 0x85, 0x3E, 0x68, 0xA5, 0x5A, 0x68, 0x56, 0xD5, 0x4F, 0x00, 0x48, 0xC8, 0xC6, 0xC6, 0xA1,
    0xAF, 0x2F, 0x21, 0xF1, 0x38, 0xDF, 0x1C, 0x99, 0x09, 0xF9, 0x06, 0x29, 0x4A, 0x5D, 0x02, 0x22,
    0x1D, 0x5A, 0x86, 0x16, 0xC4, 0xF0, 0x8C, 0x21, 0xA7, 0x9C, 0x5D, 0x24, 0x01, 0x11, 0x2D, 0x77,
    0x6B, 0xD5, 0xA0, 0x4C, 0x3A, 0xC6, 0xCA, 0x61, 0xC4, 0x59, 0x13, 0x4D, 0x18, 0xB4, 0x16, 0xDA,
    0xA1, 0x86, 0x62, 0x0A, 0x04, 0x70, 0x6A, 0x0E, 0xA9, 0x18, 0xC0, 0x7A, 0xD9, 0xA1, 0xE1, 0x8D,
    0xC7, 0x0A, 0xDC, 0x68, 0x1C, 0x51, 0x31, 0xDF, 0xA4, 0xB4, 0x94, 0x14, 0xB4, 0x8C, 0x42, 0x83,
    0x89, 0x02, 0xA2, 0x71, 0x20, 0x23, 0x80, 0xCA, 0x95, 0x11, 0x42, 0xA9, 0x76, 0x04, 0x82, 0x00,
    0x94, 0x48, 0x45, 0x11, 0x0B, 0x39, 0x65, 0xD0, 0xEC, 0x6C, 0x1A, 0x76, 0xD2, 0x96, 0x44, 0xCF,
    0xCA, 0xCA, 0x85, 0xA1, 0x46, 0x2B, 0x2E, 0xBB, 0x81, 0xD6, 0xA1, 0x93, 0xF4, 0x8B, 0xA1, 0xA1,
    0x84, 0xA3, 0x71, 0x4D, 0x78, 0x40, 0xAE, 0xC7, 0x5B, 0x6F, 0x19, 0xBE, 0x18, 0x3C, 0xE8, 0x94,
    0xA3, 0x22, 0x14, 0xB5, 0x04, 0x90, 0x5A, 0x87, 0x1E, 0x22, 0x6E, 0xC2, 0xE7, 0x08, 0x30, 0x42,
    0x0C, 0x13, 0x89, 0x9E, 0x16, 0x40, 0xB5, 0x1C, 0xAA, 0x82, 0xA0, 0x49, 0x20, 0x80, 0xF4, 0x42,
    0xDB, 0x4E, 0x3E, 0x4D, 0x71, 0x64, 0x79, 0x2B, 0x3D, 0x01, 0xDC, 0xA4, 0x31, 0xDB, 0x80, 0xC0,
    0x34, 0x31, 0x44, 0xC7, 0xE5, 0x88, 0x87, 0x96, 0x50, 0xB9, 0x5D, 0x50, 0xBF, 0x14, 0xA3, 0xBB,
    0xA2, 0x8D, 0xB0, 0x62, 0x12, 0x3D, 0x41, 0xD6, 0x36, 0xB5, 0x04, 0xE0, 0x77, 0xE4, 0x36, 0xEB,
    0x6E, 0x22, 0xC4, 0x76, 0x4E, 0xA4, 0x2E, 0x87, 0x67, 0xAD, 0x44, 0xC7, 0xD4, 0x5E, 0x87, 0x76,
    0x56, 0x1F, 0x69, 0xBE, 0xF7, 0x76, 0x9F, 0x85, 0xAC, 0x9E, 0x48, 0xC6, 0x40, 0xFC, 0xEC, 0xDC,
    0x03, 0xE8, 0xF7, 0x7E, 0x8B, 0x6D, 0x36, 0xC6, 0x93, 0x00, 0x48, 0x00, 0x7C, 0xDE, 0xEF, 0xC2,
    0x12, 0x53, 0x53, 0x11, 0xF1, 0xF3, 0x3B, 0x0E, 0xD0, 0x4F, 0x56, 0x7E, 0x3B, 0x1E, 0xC4, 0xEE,
    0x10, 0x15, 0x82, 0x42, 0xCF, 0xA1, 0x89, 0x78, 0x43, 0x15, 0x13, 0xA8, 0x16, 0xF3, 0xF5, 0xCE,
    0x7E, 0xDF, 0x6B, 0xBC, 0x07, 0x1F, 0x61, 0x0D, 0x4C, 0xD3, 0x38, 0xD4, 0x93, 0xD4, 0x30, 0x16,
    0x87, 0xE9, 0x00, 0xEC, 0x44, 0x20, 0x84, 0x40, 0x20, 0xA9, 0x4E, 0x30, 0xEC, 0x80, 0x4E, 0x5A,
    0x4A, 0xD4, 0x08, 0x2F, 0x24, 0x14, 0x56, 0x01, 0x11, 0x36, 0x80, 0xB3, 0x3D, 0xF9, 0x19, 0xC6,
    0xE7, 0x14, 0x50, 0x90, 0x8A, 0xCB, 0x3B, 0x18, 0x0C, 0x14, 0x64, 0x1E, 0xA0, 0x6C, 0xDB, 0xE4,
    0xC0, 0xE9, 0xDA, 0x11, 0xE0, 0xA3, 0x84, 0xA5, 0x2D, 0x50, 0x28, 0x47, 0xB9, 0x09, 0x74, 0x25,
    0xD9, 0xF7, 0x5C, 0xFE, 0x84, 0x17, 0x63, 0xD2, 0x4C, 0x4B, 0x52, 0xC9, 0xB9, 0xD0, 0xAE, 0xE4,
    0xB2, 0x34, 0x7B, 0x97, 0x78, 0x35, 0x08, 0x26, 0x40, 0x97, 0x78, 0x31, 0x28, 0x27, 0x05, 0x13,
    0x2A, 0xA1, 0x11, 0x75, 0x22, 0xEF, 0x8E, 0xBF, 0x1D, 0x41, 0x39, 0xDF, 0xD9, 0xD0, 0xF7, 0xE6,
    0x5E, 0x66, 0xAC, 0x12, 0x19, 0x24, 0x92, 0x64, 0x82, 0xC2, 0xD6, 0x28, 0xB3, 0xB7, 0xE4, 0xFC,
    0x5E, 0x52, 0x69, 0x7C, 0x34, 0x6C, 0xF6, 0x7C, 0x37, 0x85, 0x02, 0x57, 0x98, 0xC0, 0xD1, 0x1C,
    0x5A, 0x5F, 0x3C, 0x1C, 0x29, 0xC5, 0x74, 0xBE, 0x07, 0x11, 0x17, 0x69, 0x3D, 0xAD, 0x43, 0x20,
    0x82, 0x19, 0xF2, 0xD2, 0xA8, 0xD2, 0x58, 0x71, 0x48, 0x2B, 0xC5, 0xBB, 0x2E, 0x08, 0x32, 0x76,
    0x12, 0x07, 0x9B, 0xDF, 0xB5, 0x90, 0x87, 0x47, 0x17, 0xD6, 0x37, 0x4D, 0x46, 0x2A, 0x6B, 0xBF,
    0x7C, 0xC1, 0x46, 0x35, 0x38, 0xC9, 0x0A, 0x46, 0x41, 0xA8, 0xC1, 0xB6, 0x9B, 0xB1, 0x60, 0xB1,
    0x89, 0xB4, 0x38, 0x58, 0xEC, 0x89, 0x12, 0x2E, 0x0E, 0x59, 0x59, 0x91, 0x61, 0x65, 0x56, 0xE9,
    0x59, 0x08, 0xDB, 0x41, 0x93, 0x16, 0x62, 0x0D, 0xAA, 0x00, 0x54, 0x4C, 0x63, 0x10, 0x18, 0x53,
    0x2F, 0x25, 0x08, 0xA1, 0x04, 0x4C, 0x0E, 0xC4, 0x65, 0x0C, 0xA0, 0xDA, 0x6E, 0xDC, 0x60, 0x78,
    0x73, 0x18, 0xC6, 0x0C, 0x30, 0x85, 0xA0, 0xD8, 0x11, 0xA0, 0x8C, 0xE8, 0x1B, 0x37, 0xA7, 0x64,
    0x6E, 0x69, 0x19, 0x80, 0x74, 0xEB, 0xE2, 0x6C, 0x1E, 0x36, 0x19, 0xB4, 0x07, 0x02, 0x62, 0x56,
    0xCC, 0x4C, 0x64, 0x13, 0x50, 0xBA, 0xF2, 0x30, 0x72, 0x4B, 0x79, 0x51, 0x98, 0x6D, 0x41, 0x68,
    0xFC, 0x32, 0x02, 0x81, 0xC4, 0xD0, 0xAA, 0x8F, 0x86, 0xC1, 0x59, 0xA1, 0x00, 0x08, 0x01, 0xF1,
    0xCE, 0xCE, 0x55, 0x95, 0xB4, 0x4D, 0x62, 0x0C, 0x89, 0x00, 0x12, 0x61, 0x95, 0x11, 0x16, 0x2E,
    0xBA, 0x60, 0x69, 0xC2, 0xF5, 0x1D, 0xA1, 0x07, 0xB1, 0xCC, 0x28, 0x47, 0xF4, 0x91, 0xF4, 0x07,
    0x65, 0x6B, 0x19, 0x87, 0x10, 0xA6, 0x64, 0x24, 0x64, 0x70, 0x75, 0xA1, 0xC1, 0x99, 0x5D, 0x66,
    0x55, 0x56, 0x06, 0x03, 0x28, 0x46, 0x29, 0x18, 0xA4, 0x60, 0x0C, 0x81, 0x97, 0x98, 0x6C, 0xDC,
    0x1F, 0x5D, 0x88, 0x68, 0xBA, 0x09, 0x5C, 0x16, 0x75, 0xD3, 0x18, 0xAC, 0x03, 0xC4, 0x44, 0x33,
    0x53, 0x09, 0x04, 0x02, 0x41, 0x69, 0x03, 0x04, 0x1D, 0x05, 0xF5, 0x00, 0xB9, 0x9A, 0x70, 0x7D,
    0x63, 0x95, 0x04, 0xA5, 0x08, 0xE9, 0x4F, 0x64, 0x24, 0xA1, 0x04, 0xAC, 0x88, 0x98, 0x09, 0xE3,
    0x98, 0x0A, 0x38, 0xB1, 0x89, 0x18, 0x12, 0x31, 0x14, 0xB1, 0xD3, 0x05, 0x01, 0x32, 0x3F, 0x64,
    0x01, 0x97, 0xB5, 0x25, 0x28, 0x82, 0x84, 0x7B, 0xBE, 0x31, 0xE7, 0xC8, 0xF6, 0x57, 0xAC, 0x1D,
    0xB0, 0x2F, 0x4E, 0xF0, 0x20, 0x47, 0x88, 0x3B, 0x86, 0xC8, 0x55, 0x88, 0x55, 0xA4, 0x88, 0x92,
    0x08, 0x31, 0x13, 0x25, 0x5D, 0xE3, 0x43, 0x60, 0xD3, 0xD4, 0x15, 0x2E, 0x25, 0x73, 0xA5, 0x8C,
    0x04, 0x28, 0x80, 0xC5, 0x9B, 0x14, 0xDC, 0x47, 0x73, 0x74, 0xD4, 0x0F, 0x85, 0x4D, 0xF1, 0xAE,
    0x19, 0xAE, 0x39, 0xF5, 0x50, 0xDA, 0x87, 0x8C, 0xC4, 0x4F, 0x1D, 0xAF, 0x01, 0x07, 0x8A, 0xC0,
    0x84, 0x10, 0x90, 0x41, 0x35, 0x31, 0x14, 0x51, 0x13, 0x10, 0x92, 0x92, 0x10, 0x75, 0xD2, 0x3E,
    0xAF, 0x90, 0x25, 0x31, 0x9B, 0xE2, 0x05, 0xAE, 0x6D, 0x1B, 0x2A, 0x65, 0x8D, 0x5C, 0xB9, 0x40,
    0x17, 0x08, 0x0A, 0x19, 0x41, 0x46, 0x82, 0x2C, 0x9E, 0x37, 0x96, 0x71, 0xA0, 0x70, 0xB5, 0x00,
    0x62, 0x66, 0x4C, 0xBB, 0xB2, 0x13, 0x7B, 0x30, 0xD4, 0xE4, 0x86, 0x6B, 0x5A, 0xD4, 0x96, 0x58,
    0x25, 0x00, 0x50, 0x06, 0x13, 0x10, 0x2C, 0x43, 0x32, 0xEE, 0xA4, 0x31, 0x85, 0x21, 0xCC, 0xAA,
    0xAA, 0xA1, 0x76, 0xEB, 0x1D, 0xD6, 0x64, 0x61, 0xCE, 0x81, 0x15, 0xC0, 0xD9, 0x8A, 0x9B, 0x50,
    0x34, 0x60, 0x29, 0x0F, 0x20, 0xE8, 0x61, 0xD2, 0xB0, 0xE8, 0xC3, 0x21, 0xB4, 0x2E, 0x93, 0x46,
    0xB0, 0x51, 0x4D, 0x0B, 0x4B, 0x15, 0x01, 0x40, 0x41, 0x12, 0x4A, 0xF7, 0xC1, 0x81, 0xDE, 0xFC,
    0x38, 0x4E, 0xD4, 0x03, 0xA7, 0x2E, 0xA3, 0xDF, 0xE6, 0x1F, 0xAD, 0xF1, 0xD5, 0x1A, 0xFA, 0x75,
    0x97, 0x8A, 0xCC, 0x1E, 0x86, 0x0F, 0x10, 0x5B, 0xC3, 0xC2, 0xE7, 0x7B, 0xE0, 0x33, 0x53, 0xEC,
    0xB8, 0x12, 0x2E, 0x78, 0x5F, 0xCA, 0xF6, 0xB2, 0x57, 0x2D, 0x76, 0xE2, 0x20, 0x48, 0x7A, 0x35,
    0x15, 0x90, 0x1B, 0x19, 0x79, 0x50, 0x81, 0x16, 0x10, 0x21, 0x02, 0x20, 0x60, 0x44, 0x99, 0x10,
    0x1F, 0xD1, 0xF0, 0xC4, 0xD4, 0xCC, 0x55, 0x54, 0x45, 0x20, 0x7D, 0x08, 0x04, 0x55, 0x0E, 0x3F,
    0x7A, 0xFE, 0x96, 0x0B, 0x80, 0x40, 0x3B, 0x5F, 0xA5, 0x3C, 0x20, 0x86, 0xD5, 0xB4, 0xFC, 0xC6,
    0x04, 0x22, 0xEE, 0x53, 0xAD, 0x75, 0x23, 0xCA, 0x2D, 0x4C, 0x5E, 0x7E, 0x01, 0x85, 0xA8, 0x76,
    0x0C, 0x23, 0x48, 0x52, 0x33, 0x8B, 0x50, 0x62, 0x45, 0x5D, 0xDC, 0x29, 0xA7, 0xBA, 0xBC, 0x43,
    0xCA, 0x03, 0x23, 0x50, 0xFC, 0x5D, 0x3D, 0x98, 0x23, 0xC8, 0x1F, 0x1C, 0x5E, 0x84, 0x7B, 0xA3,
    0x60, 0x79, 0x9B, 0x7B, 0xC8, 0x13, 0xF7, 0xE7, 0x82, 0xB7, 0x81, 0xA8, 0x56, 0x9A, 0x2F, 0x6F,
    0xF2, 0x92, 0x81, 0x3C, 0x92, 0x54, 0xE6, 0x68, 0xC8, 0xE9, 0x2A, 0xA6, 0xA4, 0x0A, 0x13, 0xE6,
    0xF9, 0x6C, 0xA1, 0x0A, 0x8A, 0x83, 0xD3, 0xAA, 0xCC, 0xAF, 0x9D, 0x10, 0x2C, 0x33, 0xA8, 0x20,
    0x77, 0xFB, 0x30, 0x58, 0x2A, 0x68, 0x2B, 0xA0, 0x6F, 0x46, 0x52, 0x20, 0x22, 0x0A, 0xAA, 0x16,
    0x60, 0x29, 0x04, 0x80, 0x29, 0x8A, 0x0B, 0x10, 0x21, 0x81, 0x08, 0x7E, 0xA8, 0x5A, 0x97, 0x77,
    0x1D, 0xBD, 0xE2, 0x3E, 0x56, 0xB6, 0x48, 0xE4, 0x3D, 0x20, 0x63, 0x07, 0x3E, 0x03, 0x43, 0x78,
    0x68, 0xF8, 0x61, 0x6A, 0x2D, 0x9C, 0xD9, 0x7C, 0xF4, 0x92, 0x90, 0xD8, 0x89, 0x81, 0x4A, 0x96,
    0x1D, 0x1A, 0x58, 0x56, 0x00, 0xDC, 0x68, 0x24, 0x91, 0xC4, 0xC4, 0xA1, 0x03, 0xD4, 0x7D, 0x3A,
    0x0D, 0xC7, 0x9D, 0xDB, 0x39, 0x79, 0x51, 0x35, 0x71, 0x88, 0x27, 0x0F, 0x02, 0xF6, 0x63, 0xC1,
    0x1D, 0x39, 0x25, 0x0E, 0x87, 0x50, 0x64, 0xC9, 0x0E, 0x4E, 0x87, 0x1F, 0xFC, 0xBA, 0xF4, 0x06,
    0x8F, 0xAB, 0x18, 0xC9, 0x24, 0x03, 0x3D, 0x51, 0xE6, 0x30, 0x78, 0x19, 0xAF, 0x98, 0x34, 0x60,
    0x17, 0xDE, 0x73, 0x34, 0x50, 0xBB, 0x8E, 0x7F, 0xD8, 0xB3, 0x45, 0x29, 0x32, 0x82, 0xCC, 0x27,
    0x0C, 0x6D, 0x4F, 0xC5, 0x01, 0x74, 0xC7, 0x08, 0x4E, 0xEE, 0xC3, 0xCA, 0x32, 0x03, 0x06, 0x23,
    0xB8, 0xF1, 0xF6, 0xF6, 0x3F, 0x76, 0x39, 0xBC, 0x1E, 0x58, 0x34, 0x37, 0x5C, 0x89, 0xD4, 0x5D,
    0xDE, 0x05, 0xC5, 0x7D, 0x23, 0xCB, 0x2D, 0x4F, 0x81, 0x37, 0x46, 0x85, 0xAE, 0xE2, 0x44, 0xB3,
    0x00, 0x22, 0x40, 0x58, 0x99, 0x98, 0x87, 0xC8, 0x03, 0xC1, 0x0E, 0x05, 0x16, 0xEB, 0x39, 0xE5,
    0x65, 0xE2, 0x3D, 0x38, 0x48, 0x75, 0xC6, 0xF1, 0x3C, 0x5B, 0xFB, 0x67, 0x9C, 0x13, 0xA4, 0x38,
    0xA6, 0x86, 0x7E, 0x4D, 0x8F, 0xEB, 0x51, 0x2A, 0x93, 0xF6, 0xA3, 0x41, 0x12, 0x69, 0xA8, 0x99,
    0x0B, 0x07, 0x3A, 0x7B, 0x14, 0x4C, 0x73, 0xE6, 0x4C, 0x60, 0x90, 0x7E, 0xE6, 0x51, 0x88, 0xB3,
    0xD4, 0x03, 0xA9, 0x81, 0xCF, 0xAD, 0x11, 0xF9, 0x0E, 0xE2, 0x14, 0xA0, 0x03, 0x22, 0xA5, 0x97,
    0xD6, 0x8F, 0x9E, 0x59, 0x40, 0xC8, 0xE0, 0xC9, 0x36, 0x24, 0xB8, 0xF3, 0x09, 0xB4, 0xD2, 0xE4,
    0xDE, 0x58, 0x4E, 0x10, 0x65, 0x04, 0x31, 0x40, 0xFF, 0x47, 0x7E, 0x89, 0x1D, 0xA4, 0x00, 0x05,
    0x1E, 0xA8, 0x89, 0xAE, 0x2B, 0xCB, 0x45, 0x87, 0x0E, 0x78, 0x38, 0x06, 0x15, 0x8E, 0x6A, 0xDF,
    0xCB, 0xF6, 0x4A, 0x53, 0x50, 0x80, 0xB7, 0x65, 0x46, 0x03, 0x08, 0x0C, 0x01, 0x90, 0x4A, 0x7E,
    0xC2, 0x34, 0x3D, 0x63, 0xE5, 0xDF, 0xEF, 0x87, 0xEA, 0x78, 0x2F, 0x6D, 0xB8, 0x1D, 0x5A, 0x89,
    0xEE, 0x96, 0x3A, 0x5C, 0xBE, 0xFE, 0xAC, 0xB2, 0x35, 0x3D, 0x9E, 0x1E, 0x1A, 0x1D, 0xF6, 0xEF,
    0x4F, 0x82, 0x1A, 0x0F, 0x34, 0x13, 0xB7, 0xC9, 0xD8, 0x90, 0x90, 0x81, 0x55, 0x54, 0x8B, 0x21,
    0x0C, 0xC2, 0xF2, 0x2B, 0x0E, 0x49, 0x4C, 0x45, 0x10, 0x11, 0x4D, 0x34, 0x50, 0xC4, 0x8B, 0x03,
    0x11, 0x1D, 0xA8, 0x7E, 0xF7, 0xDF, 0x7B, 0x88, 0x08, 0x8E, 0xDC, 0x47, 0xC3, 0xD1, 0x0E, 0xBA,
    0x15, 0xE8, 0xE4, 0xE2, 0x51, 0xDB, 0xAB, 0x4E, 0xA6, 0x68, 0x81, 0xA0, 0xAD, 0xD8, 0x4D, 0xB8,
    0x70, 0x8B, 0xD7, 0x86, 0x35, 0x12, 0x6B, 0x02, 0xCC, 0x48, 0xA6, 0x49, 0xA4, 0x25, 0xA7, 0x09,
    0xC6, 0x86, 0xDC, 0xD2, 0x64, 0xB3, 0x48, 0x10, 0xD4, 0x90, 0x45, 0x56, 0xB0, 0x5C, 0x94, 0x72,
    0x50, 0xCA, 0x80, 0x93, 0xF3, 0x30, 0xC8, 0xA2, 0xD6, 0x1E, 0xDE, 0x37, 0xA1, 0x02, 0x48, 0x80,
    0x89, 0x56, 0x13, 0x99, 0x03, 0x41, 0x08, 0x34, 0x28, 0xB0, 0x30, 0x12, 0x08, 0x0B, 0x9D, 0x7B,
    0xBD, 0xCC, 0x08, 0x47, 0x21, 0x42, 0x8B, 0x85, 0xCC, 0x00, 0x16, 0xF3, 0xEF, 0xC7, 0x59, 0xF2,
    0xAF, 0xC9, 0xD0, 0x29, 0x82, 0x4E, 0xDE, 0x5C, 0x0E, 0xD2, 0xA0, 0x7D, 0xE7, 0x51, 0x39, 0x1D,
    0x0F, 0x2A, 0x52, 0x26, 0x09, 0xE6, 0x92, 0x52, 0xC0, 0x94, 0x4D, 0x49, 0x28, 0xD9, 0xFA, 0x30,
    0x14, 0x6C, 0xC5, 0x81, 0x8C, 0x13, 0x22, 0xC7, 0x1D, 0x86, 0x83, 0x07, 0x08, 0xC5, 0xA3, 0x50,
    0x55, 0x23, 0xA6, 0x41, 0x17, 0xEA, 0x39, 0x47, 0xD8, 0xC4, 0xDA, 0x3F, 0x12, 0x27, 0xCB, 0xDF,
    0x77, 0x89, 0xC9, 0x0E, 0xD5, 0xB6, 0xA4, 0xEB, 0xEC, 0x39, 0x75, 0x55, 0x3C, 0x7A, 0x29, 0xB7,
    0x46, 0x2C, 0x5A, 0xB6, 0x7C, 0x08, 0x74, 0x97, 0x6D, 0x88, 0x84, 0x07, 0xED, 0x63, 0x88, 0x66,
    0x65, 0x32, 0x9A, 0xE0, 0x26, 0x1A, 0x24, 0x8C, 0x85, 0xAC, 0xA7, 0x58, 0x41, 0xC8, 0xEF, 0x44,
    0xD8, 0xE5, 0x7F, 0x19, 0xE8, 0x06, 0xEF, 0xB6, 0xAD, 0x44, 0x64, 0x80, 0x04, 0x82, 0x11, 0x46,
    0x36, 0x21, 0x01, 0x43, 0x2F, 0xEC, 0xE6, 0x2E, 0x66, 0x2E, 0x66, 0x2D, 0xFB, 0x9E, 0x19, 0xC3,
    0x4F, 0x88, 0x2E, 0x7D, 0x9D, 0x49, 0xB8, 0x8B, 0x7F, 0x58, 0xF4, 0x1A, 0x78, 0x1B, 0xE9, 0x7B,
    0x53, 0x7E, 0x64, 0xA5, 0xDA, 0xDF, 0x40, 0x84, 0x39, 0xF0, 0xCB, 0xAB, 0x31, 0x1A, 0x20, 0x8D,
    0xD0, 0x00, 0xA0, 0x86, 0x6A, 0x54, 0x7E, 0xA1, 0xE3, 0xE0, 0x8F, 0x80, 0x1E, 0x5C, 0x17, 0x77,
    0x70, 0x9A, 0x25, 0x68, 0x7A, 0x0E, 0x6A, 0x78, 0x8B, 0x12, 0xE6, 0x66, 0x7D, 0xAB, 0xC0, 0xE3,
    0x1E, 0x92, 0x35, 0xD0, 0x50, 0x96, 0x82, 0x49, 0x32, 0x69, 0x68, 0x82, 0x51, 0xF9, 0x50, 0x03,
    0x35, 0x3A, 0x86, 0x51, 0xC5, 0xCA, 0x0F, 0x24, 0x43, 0x4F, 0x97, 0x0B, 0x78, 0x60, 0xAA, 0x98,
    0x02, 0xA3, 0x65, 0x80, 0x22, 0x72, 0xB2, 0x53, 0xB1, 0xD5, 0x4A, 0x1E, 0xC1, 0x36, 0x77, 0x7E,
    0xBD, 0x84, 0x8F, 0x5A, 0xF9, 0xAF, 0xD5, 0xAC, 0x90, 0x36, 0x63, 0xC3, 0x19, 0xD9, 0x04, 0x43,
    0x62, 0xCC, 0xD3, 0x7B, 0xC5, 0xAC, 0x3A, 0xC9, 0x64, 0xEE, 0xD6, 0xBB, 0xB6, 0x1C, 0x97, 0x16,
    0xC8, 0x0B, 0x35, 0x7A, 0x1D, 0xA6, 0x5E, 0xF7, 0x75, 0xCB, 0x62, 0x91, 0xAD, 0x11, 0xBD, 0xDC,
    0xAC, 0xD8, 0x97, 0x1C, 0xC1, 0x15, 0x67, 0x37, 0xB4, 0xDF, 0x0B, 0x1B, 0xDC, 0x78, 0x97, 0xAB,
    0x48, 0xF0, 0xEF, 0xB5, 0x9D, 0x58, 0x87, 0x2A, 0xCB, 0xCB, 0x87, 0xBD, 0x10, 0x68, 0x8C, 0xF0,
    0xD5, 0xA2, 0x0B, 0xC2, 0x71, 0x14, 0xCA, 0xF7, 0x45, 0xAC, 0x4D, 0x66, 0x37, 0xDD, 0x2D, 0x11,
    0xD7, 0xDA, 0xE6, 0x53, 0x2C, 0x0D, 0x8D, 0x69, 0xEA, 0x6B, 0x92, 0xA9, 0xAA, 0x9D, 0x1A, 0x28,
    0xB5, 0xB1, 0x5B, 0x71, 0x3C, 0x5C, 0x6B, 0x9D, 0x35, 0xB4, 0x2C, 0xAC, 0x91, 0x94, 0x44, 0x25,
    0xBE, 0x62, 0x21, 0xE4, 0xAE, 0xD6, 0x8A, 0xC4, 0xBB, 0xC5, 0x61, 0x3F, 0x55, 0xA1, 0xAE, 0x1C,
    0xFE, 0xD4, 0x60, 0x57, 0xE4, 0x87, 0x49, 0xAE, 0x99, 0x8B, 0x39, 0x94, 0x5B, 0x74, 0xCF, 0x8D,
    0x9B, 0xA8, 0xA6, 0xDE, 0xB5, 0x61, 0xA8, 0xD6, 0x75, 0x27, 0x3C, 0x6E, 0x43, 0x43, 0x95, 0xD8,
    0x40, 0xD7, 0x71, 0xCC, 0x1C, 0xC7, 0xF5, 0xFD, 0x16, 0xBB, 0x0D, 0x86, 0x6A, 0x07, 0x1B, 0x7D,
    0x53, 0xF2, 0xE8, 0x6D, 0x76, 0xD8, 0xCA, 0xD6, 0x33, 0xA9, 0xBA, 0xB6, 0x99, 0xA0, 0x66, 0x9C,
    0x08, 0x96, 0x03, 0x31, 0x12, 0xC3, 0xE2, 0xB4, 0x23, 0xC8, 0x92, 0x55, 0x50, 0x4A, 0x49, 0x24,
    0xA9, 0x0B, 0x0F, 0x07, 0x92, 0xE2, 0xBC, 0xF2, 0x0F, 0x55, 0x08, 0xF7, 0x87, 0xD3, 0x3F, 0x4B,
    0xD0, 0xC4, 0xBF, 0x23, 0x1C, 0x02, 0xA9, 0xD2, 0x7C, 0x35, 0xAC, 0x91, 0xC4, 0x85, 0x81, 0x83,
    0x41, 0x06, 0x39, 0x8C, 0x99, 0x39, 0x87, 0x36, 0x29, 0x30, 0x5A, 0xA8, 0x72, 0x2B, 0xE8, 0x3C,
    0xEA, 0x52, 0x78, 0xAF, 0x49, 0xB6, 0xEE, 0xB1, 0x0C, 0xC6, 0xB7, 0x04, 0x7C, 0x2A, 0xF0, 0x83,
    0xBF, 0xAE, 0x60, 0x6C, 0x3A, 0x0E, 0x9A, 0x2A, 0x70, 0xE4, 0xC2, 0x65, 0x53, 0x60, 0xD8, 0x34,
    0x5D, 0xCF, 0x0E, 0xFD, 0x6E, 0x86, 0xF2, 0x19, 0xEF, 0xDB, 0x90, 0x25, 0xC4, 0x33, 0x38, 0x57,
    0x7F, 0x15, 0xD3, 0x86, 0x9E, 0xA5, 0x13, 0x54, 0x02, 0x37, 0x80, 0x9A, 0xBF, 0xAF, 0x4A, 0x06,
    0x40, 0x69, 0xB0, 0xD4, 0x11, 0x30, 0x3D, 0x50, 0x22, 0x90, 0x69, 0x8E, 0x67, 0x2C, 0xB7, 0x42,
    0xF7, 0xDE, 0x64, 0x58, 0x34, 0x0E, 0xF7, 0x07, 0x45, 0x06, 0x61, 0xC4, 0x51, 0x0D, 0xF2, 0x07,
    0x9F, 0x8C, 0x59, 0x3F, 0x6C, 0x67, 0xCB, 0x5D, 0x55, 0x4F, 0x44, 0x06, 0x44, 0xF7, 0xAB, 0x2A,
    0xA8, 0x18, 0x10, 0x41, 0x20, 0xC2, 0xC9, 0x83, 0x09, 0x40, 0x62, 0x01, 0x04, 0x2B, 0x0B, 0x88,
    0x42, 0x0C, 0x42, 0x98, 0x01, 0x2A, 0xA2, 0xFA, 0xA5, 0x36, 0x31, 0x3A, 0xAA, 0x28, 0x8C, 0x56,
    0x7A, 0xEE, 0x35, 0xD0, 0x3A, 0x66, 0x0A, 0x1F, 0xAD, 0xC9, 0xE9, 0xD3, 0x0E, 0x1B, 0x99, 0xCA,
    0x2F, 0x5D, 0xFF, 0x3B, 0xD0, 0x28, 0xFA, 0x38, 0x5E, 0xFF, 0x2C, 0x42, 0x82, 0x84, 0x31, 0x2F,
    0xB9, 0xA3, 0x5A, 0x6F, 0x61, 0x87, 0x7C, 0x2C, 0x36, 0x98, 0xDB, 0x7B, 0x84, 0x0E, 0x03, 0x78,
    0xAD, 0x05, 0x21, 0x1D, 0x15, 0x96, 0xAA, 0x9B, 0x56, 0x63, 0x12, 0x6E, 0x73, 0x87, 0x1C, 0xAF,
    0x40, 0x07, 0x04, 0xCA, 0xA2, 0x29, 0x92, 0x57, 0xB9, 0x7C, 0x55, 0x0E, 0xA2, 0xB3, 0xD5, 0x50,
    0x0D, 0x50, 0xB0, 0x60, 0x34, 0x40, 0xA7, 0xBC, 0x2D, 0x80, 0xD3, 0x6D, 0xE3, 0xAA, 0x97, 0xCF,
    0x05, 0xB1, 0xCB, 0x6C, 0x03, 0xA2, 0xFF, 0x8E, 0x0D, 0x10, 0xF0, 0x08, 0xBA, 0x96, 0x4D, 0x0C,
    0x8A, 0x06, 0xE9, 0x08, 0xC1, 0x34, 0x0F, 0x8B, 0x68, 0xB7, 0x24, 0xB9, 0xF0, 0x83, 0x93, 0x58,
    0x79, 0x88, 0xDD, 0xB1, 0xE6, 0x14, 0xA6, 0x95, 0xCA, 0x56, 0x49, 0xCD, 0x98, 0xDA, 0x13, 0xE4,
    0xF4, 0x0D, 0x77, 0x6D, 0x32, 0xCA, 0x50, 0xD9, 0x7F, 0x15, 0xF0, 0x6A, 0x4B, 0x59, 0x7A, 0x86,
    0x4F, 0x69, 0xC0, 0x24, 0x84, 0xB2, 0xA5, 0x30, 0x4B, 0x69, 0x33, 0x46, 0x16, 0x54, 0x59, 0x2B,
    0x49, 0x32, 0x76, 0x3B, 0x51, 0x31, 0x41, 0x64, 0xDE, 0xDA, 0x04, 0x98, 0x4A, 0xED, 0x7C, 0xB3,
    0x84, 0x7B, 0x2E, 0x00, 0xE3, 0x4E, 0x6F, 0x7A, 0x33, 0x62, 0x54, 0x35, 0x43, 0xA1, 0x88, 0x1A,
    0x0B, 0x48, 0xD2, 0xEE, 0xB0, 0x51, 0x59, 0xA6, 0x13, 0xDB, 0x11, 0xC4, 0x9A, 0xD7, 0x76, 0xD6,
    0x52, 0x3D, 0x61, 0xC1, 0xAC, 0x16, 0xE2, 0xA1, 0x5D, 0xBA, 0x61, 0xB6, 0xD1, 0xB8, 0xEC, 0x6A,
    0x28, 0x2A, 0xE5, 0xED, 0x94, 0xC2, 0x41, 0x29, 0x8A, 0x19, 0x2F, 0x3F, 0x24, 0xAA, 0xAA, 0xC8,
    0xB3, 0x08, 0xC0, 0x89, 0x21, 0xD1, 0x88, 0x08, 0xA9, 0x67, 0x64, 0x55, 0x82, 0x66, 0x6D, 0x10,
    0x01, 0xA0, 0x48, 0x64, 0x0D, 0x74, 0x19, 0x3A, 0x23, 0x23, 0x19, 0x62, 0x26, 0x06, 0x61, 0xC4,
    0xDC, 0x72, 0x1B, 0xDB, 0xB6, 0x0A, 0x22, 0x76, 0xD4, 0x27, 0x14, 0xCE, 0xB6, 0x66, 0x15, 0xA0,
    0xC2, 0x28, 0x22, 0x85, 0xF3, 0x9A, 0xA9, 0xCC, 0x60, 0x34, 0xCB, 0x6C, 0xEC, 0x36, 0x21, 0x86,
    0x88, 0xA0, 0x30, 0x2A, 0x18, 0x68, 0x7C, 0xEE, 0xEA, 0x10, 0x89, 0x4F, 0xA2, 0x34, 0xF4, 0xD4,
    0x3B, 0x59, 0xF3, 0x2C, 0xEE, 0x03, 0xB6, 0xF7, 0xB1, 0x58, 0x1D, 0x35, 0x33, 0x0D, 0x36, 0x19,
    0x35, 0x55, 0x14, 0xD7, 0x9E, 0x03, 0x37, 0x16, 0xD2, 0xE1, 0x2E, 0xEC, 0x6D, 0x98, 0x84, 0x61,
    0xE1, 0x28, 0xEA, 0xDE, 0x9B, 0x3B, 0x30, 0x2C, 0x84, 0xA0, 0x0A, 0x8A, 0x68, 0x88, 0x89, 0xA8,
    0xA1, 0x35, 0x21, 0x92, 0xA5, 0x24, 0x46, 0x9C, 0x0C, 0x0A, 0x26, 0x02, 0x84, 0x6A, 0x29, 0x98,
    0x89, 0x85, 0x68, 0x62, 0x3A, 0xE9, 0xB3, 0x54, 0x45, 0x34, 0x92, 0x40, 0x13, 0x45, 0x33, 0x11,
    0x30, 0x8D, 0x2D, 0x45, 0x54, 0x1A, 0x39, 0x8A, 0x70, 0xC7, 0x13, 0x5A, 0x9E, 0x08, 0xC1, 0x48,
    0x29, 0x72, 0x94, 0x0D, 0xC6, 0xA1, 0xA8, 0x0E, 0x69, 0x7C, 0x05, 0x80, 0x6A, 0x34, 0x00, 0xE1,
    0xD0, 0x29, 0xDE, 0x68, 0x3B, 0xC0, 0x76, 0x38, 0x1C, 0x83, 0xC0, 0x87, 0x0A, 0x73, 0xA4, 0xA6,
    0x29, 0x60, 0xC1, 0x24, 0xD0, 0xE2, 0xED, 0x4D, 0xA4, 0xED, 0x91, 0xD2, 0x1D, 0x83, 0xB7, 0xAA,
    0xBA, 0x1E, 0x89, 0xA1, 0xC7, 0x03, 0xA0, 0xE2, 0x1A, 0x02, 0x49, 0xE0, 0xD1, 0x49, 0x11, 0x44,
    0x45, 0x1C, 0xAE, 0x22, 0x76, 0x52, 0xFD, 0x6C, 0x11, 0x38, 0xBB, 0x0E, 0x45, 0x34, 0xD3, 0xBC,
    0xA4, 0x2A, 0xE8, 0x08, 0x5C, 0x5D, 0xCD, 0x1C, 0x8C, 0x3B, 0x24, 0x0E, 0xD7, 0x96, 0x1E, 0xD5,
    0xC1, 0xC2, 0x73, 0x15, 0xB1, 0xD0, 0x1D, 0xC2, 0x6A, 0x51, 0xF3, 0xB0, 0x23, 0x43, 0x43, 0x37,
    0x48, 0xF4, 0x91, 0xA5, 0x86, 0x58, 0xC4, 0xAE, 0x42, 0x8F, 0x80, 0x72, 0x4C, 0xCD, 0x18, 0xBE,
    0x47, 0xA1, 0xBE, 0xB3, 0x30, 0x2E, 0x8A, 0x6E, 0x68, 0x3A, 0xEC, 0x65, 0xEC, 0xC1, 0x33, 0x86,
    0x09, 0x01, 0xBA, 0xF0, 0x65, 0x07, 0x57, 0xA7, 0x3D, 0x44, 0xCA, 0xCC, 0x7A, 0x88, 0xFA, 0x79,
    0x7B, 0x9F, 0x31, 0x32, 0x7C, 0x3B, 0xB4, 0xEA, 0x24, 0x61, 0x82, 0x99, 0xED, 0xB3, 0x22, 0x38,
    0x03, 0x00, 0x08, 0x84, 0xF9, 0x7F, 0x9D, 0xC1, 0xAD, 0x6A, 0x68, 0xC4, 0x43, 0xE0, 0x88, 0xFE,
    0xC2, 0x4A, 0xF2, 0x73, 0x8C, 0x07, 0x53, 0xD0, 0x3D, 0xB3, 0x51, 0x23, 0xF5, 0x81, 0xB0, 0x43,
    0x88, 0x41, 0xA0, 0xAB, 0x85, 0x70, 0x40, 0x42, 0x84, 0xA2, 0x0E, 0x15, 0xE8, 0x1E, 0x99, 0x61,
    0x3E, 0x92, 0xD4, 0x5E, 0x27, 0x93, 0xBC, 0x94, 0x1E, 0x8E, 0xDA, 0xC7, 0x62, 0xF5, 0xEF, 0x22,
    0x30, 0x35, 0xA0, 0xC1, 0xA9, 0x02, 0x09, 0x13, 0xAF, 0x9D, 0x40, 0xCB, 0x33, 0x50, 0x18, 0x78,
    0xB0, 0x54, 0x61, 0x09, 0x24, 0x19, 0x20, 0xDC, 0x63, 0x73, 0x41, 0xA4, 0x80, 0xAC, 0x11, 0xC0,
    0xD0, 0x6B, 0x4E, 0x28, 0x12, 0x62, 0x0C, 0xC8, 0xBA, 0x49, 0xCB, 0x4F, 0xC9, 0x86, 0x35, 0x5A,
    0x54, 0x20, 0x16, 0x9B, 0x93, 0x05, 0x24, 0xC4, 0xC6, 0x29, 0x42, 0xC8, 0x6D, 0x7A, 0x9A, 0x6A,
    0x05, 0xE0, 0xB2, 0x2E, 0xFF, 0xAC, 0xF9, 0xB9, 0xCC, 0x70, 0xD9, 0x08, 0x68, 0xB1, 0xE5, 0x88,
    0xA5, 0xDE, 0x89, 0x04, 0x48, 0xB4, 0xDC, 0x30, 0x33, 0x21, 0xB3, 0x55, 0x46, 0x1C, 0xF6, 0x4E,
    0xFA, 0xD8, 0x32, 0x03, 0x74, 0x05, 0xDB, 0x30, 0xE6, 0x89, 0x71, 0x45, 0x32, 0x20, 0xC6, 0x0D,
    0xA3, 0x11, 0x72, 0x27, 0x48, 0xE4, 0x8D, 0x0E, 0x36, 0x47, 0x24, 0x7B, 0xA5, 0xBD, 0x88, 0x41,
    0xF2, 0xFB, 0xD1, 0x67, 0x93, 0x8E, 0x07, 0xC6, 0x70, 0xB7, 0x01, 0x94, 0xD9, 0x93, 0x90, 0x44,
    0x49, 0x14, 0x60, 0x89, 0x2A, 0x53, 0x00, 0x80, 0x41, 0x42, 0x35, 0x56, 0x50, 0xCC, 0x9A, 0x19,
    0xFB, 0x0B, 0x33, 0x4A, 0x1E, 0x86, 0x98, 0x88, 0x52, 0x44, 0x01, 0x6A, 0x0C, 0x92, 0x62, 0xA0,
    0x06, 0xB0, 0x23, 0xD9, 0xEF, 0x3A, 0x21, 0xB9, 0x2E, 0x75, 0xBA, 0xB5, 0x4E, 0x46, 0x38, 0x59,
    0x5D, 0x4D, 0x1A, 0x22, 0x7C, 0x97, 0x01, 0x81, 0x87, 0x64, 0xA1, 0xA2, 0x14, 0x6B, 0x88, 0x0D,
    0xE2, 0xFE, 0x1D, 0x1F, 0x93, 0xF3, 0x76, 0xFB, 0xD6, 0x18, 0x68, 0x6D, 0xFA, 0xF0, 0x5E, 0x69,
    0x93, 0x42, 0xE0, 0xEA, 0x9D, 0xED, 0x76, 0xDC, 0x0E, 0x5D, 0x24, 0xBD, 0xC7, 0xE1, 0xA7, 0x48,
    0xC5, 0x5E, 0x98, 0xF1, 0xF5, 0xB0, 0x73, 0xDF, 0x1B, 0x5D, 0xD1, 0xC4, 0x6B, 0x64, 0x2D, 0x01,
    0xF0, 0xB0, 0xC7, 0xF9, 0x07, 0xAE, 0x12, 0x70, 0x9E, 0xA8, 0x27, 0xA4, 0xB4, 0xF6, 0x40, 0x7D,
    0x3E, 0xB6, 0x94, 0x7E, 0x41, 0x5B, 0x8A, 0x69, 0x15, 0x55, 0xA8, 0x43, 0x00, 0x74, 0x27, 0xB5,
    0x1F, 0xBD, 0x0B, 0x04, 0x00, 0x6B, 0xF5, 0x55, 0x3F, 0x46, 0x58, 0x62, 0x2A, 0x19, 0x64, 0x61,
    0x26, 0x08, 0x46, 0x48, 0x98, 0x11, 0x80, 0xA0, 0xFB, 0x09, 0xF6, 0xDE, 0x7E, 0xD0, 0x99, 0xE5,
    0xBF, 0x69, 0xFA, 0x8F, 0xB3, 0xFF, 0x24, 0x67, 0x71, 0x82, 0xF0, 0x30, 0x9E, 0x24, 0x14, 0x24,
    0xE8, 0x75, 0xE5, 0xC6, 0x07, 0x90, 0x34, 0x0F, 0xC1, 0x1F, 0xE0, 0x78, 0x47, 0x34, 0x59, 0x2D,
    0x10, 0x7E, 0x6A, 0x66, 0x3D, 0x81, 0x18, 0xF6, 0x28, 0xB4, 0x0A, 0xC8, 0xC8, 0x20, 0xFD, 0x05,
    0x52, 0x00, 0x74, 0x84, 0xE5, 0xE8, 0x3F, 0x01, 0xEC, 0x8F, 0x4D, 0x39, 0xFD, 0x21, 0xED, 0x7C,
    0x33, 0xB1, 0xE2, 0xDE, 0xAE, 0x4A, 0x6D, 0x5E, 0xCE, 0xAE, 0xAC, 0x48, 0x18, 0x59, 0x6F, 0xA6,
    0x7D, 0xF8, 0x02, 0x1B, 0x77, 0x3B, 0xD4, 0xE9, 0xCF, 0x63, 0xB3, 0x55, 0x24, 0x99, 0xAC, 0x3D,
    0x81, 0x9F, 0x02, 0x3E, 0x43, 0x49, 0xB7, 0x5B, 0xB6, 0x5A, 0x20, 0xA9, 0x78, 0xCB, 0x0B, 0x0D,
    0x46, 0x11, 0xEE, 0x25, 0x06, 0x80, 0x76, 0xC3, 0xE3, 0x04, 0x7A, 0x56, 0x1F, 0x80, 0x60, 0xC5,
    0xA8, 0x88, 0x81, 0xD7, 0x14, 0x00, 0xF0, 0xFC, 0x98, 0x65, 0x9F, 0x33, 0x50, 0x88, 0x68, 0x62,
    0x9E, 0xFC, 0x11, 0x37, 0x74, 0x18, 0x1D, 0xDE, 0x71, 0x0F, 0x92, 0x27, 0x95, 0x0F, 0x1E, 0x0E,
    0xCE, 0xB1, 0xE9, 0x18, 0x66, 0x59, 0x96, 0x12, 0x38, 0x30, 0x92, 0x80, 0xE5, 0x89, 0x8E, 0xBC,
    0x1B, 0xA1, 0x4C, 0x55, 0x30, 0x7E, 0x66, 0x20, 0x3B, 0x01, 0x06, 0x60, 0xF4, 0xF8, 0xBD, 0xAD,
    0xE9, 0xCC, 0x33, 0x03, 0x42, 0x30, 0x10, 0x71, 0x80, 0x0C, 0x90, 0x03, 0x1C, 0x4C, 0x54, 0x98,
    0x20, 0xFB, 0x24, 0x68, 0x4F, 0x33, 0x1F, 0x3E, 0x12, 0x48, 0x4A, 0x76, 0xCD, 0xA3, 0x4D, 0xB1,
    0xB1, 0x89, 0xB0, 0x47, 0x85, 0x67, 0x9D, 0x6D, 0xA5, 0x97, 0x2C, 0x0E, 0x55, 0xE3, 0xAF, 0x00,
    0xC4, 0x4E, 0x29, 0xC8, 0xAB, 0x51, 0xEB, 0x6F, 0x09, 0x7D, 0x07, 0x8E, 0xBE, 0x56, 0x6D, 0x13,
    0xCD, 0x73, 0xFB, 0x81, 0x97, 0x22, 0xC1, 0x4C, 0xDA, 0x36, 0x23, 0x82, 0xA2, 0x23, 0x76, 0x00,
    0x9D, 0xA5, 0xA2, 0xDF, 0x32, 0x30, 0x80, 0x0F, 0xB8, 0xBC, 0xFF, 0x10, 0x07, 0x54, 0x1E, 0x93,
    0x6D, 0x23, 0xAF, 0x69, 0x30, 0x5B, 0x27, 0x1C, 0x78, 0xC0, 0x81, 0x91, 0x16, 0xD0, 0x13, 0xA6,
    0x9F, 0x77, 0xF2, 0x64, 0x1A, 0x60, 0x70, 0xE6, 0x9D, 0x3D, 0x16, 0xE5, 0xFA, 0x7A, 0x72, 0x17,
    0xAF, 0x1C, 0x57, 0xFA, 0xB9, 0x66, 0x0C, 0x7B, 0x20, 0x67, 0x3E, 0x39, 0x0D, 0xB1, 0x2F, 0x2A,
    0x93, 0x39, 0x49, 0x90, 0x57, 0x7D, 0xBD, 0x0E, 0x47, 0xAC, 0x38, 0x84, 0xC4, 0x30, 0xB0, 0xEF,
    0xC7, 0x53, 0xD2, 0x72, 0xC9, 0x4B, 0x9B, 0x80, 0x67, 0x2D, 0xC2, 0xFE, 0xE1, 0xEB, 0x7B, 0xA6,
    0xE3, 0xC9, 0xEE, 0x58, 0xBB, 0x08, 0x17, 0x2A, 0x2C, 0xC0, 0xA3, 0x35, 0x21, 0x00, 0xC4, 0xC5,
    0xD9, 0x73, 0x4C, 0x81, 0xE7, 0x9B, 0xF7, 0x5E, 0x9D, 0x05, 0x50, 0xB5, 0xE3, 0x63, 0x20, 0xB4,
    0x71, 0x2F, 0x11, 0xA6, 0xF0, 0xC6, 0x8E, 0xF4, 0xA6, 0x11, 0xE4, 0x9C, 0x49, 0x03, 0x24, 0x45,
    0x47, 0xB5, 0x0E, 0xB7, 0xF2, 0x7F, 0x26, 0x29, 0xD0, 0xE7, 0xB8, 0xD3, 0xD8, 0x8E, 0xEF, 0x9D,
    0xCF, 0x41, 0x10, 0x60, 0x8E, 0xE3, 0x4D, 0xA6, 0xC4, 0x70, 0x13, 0x51, 0xFA, 0x8C, 0xF2, 0x9A,
    0xB6, 0x0B, 0x18, 0x23, 0xA8, 0x4B, 0xED, 0x60, 0x71, 0x6A, 0x0A, 0x0A, 0x0C, 0xB2, 0x4A, 0x33,
    0x30, 0x68, 0x29, 0x28, 0x28, 0x28, 0x69, 0x28, 0x28, 0x72, 0x13, 0x25, 0x69, 0x28, 0x38, 0x8F,
    0xBE, 0x47, 0x13, 0xA8, 0x37, 0x21, 0x41, 0x46, 0x12, 0xA3, 0x92, 0x71, 0x2F, 0x55, 0x8F, 0xCB,
    0x23, 0x52, 0x69, 0x2D, 0x16, 0x49, 0xAE, 0x31, 0x34, 0x96, 0xD2, 0x45, 0xE2, 0x37, 0x19, 0x35,
    0x49, 0x45, 0x34, 0x76, 0x41, 0x93, 0x4D, 0x25, 0x14, 0x3C, 0x47, 0xDD, 0x84, 0xF0, 0x16, 0x35,
    0x1B, 0xFC, 0x27, 0x1A, 0xE9, 0x55, 0x2B, 0xC4, 0x6D, 0x80, 0x40, 0xFC, 0xAD, 0x4F, 0x86, 0xE7,
    0x13, 0x22, 0x66, 0x60, 0x1C, 0x7A, 0x45, 0x8C, 0xB0, 0xCD, 0x02, 0x56, 0x08, 0x84, 0x51, 0x42,
    0x3D, 0xD2, 0x94, 0x14, 0xBD, 0x61, 0x4A, 0x17, 0x24, 0xCB, 0x24, 0xCB, 0x24, 0xCB, 0x24, 0xCB,
    0x24, 0xC8, 0x3B, 0x48, 0x75, 0x05, 0x3C, 0xD5, 0xED, 0xFD, 0x2C, 0x7A, 0x42, 0xF3, 0xC6, 0x80,
    0xD6, 0xA4, 0x70, 0x89, 0xA3, 0xB3, 0x3F, 0x04, 0xBB, 0x28, 0x8A, 0x16, 0xE3, 0x80, 0x33, 0x48,
    0x63, 0x66, 0x1C, 0x60, 0xC2, 0xA3, 0x12, 0xC5, 0xA0, 0x4A, 0x04, 0x4D, 0x8B, 0x04, 0x12, 0x35,
    0x60, 0xDA, 0x2B, 0xDB, 0x22, 0x46, 0xA1, 0xEB, 0xD4, 0x71, 0x9D, 0x98, 0x08, 0x30, 0x02, 0x7F,
    0x06, 0x1F, 0x18, 0xA3, 0xFE, 0x30, 0xED, 0x2A, 0xAA, 0x48, 0x19, 0x3A, 0x41, 0x4F, 0x7F, 0x9A,
    0x9F, 0x3B, 0xF0, 0x27, 0xE6, 0x3F, 0x9B, 0x05, 0x1F, 0x69, 0x94, 0x01, 0x3E, 0x8E, 0x43, 0x23,
    0x6C, 0xF1, 0x3E, 0xBC, 0xB8, 0xC2, 0x78, 0xCA, 0xEE, 0x59, 0xF6, 0x1B, 0x17, 0xCF, 0x50, 0xF5,
    0x2E, 0xEB, 0x0C, 0x66, 0x38, 0xE3, 0x66, 0xD1, 0xA8, 0xDC, 0xCC, 0x7C, 0x76, 0x1E, 0xD6, 0x1D,
    0x0E, 0xCC, 0x9D, 0x11, 0x0F, 0x81, 0x61, 0x2A, 0x7B, 0x13, 0x62, 0xCD, 0x7A, 0xD8, 0x1B, 0x2C,
    0xDB, 0x83, 0xF4, 0xD7, 0xE2, 0x38, 0xCD, 0xAC, 0x67, 0x4F, 0xE9, 0x5E, 0xF8, 0xD3, 0x65, 0xE1,
    0xA7, 0xC3, 0x2B, 0x6B, 0x59, 0xE4, 0xA2, 0x59, 0x22, 0x2A, 0xE8, 0x1F, 0xB1, 0xFA, 0x7E, 0x1D,
    0x80, 0x1F, 0xDF, 0x3A, 0x0A, 0x44, 0x11, 0x22, 0x84, 0x45, 0x44, 0x44, 0x10, 0x4C, 0xDD, 0x3C,
    0x87, 0x7F, 0x9A, 0x7F, 0x41, 0xAF, 0x43, 0xF5, 0xE0, 0x0E, 0xDE, 0x89, 0x78, 0x7E, 0xFD, 0xE7,
    0x3E, 0xB8, 0xF3, 0x0E, 0xA9, 0x55, 0x57, 0xA6, 0xF7, 0x3E, 0x58, 0x07, 0x38, 0x09, 0xB2, 0x2D,
    0xA9, 0x40, 0x4F, 0xA4, 0xFC, 0x2E, 0x7C, 0xD1, 0xF8, 0xA1, 0x81, 0xD8, 0x57, 0xC6, 0x7A, 0xB6,
    0x24, 0x04, 0x22, 0x30, 0x23, 0xA8, 0x50, 0x88, 0xAA, 0x0A, 0xB2, 0x8C, 0x4D, 0x15, 0x24, 0x7F,
    0xF1, 0x77, 0x24, 0x53, 0x85, 0x09, 0x0B, 0xB7, 0xC3, 0xBE, 0x50, 0x00, 0x00, 0x00, 0x00, 0x00,
    0x00, 0x00, 0x00, 0x00, 0x00, 0x00, 0x00, 0x00, 0x00, 0x00, 0x00, 0x00, 0x00, 0x00, 0x00, 0x00,
    0x00, 0x00, 0x00, 0x00, 0x00, 0x00, 0x00, 0x00, 0x00, 0x00, 0x00, 0x00, 0x00, 0x00, 0x00, 0x00,
    0x00, 0x00, 0x00, 0x00, 0x00, 0x00, 0x00, 0x00, 0x00, 0x00, 0x00, 0x00, 0x00, 0x00, 0x00, 0x00,
    0x00, 0x00, 0x00, 0x00, 0x00, 0x00, 0x00, 0x00, 0x00, 0x00, 0x00, 0x00, 0x00, 0x00, 0x00, 0x00,
    0x00, 0x00, 0x00, 0x00, 0x00, 0x00, 0x00, 0x00, 0x00, 0x00, 0x00, 0x00, 0x00, 0x00, 0x00, 0x00,
    0x00, 0x00, 0x00, 0x00, 0x00, 0x00, 0x00, 0x00, 0x00, 0x00, 0x00, 0x00, 0x00, 0x00, 0x00, 0x00,
    0x00, 0x00, 0x00, 0x00, 0x00, 0x00, 0x00, 0x00, 0x00, 0x00, 0x00, 0x00, 0x00, 0x00, 0x00, 0x00,
    0x00, 0x00, 0x00, 0x00, 0x00, 0x00, 0x00, 0x00, 0x00, 0x00, 0x00, 0x00, 0x00, 0x00, 0x00, 0x00,
    0x00, 0x00, 0x00, 0x00, 0x00, 0x00, 0x00, 0x00, 0x00, 0x00, 0x00, 0x00, 0x00, 0x00, 0x00, 0x00,
    0x00, 0x00, 0x00, 0x00, 0x00, 0x00, 0x00, 0x00, 0x00, 0x00, 0x00, 0x00, 0x00, 0x00, 0x00, 0x00,
    0x00, 0x00, 0x00, 0x00, 0x00, 0x00, 0x00, 0x00, 0x00, 0x00, 0x00, 0x00, 0x00, 0x00, 0x00, 0x00,
    0x00, 0x00, 0x00, 0x00, 0x00, 0x00, 0x00, 0x00, 0x00, 0x00, 0x00, 0x00, 0x00, 0x00, 0x00, 0x00,
    0x00, 0x00, 0x00, 0x00, 0x00, 0x00, 0x00, 0x00, 0x00, 0x00, 0x00, 0x00, 0x00, 0x00, 0x00, 0x00,
    0x00, 0x00, 0x00, 0x00, 0x00, 0x00, 0x00, 0x00, 0x00, 0x00, 0x00, 0x00, 0x00, 0x00, 0x00, 0x00,
    0x00, 0x00, 0x00, 0x00, 0x00, 0x00, 0x00, 0x00, 0x00, 0x00, 0x00, 0x00, 0x00, 0x00, 0x00, 0x00,
    0x00, 0x00, 0x00, 0x00, 0x00, 0x00, 0x00, 0x00, 0x00, 0x00, 0x00, 0x00, 0x00, 0x00, 0x00, 0x00,
    0x00, 0x00, 0x00, 0x00, 0x00, 0x00, 0x00, 0x00, 0x00, 0x00, 0x00, 0x00, 0x00, 0x00, 0x00, 0x00,
    0x00, 0x00, 0x00, 0x00, 0x00, 0x00, 0x00, 0x00, 0x00, 0x00, 0x00, 0x00, 0x00, 0x00, 0x00, 0x00,
    0x00, 0x00, 0x00, 0x00, 0x00, 0x00, 0x00, 0x00, 0x00, 0x00, 0x00, 0x00, 0x00, 0x00, 0x00, 0x00,
    0x00, 0x00, 0x00, 0x00, 0x00, 0x00, 0x00, 0x00, 0x00, 0x00, 0x00, 0x00, 0x00, 0x00, 0x00, 0x00,
    0x00, 0x00, 0x00, 0x00, 0x00, 0x00, 0x00, 0x00, 0x00, 0x00, 0x00, 0x00, 0x00, 0x00, 0x00, 0x00,
    0x00, 0x00, 0x00, 0x00, 0x00, 0x00, 0x00, 0x00, 0x00, 0x00, 0x00, 0x00, 0x00, 0x00, 0x00, 0x00,
    0x00, 0x00, 0x00, 0x00, 0x00, 0x00, 0x00, 0x00, 0x00, 0x00, 0x00, 0x00, 0x00, 0x00, 0x00, 0x00,
    0x00, 0x00, 0x00, 0x00, 0x00, 0x00, 0x00, 0x00, 0x00, 0x00, 0x00, 0x00, 0x00, 0x00, 0x00, 0x00,
    0x00, 0x00, 0x00, 0x00, 0x00, 0x00, 0x00, 0x00, 0x00, 0x00, 0x00, 0x00, 0x00, 0x00, 0x00, 0x00,
    0x00, 0x00, 0x00, 0x00, 0x00, 0x00, 0x00, 0x00, 0x00, 0x00, 0x00, 0x00, 0x00, 0x00, 0x00, 0x00,
    0x00, 0x00, 0x00, 0x00, 0x00, 0x00, 0x00, 0x00, 0x00, 0x00, 0x00, 0x00, 0x00, 0x00, 0x00, 0x00,
    0x00, 0x00, 0x00, 0x00, 0x00, 0x00, 0x00, 0x00, 0x00, 0x00, 0x00, 0x00, 0x00, 0x00, 0x00, 0x00,
    0x00, 0x00, 0x00, 0x00, 0x00, 0x00, 0x00, 0x00, 0x00, 0x00, 0x00, 0x00, 0x00, 0x00, 0x00, 0x00,
    0x00, 0x00, 0x00, 0x00, 0x00, 0x00, 0x00, 0x00, 0x00, 0x00, 0x00, 0x00, 0x00, 0x00, 0x00, 0x00,
    0x00, 0x00, 0x00, 0x00, 0x00, 0x00, 0x00, 0x00, 0x00, 0x00, 0x00, 0x00, 0x00, 0x00, 0x00, 0x00,
    0x00, 0x00, 0x00, 0x00, 0x00, 0x00, 0x00, 0x00, 0x00, 0x00, 0x00, 0x00, 0x00, 0x00, 0x00, 0x00,
    0x00, 0x00, 0x00, 0x00, 0x00, 0x00, 0x00, 0x00, 0x00, 0x00, 0x00, 0x00, 0x00, 0x00, 0x00, 0x00,
    0x00, 0x00, 0x00, 0x00, 0x00, 0x00, 0x00, 0x00, 0x00, 0x00, 0x00, 0x00, 0x00, 0x00, 0x00, 0x00,
    0x00, 0x00, 0x00, 0x00, 0x00, 0x00, 0x00, 0x00, 0x00, 0x00, 0x00, 0x00, 0x00, 0x00, 0x00, 0x00,
    0x00, 0x00, 0x00, 0x00, 0x00, 0x00, 0x00, 0x00, 0x00, 0x00, 0x00, 0x00, 0x00, 0x00, 0x00, 0x00,
    0x00, 0x00, 0x00, 0x00, 0x00, 0x00, 0x00, 0x00, 0x00, 0x00, 0x00, 0x00, 0x00, 0x00, 0x00, 0x00,
    0x00, 0x00, 0x00, 0x00, 0x00, 0x00, 0x00, 0x00, 0x00, 0x00, 0x00, 0x00, 0x00, 0x00, 0x00, 0x00,
    0x00, 0x00, 0x00, 0x00, 0x00, 0x00, 0x00, 0x00, 0x00, 0x00, 0x00, 0x00, 0x00, 0x00, 0x00, 0x00,
    0x00, 0x00, 0x00, 0x00, 0x00, 0x00, 0x00, 0x00, 0x00, 0x00, 0x00, 0x00, 0x00, 0x00, 0x00, 0x00,
    0x00, 0x00, 0x00, 0x00, 0x00, 0x00, 0x00, 0x00, 0x00, 0x00, 0x00, 0x00, 0x00, 0x00, 0x00, 0x00,
    0x00, 0x00, 0x00, 0x00, 0x00, 0x00, 0x00, 0x00, 0x00, 0x00, 0x00, 0x00, 0x00, 0x00, 0x00, 0x00,
    0x00, 0x00, 0x00, 0x00, 0x00, 0x00, 0x00, 0x00, 0x00, 0x00, 0x00, 0x00, 0x00, 0x00, 0x00, 0x00,
    0x00, 0x00, 0x00, 0x00, 0x00, 0x00, 0x00, 0x00, 0x00, 0x00, 0x00, 0x00, 0x00, 0x00, 0x00, 0x00,
    0x00, 0x00, 0x00, 0x00, 0x00, 0x00, 0x00, 0x00, 0x00, 0x00, 0x00, 0x00, 0x00, 0x00, 0x00, 0x00,
    0x00, 0x00, 0x00, 0x00, 0x00, 0x00, 0x00, 0x00, 0x00, 0x00, 0x00, 0x00, 0x00, 0x00, 0x00, 0x00,
    0x00, 0x00, 0x00, 0x00, 0x00, 0x00, 0x00, 0x00, 0x00, 0x00, 0x00, 0x00, 0x00, 0x00, 0x00, 0x00,
    0x00, 0x00, 0x00, 0x00, 0x00, 0x00, 0x00, 0x00, 0x00, 0x00, 0x00, 0x00, 0x00, 0x00, 0x00, 0x00,
    0x00, 0x00, 0x00, 0x00, 0x00, 0x00, 0x00, 0x00, 0x00, 0x00, 0x00, 0x00, 0x00, 0x00, 0x00, 0x00,
    0x00, 0x00, 0x00, 0x00, 0x00, 0x00, 0x00, 0x00, 0x00, 0x00, 0x00, 0x00, 0x00, 0x00, 0x00, 0x00,
    0x00, 0x00, 0x00, 0x00, 0x00, 0x00, 0x00, 0x00, 0x00, 0x00, 0x00, 0x00, 0x00, 0x00, 0x00, 0x00,
    0x00, 0x00, 0x00, 0x00, 0x00, 0x00, 0x00, 0x00, 0x00, 0x00, 0x00, 0x00, 0x00, 0x00, 0x00, 0x00,
    0x00, 0x00, 0x00, 0x00, 0x00, 0x00, 0x00, 0x00, 0x00, 0x00, 0x00, 0x00, 0x00, 0x00, 0x00, 0x00,
    0x00, 0x00, 0x00, 0x00, 0x00, 0x00, 0x00, 0x00, 0x00, 0x00, 0x00, 0x00, 0x00, 0x00, 0x00, 0x00,
    0x00, 0x00, 0x00, 0x00, 0x00, 0x00, 0x00, 0x00, 0x00, 0x00, 0x00, 0x00, 0x00, 0x00, 0x00, 0x00,
    0x00, 0x00, 0x00, 0x00, 0x00, 0x00, 0x00, 0x00, 0x00, 0x00, 0x00, 0x00, 0x00, 0x00, 0x00, 0x00,
    0x00, 0x00, 0x00, 0x00, 0x00, 0x00, 0x00, 0x00, 0x00, 0x00, 0x00, 0x00, 0x00, 0x00, 0x00, 0x00,
    0x00, 0x00, 0x00, 0x00, 0x00, 0x00, 0x00, 0x00, 0x00, 0x00, 0x00, 0x00, 0x00, 0x00, 0x00, 0x00,
    0x00, 0x00, 0x00, 0x00, 0x00, 0x00, 0x00, 0x00, 0x00, 0x00, 0x00, 0x00, 0x00, 0x00, 0x00, 0x00,
    0x00, 0x00, 0x00, 0x00, 0x00, 0x00, 0x00, 0x00, 0x00, 0x00, 0x00, 0x00, 0x00, 0x00, 0x00, 0x00,
    0x00, 0x00, 0x00, 0x00, 0x00, 0x00, 0x00, 0x00, 0x00, 0x00, 0x00, 0x00, 0x00, 0x00, 0x00, 0x00,
    0x00, 0x00, 0x00, 0x00, 0x00, 0x00, 0x00, 0x00, 0x00, 0x00, 0x00, 0x00, 0x00, 0x00, 0x00, 0x00,
    0x00, 0x00, 0x00, 0x00, 0x00, 0x00, 0x00, 0x00, 0x00, 0x00, 0x00, 0x00, 0x00, 0x00, 0x00, 0x00,
    0x00, 0x00, 0x00, 0x00, 0x00, 0x00, 0x00, 0x00, 0x00, 0x00, 0x00, 0x00, 0x00, 0x00, 0x00, 0x00,
    0x00, 0x00, 0x00, 0x00, 0x00, 0x00, 0x00, 0x00, 0x00, 0x00, 0x00, 0x00, 0x00, 0x00, 0x00, 0x00,
    0x00, 0x00, 0x00, 0x00, 0x00, 0x00, 0x00, 0x00, 0x00, 0x00, 0x00, 0x00, 0x00, 0x00, 0x00, 0x00,
    0x00, 0x00, 0x00, 0x00, 0x00, 0x00, 0x00, 0x00, 0x00, 0x00, 0x00, 0x00, 0x00, 0x00, 0x00, 0x00,
    0x00, 0x00, 0x00, 0x00, 0x00, 0x00, 0x00, 0x00, 0x00, 0x00, 0x00, 0x00, 0x00, 0x00, 0x00, 0x00,
    0x00, 0x00, 0x00, 0x00, 0x00, 0x00, 0x00, 0x00, 0x00, 0x00, 0x00, 0x00, 0x00, 0x00, 0x00, 0x00,
    0x00, 0x00, 0x00, 0x00, 0x00, 0x00, 0x00, 0x00, 0x00, 0x00, 0x00, 0x00, 0x00, 0x00, 0x00, 0x00,
    0x00, 0x00, 0x00, 0x00, 0x00, 0x00, 0x00, 0x00, 0x00, 0x00, 0x00, 0x00, 0x00, 0x00, 0x00, 0x00,
    0x00, 0x00, 0x00, 0x00, 0x00, 0x00, 0x00, 0x00, 0x00, 0x00, 0x00, 0x00, 0x00, 0x00, 0x00, 0x00,
    0x00, 0x00, 0x00, 0x00, 0x00, 0x00, 0x00, 0x00, 0x00, 0x00, 0x00, 0x00, 0x00, 0x00, 0x00, 0x00,
    0x00, 0x00, 0x00, 0x00, 0x00, 0x00, 0x00, 0x00, 0x00, 0x00, 0x00, 0x00, 0x00, 0x00, 0x00, 0x00,
    0x00, 0x00, 0x00, 0x00, 0x00, 0x00, 0x00, 0x00, 0x00, 0x00, 0x00, 0x00, 0x00, 0x00, 0x00, 0x00,
    0x00, 0x00, 0x00, 0x00, 0x00, 0x00, 0x00, 0x00, 0x00, 0x00, 0x00, 0x00, 0x00, 0x00, 0x00, 0x00,
    0x00, 0x00, 0x00, 0x00, 0x00, 0x00, 0x00, 0x00, 0x00, 0x00, 0x00, 0x00, 0x00, 0x00, 0x00, 0x00,
    0x00, 0x00, 0x00, 0x00, 0x00, 0x00, 0x00, 0x00, 0x00, 0x00, 0x00, 0x00, 0x00, 0x00, 0x00, 0x00,
    0x00, 0x00, 0x00, 0x00, 0x00, 0x00, 0x00, 0x00, 0x00, 0x00, 0x00, 0x00, 0x00, 0x00, 0x00, 0x00,
    0x00, 0x00, 0x00, 0x00, 0x00, 0x00, 0x00, 0x00, 0x00, 0x00, 0x00, 0x00, 0x00, 0x00, 0x00, 0x00,
    0x00, 0x00, 0x00, 0x00, 0x00, 0x00, 0x00, 0x00, 0x00, 0x00, 0x00, 0x00, 0x00, 0x00, 0x00, 0x00,
    0x00, 0x00, 0x00, 0x00, 0x00, 0x00, 0x00, 0x00, 0x00, 0x00, 0x00, 0x00, 0x00, 0x00, 0x00, 0x00,
    0x00, 0x00, 0x00, 0x00, 0x00, 0x00, 0x00, 0x00, 0x00, 0x00, 0x00, 0x00, 0x00, 0x00, 0x00, 0x00,
    0x00, 0x00, 0x00, 0x00, 0x00, 0x00, 0x00, 0x00, 0x00, 0x00, 0x00, 0x00, 0x00, 0x00, 0x00, 0x00,
    0x00, 0x00, 0x00, 0x00, 0x00, 0x00, 0x00, 0x00, 0x00, 0x00, 0x00, 0x00, 0x00, 0x00, 0x00, 0x00,
    0x00, 0x00, 0x00, 0x00, 0x00, 0x00, 0x00, 0x00, 0x00, 0x00, 0x00, 0x00, 0x00, 0x00, 0x00, 0x00,
    0x00, 0x00, 0x00, 0x00, 0x00, 0x00, 0x00, 0x00, 0x00, 0x00, 0x00, 0x00, 0x00, 0x00, 0x00, 0x00,
    0x00, 0x00, 0x00, 0x00, 0x00, 0x00, 0x00, 0x00, 0x00, 0x00, 0x00, 0x00, 0x00, 0x00, 0x00, 0x00,
    0x00, 0x00, 0x00, 0x00, 0x00, 0x00, 0x00, 0x00, 0x00, 0x00, 0x00, 0x00, 0x00, 0x00, 0x00, 0x00,
    0x00, 0x00, 0x00, 0x00, 0x00, 0x00, 0x00, 0x00, 0x00, 0x00, 0x00, 0x00, 0x00, 0x00, 0x00, 0x00,
    0x00, 0x00, 0x00, 0x00, 0x00, 0x00, 0x00, 0x00, 0x00, 0x00, 0x00, 0x00, 0x00, 0x00, 0x00, 0x00,
    0x00, 0x00, 0x00, 0x00, 0x00, 0x00, 0x00, 0x00, 0x00, 0x00, 0x00, 0x00, 0x00, 0x00, 0x00, 0x00,
    0x00, 0x00, 0x00, 0x00, 0x00, 0x00, 0x00, 0x00, 0x00, 0x00, 0x00, 0x00, 0x00, 0x00, 0x00, 0x00,
    0x00, 0x00, 0x00, 0x00, 0x00, 0x00, 0x00, 0x00, 0x00, 0x00, 0x00, 0x00, 0x00, 0x00, 0x00, 0x00,
    0x00, 0x00, 0x00, 0x00, 0x00, 0x00, 0x00, 0x00, 0x00, 0x00, 0x00, 0x00, 0x00, 0x00, 0x00, 0x00,
    0x00, 0x00, 0x00, 0x00, 0x00, 0x00, 0x00, 0x00, 0x00, 0x00, 0x00, 0x00, 0x00, 0x00, 0x00, 0x00,
    0x00, 0x00, 0x00, 0x00, 0x00, 0x00, 0x00, 0x00, 0x00, 0x00, 0x00, 0x00, 0x00, 0x00, 0x00, 0x00,
    0x00, 0x00, 0x00, 0x00, 0x00, 0x00, 0x00, 0x00, 0x00, 0x00, 0x00, 0x00, 0x00, 0x00, 0x00, 0x00,
    0x00, 0x00, 0x00, 0x00, 0x00, 0x00, 0x00, 0x00, 0x00, 0x00, 0x00, 0x00, 0x00, 0x00, 0x00, 0x00,
    0x00, 0x00, 0x00, 0x00, 0x00, 0x00, 0x00, 0x00, 0x00, 0x00, 0x00, 0x00, 0x00, 0x00, 0x00, 0x00,
    0x00, 0x00, 0x00, 0x00, 0x00, 0x00, 0x00, 0x00, 0x00, 0x00, 0x00, 0x00, 0x00, 0x00, 0x00, 0x00,
    0x00, 0x00, 0x00, 0x00, 0x00, 0x00, 0x00, 0x00, 0x00, 0x00, 0x00, 0x00, 0x00, 0x00, 0x00, 0x00,
    0x00, 0x00, 0x00, 0x00, 0x00, 0x00, 0x00, 0x00, 0x00, 0x00, 0x00, 0x00, 0x00, 0x00, 0x00, 0x00,
    0x00, 0x00, 0x00, 0x00, 0x00, 0x00, 0x00, 0x00, 0x00, 0x00, 0x00, 0x00, 0x00, 0x00, 0x00, 0x00,
    0x00, 0x00, 0x00, 0x00, 0x00, 0x00, 0x00, 0x00, 0x00, 0x00, 0x00, 0x00, 0x00, 0x00, 0x00, 0x00,
    0x00, 0x00, 0x00, 0x00, 0x00, 0x00, 0x00, 0x00, 0x00, 0x00, 0x00, 0x00, 0x00, 0x00, 0x00, 0x00,
    0x00, 0x00, 0x00, 0x00, 0x00, 0x00, 0x00, 0x00, 0x00, 0x00, 0x00, 0x00, 0x00, 0x00, 0x00, 0x00,
    0x00, 0x00, 0x00, 0x00, 0x00, 0x00, 0x00, 0x00, 0x00, 0x00, 0x00, 0x00, 0x00, 0x00, 0x00, 0x00,
    0x00, 0x00, 0x00, 0x00, 0x00, 0x00, 0x00, 0x00, 0x00, 0x00, 0x00, 0x00, 0x00, 0x00, 0x00, 0x00,
    0x00, 0x00, 0x00, 0x00, 0x00, 0x00, 0x00, 0x00, 0x00, 0x00, 0x00, 0x00, 0x00, 0x00, 0x00, 0x00,
    0x00, 0x00, 0x00, 0x00, 0x00, 0x00, 0x00, 0x00, 0x00, 0x00, 0x00, 0x00, 0x00, 0x00, 0x00, 0x00,
    0x00, 0x00, 0x00, 0x00, 0x00, 0x00, 0x00, 0x00, 0x00, 0x00, 0x00, 0x00, 0x00, 0x00, 0x00, 0x00,
    0x00, 0x00, 0x00, 0x00, 0x00, 0x00, 0x00, 0x00, 0x00, 0x00, 0x00, 0x00, 0x00, 0x00, 0x00, 0x00,
    0x00, 0x00, 0x00, 0x00, 0x00, 0x00, 0x00, 0x00, 0x00, 0x00, 0x00, 0x00, 0x00, 0x00, 0x00, 0x00,
    0x00, 0x00, 0x00, 0x00, 0x00, 0x00, 0x00, 0x00, 0x00, 0x00, 0x00, 0x00, 0x00, 0x00, 0x00, 0x00,
    0x00, 0x00, 0x00, 0x00, 0x00, 0x00, 0x00, 0x00, 0x00, 0x00, 0x00, 0x00, 0x00, 0x00, 0x00, 0x00,
    0x00, 0x00, 0x00, 0x00, 0x00, 0x00, 0x00, 0x00, 0x00, 0x00, 0x00, 0x00, 0x00, 0x00, 0x00, 0x00,
    0x00, 0x00, 0x00, 0x00, 0x00, 0x00, 0x00, 0x00, 0x00, 0x00, 0x00, 0x00, 0x00, 0x00, 0x00, 0x00,
    0x00, 0x00, 0x00, 0x00, 0x00, 0x00, 0x00, 0x00, 0x00, 0x00, 0x00, 0x00, 0x00, 0x00, 0x00, 0x00,
    0x00, 0x00, 0x00, 0x00, 0x00, 0x00, 0x00, 0x00, 0x00, 0x00, 0x00, 0x00, 0x00, 0x00, 0x00, 0x00,
    0x00, 0x00, 0x00, 0x00, 0x00, 0x00, 0x00, 0x00, 0x00, 0x00, 0x00, 0x00, 0x00, 0x00, 0x00, 0x00,
    0x00, 0x00, 0x00, 0x00, 0x00, 0x00, 0x00, 0x00, 0x00, 0x00, 0x00, 0x00, 0x00, 0x00, 0x00, 0x00,
    0x00, 0x00, 0x00, 0x00, 0x00, 0x00, 0x00, 0x00, 0x00, 0x00, 0x00, 0x00, 0x00, 0x00, 0x00, 0x00,
    0x00, 0x00, 0x00, 0x00, 0x00, 0x00, 0x00, 0x00, 0x00, 0x00, 0x00, 0x00, 0x00, 0x00, 0x00, 0x00,
    0x00, 0x00, 0x00, 0x00, 0x00, 0x00, 0x00, 0x00, 0x00, 0x00, 0x00, 0x00, 0x00, 0x00, 0x00, 0x00,
    0x00, 0x00, 0x00, 0x00, 0x00, 0x00, 0x00, 0x00, 0x00, 0x00, 0x00, 0x00, 0x00, 0x00, 0x00, 0x00,
    0x00, 0x00, 0x00, 0x00, 0x00, 0x00, 0x00, 0x00, 0x00, 0x00, 0x00, 0x00, 0x00, 0x00, 0x00, 0x00,
    0x00, 0x00, 0x00, 0x00, 0x00, 0x00, 0x00, 0x00, 0x00, 0x00, 0x00, 0x00, 0x00, 0x00, 0x00, 0x00,
    0x00, 0x00, 0x00, 0x00, 0x00, 0x00, 0x00, 0x00, 0x00, 0x00, 0x00, 0x00, 0x00, 0x00, 0x00, 0x00,
    0x00, 0x00, 0x00, 0x00, 0x00, 0x00, 0x00, 0x00, 0x00, 0x00, 0x00, 0x00, 0x00, 0x00, 0x00, 0x00,
    0x00, 0x00, 0x00, 0x00, 0x00, 0x00, 0x00, 0x00, 0x00, 0x00, 0x00, 0x00, 0x00, 0x00, 0x00, 0x00,
    0x00, 0x00, 0x00, 0x00, 0x00, 0x00, 0x00, 0x00, 0x00, 0x00, 0x00, 0x00, 0x00, 0x00, 0x00, 0x00,
    0x00, 0x00, 0x00, 0x00, 0x00, 0x00, 0x00, 0x00, 0x00, 0x00, 0x00, 0x00, 0x00, 0x00, 0x00, 0x00,
    0x00, 0x00, 0x00, 0x00, 0x00, 0x00, 0x00, 0x00, 0x00, 0x00, 0x00, 0x00, 0x00, 0x00, 0x00, 0x00,
    0x00, 0x00, 0x00, 0x00, 0x00, 0x00, 0x00, 0x00, 0x00, 0x00, 0x00, 0x00, 0x00, 0x00, 0x00, 0x00,
    0x00, 0x00, 0x00, 0x00, 0x00, 0x00, 0x00, 0x00, 0x00, 0x00, 0x00, 0x00, 0x00, 0x00, 0x00, 0x00,
    0x00, 0x00, 0x00, 0x00, 0x00, 0x00, 0x00, 0x00, 0x00, 0x00, 0x00, 0x00, 0x00, 0x00, 0x00, 0x00,
    0x00, 0x00, 0x00, 0x00, 0x00, 0x00, 0x00, 0x00, 0x00, 0x00, 0x00, 0x00, 0x00, 0x00, 0x00, 0x00,
    0x00, 0x00, 0x00, 0x00, 0x00, 0x00, 0x00, 0x00, 0x00, 0x00, 0x00, 0x00, 0x00, 0x00, 0x00, 0x00,
    0x00, 0x00, 0x00, 0x00, 0x00, 0x00, 0x00, 0x00, 0x00, 0x00, 0x00, 0x00, 0x00, 0x00, 0x00, 0x00,
    0x00, 0x00, 0x00, 0x00, 0x00, 0x00, 0x00, 0x00, 0x00, 0x00, 0x00, 0x00, 0x00, 0x00, 0x00, 0x00,
    0x00, 0x00, 0x00, 0x00, 0x00, 0x00, 0x00, 0x00, 0x00, 0x00, 0x00, 0x00, 0x00, 0x00, 0x00, 0x00,
    0x00, 0x00, 0x00, 0x00, 0x00, 0x00, 0x00, 0x00, 0x00, 0x00, 0x00, 0x00, 0x00, 0x00, 0x00, 0x00,
    0x00, 0x00, 0x00, 0x00, 0x00, 0x00, 0x00, 0x00, 0x00, 0x00, 0x00, 0x00, 0x00, 0x00, 0x00, 0x00,
    0x00, 0x00, 0x00, 0x00, 0x00, 0x00, 0x00, 0x00, 0x00, 0x00, 0x00, 0x00, 0x00, 0x00, 0x00, 0x00,
    0x00, 0x00, 0x00, 0x00, 0x00, 0x00, 0x00, 0x00, 0x00, 0x00, 0x00, 0x00, 0x00, 0x00, 0x00, 0x00,
    0x00, 0x00, 0x00, 0x00, 0x00, 0x00, 0x00, 0x00, 0x00, 0x00, 0x00, 0x00, 0x00, 0x00, 0x00, 0x00,
    0x00, 0x00, 0x00, 0x00, 0x00, 0x00, 0x00, 0x00, 0x00, 0x00, 0x00, 0x00, 0x00, 0x00, 0x00, 0x00,
    0x00, 0x00, 0x00, 0x00, 0x00, 0x00, 0x00, 0x00, 0x00, 0x00, 0x00, 0x00, 0x00, 0x00, 0x00, 0x00,
    0x00, 0x00, 0x00, 0x00, 0x00, 0x00, 0x00, 0x00, 0x00, 0x00, 0x00, 0x00, 0x00, 0x00, 0x00, 0x00,
    0x00, 0x00, 0x00, 0x00, 0x00, 0x00, 0x00, 0x00, 0x00, 0x00, 0x00, 0x00, 0x00, 0x00, 0x00, 0x00,
    0x00, 0x00, 0x00, 0x00, 0x00, 0x00, 0x00, 0x00, 0x00, 0x00, 0x00, 0x00, 0x00, 0x00, 0x00, 0x00,
    0x00, 0x00, 0x00, 0x00, 0x00, 0x00, 0x00, 0x00, 0x00, 0x00, 0x00, 0x00, 0x00, 0x00, 0x00, 0x00,
    0x00, 0x00, 0x00, 0x00, 0x00, 0x00, 0x00, 0x00, 0x00, 0x00, 0x00, 0x00, 0x00, 0x00, 0x00, 0x00,
    0x00, 0x00, 0x00, 0x00, 0x00, 0x00, 0x00, 0x00, 0x00, 0x00, 0x00, 0x00, 0x00, 0x00, 0x00, 0x00,
    0x00, 0x00, 0x00, 0x00, 0x00, 0x00, 0x00, 0x00, 0x00, 0x00, 0x00, 0x00, 0x00, 0x00, 0x00, 0x00,
    0x00, 0x00, 0x00, 0x00, 0x00, 0x00, 0x00, 0x00, 0x00, 0x00, 0x00, 0x00, 0x00, 0x00, 0x00, 0x00,
    0x00, 0x00, 0x00, 0x00, 0x00, 0x00, 0x00, 0x00, 0x00, 0x00, 0x00, 0x00, 0x00, 0x00, 0x00, 0x00,
    0x00, 0x00, 0x00, 0x00, 0x00, 0x00, 0x00, 0x00, 0x00, 0x00, 0x00, 0x00, 0x00, 0x00, 0x00, 0x00,
    0x00, 0x00, 0x00, 0x00, 0x00, 0x00, 0x00, 0x00, 0x00, 0x00, 0x00, 0x00, 0x00, 0x00, 0x00, 0x00,
    0x00, 0x00, 0x00, 0x00, 0x00, 0x00, 0x00, 0x00, 0x00, 0x00, 0x00, 0x00, 0x00, 0x00, 0x00, 0x00,
    0x00, 0x00, 0x00, 0x00, 0x00, 0x00, 0x00, 0x00, 0x00, 0x00, 0x00, 0x00, 0x00, 0x00, 0x00, 0x00,
    0x00, 0x00, 0x00, 0x00, 0x00, 0x00, 0x00, 0x00, 0x00, 0x00, 0x00, 0x00, 0x00, 0x00, 0x00, 0x00,
    0x00, 0x00, 0x00, 0x00, 0x00, 0x00, 0x00, 0x00, 0x00, 0x00, 0x00, 0x00, 0x00, 0x00, 0x00, 0x00,
    0x00, 0x00, 0x00, 0x00, 0x00, 0x00, 0x00, 0x00, 0x00, 0x00, 0x00, 0x00, 0x00, 0x00, 0x00, 0x00,
    0x00, 0x00, 0x00, 0x00, 0x00, 0x00, 0x00, 0x00, 0x00, 0x00, 0x00, 0x00, 0x00, 0x00, 0x00, 0x00,
    0x00, 0x00, 0x00, 0x00, 0x00, 0x00, 0x00, 0x00, 0x00, 0x00, 0x00, 0x00, 0x00, 0x00, 0x00, 0x00,
    0x00, 0x00, 0x00, 0x00, 0x00, 0x00, 0x00, 0x00, 0x00, 0x00, 0x00, 0x00, 0x00, 0x00, 0x00, 0x00,
    0x00, 0x00, 0x00, 0x00, 0x00, 0x00, 0x00, 0x00, 0x00, 0x00, 0x00, 0x00, 0x00, 0x00, 0x00, 0x00,
    0x00, 0x00, 0x00, 0x00, 0x00, 0x00, 0x00, 0x00, 0x00, 0x00, 0x00, 0x00, 0x00, 0x00, 0x00, 0x00,
    0x00, 0x00, 0x00, 0x00, 0x00, 0x00, 0x00, 0x00, 0x00, 0x00, 0x00, 0x00, 0x00, 0x00, 0x00, 0x00,
    0x00, 0x00, 0x00, 0x00, 0x00, 0x00, 0x00, 0x00, 0x00, 0x00, 0x00, 0x00, 0x00, 0x00, 0x00, 0x00,
    0x00, 0x00, 0x00, 0x00, 0x00, 0x00, 0x00, 0x00, 0x00, 0x00, 0x00, 0x00, 0x00, 0x00, 0x00, 0x00,
    0x00, 0x00, 0x00, 0x00, 0x00, 0x00, 0x00, 0x00, 0x00, 0x00, 0x00, 0x00, 0x00, 0x00, 0x00, 0x00,
    0x00, 0x00, 0x00, 0x00, 0x00, 0x00, 0x00, 0x00, 0x00, 0x00, 0x00, 0x00, 0x00, 0x00, 0x00, 0x00,
    0x00, 0x00, 0x00, 0x00, 0x00, 0x00, 0x00, 0x00, 0x00, 0x00, 0x00, 0x00, 0x00, 0x00, 0x00, 0x00,
    0x00, 0x00, 0x00, 0x00, 0x00, 0x00, 0x00, 0x00, 0x00, 0x00, 0x00, 0x00, 0x00, 0x00, 0x00, 0x00,
    0x00, 0x00, 0x00, 0x00, 0x00, 0x00, 0x00, 0x00, 0x00, 0x00, 0x00, 0x00, 0x00, 0x00, 0x00, 0x00,
    0x00, 0x00, 0x00, 0x00, 0x00, 0x00, 0x00, 0x00, 0x00, 0x00, 0x00, 0x00, 0x00, 0x00, 0x00, 0x00,
    0x00, 0x00, 0x00, 0x00, 0x00, 0x00, 0x00, 0x00, 0x00, 0x00, 0x00, 0x00, 0x00, 0x00, 0x00, 0x00,
    0x00, 0x00, 0x00, 0x00, 0x00, 0x00, 0x00, 0x00, 0x00, 0x00, 0x00, 0x00, 0x00, 0x00, 0x00, 0x00,
    0x00, 0x00, 0x00, 0x00, 0x00, 0x00, 0x00, 0x00, 0x00, 0x00, 0x00, 0x00, 0x00, 0x00, 0x00, 0x00,
    0x00, 0x00, 0x00, 0x00, 0x00, 0x00, 0x00, 0x00, 0x00, 0x00, 0x00, 0x00, 0x00, 0x00, 0x00, 0x00,
    0x00, 0x00, 0x00, 0x00, 0x00, 0x00, 0x00, 0x00, 0x00, 0x00, 0x00, 0x00, 0x00, 0x00, 0x00, 0x00,
    0x00, 0x00, 0x00, 0x00, 0x00, 0x00, 0x00, 0x00, 0x00, 0x00, 0x00, 0x00, 0x00, 0x00, 0x00, 0x00,
    0x00, 0x00, 0x00, 0x00, 0x00, 0x00, 0x00, 0x00, 0x00, 0x00, 0x00, 0x00, 0x00, 0x00, 0x00, 0x00,
    0x00, 0x00, 0x00, 0x00, 0x00, 0x00, 0x00, 0x00, 0x00, 0x00, 0x00, 0x00, 0x00, 0x00, 0x00, 0x00,
    0x00, 0x00, 0x00, 0x00, 0x00, 0x00, 0x00, 0x00, 0x00, 0x00, 0x00, 0x00, 0x00, 0x00, 0x00, 0x00,
    0x00, 0x00, 0x00, 0x00, 0x00, 0x00, 0x00, 0x00, 0x00, 0x00, 0x00, 0x00, 0x00, 0x00, 0x00, 0x00,
    0x00, 0x00, 0x00, 0x00, 0x00, 0x00, 0x00, 0x00, 0x00, 0x00, 0x00, 0x00, 0x00, 0x00, 0x00, 0x00,
    0x00, 0x00, 0x00, 0x00, 0x00, 0x00, 0x00, 0x00, 0x00, 0x00, 0x00, 0x00, 0x00, 0x00, 0x00, 0x00,
    0x00, 0x00, 0x00, 0x00, 0x00, 0x00, 0x00, 0x00, 0x00, 0x00, 0x00, 0x00, 0x00, 0x00, 0x00, 0x00,
    0x00, 0x00, 0x00, 0x00, 0x00, 0x00, 0x00, 0x00, 0x00, 0x00, 0x00, 0x00, 0x00, 0x00, 0x00, 0x00,
    0x00, 0x00, 0x00, 0x00, 0x00, 0x00, 0x00, 0x00, 0x00, 0x00, 0x00, 0x00, 0x00, 0x00, 0x00, 0x00,
    0x00, 0x00, 0x00, 0x00, 0x00, 0x00, 0x00, 0x00, 0x00, 0x00, 0x00, 0x00, 0x00, 0x00, 0x00, 0x00,
    0x00, 0x00, 0x00, 0x00, 0x00, 0x00, 0x00, 0x00, 0x00, 0x00, 0x00, 0x00, 0x00, 0x00, 0x00, 0x00,
    0x00, 0x00, 0x00, 0x00, 0x00, 0x00, 0x00, 0x00, 0x00, 0x00, 0x00, 0x00, 0x00, 0x00, 0x00, 0x00,
    0x00, 0x00, 0x00, 0x00, 0x00, 0x00, 0x00, 0x00, 0x00, 0x00, 0x00, 0x00, 0x00, 0x00, 0x00, 0x00,
    0x00, 0x00, 0x00, 0x00, 0x00, 0x00, 0x00, 0x00, 0x00, 0x00, 0x00, 0x00, 0x00, 0x00, 0x00, 0x00,
    0x00, 0x00, 0x00, 0x00, 0x00, 0x00, 0x00, 0x00, 0x00, 0x00, 0x00, 0x00, 0x00, 0x00, 0x00, 0x00,
    0x00, 0x00, 0x00, 0x00, 0x00, 0x00, 0x00, 0x00, 0x00, 0x00, 0x00, 0x00, 0x00, 0x00, 0x00, 0x00,
    0x00, 0x00, 0x00, 0x00, 0x00, 0x00, 0x00, 0x00, 0x00, 0x00, 0x00, 0x00, 0x00, 0x00, 0x00, 0x00,
    0x00, 0x00, 0x00, 0x00, 0x00, 0x00, 0x00, 0x00, 0x00, 0x00, 0x00, 0x00, 0x00, 0x00, 0x00, 0x00,
    0x00, 0x00, 0x00, 0x00, 0x00, 0x00, 0x00, 0x00, 0x00, 0x00, 0x00, 0x00, 0x00, 0x00, 0x00, 0x00,
    0x00, 0x00, 0x00, 0x00, 0x00, 0x00, 0x00, 0x00, 0x00, 0x00, 0x00, 0x00, 0x00, 0x00, 0x00, 0x00,
    0x00, 0x00, 0x00, 0x00, 0x00, 0x00, 0x00, 0x00, 0x00, 0x00, 0x00, 0x00, 0x00, 0x00, 0x00, 0x00,
    0x00, 0x00, 0x00, 0x00, 0x00, 0x00, 0x00, 0x00, 0x00, 0x00, 0x00, 0x00, 0x00, 0x00, 0x00, 0x00,
    0x00, 0x00, 0x00, 0x00, 0x00, 0x00, 0x00, 0x00, 0x00, 0x00, 0x00, 0x00, 0x00, 0x00, 0x00, 0x00,
    0x00, 0x00, 0x00, 0x00, 0x00, 0x00, 0x00, 0x00, 0x00, 0x00, 0x00, 0x00, 0x00, 0x00, 0x00, 0x00,
    0x00, 0x00, 0x00, 0x00, 0x00, 0x00, 0x00, 0x00, 0x00, 0x00, 0x00, 0x00, 0x00, 0x00, 0x00, 0x00,
    0x00, 0x00, 0x00, 0x00, 0x00, 0x00, 0x00, 0x00, 0x00, 0x00, 0x00, 0x00, 0x00, 0x00, 0x00, 0x00,
    0x00, 0x00, 0x00, 0x00, 0x00, 0x00, 0x00, 0x00, 0x00, 0x00, 0x00, 0x00, 0x00, 0x00, 0x00, 0x00,
    0x00, 0x00, 0x00, 0x00, 0x00, 0x00, 0x00, 0x00, 0x00, 0x00, 0x00, 0x00, 0x00, 0x00, 0x00, 0x00,
    0x00, 0x00, 0x00, 0x00, 0x00, 0x00, 0x00, 0x00, 0x00, 0x00, 0x00, 0x00, 0x00, 0x00, 0x00, 0x00,
    0x00, 0x00, 0x00, 0x00, 0x00, 0x00, 0x00, 0x00, 0x00, 0x00, 0x00, 0x00, 0x00, 0x00, 0x00, 0x00,
    0x00, 0x00, 0x00, 0x00, 0x00, 0x00, 0x00, 0x00, 0x00, 0x00, 0x00, 0x00, 0x00, 0x00, 0x00, 0x00,
    0x00, 0x00, 0x00, 0x00, 0x00, 0x00, 0x00, 0x00, 0x00, 0x00, 0x00, 0x00, 0x00, 0x00, 0x00, 0x00,
    0x00, 0x00, 0x00, 0x00, 0x00, 0x00, 0x00, 0x00, 0x00, 0x00, 0x00, 0x00, 0x00, 0x00, 0x00, 0x00,
    0x00, 0x00, 0x00, 0x00, 0x00, 0x00, 0x00, 0x00, 0x00, 0x00, 0x00, 0x00, 0x00, 0x00, 0x00, 0x00,
    0x00, 0x00, 0x00, 0x00, 0x00, 0x00, 0x00, 0x00, 0x00, 0x00, 0x00, 0x00, 0x00, 0x00, 0x00, 0x00,
    0x00, 0x00, 0x00, 0x00, 0x00, 0x00, 0x00, 0x00, 0x00, 0x00, 0x00, 0x00, 0x00, 0x00, 0x00, 0x00,
    0x00, 0x00, 0x00, 0x00, 0x00, 0x00, 0x00, 0x00, 0x00, 0x00, 0x00, 0x00, 0x00, 0x00, 0x00, 0x00,
    0x00, 0x00, 0x00, 0x00, 0x00, 0x00, 0x00, 0x00, 0x00, 0x00, 0x00, 0x00, 0x00, 0x00, 0x00, 0x00,
    0x00, 0x00, 0x00, 0x00, 0x00, 0x00, 0x00, 0x00, 0x00, 0x00, 0x00, 0x00, 0x00, 0x00, 0x00, 0x00,
    0x00, 0x00, 0x00, 0x00, 0x00, 0x00, 0x00, 0x00, 0x00, 0x00, 0x00, 0x00, 0x00, 0x00, 0x00, 0x00,
    0x00, 0x00, 0x00, 0x00, 0x00, 0x00, 0x00, 0x00, 0x00, 0x00, 0x00, 0x00, 0x00, 0x00, 0x00, 0x00,
    0x00, 0x00, 0x00, 0x00, 0x00, 0x00, 0x00, 0x00, 0x00, 0x00, 0x00, 0x00, 0x00, 0x00, 0x00, 0x00,
    0x00, 0x00, 0x00, 0x00, 0x00, 0x00, 0x00, 0x00, 0x00, 0x00, 0x00, 0x00, 0x00, 0x00, 0x00, 0x00,
    0x00, 0x00, 0x00, 0x00, 0x00, 0x00, 0x00, 0x00, 0x00, 0x00, 0x00, 0x00, 0x00, 0x00, 0x00, 0x00,
    0x00, 0x00, 0x00, 0x00, 0x00, 0x00, 0x00, 0x00, 0x00, 0x00, 0x00, 0x00, 0x00, 0x00, 0x00, 0x00,
    0x00, 0x00, 0x00, 0x00, 0x00, 0x00, 0x00, 0x00, 0x00, 0x00, 0x00, 0x00, 0x00, 0x00, 0x00, 0x00,
    0x00, 0x00, 0x00, 0x00, 0x00, 0x00, 0x00, 0x00, 0x00, 0x00, 0x00, 0x00, 0x00, 0x00, 0x00, 0x00,
    0x00, 0x00, 0x00, 0x00, 0x00, 0x00, 0x00, 0x00, 0x00, 0x00, 0x00, 0x00, 0x00, 0x00, 0x00, 0x00,
    0x00, 0x00, 0x00, 0x00, 0x00, 0x00, 0x00, 0x00, 0x00, 0x00, 0x00, 0x00, 0x00, 0x00, 0x00, 0x00,
    0x00, 0x00, 0x00, 0x00, 0x00, 0x00, 0x00, 0x00, 0x00, 0x00, 0x00, 0x00, 0x00, 0x00, 0x00, 0x00,
    0x00, 0x00, 0x00, 0x00, 0x00, 0x00, 0x00, 0x00, 0x00, 0x00, 0x00, 0x00, 0x00, 0x00, 0x00, 0x00,
    0x00, 0x00, 0x00, 0x00, 0x00, 0x00, 0x00, 0x00, 0x00, 0x00, 0x00, 0x00, 0x00, 0x00, 0x00, 0x00,
    0x00, 0x00, 0x00, 0x00, 0x00, 0x00, 0x00, 0x00, 0x00, 0x00, 0x00, 0x00, 0x00, 0x00, 0x00, 0x00,
    0x00, 0x00, 0x00, 0x00, 0x00, 0x00, 0x00, 0x00, 0x00, 0x00, 0x00, 0x00, 0x00, 0x00, 0x00, 0x00,
    0x00, 0x00, 0x00, 0x00, 0x00, 0x00, 0x00, 0x00, 0x00, 0x00, 0x00, 0x00, 0x00, 0x00, 0x00, 0x00,
    0x00, 0x00, 0x00, 0x00, 0x00, 0x00, 0x00, 0x00, 0x00, 0x00, 0x00, 0x00, 0x00, 0x00, 0x00, 0x00,
    0x00, 0x00, 0x00, 0x00, 0x00, 0x00, 0x00, 0x00, 0x00, 0x00, 0x00, 0x00, 0x00, 0x00, 0x00, 0x00,
    0x00, 0x00, 0x00, 0x00, 0x00, 0x00, 0x00, 0x00, 0x00, 0x00, 0x00, 0x00, 0x00, 0x00, 0x00, 0x00,
    0x00, 0x00, 0x00, 0x00, 0x00, 0x00, 0x00, 0x00, 0x00, 0x00, 0x00, 0x00, 0x00, 0x00, 0x00, 0x00,
    0x00, 0x00, 0x00, 0x00, 0x00, 0x00, 0x00, 0x00, 0x00, 0x00, 0x00, 0x00, 0x00, 0x00, 0x00, 0x00,
    0x00, 0x00, 0x00, 0x00, 0x00, 0x00, 0x00, 0x00, 0x00, 0x00, 0x00, 0x00, 0x00, 0x00, 0x00, 0x00,
    0x00, 0x00, 0x00, 0x00, 0x00, 0x00, 0x00, 0x00, 0x00, 0x00, 0x00, 0x00, 0x00, 0x00, 0x00, 0x00,
    0x00, 0x00, 0x00, 0x00, 0x00, 0x00, 0x00, 0x00, 0x00, 0x00, 0x00, 0x00, 0x00, 0x00, 0x00, 0x00,
    0x00, 0x00, 0x00, 0x00, 0x00, 0x00, 0x00, 0x00, 0x00, 0x00, 0x00, 0x00, 0x00, 0x00, 0x00, 0x00,
    0x00, 0x00, 0x00, 0x00, 0x00, 0x00, 0x00, 0x00, 0x00, 0x00, 0x00, 0x00, 0x00, 0x00, 0x00, 0x00,
    0x00, 0x00, 0x00, 0x00, 0x00, 0x00, 0x00, 0x00, 0x00, 0x00, 0x00, 0x00, 0x00, 0x00, 0x00, 0x00,
    0x00, 0x00, 0x00, 0x00, 0x00, 0x00, 0x00, 0x00, 0x00, 0x00, 0x00, 0x00, 0x00, 0x00, 0x00, 0x00,
    0x00, 0x00, 0x00, 0x00, 0x00, 0x00, 0x00, 0x00, 0x00, 0x00, 0x00, 0x00, 0x00, 0x00, 0x00, 0x00,
    0x00, 0x00, 0x00, 0x00, 0x00, 0x00, 0x00, 0x00, 0x00, 0x00, 0x00, 0x00, 0x00, 0x00, 0x00, 0x00,
    0x00, 0x00, 0x00, 0x00, 0x00, 0x00, 0x00, 0x00, 0x00, 0x00, 0x00, 0x00, 0x00, 0x00, 0x00, 0x00,
    0x00, 0x00, 0x00, 0x00, 0x00, 0x00, 0x00, 0x00, 0x00, 0x00, 0x00, 0x00, 0x00, 0x00, 0x00, 0x00,
    0x00, 0x00, 0x00, 0x00, 0x00, 0x00, 0x00, 0x00, 0x00, 0x00, 0x00, 0x00, 0x00, 0x00, 0x00, 0x00,
    0x00, 0x00, 0x00, 0x00, 0x00, 0x00, 0x00, 0x00, 0x00, 0x00, 0x00, 0x00, 0x00, 0x00, 0x00, 0x00,
    0x00, 0x00, 0x00, 0x00, 0x00, 0x00, 0x00, 0x00, 0x00, 0x00, 0x00, 0x00, 0x00, 0x00, 0x00, 0x00,
    0x00, 0x00, 0x00, 0x00, 0x00, 0x00, 0x00, 0x00, 0x00, 0x00, 0x00, 0x00, 0x00, 0x00, 0x00, 0x00,
    0x00, 0x00, 0x00, 0x00, 0x00, 0x00, 0x00, 0x00, 0x00, 0x00, 0x00, 0x00, 0x00, 0x00, 0x00, 0x00,
    0x00, 0x00, 0x00, 0x00, 0x00, 0x00, 0x00, 0x00, 0x00, 0x00, 0x00, 0x00, 0x00, 0x00, 0x00, 0x00,
    0x00, 0x00, 0x00, 0x00, 0x00, 0x00, 0x00, 0x00, 0x00, 0x00, 0x00, 0x00, 0x00, 0x00, 0x00, 0x00,
    0x00, 0x00, 0x00, 0x00, 0x00, 0x00, 0x00, 0x00, 0x00, 0x00, 0x00, 0x00, 0x00, 0x00, 0x00, 0x00,
    0x00, 0x00, 0x00, 0x00, 0x00, 0x00, 0x00, 0x00, 0x00, 0x00, 0x00, 0x00, 0x00, 0x00, 0x00, 0x00,
    0x00, 0x00, 0x00, 0x00, 0x00, 0x00, 0x00, 0x00, 0x00, 0x00, 0x00, 0x00, 0x00, 0x00, 0x00, 0x00,
    0x00, 0x00, 0x00, 0x00, 0x00, 0x00, 0x00, 0x00, 0x00, 0x00, 0x00, 0x00, 0x00, 0x00, 0x00, 0x00,
    0x00, 0x00, 0x00, 0x00, 0x00, 0x00, 0x00, 0x00, 0x00, 0x00, 0x00, 0x00, 0x00, 0x00, 0x00, 0x00,
    0x00, 0x00, 0x00, 0x00, 0x00, 0x00, 0x00, 0x00, 0x00, 0x00, 0x00, 0x00, 0x00, 0x00, 0x00, 0x00,
    0x00, 0x00, 0x00, 0x00, 0x00, 0x00, 0x00, 0x00, 0x00, 0x00, 0x00, 0x00, 0x00, 0x00, 0x00, 0x00,
    0x00, 0x00, 0x00, 0x00, 0x00, 0x00, 0x00, 0x00, 0x00, 0x00, 0x00, 0x00, 0x00, 0x00, 0x00, 0x00,
    0x00, 0x00, 0x00, 0x00, 0x00, 0x00, 0x00, 0x00, 0x00, 0x00, 0x00, 0x00, 0x00, 0x00, 0x00, 0x00,
    0x00, 0x00, 0x00, 0x00, 0x00, 0x00, 0x00, 0x00, 0x00, 0x00, 0x00, 0x00, 0x00, 0x00, 0x00, 0x00,
    0x00, 0x00, 0x00, 0x00, 0x00, 0x00, 0x00, 0x00, 0x00, 0x00, 0x00, 0x00, 0x00, 0x00, 0x00, 0x00,
    0x00, 0x00, 0x00, 0x00, 0x00, 0x00, 0x00, 0x00, 0x00, 0x00, 0x00, 0x00, 0x00, 0x00, 0x00, 0x00,
    0x00, 0x00, 0x00, 0x00, 0x00, 0x00, 0x00, 0x00, 0x00, 0x00, 0x00, 0x00, 0x00, 0x00, 0x00, 0x00,
    0x00, 0x00, 0x00, 0x00, 0x00, 0x00, 0x00, 0x00, 0x00, 0x00, 0x00, 0x00, 0x00, 0x00, 0x00, 0x00,
    0x00, 0x00, 0x00, 0x00, 0x00, 0x00, 0x00, 0x00, 0x00, 0x00, 0x00, 0x00, 0x00, 0x00, 0x00, 0x00,
    0x00, 0x00, 0x00, 0x00, 0x00, 0x00, 0x00, 0x00, 0x00, 0x00, 0x00, 0x00, 0x00, 0x00, 0x00, 0x00,
    0x00, 0x00, 0x00, 0x00, 0x00, 0x00, 0x00, 0x00, 0x00, 0x00, 0x00, 0x00, 0x00, 0x00, 0x00, 0x00,
    0x00, 0x00, 0x00, 0x00, 0x00, 0x00, 0x00, 0x00, 0x00, 0x00, 0x00, 0x00, 0x00, 0x00, 0x00, 0x00,
    0x00, 0x00, 0x00, 0x00, 0x00, 0x00, 0x00, 0x00, 0x00, 0x00, 0x00, 0x00, 0x00, 0x00, 0x00, 0x00,
    0x00, 0x00, 0x00, 0x00, 0x00, 0x00, 0x00, 0x00, 0x00, 0x00, 0x00, 0x00, 0x00, 0x00, 0x00, 0x00,
    0x00, 0x00, 0x00, 0x00, 0x00, 0x00, 0x00, 0x00, 0x00, 0x00, 0x00, 0x00, 0x00, 0x00, 0x00, 0x00,
    0x00, 0x00, 0x00, 0x00, 0x00, 0x00, 0x00, 0x00, 0x00, 0x00, 0x00, 0x00, 0x00, 0x00, 0x00, 0x00,
    0x00, 0x00, 0x00, 0x00, 0x00, 0x00, 0x00, 0x00, 0x00, 0x00, 0x00, 0x00, 0x00, 0x00, 0x00, 0x00,
    0x00, 0x00, 0x00, 0x00, 0x00, 0x00, 0x00, 0x00, 0x00, 0x00, 0x00, 0x00, 0x00, 0x00, 0x00, 0x00,
    0x00, 0x00, 0x00, 0x00, 0x00, 0x00, 0x00, 0x00, 0x00, 0x00, 0x00, 0x00, 0x00, 0x00, 0x00, 0x00,
    0x00, 0x00, 0x00, 0x00, 0x00, 0x00, 0x00, 0x00, 0x00, 0x00, 0x00, 0x00, 0x00, 0x00, 0x00, 0x00,
    0x00, 0x00, 0x00, 0x00, 0x00, 0x00, 0x00, 0x00, 0x00, 0x00, 0x00, 0x00, 0x00, 0x00, 0x00, 0x00,
    0x00, 0x00, 0x00, 0x00, 0x00, 0x00, 0x00, 0x00, 0x00, 0x00, 0x00, 0x00, 0x00, 0x00, 0x00, 0x00,
    0x00, 0x00, 0x00, 0x00, 0x00, 0x00, 0x00, 0x00, 0x00, 0x00, 0x00, 0x00, 0x00, 0x00, 0x00, 0x00,
    0x00, 0x00, 0x00, 0x00, 0x00, 0x00, 0x00, 0x00, 0x00, 0x00, 0x00, 0x00, 0x00, 0x00, 0x00, 0x00,
    0x00, 0x00, 0x00, 0x00, 0x00, 0x00, 0x00, 0x00, 0x00, 0x00, 0x00, 0x00, 0x00, 0x00, 0x00, 0x00,
    0x00, 0x00, 0x00, 0x00, 0x00, 0x00, 0x00, 0x00, 0x00, 0x00, 0x00, 0x00, 0x00, 0x00, 0x00, 0x00,
    0x00, 0x00, 0x00, 0x00, 0x00, 0x00, 0x00, 0x00, 0x00, 0x00, 0x00, 0x00, 0x00, 0x00, 0x00, 0x00,
    0x00, 0x00, 0x00, 0x00, 0x00, 0x00, 0x00, 0x00, 0x00, 0x00, 0x00, 0x00, 0x00, 0x00, 0x00, 0x00,
    0x00, 0x00, 0x00, 0x00, 0x00, 0x00, 0x00, 0x00, 0x00, 0x00, 0x00, 0x00, 0x00, 0x00, 0x00, 0x00,
    0x00, 0x00, 0x00, 0x00, 0x00, 0x00, 0x00, 0x00, 0x00, 0x00, 0x00, 0x00, 0x00, 0x00, 0x00, 0x00,
    0x00, 0x00, 0x00, 0x00, 0x00, 0x00, 0x00, 0x00, 0x00, 0x00, 0x00, 0x00, 0x00, 0x00, 0x00, 0x00,
    0x00, 0x00, 0x00, 0x00, 0x00, 0x00, 0x00, 0x00, 0x00, 0x00, 0x00, 0x00, 0x00, 0x00, 0x00, 0x00,
    0x00, 0x00, 0x00, 0x00, 0x00, 0x00, 0x00, 0x00, 0x00, 0x00, 0x00, 0x00, 0x00, 0x00, 0x00, 0x00,
    0x00, 0x00, 0x00, 0x00, 0x00, 0x00, 0x00, 0x00, 0x00, 0x00, 0x00, 0x00, 0x00, 0x00, 0x00, 0x00,
    0x00, 0x00, 0x00, 0x00, 0x00, 0x00, 0x00, 0x00, 0x00, 0x00, 0x00, 0x00, 0x00, 0x00, 0x00, 0x00,
    0x00, 0x00, 0x00, 0x00, 0x00, 0x00, 0x00, 0x00, 0x00, 0x00, 0x00, 0x00, 0x00, 0x00, 0x00, 0x00,
    0x00, 0x00, 0x00, 0x00, 0x00, 0x00, 0x00, 0x00, 0x00, 0x00, 0x00, 0x00, 0x00, 0x00, 0x00, 0x00,
    0x00, 0x00, 0x00, 0x00, 0x00, 0x00, 0x00, 0x00, 0x00, 0x00, 0x00, 0x00, 0x00, 0x00, 0x00, 0x00,
    0x00, 0x00, 0x00, 0x00, 0x00, 0x00, 0x00, 0x00, 0x00, 0x00, 0x00, 0x00, 0x00, 0x00, 0x00, 0x00,
    0x00, 0x00, 0x00, 0x00, 0x00, 0x00, 0x00, 0x00, 0x00, 0x00, 0x00, 0x00, 0x00, 0x00, 0x00, 0x00,
    0x00, 0x00, 0x00, 0x00, 0x00, 0x00, 0x00, 0x00, 0x00, 0x00, 0x00, 0x00, 0x00, 0x00, 0x00, 0x00,
    0x00, 0x00, 0x00, 0x00, 0x00, 0x00, 0x00, 0x00, 0x00, 0x00, 0x00, 0x00, 0x00, 0x00, 0x00, 0x00,
    0x00, 0x00, 0x00, 0x00, 0x00, 0x00, 0x00, 0x00, 0x00, 0x00, 0x00, 0x00, 0x00, 0x00, 0x00, 0x00,
    0x00, 0x00, 0x00, 0x00, 0x00, 0x00, 0x00, 0x00, 0x00, 0x00, 0x00, 0x00, 0x00, 0x00, 0x00, 0x00,
    0x00, 0x00, 0x00, 0x00, 0x00, 0x00, 0x00, 0x00, 0x00, 0x00, 0x00, 0x00, 0x00, 0x00, 0x00, 0x00,
    0x00, 0x00, 0x00, 0x00, 0x00, 0x00, 0x00, 0x00, 0x00, 0x00, 0x00, 0x00, 0x00, 0x00, 0x00, 0x00,
    0x00, 0x00, 0x00, 0x00, 0x00, 0x00, 0x00, 0x00, 0x00, 0x00, 0x00, 0x00, 0x00, 0x00, 0x00, 0x00,
    0x00, 0x00, 0x00, 0x00, 0x00, 0x00, 0x00, 0x00, 0x00, 0x00, 0x00, 0x00, 0x00, 0x00, 0x00, 0x00,
    0x00, 0x00, 0x00, 0x00, 0x00, 0x00, 0x00, 0x00, 0x00, 0x00, 0x00, 0x00, 0x00, 0x00, 0x00, 0x00,
    0x00, 0x00, 0x00, 0x00, 0x00, 0x00, 0x00, 0x00, 0x00, 0x00, 0x00, 0x00, 0x00, 0x00, 0x00, 0x00,
    0x00, 0x00, 0x00, 0x00, 0x00, 0x00, 0x00, 0x00, 0x00, 0x00, 0x00, 0x00, 0x00, 0x00, 0x00, 0x00,
    0x00, 0x00, 0x00, 0x00, 0x00, 0x00, 0x00, 0x00, 0x00, 0x00, 0x00, 0x00, 0x00, 0x00, 0x00, 0x00,
    0x00, 0x00, 0x00, 0x00, 0x00, 0x00, 0x00, 0x00, 0x00, 0x00, 0x00, 0x00, 0x00, 0x00, 0x00, 0x00,
    0x00, 0x00, 0x00, 0x00, 0x00, 0x00, 0x00, 0x00, 0x00, 0x00, 0x00, 0x00, 0x00, 0x00, 0x00, 0x00,
    0x00, 0x00, 0x00, 0x00, 0x00, 0x00, 0x00, 0x00, 0x00, 0x00, 0x00, 0x00, 0x00, 0x00, 0x00, 0x00,
    0x00, 0x00, 0x00, 0x00, 0x00, 0x00, 0x00, 0x00, 0x00, 0x00, 0x00, 0x00, 0x00, 0x00, 0x00, 0x00,
    0x00, 0x00, 0x00, 0x00, 0x00, 0x00, 0x00, 0x00, 0x00, 0x00, 0x00, 0x00, 0x00, 0x00, 0x00, 0x00,
    0x00, 0x00, 0x00, 0x00, 0x00, 0x00, 0x00, 0x00, 0x00, 0x00, 0x00, 0x00, 0x00, 0x00, 0x00, 0x00,
    0x00, 0x00, 0x00, 0x00, 0x00, 0x00, 0x00, 0x00, 0x00, 0x00, 0x00, 0x00, 0x00, 0x00, 0x00, 0x00,
    0x00, 0x00, 0x00, 0x00, 0x00, 0x00, 0x00, 0x00, 0x00, 0x00, 0x00, 0x00, 0x00, 0x00, 0x00, 0x00,
    0x00, 0x00, 0x00, 0x00, 0x00, 0x00, 0x00, 0x00, 0x00, 0x00, 0x00, 0x00, 0x00, 0x00, 0x00, 0x00,
    0x00, 0x00, 0x00, 0x00, 0x00, 0x00, 0x00, 0x00, 0x00, 0x00, 0x00, 0x00, 0x00, 0x00, 0x00, 0x00,
    0x00, 0x00, 0x00, 0x00, 0x00, 0x00, 0x00, 0x00, 0x00, 0x00, 0x00, 0x00, 0x00, 0x00, 0x00, 0x00,
    0x00, 0x00, 0x00, 0x00, 0x00, 0x00, 0x00, 0x00, 0x00, 0x00, 0x00, 0x00, 0x00, 0x00, 0x00, 0x00,
    0x00, 0x00, 0x00, 0x00, 0x00, 0x00, 0x00, 0x00, 0x00, 0x00, 0x00, 0x00, 0x00, 0x00, 0x00, 0x00,
    0x00, 0x00, 0x00, 0x00, 0x00, 0x00, 0x00, 0x00, 0x00, 0x00, 0x00, 0x00, 0x00, 0x00, 0x00, 0x00,
    0x00, 0x00, 0x00, 0x00, 0x00, 0x00, 0x00, 0x00, 0x00, 0x00, 0x00, 0x00, 0x00, 0x00, 0x00, 0x00,
    0x00, 0x00, 0x00, 0x00, 0x00, 0x00, 0x00, 0x00, 0x00, 0x00, 0x00, 0x00, 0x00, 0x00, 0x00, 0x00,
    0x00, 0x00, 0x00, 0x00, 0x00, 0x00, 0x00, 0x00, 0x00, 0x00, 0x00, 0x00, 0x00, 0x00, 0x00, 0x00,
    0x00, 0x00, 0x00, 0x00, 0x00, 0x00, 0x00, 0x00, 0x00, 0x00, 0x00, 0x00, 0x00, 0x00, 0x00, 0x00,
    0x00, 0x00, 0x00, 0x00, 0x00, 0x00, 0x00, 0x00, 0x00, 0x00, 0x00, 0x00, 0x00, 0x00, 0x00, 0x00,
    0x00, 0x00, 0x00, 0x00, 0x00, 0x00, 0x00, 0x00, 0x00, 0x00, 0x00, 0x00, 0x00, 0x00, 0x00, 0x00,
    0x00, 0x00, 0x00, 0x00, 0x00, 0x00, 0x00, 0x00, 0x00, 0x00, 0x00, 0x00, 0x00, 0x00, 0x00, 0x00,
    0x00, 0x00, 0x00, 0x00, 0x00, 0x00, 0x00, 0x00, 0x00, 0x00, 0x00, 0x00, 0x00, 0x00, 0x00, 0x00,
    0x00, 0x00, 0x00, 0x00, 0x00, 0x00, 0x00, 0x00, 0x00, 0x00, 0x00, 0x00, 0x00, 0x00, 0x00, 0x00,
    0x00, 0x00, 0x00, 0x00, 0x00, 0x00, 0x00, 0x00, 0x00, 0x00, 0x00, 0x00, 0x00, 0x00, 0x00, 0x00,
    0x00, 0x00, 0x00, 0x00, 0x00, 0x00, 0x00, 0x00, 0x00, 0x00, 0x00, 0x00, 0x00, 0x00, 0x00, 0x00,
    0x00, 0x00, 0x00, 0x00, 0x00, 0x00, 0x00, 0x00, 0x00, 0x00, 0x00, 0x00, 0x00, 0x00, 0x00, 0x00,
    0x00, 0x00, 0x00, 0x00, 0x00, 0x00, 0x00, 0x00, 0x00, 0x00, 0x00, 0x00, 0x00, 0x00, 0x00, 0x00,
    0x00, 0x00, 0x00, 0x00, 0x00, 0x00, 0x00, 0x00, 0x00, 0x00, 0x00, 0x00, 0x00, 0x00, 0x00, 0x00,
    0x00, 0x00, 0x00, 0x00, 0x00, 0x00, 0x00, 0x00, 0x00, 0x00, 0x00, 0x00, 0x00, 0x00, 0x00, 0x00,
    0x00, 0x00, 0x00, 0x00, 0x00, 0x00, 0x00, 0x00, 0x00, 0x00, 0x00, 0x00, 0x00, 0x00, 0x00, 0x00,
    0x00, 0x00, 0x00, 0x00, 0x00, 0x00, 0x00, 0x00, 0x00, 0x00, 0x00, 0x00, 0x00, 0x00, 0x00, 0x00,
    0x00, 0x00, 0x00, 0x00, 0x00, 0x00, 0x00, 0x00, 0x00, 0x00, 0x00, 0x00, 0x00, 0x00, 0x00, 0x00,
    0x00, 0x00, 0x00, 0x00, 0x00, 0x00, 0x00, 0x00, 0x00, 0x00, 0x00, 0x00, 0x00, 0x00, 0x00, 0x00,
    0x00, 0x00, 0x00, 0x00, 0x00, 0x00, 0x00, 0x00, 0x00, 0x00, 0x00, 0x00, 0x00, 0x00, 0x00, 0x00,
    0x00, 0x00, 0x00, 0x00, 0x00, 0x00, 0x00, 0x00, 0x00, 0x00, 0x00, 0x00, 0x00, 0x00, 0x00, 0x00,
    0x00, 0x00, 0x00, 0x00, 0x00, 0x00, 0x00, 0x00, 0x00, 0x00, 0x00, 0x00, 0x00, 0x00, 0x00, 0x00,
    0x00, 0x00, 0x00, 0x00, 0x00, 0x00, 0x00, 0x00, 0x00, 0x00, 0x00, 0x00, 0x00, 0x00, 0x00, 0x00,
    0x00, 0x00, 0x00, 0x00, 0x00, 0x00, 0x00, 0x00, 0x00, 0x00, 0x00, 0x00, 0x00, 0x00, 0x00, 0x00,
    0x00, 0x00, 0x00, 0x00, 0x00, 0x00, 0x00, 0x00, 0x00, 0x00, 0x00, 0x00, 0x00, 0x00, 0x00, 0x00,
    0x00, 0x00, 0x00, 0x00, 0x00, 0x00, 0x00, 0x00, 0x00, 0x00, 0x00, 0x00, 0x00, 0x00, 0x00, 0x00,
    0x00, 0x00, 0x00, 0x00, 0x00, 0x00, 0x00, 0x00, 0x00, 0x00, 0x00, 0x00, 0x00, 0x00, 0x00, 0x00,
    0x00, 0x00, 0x00, 0x00, 0x00, 0x00, 0x00, 0x00, 0x00, 0x00, 0x00, 0x00, 0x00, 0x00, 0x00, 0x00,
    0x00, 0x00, 0x00, 0x00, 0x00, 0x00, 0x00, 0x00, 0x00, 0x00, 0x00, 0x00, 0x00, 0x00, 0x00, 0x00,
    0x00, 0x00, 0x00, 0x00, 0x00, 0x00, 0x00, 0x00, 0x00, 0x00, 0x00, 0x00, 0x00, 0x00, 0x00, 0x00,
    0x00, 0x00, 0x00, 0x00, 0x00, 0x00, 0x00, 0x00, 0x00, 0x00, 0x00, 0x00, 0x00, 0x00, 0x00, 0x00,
    0x00, 0x00, 0x00, 0x00, 0x00, 0x00, 0x00, 0x00, 0x00, 0x00, 0x00, 0x00, 0x00, 0x00, 0x00, 0x00,
    0x00, 0x00, 0x00, 0x00, 0x00, 0x00, 0x00, 0x00, 0x00, 0x00, 0x00, 0x00, 0x00, 0x00, 0x00, 0x00,
    0x00, 0x00, 0x00, 0x00, 0x00, 0x00, 0x00, 0x00, 0x00, 0x00, 0x00, 0x00, 0x00, 0x00, 0x00, 0x00,
    0x00, 0x00, 0x00, 0x00, 0x00, 0x00, 0x00, 0x00, 0x00, 0x00, 0x00, 0x00, 0x00, 0x00, 0x00, 0x00,
    0x00, 0x00, 0x00, 0x00, 0x00, 0x00, 0x00, 0x00, 0x00, 0x00, 0x00, 0x00, 0x00, 0x00, 0x00, 0x00,
    0x00, 0x00, 0x00, 0x00, 0x00, 0x00, 0x00, 0x00, 0x00, 0x00, 0x00, 0x00, 0x00, 0x00, 0x00, 0x00,
    0x00, 0x00, 0x00, 0x00, 0x00, 0x00, 0x00, 0x00, 0x00, 0x00, 0x00, 0x00, 0x00, 0x00, 0x00, 0x00,
    0x00, 0x00, 0x00, 0x00, 0x00, 0x00, 0x00, 0x00, 0x00, 0x00, 0x00, 0x00, 0x00, 0x00, 0x00, 0x00,
    0x00, 0x00, 0x00, 0x00, 0x00, 0x00, 0x00, 0x00, 0x00, 0x00, 0x00, 0x00, 0x00, 0x00, 0x00, 0x00,
    0x00, 0x00, 0x00, 0x00, 0x00, 0x00, 0x00, 0x00, 0x00, 0x00, 0x00, 0x00, 0x00, 0x00, 0x00, 0x00,
    0x00, 0x00, 0x00, 0x00, 0x00, 0x00, 0x00, 0x00, 0x00, 0x00, 0x00, 0x00, 0x00, 0x00, 0x00, 0x00,
    0x00, 0x00, 0x00, 0x00, 0x00, 0x00, 0x00, 0x00, 0x00, 0x00, 0x00, 0x00, 0x00, 0x00, 0x00, 0x00,
    0x00, 0x00, 0x00, 0x00, 0x00, 0x00, 0x00, 0x00, 0x00, 0x00, 0x00, 0x00, 0x00, 0x00, 0x00, 0x00,
    0x00, 0x00, 0x00, 0x00, 0x00, 0x00, 0x00, 0x00, 0x00, 0x00, 0x00, 0x00, 0x00, 0x00, 0x00, 0x00,
    0x00, 0x00, 0x00, 0x00, 0x00, 0x00, 0x00, 0x00, 0x00, 0x00, 0x00, 0x00, 0x00, 0x00, 0x00, 0x00,
    0x00, 0x00, 0x00, 0x00, 0x00, 0x00, 0x00, 0x00, 0x00, 0x00, 0x00, 0x00, 0x00, 0x00, 0x00, 0x00,
    0x00, 0x00, 0x00, 0x00, 0x00, 0x00, 0x00, 0x00, 0x00, 0x00, 0x00, 0x00, 0x00, 0x00, 0x00, 0x00,
    0x00, 0x00, 0x00, 0x00, 0x00, 0x00, 0x00, 0x00, 0x00, 0x00, 0x00, 0x00, 0x00, 0x00, 0x00, 0x00,
    0x00, 0x00, 0x00, 0x00, 0x00, 0x00, 0x00, 0x00, 0x00, 0x00, 0x00, 0x00, 0x00, 0x00, 0x00, 0x00,
    0x00, 0x00, 0x00, 0x00, 0x00, 0x00, 0x00, 0x00, 0x00, 0x00, 0x00, 0x00, 0x00, 0x00, 0x00, 0x00,
    0x00, 0x00, 0x00, 0x00, 0x00, 0x00, 0x00, 0x00, 0x00, 0x00, 0x00, 0x00, 0x00, 0x00, 0x00, 0x00,
    0x00, 0x00, 0x00, 0x00, 0x00, 0x00, 0x00, 0x00, 0x00, 0x00, 0x00, 0x00, 0x00, 0x00, 0x00, 0x00,
    0x00, 0x00, 0x00, 0x00, 0x00, 0x00, 0x00, 0x00, 0x00, 0x00, 0x00, 0x00, 0x00, 0x00, 0x00, 0x00,
    0x00, 0x00, 0x00, 0x00, 0x00, 0x00, 0x00, 0x00, 0x00, 0x00, 0x00, 0x00, 0x00, 0x00, 0x00, 0x00,
    0x00, 0x00, 0x00, 0x00, 0x00, 0x00, 0x00, 0x00, 0x00, 0x00, 0x00, 0x00, 0x00, 0x00, 0x00, 0x00,
    0x00, 0x00, 0x00, 0x00, 0x00, 0x00, 0x00, 0x00, 0x00, 0x00, 0x00, 0x00, 0x00, 0x00, 0x00, 0x00,
    0x00, 0x00, 0x00, 0x00, 0x00, 0x00, 0x00, 0x00, 0x00, 0x00, 0x00, 0x00, 0x00, 0x00, 0x00, 0x00,
    0x00, 0x00, 0x00, 0x00, 0x00, 0x00, 0x00, 0x00, 0x00, 0x00, 0x00, 0x00, 0x00, 0x00, 0x00, 0x00,
    0x00, 0x00, 0x00, 0x00, 0x00, 0x00, 0x00, 0x00, 0x00, 0x00, 0x00, 0x00, 0x00, 0x00, 0x00, 0x00,
    0x00, 0x00, 0x00, 0x00, 0x00, 0x00, 0x00, 0x00, 0x00, 0x00, 0x00, 0x00, 0x00, 0x00, 0x00, 0x00,
    0x00, 0x00, 0x00, 0x00, 0x00, 0x00, 0x00, 0x00, 0x00, 0x00, 0x00, 0x00, 0x00, 0x00, 0x00, 0x00,
    0x00, 0x00, 0x00, 0x00, 0x00, 0x45, 0x4E, 0x44, 0x54,
};
