// Generated with `xb buildshaders`.
const uint8_t texture_load_64bpb_scaled_cs_metallib[] = {
    0x4D, 0x54, 0x4C, 0x42, 0x01, 0x80, 0x02, 0x00, 0x09, 0x00, 0x00, 0x81, 0x1A, 0x00, 0x00, 0x00,
    0x25, 0x7A, 0x00, 0x00, 0x00, 0x00, 0x00, 0x00, 0x58, 0x00, 0x00, 0x00, 0x00, 0x00, 0x00, 0x00,
    0x8E, 0x00, 0x00, 0x00, 0x00, 0x00, 0x00, 0x00, 0x04, 0x01, 0x00, 0x00, 0x00, 0x00, 0x00, 0x00,
    0x08, 0x00, 0x00, 0x00, 0x00, 0x00, 0x00, 0x00, 0x0C, 0x01, 0x00, 0x00, 0x00, 0x00, 0x00, 0x00,
    0xD5, 0x00, 0x00, 0x00, 0x00, 0x00, 0x00, 0x00, 0xE1, 0x01, 0x00, 0x00, 0x00, 0x00, 0x00, 0x00,
    0xA0, 0x26, 0x00, 0x00, 0x00, 0x00, 0x00, 0x00, 0x01, 0x00, 0x00, 0x00, 0x8E, 0x00, 0x00, 0x00,
    0x4E, 0x41, 0x4D, 0x45, 0x0B, 0x00, 0x78, 0x65, 0x73, 0x6C, 0x5F, 0x65, 0x6E, 0x74, 0x72, 0x79,
    0x00, 0x54, 0x59, 0x50, 0x45, 0x01, 0x00, 0x02, 0x48, 0x41, 0x53, 0x48, 0x20, 0x00, 0xE3, 0x29,
    0x84, 0x85, 0x74, 0x2D, 0x11, 0x6E, 0x8E, 0x45, 0x13, 0xF7, 0x6E, 0x2D, 0x06, 0x57, 0xEA, 0xF4,
    0xB3, 0xFE, 0x25, 0x67, 0x21, 0x79, 0xF7, 0xB6, 0xCF, 0x6C, 0x40, 0x1C, 0xE9, 0x4C, 0x4D, 0x44,
    0x53, 0x5A, 0x08, 0x00, 0xA0, 0x26, 0x00, 0x00, 0x00, 0x00, 0x00, 0x00, 0x4F, 0x46, 0x46, 0x54,
    0x18, 0x00, 0x00, 0x00, 0x00, 0x00, 0x00, 0x00, 0x00, 0x00, 0x00, 0x00, 0x00, 0x00, 0x00, 0x00,
    0x00, 0x00, 0x00, 0x00, 0x00, 0x00, 0x00, 0x00, 0x00, 0x00, 0x56, 0x45, 0x52, 0x53, 0x08, 0x00,
    0x02, 0x00, 0x08, 0x00, 0x04, 0x00, 0x00, 0x00, 0x53, 0x4F, 0x46, 0x46, 0x08, 0x00, 0x7B, 0x01,
    0x00, 0x00, 0x00, 0x00, 0x00, 0x00, 0x45, 0x4E, 0x44, 0x54, 0x48, 0x53, 0x52, 0x44, 0x10, 0x00,
    0x81, 0x28, 0x00, 0x00, 0x00, 0x00, 0x00, 0x00, 0xA4, 0x51, 0x00, 0x00, 0x00, 0x00, 0x00, 0x00,
    0x45, 0x4E, 0x44, 0x54, 0x04, 0x00, 0x00, 0x00, 0x45, 0x4E, 0x44, 0x54, 0xD1, 0x00, 0x00, 0x00,
    0x44, 0x45, 0x42, 0x49, 0x7B, 0x00, 0x10, 0x00, 0x00, 0x00, 0x2F, 0x55, 0x73, 0x65, 0x72, 0x73,
    0x2F, 0x77, 0x6D, 0x61, 0x72, 0x74, 0x69, 0x2F, 0x44, 0x6F, 0x63, 0x75, 0x6D, 0x65, 0x6E, 0x74,
    0x73, 0x2F, 0x78, 0x65, 0x6E, 0x69, 0x61, 0x2D, 0x6D, 0x61, 0x63, 0x2F, 0x73, 0x63, 0x72, 0x61,
    0x74, 0x63, 0x68, 0x2F, 0x77, 0x6F, 0x72, 0x6B, 0x74, 0x72, 0x65, 0x65, 0x73, 0x2F, 0x78, 0x65,
    0x6E, 0x69, 0x61, 0x2D, 0x63, 0x61, 0x6E, 0x61, 0x72, 0x79, 0x2D, 0x72, 0x65, 0x62, 0x61, 0x73,
    0x65, 0x2F, 0x73, 0x72, 0x63, 0x2F, 0x78, 0x65, 0x6E, 0x69, 0x61, 0x2F, 0x67, 0x70, 0x75, 0x2F,
    0x73, 0x68, 0x61, 0x64, 0x65, 0x72, 0x73, 0x2F, 0x74, 0x65, 0x78, 0x74, 0x75, 0x72, 0x65, 0x5F,
    0x6C, 0x6F, 0x61, 0x64, 0x5F, 0x36, 0x34, 0x62, 0x70, 0x62, 0x2E, 0x78, 0x65, 0x73, 0x6C, 0x69,
    0x00, 0x44, 0x45, 0x50, 0x46, 0x46, 0x00, 0x73, 0x72, 0x63, 0x2F, 0x78, 0x65, 0x6E, 0x69, 0x61,
    0x2F, 0x67, 0x70, 0x75, 0x2F, 0x73, 0x68, 0x61, 0x64, 0x65, 0x72, 0x73, 0x2F, 0x62, 0x79, 0x74,
    0x65, 0x63, 0x6F, 0x64, 0x65, 0x2F, 0x6D, 0x65, 0x74, 0x61, 0x6C, 0x2F, 0x74, 0x65, 0x78, 0x74,
    0x75, 0x72, 0x65, 0x5F, 0x6C, 0x6F, 0x61, 0x64, 0x5F, 0x36, 0x34, 0x62, 0x70, 0x62, 0x5F, 0x73,
    0x63, 0x61, 0x6C, 0x65, 0x64, 0x5F, 0x63, 0x73, 0x2E, 0x61, 0x69, 0x72, 0x00, 0x45, 0x4E, 0x44,
    0x54, 0xDE, 0xC0, 0x17, 0x0B, 0x00, 0x00, 0x00, 0x00, 0x14, 0x00, 0x00, 0x00, 0x80, 0x26, 0x00,
    0x00, 0xFF, 0xFF, 0xFF, 0xFF, 0x42, 0x43, 0xC0, 0xDE, 0x35, 0x14, 0x00, 0x00, 0x03, 0x00, 0x00,
    0x00, 0x62, 0x0C, 0x30, 0x24, 0x80, 0x10, 0x05, 0xC8, 0x14, 0x00, 0x00, 0x00, 0x21, 0x0C, 0x00,
    0x00, 0x38, 0x09, 0x00, 0x00, 0x0B, 0x02, 0x21, 0x00, 0x02, 0x00, 0x00, 0x00, 0x16, 0x00, 0x00,
    0x00, 0x07, 0x81, 0x23, 0x91, 0x41, 0xC8, 0x04, 0x49, 0x06, 0x10, 0x32, 0x39, 0x92, 0x01, 0x84,
    0x0C, 0x25, 0x05, 0x08, 0x19, 0x1E, 0x04, 0x8B, 0x62, 0x80, 0x14, 0x45, 0x02, 0x42, 0x92, 0x0B,
    0x42, 0xA4, 0x10, 0x32, 0x14, 0x38, 0x08, 0x18, 0x4B, 0x0A, 0x32, 0x52, 0x88, 0x48, 0x70, 0xC4,
    0x21, 0x23, 0x44, 0x12, 0x87, 0x8C, 0x10, 0x41, 0x92, 0x02, 0x64, 0xC8, 0x08, 0xB1, 0x14, 0x20,
    0x43, 0x46, 0x88, 0x20, 0xC9, 0x01, 0x32, 0x52, 0x84, 0x18, 0x2A, 0x28, 0x2A, 0x90, 0x31, 0x7C,
    0xB0, 0x5C, 0x91, 0x20, 0xC5, 0xC8, 0x00, 0x00, 0x00, 0x89, 0x20, 0x00, 0x00, 0x28, 0x00, 0x00,
    0x00, 0x32, 0x22, 0x48, 0x09, 0x20, 0x62, 0x46, 0x00, 0x21, 0x2B, 0x24, 0x98, 0x14, 0x21, 0x25,
    0x24, 0x98, 0x14, 0x19, 0x27, 0x0C, 0x85, 0xA4, 0x90, 0x60, 0x52, 0x64, 0x5C, 0x20, 0x24, 0x65,
    0x82, 0x60, 0x1B, 0x01, 0x98, 0x23, 0x00, 0x83, 0x61, 0x84, 0x21, 0xC0, 0x3B, 0x90, 0xA6, 0x88,
    0x12, 0x26, 0xFF, 0x22, 0xA4, 0xE5, 0x47, 0x86, 0x5F, 0x70, 0x1A, 0x69, 0x02, 0x9A, 0x69, 0xA3,
    0x8A, 0x82, 0x88, 0xFE, 0x8B, 0xF8, 0x27, 0xE2, 0x9A, 0xA8, 0x88, 0xF8, 0x17, 0x07, 0x18, 0x7E,
    0xC1, 0x69, 0xA4, 0x09, 0x68, 0x26, 0x29, 0x21, 0x21, 0x84, 0x20, 0x42, 0x08, 0x83, 0x08, 0x83,
    0x30, 0x8C, 0x40, 0x04, 0x83, 0x08, 0x45, 0x60, 0x0A, 0x40, 0x8C, 0x11, 0x74, 0x0C, 0x51, 0x4A,
    0x29, 0x94, 0xCC, 0x10, 0x42, 0xA0, 0x35, 0x47, 0x10, 0x0C, 0x23, 0x08, 0x81, 0x39, 0x42, 0x13,
    0x21, 0x04, 0x47, 0x6F, 0x18, 0x41, 0x68, 0x8C, 0xD0, 0x22, 0xC9, 0x81, 0x00, 0x15, 0x08, 0x73,
    0x04, 0xA0, 0x30, 0x88, 0x10, 0x08, 0x83, 0x08, 0x82, 0x30, 0x8C, 0x30, 0x34, 0x53, 0x00, 0x00,
    0x00, 0x51, 0x18, 0x00, 0x00, 0xEF, 0x00, 0x00, 0x00, 0x1B, 0xF2, 0x23, 0xF8, 0xFF, 0xFF, 0xFF,
    0xFF, 0x01, 0x68, 0x03, 0xC0, 0x14, 0x00, 0x3F, 0x00, 0xFE, 0x00, 0x90, 0x80, 0x3E, 0x20, 0xC2,
    0x01, 0x1E, 0xE0, 0x41, 0x1E, 0xDE, 0x01, 0x1F, 0xDA, 0xC0, 0x1C, 0xEA, 0xC1, 0x1D, 0xC6, 0xA1,
    0x0D, 0xCC, 0x01, 0x1E, 0xDA, 0xA0, 0x1D, 0xC2, 0x81, 0x1E, 0xD0, 0x01, 0xA0, 0x07, 0x79, 0xA8,
    0x87, 0x72, 0x00, 0x08, 0x73, 0x90, 0x87, 0x70, 0x68, 0x87, 0x72, 0x68, 0x03, 0x78, 0x78, 0x87,
    0x74, 0x70, 0x07, 0x7A, 0x28, 0x07, 0x79, 0x00, 0xC2, 0x81, 0x1D, 0xD8, 0x01, 0x20, 0xDA, 0x21,
    0x1D, 0xDC, 0xA1, 0x0D, 0xD8, 0xA1, 0x1C, 0xCE, 0x21, 0x1C, 0xD8, 0xA1, 0x0D, 0xEC, 0xA1, 0x1C,
    0xC6, 0x81, 0x1E, 0xDE, 0x41, 0x1E, 0xDA, 0xE0, 0x1E, 0xD2, 0x81, 0x1C, 0xE8, 0x01, 0x1D, 0x80,
    0x38, 0x90, 0x03, 0x3C, 0x00, 0x06, 0x77, 0x78, 0x87, 0x36, 0x10, 0x87, 0x7A, 0x48, 0x07, 0x76,
    0xA0, 0x87, 0x74, 0x70, 0x87, 0x79, 0x00, 0x08, 0x77, 0x78, 0x87, 0x36, 0x48, 0x07, 0x77, 0x30,
    0x87, 0x79, 0x68, 0x03, 0x73, 0x80, 0x87, 0x36, 0x68, 0x87, 0x70, 0xA0, 0x07, 0x74, 0x00, 0xE8,
    0x41, 0x1E, 0xEA, 0xA1, 0x1C, 0x00, 0xC2, 0x1D, 0xDE, 0xA1, 0x0D, 0xDC, 0x21, 0x1C, 0xDC, 0x61,
    0x1E, 0xDA, 0xC0, 0x1C, 0xE0, 0xA1, 0x0D, 0xDA, 0x21, 0x1C, 0xE8, 0x01, 0x1D, 0x00, 0x7A, 0x90,
    0x87, 0x7A, 0x28, 0x07, 0x80, 0x70, 0x87, 0x77, 0x68, 0x83, 0x79, 0x48, 0x87, 0x73, 0x70, 0x87,
    0x72, 0x20, 0x87, 0x36, 0xD0, 0x87, 0x72, 0x90, 0x87, 0x77, 0x98, 0x87, 0x36, 0x30, 0x07, 0x78,
    0x68, 0x83, 0x76, 0x08, 0x07, 0x7A, 0x40, 0x07, 0x80, 0x1E, 0xE4, 0xA1, 0x1E, 0xCA, 0x01, 0x20,
    0xDC, 0xE1, 0x1D, 0xDA, 0x80, 0x1E, 0xE4, 0x21, 0x1C, 0xE0, 0x01, 0x1E, 0xD2, 0xC1, 0x1D, 0xCE,
    0xA1, 0x0D, 0xDA, 0x21, 0x1C, 0xE8, 0x01, 0x1D, 0x00, 0x7A, 0x90, 0x87, 0x7A, 0x28, 0x07, 0x80,
    0x98, 0x07, 0x7A, 0x08, 0x87, 0x71, 0x58, 0x87, 0x36, 0x80, 0x07, 0x79, 0x78, 0x07, 0x7A, 0x28,
    0x87, 0x71, 0xA0, 0x87, 0x77, 0x90, 0x87, 0x36, 0x10, 0x87, 0x7A, 0x30, 0x07, 0x73, 0x28, 0x07,
    0x79, 0x68, 0x83, 0x79, 0x48, 0x07, 0x7D, 0x28, 0x07, 0x00, 0x0F, 0x00, 0xA2, 0x1E, 0xDC, 0x61,
    0x1E, 0xC2, 0xC1, 0x1C, 0xCA, 0xA1, 0x0D, 0xCC, 0x01, 0x1E, 0xDA, 0xA0, 0x1D, 0xC2, 0x81, 0x1E,
    0xD0, 0x01, 0xA0, 0x07, 0x79, 0xA8, 0x87, 0x72, 0x00, 0x36, 0x8C, 0x81, 0x10, 0x00, 0x0B, 0x40,
    0x0A, 0x40, 0x15, 0x04, 0x50, 0x90, 0x06, 0x70, 0x30, 0x84, 0x43, 0x3A, 0xC8, 0x43, 0x1B, 0x88,
    0x43, 0x3D, 0x98, 0x83, 0x39, 0x94, 0x83, 0x3C, 0xB4, 0x81, 0x3B, 0xBC, 0x43, 0x1B, 0x84, 0x03,
    0x3B, 0xA4, 0x43, 0x38, 0xCC, 0x03, 0xB0, 0xA1, 0x1B, 0x04, 0x60, 0x01, 0x48, 0x01, 0xA0, 0x83,
    0x21, 0x1C, 0xD2, 0x41, 0x1E, 0xDA, 0x40, 0x1C, 0xEA, 0xC1, 0x1C, 0xCC, 0xA1, 0x1C, 0xE4, 0xA1,
    0x0D, 0xDC, 0xE1, 0x1D, 0xDA, 0x20, 0x1C, 0xD8, 0x21, 0x1D, 0xC2, 0x61, 0x1E, 0x80, 0x0D, 0x1D,
    0x31, 0x00, 0x0B, 0x40, 0x0A, 0x40, 0x35, 0x84, 0x43, 0x3A, 0xC8, 0x43, 0x1B, 0x88, 0x43, 0x3D,
    0x98, 0x83, 0x39, 0x94, 0x83, 0x3C, 0xB4, 0x81, 0x3B, 0xBC, 0x43, 0x1B, 0x84, 0x03, 0x3B, 0xA4,
    0x43, 0x38, 0xCC, 0x03, 0xB0, 0x81, 0x28, 0x08, 0x80, 0x14, 0x36, 0x40, 0xC6, 0xFF, 0xFF, 0xFF,
    0xFF, 0x0F, 0xC0, 0x29, 0x00, 0x7E, 0x00, 0xFC, 0x01, 0x20, 0x01, 0x14, 0x50, 0x07, 0x40, 0x1F,
    0x6C, 0x70, 0x8E, 0xFF, 0xFF, 0xFF, 0xFF, 0x1F, 0x00, 0x53, 0x00, 0xFC, 0x00, 0xF8, 0x03, 0x40,
    0x02, 0x28, 0xA0, 0x0F, 0x36, 0xE0, 0x07, 0xF2, 0xFF, 0xFF, 0xFF, 0xFF, 0x03, 0x60, 0x0A, 0x80,
    0x1F, 0x00, 0x7F, 0x00, 0x48, 0x00, 0x05, 0xF4, 0x01, 0x11, 0x0E, 0xF0, 0x00, 0x0F, 0xF2, 0xF0,
    0x0E, 0xF8, 0xD0, 0x06, 0xE6, 0x50, 0x0F, 0xEE, 0x30, 0x0E, 0x6D, 0x60, 0x0E, 0xF0, 0xD0, 0x06,
    0xED, 0x10, 0x0E, 0xF4, 0x80, 0x0E, 0x00, 0x3D, 0xC8, 0x43, 0x3D, 0x94, 0x03, 0x40, 0x98, 0x83,
    0x3C, 0x84, 0x43, 0x3B, 0x94, 0x43, 0x1B, 0xC0, 0xC3, 0x3B, 0xA4, 0x83, 0x3B, 0xD0, 0x43, 0x39,
    0xC8, 0x03, 0x10, 0x0E, 0xEC, 0xC0, 0x0E, 0x00, 0xD1, 0x0E, 0xE9, 0xE0, 0x0E, 0x6D, 0xC0, 0x0E,
    0xE5, 0x70, 0x0E, 0xE1, 0xC0, 0x0E, 0x6D, 0x60, 0x0F, 0xE5, 0x30, 0x0E, 0xF4, 0xF0, 0x0E, 0xF2,
    0xD0, 0x06, 0xF7, 0x90, 0x0E, 0xE4, 0x40, 0x0F, 0xE8, 0x00, 0xE4, 0x81, 0x1D, 0x00, 0x83, 0x3B,
    0xBC, 0x43, 0x1B, 0x88, 0x43, 0x3D, 0xA4, 0x03, 0x3B, 0xD0, 0x43, 0x3A, 0xB8, 0xC3, 0x3C, 0x00,
    0x84, 0x3B, 0xBC, 0x43, 0x1B, 0xA4, 0x83, 0x3B, 0x98, 0xC3, 0x3C, 0xB4, 0x81, 0x39, 0xC0, 0x43,
    0x1B, 0xB4, 0x43, 0x38, 0xD0, 0x03, 0x3A, 0x00, 0xF4, 0x20, 0x0F, 0xF5, 0x50, 0x0E, 0x00, 0xE1,
    0x0E, 0xEF, 0xD0, 0x06, 0xEE, 0x10, 0x0E, 0xEE, 0x30, 0x0F, 0x6D, 0x60, 0x0E, 0xF0, 0xD0, 0x06,
    0xED, 0x10, 0x0E, 0xF4, 0x80, 0x0E, 0x00, 0x3D, 0xC8, 0x43, 0x3D, 0x94, 0x03, 0x40, 0xB8, 0xC3,
    0x3B, 0xB4, 0xC1, 0x3C, 0xA4, 0xC3, 0x39, 0xB8, 0x43, 0x39, 0x90, 0x43, 0x1B, 0xE8, 0x43, 0x39,
    0xC8, 0xC3, 0x3B, 0xCC, 0x43, 0x1B, 0x98, 0x03, 0x3C, 0xB4, 0x41, 0x3B, 0x84, 0x03, 0x3D, 0xA0,
    0x03, 0x40, 0x0F, 0xF2, 0x50, 0x0F, 0xE5, 0x00, 0x10, 0xEE, 0xF0, 0x0E, 0x6D, 0x40, 0x0F, 0xF2,
    0x10, 0x0E, 0xF0, 0x00, 0x0F, 0xE9, 0xE0, 0x0E, 0xE7, 0xD0, 0x06, 0xED, 0x10, 0x0E, 0xF4, 0x80,
    0x0E, 0x00, 0x3D, 0xC8, 0x43, 0x3D, 0x94, 0x03, 0x40, 0xCC, 0x03, 0x3D, 0x84, 0xC3, 0x38, 0xAC,
    0x43, 0x1B, 0xC0, 0x83, 0x3C, 0xBC, 0x03, 0x3D, 0x94, 0xC3, 0x38, 0xD0, 0xC3, 0x3B, 0xC8, 0x43,
    0x1B, 0x88, 0x43, 0x3D, 0x98, 0x83, 0x39, 0x94, 0x83, 0x3C, 0xB4, 0xC1, 0x3C, 0xA4, 0x83, 0x3E,
    0x94, 0x03, 0x80, 0x07, 0x00, 0x51, 0x0F, 0xEE, 0x30, 0x0F, 0xE1, 0x60, 0x0E, 0xE5, 0xD0, 0x06,
    0xE6, 0x00, 0x0F, 0x6D, 0xD0, 0x0E, 0xE1, 0x40, 0x0F, 0xE8, 0x00, 0xD0, 0x83, 0x3C, 0xD4, 0x43,
    0x39, 0x00, 0x1B, 0x8C, 0x24, 0x00, 0x48, 0x01, 0x10, 0x83, 0x0D, 0x84, 0x22, 0x00, 0xA4, 0xB0,
    0x81, 0x58, 0x06, 0x80, 0x14, 0x36, 0x10, 0x4C, 0x01, 0x90, 0xC2, 0x06, 0xA2, 0x31, 0x00, 0x52,
    0xD8, 0x80, 0x38, 0xFF, 0xFF, 0xFF, 0xFF, 0x3F, 0x00, 0x12, 0x40, 0x01, 0x7D, 0xB0, 0x61, 0x7A,
    0xFE, 0xFF, 0xFF, 0xFF, 0x7F, 0x00, 0x14, 0x40, 0x1A, 0xDC, 0xE1, 0x1D, 0xDA, 0x40, 0x1C, 0xEA,
    0x21, 0x1D, 0xD8, 0x81, 0x1E, 0xD2, 0xC1, 0x1D, 0xE6, 0x01, 0xD8, 0x40, 0x40, 0xFF, 0xFF, 0xFF,
    0xFF, 0x3F, 0x00, 0x12, 0x00, 0x49, 0x18, 0x00, 0x00, 0x08, 0x00, 0x00, 0x00, 0x13, 0x8A, 0x40,
    0x18, 0x88, 0x62, 0x42, 0x60, 0x4C, 0x08, 0x8E, 0x09, 0x07, 0x92, 0x28, 0x4B, 0xC1, 0x34, 0x13,
    0x02, 0x67, 0xC2, 0xF1, 0x24, 0xCA, 0x52, 0x30, 0xCD, 0x84, 0x00, 0x02, 0x00, 0x13, 0xB8, 0x70,
    0x48, 0x07, 0x79, 0xB0, 0x03, 0x3A, 0xF8, 0x05, 0x7B, 0x90, 0x03, 0x3C, 0x68, 0x83, 0x70, 0x80,
    0x07, 0x78, 0x60, 0x87, 0x72, 0x68, 0x83, 0x76, 0x08, 0x87, 0x71, 0x78, 0x87, 0x79, 0xC0, 0x07,
    0x39, 0xB0, 0x03, 0x37, 0x80, 0x03, 0x37, 0x80, 0x83, 0x0D, 0xB7, 0x51, 0x0E, 0x6D, 0x00, 0x0F,
    0x7A, 0x60, 0x07, 0x74, 0xA0, 0x07, 0x76, 0x40, 0x07, 0x7A, 0x60, 0x07, 0x74, 0xD0, 0x06, 0xE9,
    0x10, 0x07, 0x7A, 0x80, 0x07, 0x7A, 0x80, 0x07, 0x6D, 0x90, 0x0E, 0x78, 0xA0, 0x07, 0x78, 0xA0,
    0x07, 0x78, 0xD0, 0x06, 0xE9, 0x10, 0x07, 0x76, 0xA0, 0x07, 0x71, 0x60, 0x07, 0x7A, 0x10, 0x07,
    0x76, 0xD0, 0x06, 0xE9, 0x30, 0x07, 0x72, 0xA0, 0x07, 0x73, 0x20, 0x07, 0x7A, 0x30, 0x07, 0x72,
    0xD0, 0x06, 0xE9, 0x60, 0x07, 0x74, 0xA0, 0x07, 0x76, 0x40, 0x07, 0x7A, 0x60, 0x07, 0x74, 0xD0,
    0x06, 0xE6, 0x30, 0x07, 0x72, 0xA0, 0x07, 0x73, 0x20, 0x07, 0x7A, 0x30, 0x07, 0x72, 0xD0, 0x06,
    0xE6, 0x60, 0x07, 0x74, 0xA0, 0x07, 0x76, 0x40, 0x07, 0x7A, 0x60, 0x07, 0x74, 0xD0, 0x06, 0xF6,
    0x10, 0x07, 0x76, 0xA0, 0x07, 0x71, 0x60, 0x07, 0x7A, 0x10, 0x07, 0x76, 0xD0, 0x06, 0xF6, 0x20,
    0x07, 0x74, 0xA0, 0x07, 0x73, 0x20, 0x07, 0x7A, 0x30, 0x07, 0x72, 0xD0, 0x06, 0xF6, 0x30, 0x07,
    0x72, 0xA0, 0x07, 0x73, 0x20, 0x07, 0x7A, 0x30, 0x07, 0x72, 0xD0, 0x06, 0xF6, 0x40, 0x07, 0x78,
    0xA0, 0x07, 0x76, 0x40, 0x07, 0x7A, 0x60, 0x07, 0x74, 0xD0, 0x06, 0xF6, 0x60, 0x07, 0x74, 0xA0,
    0x07, 0x76, 0x40, 0x07, 0x7A, 0x60, 0x07, 0x74, 0xD0, 0x06, 0xF6, 0x90, 0x07, 0x76, 0xA0, 0x07,
    0x71, 0x20, 0x07, 0x78, 0xA0, 0x07, 0x71, 0x20, 0x07, 0x78, 0xD0, 0x06, 0xF6, 0x10, 0x07, 0x72,
    0x80, 0x07, 0x7A, 0x10, 0x07, 0x72, 0x80, 0x07, 0x7A, 0x10, 0x07, 0x72, 0x80, 0x07, 0x6D, 0x60,
    0x0F, 0x71, 0x90, 0x07, 0x72, 0xA0, 0x07, 0x72, 0x50, 0x07, 0x76, 0xA0, 0x07, 0x72, 0x50, 0x07,
    0x76, 0xD0, 0x06, 0xF6, 0x20, 0x07, 0x75, 0x60, 0x07, 0x7A, 0x20, 0x07, 0x75, 0x60, 0x07, 0x7A,
    0x20, 0x07, 0x75, 0x60, 0x07, 0x6D, 0x60, 0x0F, 0x75, 0x10, 0x07, 0x72, 0xA0, 0x07, 0x75, 0x10,
    0x07, 0x72, 0xA0, 0x07, 0x75, 0x10, 0x07, 0x72, 0xD0, 0x06, 0xF6, 0x10, 0x07, 0x70, 0x20, 0x07,
    0x74, 0xA0, 0x07, 0x71, 0x00, 0x07, 0x72, 0x40, 0x07, 0x7A, 0x10, 0x07, 0x70, 0x20, 0x07, 0x74,
    0xD0, 0x06, 0xEE, 0x80, 0x07, 0x7A, 0x10, 0x07, 0x76, 0xA0, 0x07, 0x73, 0x20, 0x07, 0x1A, 0x21,
    0x0C, 0xA9, 0x5C, 0x84, 0xB4, 0xFC, 0x44, 0x33, 0x45, 0xD8, 0x90, 0x0A, 0x50, 0x0E, 0x00, 0x00,
    0x02, 0x00, 0x00, 0x00, 0x01, 0x00, 0x00, 0x00, 0x00, 0x00, 0x05, 0x18, 0x52, 0x29, 0x4F, 0x02,
    0x04, 0x80, 0x00, 0x00, 0x00, 0x00, 0x00, 0x00, 0x00, 0x00, 0x00, 0xA0, 0x00, 0x43, 0xAA, 0xAC,
    0x59, 0x80, 0x00, 0x18, 0x00, 0x00, 0x00, 0x04, 0x00, 0x00, 0x00, 0x00, 0x00, 0x14, 0x60, 0x48,
    0x65, 0x06, 0x6C, 0xF0, 0x20, 0xC0, 0x40, 0x00, 0x00, 0x00, 0x04, 0x00, 0x00, 0x00, 0x40, 0x00,
    0x28, 0xC0, 0x90, 0x4A, 0x16, 0x18, 0x09, 0x08, 0x80, 0x01, 0x00, 0x00, 0x40, 0x00, 0x00, 0x00,
    0x00, 0x00, 0x40, 0x01, 0x24, 0x36, 0x08, 0x14, 0xD5, 0x49, 0x00, 0x00, 0xC8, 0x02, 0x01, 0x00,
    0x00, 0x0F, 0x00, 0x00, 0x00, 0x32, 0x1E, 0x98, 0x14, 0x19, 0x11, 0x4C, 0x90, 0x8C, 0x09, 0x26,
    0x47, 0xC6, 0x04, 0x43, 0x0A, 0x45, 0x50, 0x0E, 0x85, 0x50, 0x06, 0x25, 0x50, 0x3E, 0x05, 0x28,
    0x50, 0x10, 0x05, 0x32, 0x02, 0x50, 0x60, 0x85, 0x51, 0x40, 0x85, 0x54, 0x50, 0x64, 0x47, 0x00,
    0x0A, 0xA1, 0x20, 0x0A, 0xA3, 0x40, 0x0A, 0xA8, 0x90, 0x0A, 0x8A, 0xEA, 0x58, 0x82, 0x26, 0x00,
    0x00, 0xB1, 0x18, 0x00, 0x00, 0xA5, 0x00, 0x00, 0x00, 0x33, 0x08, 0x80, 0x1C, 0xC4, 0xE1, 0x1C,
    0x66, 0x14, 0x01, 0x3D, 0x88, 0x43, 0x38, 0x84, 0xC3, 0x8C, 0x42, 0x80, 0x07, 0x79, 0x78, 0x07,
    0x73, 0x98, 0x71, 0x0C, 0xE6, 0x00, 0x0F, 0xED, 0x10, 0x0E, 0xF4, 0x80, 0x0E, 0x33, 0x0C, 0x42,
    0x1E, 0xC2, 0xC1, 0x1D, 0xCE, 0xA1, 0x1C, 0x66, 0x30, 0x05, 0x3D, 0x88, 0x43, 0x38, 0x84, 0x83,
    0x1B, 0xCC, 0x03, 0x3D, 0xC8, 0x43, 0x3D, 0x8C, 0x03, 0x3D, 0xCC, 0x78, 0x8C, 0x74, 0x70, 0x07,
    0x7B, 0x08, 0x07, 0x79, 0x48, 0x87, 0x70, 0x70, 0x07, 0x7A, 0x70, 0x03, 0x76, 0x78, 0x87, 0x70,
    0x20, 0x87, 0x19, 0xCC, 0x11, 0x0E, 0xEC, 0x90, 0x0E, 0xE1, 0x30, 0x0F, 0x6E, 0x30, 0x0F, 0xE3,
    0xF0, 0x0E, 0xF0, 0x50, 0x0E, 0x33, 0x10, 0xC4, 0x1D, 0xDE, 0x21, 0x1C, 0xD8, 0x21, 0x1D, 0xC2,
    0x61, 0x1E, 0x66, 0x30, 0x89, 0x3B, 0xBC, 0x83, 0x3B, 0xD0, 0x43, 0x39, 0xB4, 0x03, 0x3C, 0xBC,
    0x83, 0x3C, 0x84, 0x03, 0x3B, 0xCC, 0xF0, 0x14, 0x76, 0x60, 0x07, 0x7B, 0x68, 0x07, 0x37, 0x68,
    0x87, 0x72, 0x68, 0x07, 0x37, 0x80, 0x87, 0x70, 0x90, 0x87, 0x70, 0x60, 0x07, 0x76, 0x28, 0x07,
    0x76, 0xF8, 0x05, 0x76, 0x78, 0x87, 0x77, 0x80, 0x87, 0x5F, 0x08, 0x87, 0x71, 0x18, 0x87, 0x72,
    0x98, 0x87, 0x79, 0x98, 0x81, 0x2C, 0xEE, 0xF0, 0x0E, 0xEE, 0xE0, 0x0E, 0xF5, 0xC0, 0x0E, 0xEC,
    0x30, 0x03, 0x62, 0xC8, 0xA1, 0x1C, 0xE4, 0xA1, 0x1C, 0xCC, 0xA1, 0x1C, 0xE4, 0xA1, 0x1C, 0xDC,
    0x61, 0x1C, 0xCA, 0x21, 0x1C, 0xC4, 0x81, 0x1D, 0xCA, 0x61, 0x06, 0xD6, 0x90, 0x43, 0x39, 0xC8,
    0x43, 0x39, 0x98, 0x43, 0x39, 0xC8, 0x43, 0x39, 0xB8, 0xC3, 0x38, 0x94, 0x43, 0x38, 0x88, 0x03,
    0x3B, 0x94, 0xC3, 0x2F, 0xBC, 0x83, 0x3C, 0xFC, 0x82, 0x3B, 0xD4, 0x03, 0x3B, 0xB0, 0xC3, 0x0C,
    0xC7, 0x69, 0x87, 0x70, 0x58, 0x87, 0x72, 0x70, 0x83, 0x74, 0x68, 0x07, 0x78, 0x60, 0x87, 0x74,
    0x18, 0x87, 0x74, 0xA0, 0x87, 0x19, 0xCE, 0x53, 0x0F, 0xEE, 0x00, 0x0F, 0xF2, 0x50, 0x0E, 0xE4,
    0x90, 0x0E, 0xE3, 0x40, 0x0F, 0xE1, 0x20, 0x0E, 0xEC, 0x50, 0x0E, 0x33, 0x20, 0x28, 0x1D, 0xDC,
    0xC1, 0x1E, 0xC2, 0x41, 0x1E, 0xD2, 0x21, 0x1C, 0xDC, 0x81, 0x1E, 0xDC, 0xE0, 0x1C, 0xE4, 0xE1,
    0x1D, 0xEA, 0x01, 0x1E, 0x66, 0x18, 0x51, 0x38, 0xB0, 0x43, 0x3A, 0x9C, 0x83, 0x3B, 0xCC, 0x50,
    0x24, 0x76, 0x60, 0x07, 0x7B, 0x68, 0x07, 0x37, 0x60, 0x87, 0x77, 0x78, 0x07, 0x78, 0x98, 0x51,
    0x4C, 0xF4, 0x90, 0x0F, 0xF0, 0x50, 0x0E, 0x33, 0x1E, 0x6A, 0x1E, 0xCA, 0x61, 0x1C, 0xE8, 0x21,
    0x1D, 0xDE, 0xC1, 0x1D, 0x7E, 0x01, 0x1E, 0xE4, 0xA1, 0x1C, 0xCC, 0x21, 0x1D, 0xF0, 0x61, 0x06,
    0x54, 0x85, 0x83, 0x38, 0xCC, 0xC3, 0x3B, 0xB0, 0x43, 0x3D, 0xD0, 0x43, 0x39, 0xFC, 0xC2, 0x3C,
    0xE4, 0x43, 0x3B, 0x88, 0xC3, 0x3B, 0xB0, 0xC3, 0x8C, 0xC5, 0x0A, 0x87, 0x79, 0x98, 0x87, 0x77,
    0x18, 0x87, 0x74, 0x08, 0x07, 0x7A, 0x28, 0x07, 0x72, 0x98, 0x81, 0x5C, 0xE3, 0x10, 0x0E, 0xEC,
    0xC0, 0x0E, 0xE5, 0x50, 0x0E, 0xF3, 0x30, 0x23, 0xC1, 0xD2, 0x41, 0x1E, 0xE4, 0xE1, 0x17, 0xD8,
    0xE1, 0x1D, 0xDE, 0x01, 0x1E, 0x66, 0x48, 0x19, 0x3B, 0xB0, 0x83, 0x3D, 0xB4, 0x83, 0x1B, 0x84,
    0xC3, 0x38, 0x8C, 0x43, 0x39, 0xCC, 0xC3, 0x3C, 0xB8, 0xC1, 0x39, 0xC8, 0xC3, 0x3B, 0xD4, 0x03,
    0x3C, 0xCC, 0x48, 0xB4, 0x71, 0x08, 0x07, 0x76, 0x60, 0x07, 0x71, 0x08, 0x87, 0x71, 0x58, 0x87,
    0x19, 0xDB, 0xC6, 0x0E, 0xEC, 0x60, 0x0F, 0xED, 0xE0, 0x06, 0xF0, 0x20, 0x0F, 0xE5, 0x30, 0x0F,
    0xE5, 0x20, 0x0F, 0xF6, 0x50, 0x0E, 0x6E, 0x10, 0x0E, 0xE3, 0x30, 0x0E, 0xE5, 0x30, 0x0F, 0xF3,
    0xE0, 0x06, 0xE9, 0xE0, 0x0E, 0xE4, 0x50, 0x0E, 0xF8, 0x30, 0x23, 0xE2, 0xEC, 0x61, 0x1C, 0xC2,
    0x81, 0x1D, 0xD8, 0xE1, 0x17, 0xEC, 0x21, 0x1D, 0xE6, 0x21, 0x1D, 0xC4, 0x21, 0x1D, 0xD8, 0x21,
    0x1D, 0xE8, 0x21, 0x1F, 0x66, 0x20, 0x9D, 0x3B, 0xBC, 0x43, 0x3D, 0xB8, 0x03, 0x39, 0x94, 0x83,
    0x39, 0xCC, 0x58, 0xBC, 0x70, 0x70, 0x07, 0x77, 0x78, 0x07, 0x7A, 0x08, 0x07, 0x7A, 0x48, 0x87,
    0x77, 0x70, 0x87, 0x19, 0xCE, 0x87, 0x0E, 0xE5, 0x10, 0x0E, 0xF0, 0x10, 0x0E, 0xEC, 0xC0, 0x0E,
    0xEF, 0x30, 0x0E, 0xF3, 0x90, 0x0E, 0xF4, 0x50, 0x0E, 0x33, 0x28, 0x30, 0x08, 0x87, 0x74, 0x90,
    0x07, 0x37, 0x30, 0x87, 0x7A, 0x70, 0x87, 0x71, 0xA0, 0x87, 0x74, 0x78, 0x07, 0x77, 0xF8, 0x85,
    0x73, 0x90, 0x87, 0x77, 0xA8, 0x07, 0x78, 0x98, 0x07, 0x00, 0x00, 0x00, 0x00, 0x79, 0x20, 0x00,
    0x00, 0x7A, 0x02, 0x00, 0x00, 0x72, 0x1E, 0x48, 0x20, 0x43, 0x88, 0x0C, 0x19, 0x09, 0x72, 0x32,
    0x48, 0x20, 0x23, 0x81, 0x8C, 0x91, 0x91, 0xD1, 0x44, 0xA0, 0x10, 0x28, 0x64, 0x3C, 0x31, 0x32,
    0x42, 0x8E, 0x90, 0x21, 0xA3, 0xA8, 0x07, 0x78, 0x00, 0xE2, 0x01, 0x00, 0x00, 0x77, 0x70, 0x0A,
    0x74, 0xB0, 0x5C, 0x6B, 0xA1, 0x30, 0x71, 0x20, 0x0E, 0xCE, 0xD2, 0x48, 0x4A, 0x63, 0x61, 0x1B,
    0xB4, 0x41, 0xC5, 0xC6, 0x91, 0x81, 0xF2, 0x48, 0x48, 0x44, 0x11, 0x68, 0xC0, 0x8D, 0x41, 0x1C,
    0x14, 0xDB, 0xA6, 0x75, 0xD1, 0x15, 0xC1, 0x01, 0x93, 0x39, 0x05, 0x65, 0x6D, 0xD7, 0x1A, 0xE4,
    0xC5, 0x30, 0x06, 0x00, 0x00, 0x73, 0x72, 0x63, 0x2F, 0x78, 0x65, 0x6E, 0x69, 0x61, 0x2F, 0x67,
    0x70, 0x75, 0x2F, 0x73, 0x68, 0x61, 0x64, 0x65, 0x72, 0x73, 0x2F, 0x74, 0x65, 0x78, 0x74, 0x75,
    0x72, 0x65, 0x5F, 0x6C, 0x6F, 0x61, 0x64, 0x5F, 0x36, 0x34, 0x62, 0x70, 0x62, 0x5F, 0x73, 0x63,
    0x61, 0x6C, 0x65, 0x64, 0x2E, 0x63, 0x73, 0x2E, 0x78, 0x65, 0x73, 0x6C, 0x2F, 0x55, 0x73, 0x65,
    0x72, 0x73, 0x2F, 0x77, 0x6D, 0x61, 0x72, 0x74, 0x69, 0x2F, 0x44, 0x6F, 0x63, 0x75, 0x6D, 0x65,
    0x6E, 0x74, 0x73, 0x2F, 0x78, 0x65, 0x6E, 0x69, 0x61, 0x2D, 0x6D, 0x61, 0x63, 0x2F, 0x73, 0x63,
    0x72, 0x61, 0x74, 0x63, 0x68, 0x2F, 0x77, 0x6F, 0x72, 0x6B, 0x74, 0x72, 0x65, 0x65, 0x73, 0x2F,
    0x78, 0x65, 0x6E, 0x69, 0x61, 0x2D, 0x63, 0x61, 0x6E, 0x61, 0x72, 0x79, 0x2D, 0x72, 0x65, 0x62,
    0x61, 0x73, 0x65, 0x41, 0x70, 0x70, 0x6C, 0x65, 0x20, 0x6D, 0x65, 0x74, 0x61, 0x6C, 0x20, 0x76,
    0x65, 0x72, 0x73, 0x69, 0x6F, 0x6E, 0x20, 0x33, 0x32, 0x30, 0x32, 0x33, 0x2E, 0x38, 0x35, 0x30,
    0x20, 0x28, 0x6D, 0x65, 0x74, 0x61, 0x6C, 0x66, 0x65, 0x2D, 0x33, 0x32, 0x30, 0x32, 0x33, 0x2E,
    0x38, 0x35, 0x30, 0x2E, 0x31, 0x30, 0x29, 0x6D, 0x65, 0x74, 0x61, 0x6C, 0x5F, 0x74, 0x79, 0x70,
    0x65, 0x73, 0x22, 0x2D, 0x44, 0x58, 0x45, 0x53, 0x4C, 0x5F, 0x4C, 0x41, 0x4E, 0x47, 0x55, 0x41,
    0x47, 0x45, 0x5F, 0x4D, 0x53, 0x4C, 0x3D, 0x31, 0x22, 0x2F, 0x70, 0x72, 0x69, 0x76, 0x61, 0x74,
    0x65, 0x2F, 0x76, 0x61, 0x72, 0x2F, 0x72, 0x75, 0x6E, 0x2F, 0x63, 0x6F, 0x6D, 0x2E, 0x61, 0x70,
    0x70, 0x6C, 0x65, 0x2E, 0x73, 0x65, 0x63, 0x75, 0x72, 0x69, 0x74, 0x79, 0x2E, 0x63, 0x72, 0x79,
    0x70, 0x74, 0x65, 0x78, 0x64, 0x2F, 0x6D, 0x6E, 0x74, 0x2F, 0x63, 0x6F, 0x6D, 0x2E, 0x61, 0x70,
    0x70, 0x6C, 0x65, 0x2E, 0x4D, 0x6F, 0x62, 0x69, 0x6C, 0x65, 0x41, 0x73, 0x73, 0x65, 0x74, 0x2E,
    0x4D, 0x65, 0x74, 0x61, 0x6C, 0x54, 0x6F, 0x6F, 0x6C, 0x63, 0x68, 0x61, 0x69, 0x6E, 0x2D, 0x76,
    0x31, 0x37, 0x2E, 0x33, 0x2E, 0x34, 0x38, 0x2E, 0x30, 0x2E, 0x6E, 0x31, 0x71, 0x46, 0x75, 0x4F,
    0x2F, 0x4D, 0x65, 0x74, 0x61, 0x6C, 0x2E, 0x78, 0x63, 0x74, 0x6F, 0x6F, 0x6C, 0x63, 0x68, 0x61,
    0x69, 0x6E, 0x2F, 0x75, 0x73, 0x72, 0x2F, 0x6D, 0x65, 0x74, 0x61, 0x6C, 0x2F, 0x33, 0x32, 0x30,
    0x32, 0x33, 0x2F, 0x6C, 0x69, 0x62, 0x2F, 0x63, 0x6C, 0x61, 0x6E, 0x67, 0x2F, 0x33, 0x32, 0x30,
    0x32, 0x33, 0x2E, 0x38, 0x35, 0x30, 0x2F, 0x69, 0x6E, 0x63, 0x6C, 0x75, 0x64, 0x65, 0x2F, 0x6D,
    0x65, 0x74, 0x61, 0x6C, 0x3C, 0x62, 0x75, 0x69, 0x6C, 0x74, 0x2D, 0x69, 0x6E, 0x3E, 0x6D, 0x65,
    0x74, 0x61, 0x6C, 0x5F, 0x73, 0x74, 0x64, 0x6C, 0x69, 0x62, 0x73, 0x72, 0x63, 0x2F, 0x78, 0x65,
    0x6E, 0x69, 0x61, 0x2F, 0x67, 0x70, 0x75, 0x2F, 0x73, 0x68, 0x61, 0x64, 0x65, 0x72, 0x73, 0x2F,
    0x2E, 0x2E, 0x2F, 0x2E, 0x2E, 0x2F, 0x75, 0x69, 0x2F, 0x73, 0x68, 0x61, 0x64, 0x65, 0x72, 0x73,
    0x2F, 0x78, 0x65, 0x73, 0x6C, 0x2E, 0x78, 0x65, 0x73, 0x6C, 0x69, 0x2F, 0x41, 0x70, 0x70, 0x6C,
    0x69, 0x63, 0x61, 0x74, 0x69, 0x6F, 0x6E, 0x73, 0x2F, 0x58, 0x63, 0x6F, 0x64, 0x65, 0x2E, 0x61,
    0x70, 0x70, 0x2F, 0x43, 0x6F, 0x6E, 0x74, 0x65, 0x6E, 0x74, 0x73, 0x2F, 0x44, 0x65, 0x76, 0x65,
    0x6C, 0x6F, 0x70, 0x65, 0x72, 0x2F, 0x50, 0x6C, 0x61, 0x74, 0x66, 0x6F, 0x72, 0x6D, 0x73, 0x2F,
    0x4D, 0x61, 0x63, 0x4F, 0x53, 0x58, 0x2E, 0x70, 0x6C, 0x61, 0x74, 0x66, 0x6F, 0x72, 0x6D, 0x2F,
    0x44, 0x65, 0x76, 0x65, 0x6C, 0x6F, 0x70, 0x65, 0x72, 0x2F, 0x53, 0x44, 0x4B, 0x73, 0x2F, 0x4D,
    0x61, 0x63, 0x4F, 0x53, 0x58, 0x32, 0x36, 0x2E, 0x32, 0x2E, 0x73, 0x64, 0x6B, 0x4D, 0x61, 0x63,
    0x4F, 0x53, 0x58, 0x32, 0x36, 0x2E, 0x32, 0x2E, 0x73, 0x64, 0x6B, 0x53, 0x44, 0x4B, 0x20, 0x56,
    0x65, 0x72, 0x73, 0x69, 0x6F, 0x6E, 0x44, 0x77, 0x61, 0x72, 0x66, 0x20, 0x56, 0x65, 0x72, 0x73,
    0x69, 0x6F, 0x6E, 0x44, 0x65, 0x62, 0x75, 0x67, 0x20, 0x49, 0x6E, 0x66, 0x6F, 0x20, 0x56, 0x65,
    0x72, 0x73, 0x69, 0x6F, 0x6E, 0x77, 0x63, 0x68, 0x61, 0x72, 0x5F, 0x73, 0x69, 0x7A, 0x65, 0x66,
    0x72, 0x61, 0x6D, 0x65, 0x2D, 0x70, 0x6F, 0x69, 0x6E, 0x74, 0x65, 0x72, 0x61, 0x69, 0x72, 0x2E,
    0x6D, 0x61, 0x78, 0x5F, 0x64, 0x65, 0x76, 0x69, 0x63, 0x65, 0x5F, 0x62, 0x75, 0x66, 0x66, 0x65,
    0x72, 0x73, 0x61, 0x69, 0x72, 0x2E, 0x6D, 0x61, 0x78, 0x5F, 0x63, 0x6F, 0x6E, 0x73, 0x74, 0x61,
    0x6E, 0x74, 0x5F, 0x62, 0x75, 0x66, 0x66, 0x65, 0x72, 0x73, 0x61, 0x69, 0x72, 0x2E, 0x6D, 0x61,
    0x78, 0x5F, 0x74, 0x68, 0x72, 0x65, 0x61, 0x64, 0x67, 0x72, 0x6F, 0x75, 0x70, 0x5F, 0x62, 0x75,
    0x66, 0x66, 0x65, 0x72, 0x73, 0x61, 0x69, 0x72, 0x2E, 0x6D, 0x61, 0x78, 0x5F, 0x74, 0x65, 0x78,
    0x74, 0x75, 0x72, 0x65, 0x73, 0x61, 0x69, 0x72, 0x2E, 0x6D, 0x61, 0x78, 0x5F, 0x72, 0x65, 0x61,
    0x64, 0x5F, 0x77, 0x72, 0x69, 0x74, 0x65, 0x5F, 0x74, 0x65, 0x78, 0x74, 0x75, 0x72, 0x65, 0x73,
    0x61, 0x69, 0x72, 0x2E, 0x6D, 0x61, 0x78, 0x5F, 0x73, 0x61, 0x6D, 0x70, 0x6C, 0x65, 0x72, 0x73,
    0x4D, 0x65, 0x74, 0x61, 0x6C, 0x61, 0x69, 0x72, 0x2E, 0x63, 0x6F, 0x6D, 0x70, 0x69, 0x6C, 0x65,
    0x2E, 0x64, 0x65, 0x6E, 0x6F, 0x72, 0x6D, 0x73, 0x5F, 0x64, 0x69, 0x73, 0x61, 0x62, 0x6C, 0x65,
    0x61, 0x69, 0x72, 0x2E, 0x63, 0x6F, 0x6D, 0x70, 0x69, 0x6C, 0x65, 0x2E, 0x66, 0x61, 0x73, 0x74,
    0x5F, 0x6D, 0x61, 0x74, 0x68, 0x5F, 0x65, 0x6E, 0x61, 0x62, 0x6C, 0x65, 0x61, 0x69, 0x72, 0x2E,
    0x63, 0x6F, 0x6D, 0x70, 0x69, 0x6C, 0x65, 0x2E, 0x66, 0x72, 0x61, 0x6D, 0x65, 0x62, 0x75, 0x66,
    0x66, 0x65, 0x72, 0x5F, 0x66, 0x65, 0x74, 0x63, 0x68, 0x5F, 0x65, 0x6E, 0x61, 0x62, 0x6C, 0x65,
    0x61, 0x69, 0x72, 0x2E, 0x62, 0x75, 0x66, 0x66, 0x65, 0x72, 0x61, 0x69, 0x72, 0x2E, 0x62, 0x75,
    0x66, 0x66, 0x65, 0x72, 0x5F, 0x73, 0x69, 0x7A, 0x65, 0x61, 0x69, 0x72, 0x2E, 0x6C, 0x6F, 0x63,
    0x61, 0x74, 0x69, 0x6F, 0x6E, 0x5F, 0x69, 0x6E, 0x64, 0x65, 0x78, 0x61, 0x69, 0x72, 0x2E, 0x72,
    0x65, 0x61, 0x64, 0x61, 0x69, 0x72, 0x2E, 0x61, 0x64, 0x64, 0x72, 0x65, 0x73, 0x73, 0x5F, 0x73,
    0x70, 0x61, 0x63, 0x65, 0x61, 0x69, 0x72, 0x2E, 0x73, 0x74, 0x72, 0x75, 0x63, 0x74, 0x5F, 0x74,
    0x79, 0x70, 0x65, 0x5F, 0x69, 0x6E, 0x66, 0x6F, 0x75, 0x69, 0x6E, 0x74, 0x78, 0x65, 0x5F, 0x74,
    0x65, 0x78, 0x74, 0x75, 0x72, 0x65, 0x5F, 0x6C, 0x6F, 0x61, 0x64, 0x5F, 0x69, 0x73, 0x5F, 0x74,
    0x69, 0x6C, 0x65, 0x64, 0x5F, 0x33, 0x64, 0x5F, 0x65, 0x6E, 0x64, 0x69, 0x61, 0x6E, 0x5F, 0x73,
    0x63, 0x61, 0x6C, 0x65, 0x78, 0x65, 0x5F, 0x74, 0x65, 0x78, 0x74, 0x75, 0x72, 0x65, 0x5F, 0x6C,
    0x6F, 0x61, 0x64, 0x5F, 0x67, 0x75, 0x65, 0x73, 0x74, 0x5F, 0x6F, 0x66, 0x66, 0x73, 0x65, 0x74,
    0x78, 0x65, 0x5F, 0x74, 0x65, 0x78, 0x74, 0x75, 0x72, 0x65, 0x5F, 0x6C, 0x6F, 0x61, 0x64, 0x5F,
    0x67, 0x75, 0x65, 0x73, 0x74, 0x5F, 0x70, 0x69, 0x74, 0x63, 0x68, 0x5F, 0x61, 0x6C, 0x69, 0x67,
    0x6E, 0x65, 0x64, 0x78, 0x65, 0x5F, 0x74, 0x65, 0x78, 0x74, 0x75, 0x72, 0x65, 0x5F, 0x6C, 0x6F,
    0x61, 0x64, 0x5F, 0x67, 0x75, 0x65, 0x73, 0x74, 0x5F, 0x7A, 0x5F, 0x73, 0x74, 0x72, 0x69, 0x64,
    0x65, 0x5F, 0x62, 0x6C, 0x6F, 0x63, 0x6B, 0x5F, 0x72, 0x6F, 0x77, 0x73, 0x5F, 0x61, 0x6C, 0x69,
    0x67, 0x6E, 0x65, 0x64, 0x75, 0x69, 0x6E, 0x74, 0x33, 0x78, 0x65, 0x5F, 0x74, 0x65, 0x78, 0x74,
    0x75, 0x72, 0x65, 0x5F, 0x6C, 0x6F, 0x61, 0x64, 0x5F, 0x73, 0x69, 0x7A, 0x65, 0x5F, 0x62, 0x6C,
    0x6F, 0x63, 0x6B, 0x73, 0x78, 0x65, 0x5F, 0x74, 0x65, 0x78, 0x74, 0x75, 0x72, 0x65, 0x5F, 0x6C,
    0x6F, 0x61, 0x64, 0x5F, 0x68, 0x6F, 0x73, 0x74, 0x5F, 0x6F, 0x66, 0x66, 0x73, 0x65, 0x74, 0x78,
    0x65, 0x5F, 0x74, 0x65, 0x78, 0x74, 0x75, 0x72, 0x65, 0x5F, 0x6C, 0x6F, 0x61, 0x64, 0x5F, 0x68,
    0x6F, 0x73, 0x74, 0x5F, 0x70, 0x69, 0x74, 0x63, 0x68, 0x78, 0x65, 0x5F, 0x74, 0x65, 0x78, 0x74,
    0x75, 0x72, 0x65, 0x5F, 0x6C, 0x6F, 0x61, 0x64, 0x5F, 0x68, 0x65, 0x69, 0x67, 0x68, 0x74, 0x5F,
    0x74, 0x65, 0x78, 0x65, 0x6C, 0x73, 0x61, 0x69, 0x72, 0x2E, 0x61, 0x72, 0x67, 0x5F, 0x74, 0x79,
    0x70, 0x65, 0x5F, 0x73, 0x69, 0x7A, 0x65, 0x61, 0x69, 0x72, 0x2E, 0x61, 0x72, 0x67, 0x5F, 0x74,
    0x79, 0x70, 0x65, 0x5F, 0x61, 0x6C, 0x69, 0x67, 0x6E, 0x5F, 0x73, 0x69, 0x7A, 0x65, 0x61, 0x69,
    0x72, 0x2E, 0x61, 0x72, 0x67, 0x5F, 0x74, 0x79, 0x70, 0x65, 0x5F, 0x6E, 0x61, 0x6D, 0x65, 0x78,
    0x65, 0x73, 0x6C, 0x5F, 0x69, 0x64, 0x5F, 0x63, 0x6F, 0x6E, 0x73, 0x74, 0x61, 0x6E, 0x74, 0x42,
    0x75, 0x66, 0x66, 0x65, 0x72, 0x5F, 0x78, 0x65, 0x5F, 0x74, 0x65, 0x78, 0x74, 0x75, 0x72, 0x65,
    0x5F, 0x6C, 0x6F, 0x61, 0x64, 0x5F, 0x63, 0x6F, 0x6E, 0x73, 0x74, 0x61, 0x6E, 0x74, 0x73, 0x61,
    0x69, 0x72, 0x2E, 0x61, 0x72, 0x67, 0x5F, 0x6E, 0x61, 0x6D, 0x65, 0x78, 0x65, 0x5F, 0x74, 0x65,
    0x78, 0x74, 0x75, 0x72, 0x65, 0x5F, 0x6C, 0x6F, 0x61, 0x64, 0x5F, 0x63, 0x6F, 0x6E, 0x73, 0x74,
    0x61, 0x6E, 0x74, 0x73, 0x61, 0x69, 0x72, 0x2E, 0x72, 0x65, 0x61, 0x64, 0x5F, 0x77, 0x72, 0x69,
    0x74, 0x65, 0x75, 0x69, 0x6E, 0x74, 0x34, 0x78, 0x65, 0x5F, 0x74, 0x65, 0x78, 0x74, 0x75, 0x72,
    0x65, 0x5F, 0x6C, 0x6F, 0x61, 0x64, 0x5F, 0x64, 0x65, 0x73, 0x74, 0x78, 0x65, 0x5F, 0x74, 0x65,
    0x78, 0x74, 0x75, 0x72, 0x65, 0x5F, 0x6C, 0x6F, 0x61, 0x64, 0x5F, 0x73, 0x6F, 0x75, 0x72, 0x63,
    0x65, 0x61, 0x69, 0x72, 0x2E, 0x74, 0x68, 0x72, 0x65, 0x61, 0x64, 0x5F, 0x70, 0x6F, 0x73, 0x69,
    0x74, 0x69, 0x6F, 0x6E, 0x5F, 0x69, 0x6E, 0x5F, 0x67, 0x72, 0x69, 0x64, 0x78, 0x65, 0x73, 0x6C,
    0x5F, 0x47, 0x6C, 0x6F, 0x62, 0x61, 0x6C, 0x49, 0x6E, 0x76, 0x6F, 0x63, 0x61, 0x74, 0x69, 0x6F,
    0x6E, 0x49, 0x44, 0x73, 0x72, 0x63, 0x2F, 0x78, 0x65, 0x6E, 0x69, 0x61, 0x2F, 0x67, 0x70, 0x75,
    0x2F, 0x73, 0x68, 0x61, 0x64, 0x65, 0x72, 0x73, 0x2F, 0x74, 0x65, 0x78, 0x74, 0x75, 0x72, 0x65,
    0x5F, 0x61, 0x64, 0x64, 0x72, 0x65, 0x73, 0x73, 0x2E, 0x78, 0x65, 0x73, 0x6C, 0x69, 0x2F, 0x70,
    0x72, 0x69, 0x76, 0x61, 0x74, 0x65, 0x2F, 0x76, 0x61, 0x72, 0x2F, 0x72, 0x75, 0x6E, 0x2F, 0x63,
    0x6F, 0x6D, 0x2E, 0x61, 0x70, 0x70, 0x6C, 0x65, 0x2E, 0x73, 0x65, 0x63, 0x75, 0x72, 0x69, 0x74,
    0x79, 0x2E, 0x63, 0x72, 0x79, 0x70, 0x74, 0x65, 0x78, 0x64, 0x2F, 0x6D, 0x6E, 0x74, 0x2F, 0x63,
    0x6F, 0x6D, 0x2E, 0x61, 0x70, 0x70, 0x6C, 0x65, 0x2E, 0x4D, 0x6F, 0x62, 0x69, 0x6C, 0x65, 0x41,
    0x73, 0x73, 0x65, 0x74, 0x2E, 0x4D, 0x65, 0x74, 0x61, 0x6C, 0x54, 0x6F, 0x6F, 0x6C, 0x63, 0x68,
    0x61, 0x69, 0x6E, 0x2D, 0x76, 0x31, 0x37, 0x2E, 0x33, 0x2E, 0x34, 0x38, 0x2E, 0x30, 0x2E, 0x6E,
    0x31, 0x71, 0x46, 0x75, 0x4F, 0x2F, 0x4D, 0x65, 0x74, 0x61, 0x6C, 0x2E, 0x78, 0x63, 0x74, 0x6F,
    0x6F, 0x6C, 0x63, 0x68, 0x61, 0x69, 0x6E, 0x2F, 0x75, 0x73, 0x72, 0x2F, 0x6D, 0x65, 0x74, 0x61,
    0x6C, 0x2F, 0x33, 0x32, 0x30, 0x32, 0x33, 0x2F, 0x6C, 0x69, 0x62, 0x2F, 0x63, 0x6C, 0x61, 0x6E,
    0x67, 0x2F, 0x33, 0x32, 0x30, 0x32, 0x33, 0x2E, 0x38, 0x35, 0x30, 0x2F, 0x69, 0x6E, 0x63, 0x6C,
    0x75, 0x64, 0x65, 0x2F, 0x6D, 0x65, 0x74, 0x61, 0x6C, 0x2F, 0x6D, 0x65, 0x74, 0x61, 0x6C, 0x5F,
    0x69, 0x6E, 0x74, 0x65, 0x67, 0x65, 0x72, 0x6D, 0x69, 0x6E, 0x58, 0x65, 0x54, 0x65, 0x78, 0x74,
    0x75, 0x72, 0x65, 0x54, 0x69, 0x6C, 0x65, 0x64, 0x43, 0x6F, 0x6E, 0x73, 0x65, 0x63, 0x75, 0x74,
    0x69, 0x76, 0x65, 0x42, 0x6C, 0x6F, 0x63, 0x6B, 0x73, 0x4C, 0x6F, 0x67, 0x32, 0xE6, 0xEA, 0x00,
    0x00, 0x00, 0x00, 0x00, 0x00, 0x30, 0x82, 0x10, 0x14, 0x23, 0x08, 0x15, 0x37, 0x82, 0x10, 0x18,
    0x23, 0x08, 0xC1, 0x31, 0x82, 0x10, 0x20, 0x23, 0x08, 0x41, 0x32, 0x82, 0x10, 0x28, 0x23, 0x08,
    0xC1, 0x32, 0x82, 0x10, 0x30, 0x23, 0x08, 0x41, 0x33, 0x82, 0x10, 0x38, 0x23, 0x08, 0x08, 0x30,
    0x82, 0x10, 0x3C, 0x23, 0x08, 0x01, 0x34, 0x82, 0x10, 0x44, 0x23, 0x08, 0x81, 0x34, 0x82, 0x10,
    0x4C, 0x43, 0x59, 0x41, 0x1F, 0xBC, 0xC2, 0x10, 0x00, 0x00, 0x20, 0x00, 0x00, 0x00, 0xD8, 0x02,
    0x00, 0x00, 0x80, 0x00, 0x28, 0xCB, 0x54, 0xD4, 0x21, 0x0F, 0x79, 0x00, 0xC8, 0x43, 0x0E, 0x0E,
    0xF0, 0xA0, 0x83, 0x03, 0x80, 0x01, 0x20, 0x0A, 0x82, 0x20, 0xC4, 0x0A, 0x00, 0x80, 0x0E, 0x00,
    0x00, 0x00, 0x53, 0x51, 0x47, 0x3C, 0xE8, 0x01, 0x10, 0x0F, 0x78, 0x00, 0x0F, 0x78, 0x00, 0x60,
    0x00, 0x88, 0x82, 0x20, 0x08, 0xB1, 0x02, 0x00, 0xA0, 0x03, 0x00, 0x00, 0xC0, 0x40, 0x05, 0x10,
    0x08, 0x00, 0x30, 0x60, 0x90, 0x00, 0x00, 0x40, 0x14, 0x06, 0x00, 0x00, 0x03, 0x15, 0xC0, 0x21,
    0x00, 0xC0, 0x7C, 0x08, 0x80, 0xB0, 0x02, 0x2C, 0x04, 0x40, 0x2C, 0x00, 0x03, 0x06, 0x09, 0x00,
    0x00, 0x48, 0x61, 0x00, 0x00, 0x30, 0x50, 0x01, 0x24, 0x02, 0x00, 0xCC, 0x87, 0x00, 0x08, 0x2B,
    0xCC, 0xC2, 0x18, 0x00, 0xB4, 0x00, 0xCC, 0x20, 0xC8, 0x42, 0x2D, 0xCC, 0x30, 0xEC, 0x01, 0xC3,
    0x07, 0x33, 0x0C, 0x7D, 0xD0, 0xF8, 0xC1, 0x0C, 0xC3, 0x1E, 0x38, 0x7F, 0x30, 0xC3, 0x00, 0x0A,
    0x8F, 0x1F, 0xCC, 0x30, 0xF4, 0x01, 0xB4, 0x07, 0x33, 0x0C, 0x7D, 0x10, 0x85, 0xC2, 0x0C, 0x43,
    0x1F, 0x48, 0xA1, 0x30, 0xC3, 0xD0, 0x07, 0x53, 0x28, 0xCC, 0x30, 0xF4, 0x01, 0x25, 0x0A, 0x33,
    0x0C, 0x7D, 0x50, 0x8D, 0xC2, 0x0C, 0x43, 0x1F, 0x58, 0xA4, 0x30, 0x43, 0x30, 0xCC, 0x30, 0xEC,
    0xC1, 0x28, 0x94, 0xC2, 0x0C, 0xC4, 0xE5, 0x07, 0xA5, 0x50, 0x0A, 0x33, 0x04, 0xD8, 0x0C, 0x41,
    0x36, 0x43, 0xA0, 0xCD, 0x00, 0xCC, 0x80, 0x06, 0xA5, 0xE0, 0x07, 0xA5, 0x10, 0x06, 0x62, 0xE0,
    0x07, 0x7E, 0x50, 0x0A, 0x61, 0x30, 0x06, 0xA3, 0xE0, 0x07, 0xA5, 0x10, 0x06, 0x64, 0x80, 0x0A,
    0x7E, 0x50, 0x0A, 0x61, 0x50, 0x06, 0xA4, 0x40, 0x0A, 0xA5, 0x60, 0x06, 0x67, 0x90, 0x0A, 0x7E,
    0x50, 0x0A, 0x61, 0x80, 0x06, 0xAA, 0xE0, 0x07, 0xA5, 0x10, 0x06, 0x69, 0xB0, 0x0A, 0x7E, 0x50,
    0x0A, 0x61, 0xA0, 0x06, 0x33, 0x50, 0xA5, 0xB0, 0x71, 0xA7, 0xD0, 0x95, 0x02, 0x28, 0x78, 0xDF,
    0x1E, 0x80, 0x41, 0x3A, 0xAC, 0xC1, 0x29, 0xB0, 0x01, 0x29, 0xB4, 0x81, 0x1B, 0xBC, 0x01, 0x1C,
    0xCC, 0x00, 0x81, 0xC2, 0xD6, 0x81, 0x02, 0x28, 0xC4, 0xC1, 0x07, 0x0A, 0x6B, 0x40, 0x0A, 0x6C,
    0x40, 0x0A, 0x6D, 0x20, 0x07, 0x6F, 0x30, 0x07, 0x33, 0x40, 0x7B, 0xB0, 0x75, 0x7B, 0x00, 0x0A,
    0xDE, 0x07, 0x0A, 0x6B, 0x40, 0x0A, 0x6C, 0x40, 0x0A, 0x6D, 0x20, 0x07, 0x6F, 0x40, 0x07, 0x33,
    0x18, 0x7F, 0x50, 0x07, 0x6D, 0x60, 0x06, 0x6F, 0x60, 0x07, 0x33, 0x10, 0xEA, 0xB0, 0x0E, 0xEC,
    0xD0, 0x0E, 0x33, 0x0C, 0xA6, 0x80, 0x0E, 0xEE, 0x30, 0x13, 0x21, 0x00, 0xE8, 0x00, 0x0C, 0x54,
    0x00, 0x77, 0x20, 0x00, 0xC0, 0x40, 0x05, 0x80, 0x07, 0x00, 0x00, 0x1C, 0x1E, 0x00, 0x1C, 0xC7,
    0x71, 0x1C, 0xC7, 0x71, 0x1C, 0xC7, 0x71, 0x1C, 0xC7, 0x71, 0x9C, 0x59, 0x88, 0x87, 0x6D, 0xB8,
    0x01, 0x2B, 0xB8, 0x81, 0x2C, 0xB0, 0x82, 0x1B, 0xE0, 0x02, 0x1A, 0xB8, 0x81, 0x1B, 0xB8, 0x81,
    0x1B, 0xB8, 0x81, 0x1B, 0xB8, 0x81, 0x1B, 0xB8, 0x81, 0x1B, 0xB8, 0x81, 0x45, 0x07, 0x7A, 0x60,
    0x59, 0x16, 0x64, 0x3F, 0xE2, 0xE1, 0x17, 0x78, 0x81, 0x0B, 0xA0, 0x40, 0x07, 0x6E, 0x40, 0x07,
    0x32, 0x12, 0x98, 0xA0, 0x5C, 0xD8, 0xD8, 0xEC, 0xDA, 0x5C, 0xC8, 0xC4, 0xCE, 0x5C, 0xC6, 0xEA,
    0x46, 0x09, 0x56, 0x21, 0x23, 0x36, 0x36, 0xBB, 0x36, 0x97, 0xB6, 0x37, 0xB2, 0x3A, 0xB6, 0x32,
    0x17, 0x33, 0xB6, 0xB0, 0xB3, 0xB9, 0x51, 0x16, 0x5B, 0xB8, 0x05, 0x5C, 0xC8, 0x05, 0x5D, 0xD8,
    0x05, 0x5E, 0xE8, 0x05, 0x5F, 0xF8, 0x05, 0x70, 0x48, 0x85, 0x8D, 0xCD, 0xAE, 0xCD, 0x25, 0x8D,
    0xAC, 0xCC, 0x8D, 0x6E, 0x94, 0x20, 0x1C, 0x72, 0x09, 0x4B, 0x93, 0x73, 0xB1, 0x2B, 0x93, 0x9B,
    0x4B, 0x7B, 0x73, 0x1B, 0x25, 0x10, 0x87, 0xA4, 0xC2, 0xD2, 0xE4, 0x5C, 0xD8, 0xC2, 0xDC, 0xCE,
    0xEA, 0xC2, 0xCE, 0xCA, 0xBE, 0xEC, 0xCA, 0xE4, 0xE6, 0xD2, 0xDE, 0xDC, 0x46, 0x09, 0xC6, 0x21,
    0xA7, 0xB0, 0x34, 0x39, 0x97, 0xB1, 0xB7, 0x36, 0xB8, 0x34, 0xB6, 0xB2, 0xAF, 0x37, 0x38, 0xBA,
    0xB4, 0x37, 0xB7, 0xB9, 0x51, 0x06, 0x72, 0x28, 0x07, 0x73, 0x48, 0x25, 0x2C, 0x4D, 0xCE, 0x65,
    0xAD, 0x4C, 0xCE, 0xAD, 0x8C, 0x6D, 0x94, 0xC0, 0x1D, 0x00, 0x00, 0x00, 0x00, 0xA9, 0x18, 0x00,
    0x00, 0x25, 0x00, 0x00, 0x00, 0x0B, 0x0A, 0x72, 0x28, 0x87, 0x77, 0x80, 0x07, 0x7A, 0x58, 0x70,
    0x98, 0x43, 0x3D, 0xB8, 0xC3, 0x38, 0xB0, 0x43, 0x39, 0xD0, 0xC3, 0x82, 0xE6, 0x1C, 0xC6, 0xA1,
    0x0D, 0xE8, 0x41, 0x1E, 0xC2, 0xC1, 0x1D, 0xE6, 0x21, 0x1D, 0xE8, 0x21, 0x1D, 0xDE, 0xC1, 0x1D,
    0x16, 0x34, 0xE3, 0x60, 0x0E, 0xE7, 0x50, 0x0F, 0xE1, 0x20, 0x0F, 0xE4, 0x40, 0x0F, 0xE1, 0x20,
    0x0F, 0xE7, 0x50, 0x0E, 0xF4, 0xB0, 0x80, 0x81, 0x07, 0x79, 0x28, 0x87, 0x70, 0x60, 0x07, 0x76,
    0x78, 0x87, 0x71, 0x08, 0x07, 0x7A, 0x28, 0x07, 0x72, 0x58, 0x70, 0x9C, 0xC3, 0x38, 0xB4, 0x01,
    0x3B, 0xA4, 0x83, 0x3D, 0x94, 0xC3, 0x02, 0x6B, 0x1C, 0xD8, 0x21, 0x1C, 0xDC, 0xE1, 0x1C, 0xDC,
    0x20, 0x1C, 0xE4, 0x61, 0x1C, 0xDC, 0x20, 0x1C, 0xE8, 0x81, 0x1E, 0xC2, 0x61, 0x1C, 0xD0, 0xA1,
    0x1C, 0xC8, 0x61, 0x1C, 0xC2, 0x81, 0x1D, 0xD8, 0x61, 0xC1, 0x01, 0x0F, 0xF4, 0x20, 0x0F, 0xE1,
    0x50, 0x0F, 0xF4, 0x80, 0x0E, 0x00, 0x00, 0x00, 0x00, 0xD1, 0x10, 0x00, 0x00, 0x06, 0x00, 0x00,
    0x00, 0x07, 0xCC, 0x3C, 0xA4, 0x83, 0x3B, 0x9C, 0x03, 0x3B, 0x94, 0x03, 0x3D, 0xA0, 0x83, 0x3C,
    0x94, 0x43, 0x38, 0x90, 0xC3, 0x01, 0x00, 0x00, 0x00, 0x61, 0x20, 0x00, 0x00, 0x74, 0x02, 0x00,
    0x00, 0x13, 0x04, 0x47, 0x2C, 0x10, 0x00, 0x00, 0x00, 0x16, 0x00, 0x00, 0x00, 0x14, 0x4A, 0xA1,
    0x18, 0x6A, 0x80, 0xC4, 0x58, 0x83, 0x00, 0x00, 0x54, 0xC6, 0x22, 0x10, 0x04, 0x41, 0xC6, 0x22,
    0x40, 0xFC, 0x0F, 0xE1, 0x7F, 0x00, 0xF1, 0x3F, 0x84, 0xFF, 0x01, 0xC4, 0xFF, 0x10, 0xFE, 0x07,
    0x10, 0xFF, 0x43, 0xF8, 0x1F, 0xC6, 0x22, 0xFE, 0x13, 0xF4, 0x9F, 0xFF, 0x04, 0xFD, 0xE7, 0x3F,
    0x41, 0xFF, 0xF9, 0x4F, 0xD0, 0x7F, 0xC6, 0x22, 0x20, 0x08, 0x82, 0xC8, 0xCD, 0x00, 0x8C, 0x06,
    0x8C, 0x00, 0x8C, 0x25, 0x10, 0xC7, 0x58, 0xC2, 0x71, 0x8C, 0x25, 0x00, 0x01, 0xD9, 0x12, 0x28,
    0x02, 0xCA, 0xA3, 0x01, 0x00, 0xF1, 0x30, 0x00, 0x00, 0x34, 0x01, 0x00, 0x00, 0x22, 0x47, 0xC8,
    0x90, 0x51, 0x56, 0x58, 0x6B, 0x01, 0x00, 0x00, 0x00, 0x6E, 0xA0, 0xA0, 0x01, 0x65, 0x07, 0xC3,
    0xF3, 0x70, 0x96, 0x65, 0x31, 0x7C, 0x31, 0x64, 0x9D, 0x18, 0x38, 0x72, 0x90, 0x06, 0x00, 0x00,
    0x00, 0x73, 0x72, 0x63, 0x2F, 0x78, 0x65, 0x6E, 0x69, 0x61, 0x2F, 0x67, 0x70, 0x75, 0x2F, 0x73,
    0x68, 0x61, 0x64, 0x65, 0x72, 0x73, 0x2F, 0x74, 0x65, 0x78, 0x74, 0x75, 0x72, 0x65, 0x5F, 0x6C,
    0x6F, 0x61, 0x64, 0x5F, 0x36, 0x34, 0x62, 0x70, 0x62, 0x2E, 0x78, 0x65, 0x73, 0x6C, 0x69, 0x78,
    0x65, 0x73, 0x6C, 0x5F, 0x65, 0x6E, 0x74, 0x72, 0x79, 0x73, 0x72, 0x63, 0x2F, 0x78, 0x65, 0x6E,
    0x69, 0x61, 0x2F, 0x67, 0x70, 0x75, 0x2F, 0x73, 0x68, 0x61, 0x64, 0x65, 0x72, 0x73, 0x2F, 0x74,
    0x65, 0x78, 0x74, 0x75, 0x72, 0x65, 0x5F, 0x6C, 0x6F, 0x61, 0x64, 0x2E, 0x78, 0x65, 0x73, 0x6C,
    0x69, 0x58, 0x65, 0x54, 0x65, 0x78, 0x74, 0x75, 0x72, 0x65, 0x4C, 0x6F, 0x61, 0x64, 0x47, 0x65,
    0x74, 0x49, 0x6E, 0x66, 0x6F, 0x5F, 0x5A, 0x54, 0x53, 0x34, 0x38, 0x78, 0x65, 0x73, 0x6C, 0x5F,
    0x69, 0x64, 0x5F, 0x63, 0x6F, 0x6E, 0x73, 0x74, 0x61, 0x6E, 0x74, 0x42, 0x75, 0x66, 0x66, 0x65,
    0x72, 0x5F, 0x78, 0x65, 0x5F, 0x74, 0x65, 0x78, 0x74, 0x75, 0x72, 0x65, 0x5F, 0x6C, 0x6F, 0x61,
    0x64, 0x5F, 0x63, 0x6F, 0x6E, 0x73, 0x74, 0x61, 0x6E, 0x74, 0x73, 0x69, 0x6E, 0x74, 0x6F, 0x6D,
    0x6E, 0x69, 0x70, 0x6F, 0x74, 0x65, 0x6E, 0x74, 0x20, 0x63, 0x68, 0x61, 0x72, 0x53, 0x69, 0x6D,
    0x70, 0x6C, 0x65, 0x20, 0x43, 0x2B, 0x2B, 0x20, 0x54, 0x42, 0x41, 0x41, 0x61, 0x69, 0x72, 0x2D,
    0x61, 0x6C, 0x69, 0x61, 0x73, 0x2D, 0x73, 0x63, 0x6F, 0x70, 0x65, 0x73, 0x28, 0x78, 0x65, 0x73,
    0x6C, 0x5F, 0x65, 0x6E, 0x74, 0x72, 0x79, 0x29, 0x61, 0x69, 0x72, 0x2D, 0x61, 0x6C, 0x69, 0x61,
    0x73, 0x2D, 0x73, 0x63, 0x6F, 0x70, 0x65, 0x2D, 0x61, 0x72, 0x67, 0x28, 0x30, 0x29, 0x61, 0x69,
    0x72, 0x2D, 0x61, 0x6C, 0x69, 0x61, 0x73, 0x2D, 0x73, 0x63, 0x6F, 0x70, 0x65, 0x2D, 0x61, 0x72,
    0x67, 0x28, 0x32, 0x29, 0x61, 0x69, 0x72, 0x2D, 0x61, 0x6C, 0x69, 0x61, 0x73, 0x2D, 0x73, 0x63,
    0x6F, 0x70, 0x65, 0x2D, 0x61, 0x72, 0x67, 0x28, 0x31, 0x29, 0x78, 0x65, 0x73, 0x6C, 0x5F, 0x75,
    0x69, 0x6E, 0x74, 0x5F, 0x78, 0x32, 0x2F, 0x70, 0x72, 0x69, 0x76, 0x61, 0x74, 0x65, 0x2F, 0x76,
    0x61, 0x72, 0x2F, 0x72, 0x75, 0x6E, 0x2F, 0x63, 0x6F, 0x6D, 0x2E, 0x61, 0x70, 0x70, 0x6C, 0x65,
    0x2E, 0x73, 0x65, 0x63, 0x75, 0x72, 0x69, 0x74, 0x79, 0x2E, 0x63, 0x72, 0x79, 0x70, 0x74, 0x65,
    0x78, 0x64, 0x2F, 0x6D, 0x6E, 0x74, 0x2F, 0x63, 0x6F, 0x6D, 0x2E, 0x61, 0x70, 0x70, 0x6C, 0x65,
    0x2E, 0x4D, 0x6F, 0x62, 0x69, 0x6C, 0x65, 0x41, 0x73, 0x73, 0x65, 0x74, 0x2E, 0x4D, 0x65, 0x74,
    0x61, 0x6C, 0x54, 0x6F, 0x6F, 0x6C, 0x63, 0x68, 0x61, 0x69, 0x6E, 0x2D, 0x76, 0x31, 0x37, 0x2E,
    0x33, 0x2E, 0x34, 0x38, 0x2E, 0x30, 0x2E, 0x6E, 0x31, 0x71, 0x46, 0x75, 0x4F, 0x2F, 0x4D, 0x65,
    0x74, 0x61, 0x6C, 0x2E, 0x78, 0x63, 0x74, 0x6F, 0x6F, 0x6C, 0x63, 0x68, 0x61, 0x69, 0x6E, 0x2F,
    0x75, 0x73, 0x72, 0x2F, 0x6D, 0x65, 0x74, 0x61, 0x6C, 0x2F, 0x33, 0x32, 0x30, 0x32, 0x33, 0x2F,
    0x6C, 0x69, 0x62, 0x2F, 0x63, 0x6C, 0x61, 0x6E, 0x67, 0x2F, 0x33, 0x32, 0x30, 0x32, 0x33, 0x2E,
    0x38, 0x35, 0x30, 0x2F, 0x69, 0x6E, 0x63, 0x6C, 0x75, 0x64, 0x65, 0x2F, 0x6D, 0x65, 0x74, 0x61,
    0x6C, 0x2F, 0x6D, 0x65, 0x74, 0x61, 0x6C, 0x5F, 0x72, 0x65, 0x6C, 0x61, 0x74, 0x69, 0x6F, 0x6E,
    0x61, 0x6C, 0x61, 0x6E, 0x79, 0x58, 0x65, 0x54, 0x65, 0x78, 0x74, 0x75, 0x72, 0x65, 0x48, 0x6F,
    0x73, 0x74, 0x4C, 0x69, 0x6E, 0x65, 0x61, 0x72, 0x4F, 0x66, 0x66, 0x73, 0x65, 0x74, 0x58, 0x65,
    0x54, 0x65, 0x78, 0x74, 0x75, 0x72, 0x65, 0x4C, 0x6F, 0x61, 0x64, 0x47, 0x75, 0x65, 0x73, 0x74,
    0x42, 0x6C, 0x6F, 0x63, 0x6B, 0x4F, 0x66, 0x66, 0x73, 0x65, 0x74, 0x73, 0x72, 0x63, 0x2F, 0x78,
    0x65, 0x6E, 0x69, 0x61, 0x2F, 0x67, 0x70, 0x75, 0x2F, 0x73, 0x68, 0x61, 0x64, 0x65, 0x72, 0x73,
    0x2F, 0x65, 0x6E, 0x64, 0x69, 0x61, 0x6E, 0x2E, 0x78, 0x65, 0x73, 0x6C, 0x69, 0x58, 0x65, 0x45,
    0x6E, 0x64, 0x69, 0x61, 0x6E, 0x53, 0x77, 0x61, 0x70, 0x33, 0x32, 0x58, 0x65, 0x54, 0x65, 0x78,
    0x74, 0x75, 0x72, 0x65, 0x53, 0x63, 0x61, 0x6C, 0x65, 0x64, 0x52, 0x69, 0x67, 0x68, 0x74, 0x53,
    0x75, 0x62, 0x55, 0x6E, 0x69, 0x74, 0x4F, 0x66, 0x66, 0x73, 0x65, 0x74, 0x49, 0x6E, 0x43, 0x6F,
    0x6E, 0x73, 0x65, 0x63, 0x75, 0x74, 0x69, 0x76, 0x65, 0x50, 0x61, 0x69, 0x72, 0x58, 0x65, 0x54,
    0x65, 0x78, 0x74, 0x75, 0x72, 0x65, 0x4C, 0x6F, 0x61, 0x64, 0x52, 0x69, 0x67, 0x68, 0x74, 0x43,
    0x6F, 0x6E, 0x73, 0x65, 0x63, 0x75, 0x74, 0x69, 0x76, 0x65, 0x42, 0x6C, 0x6F, 0x63, 0x6B, 0x73,
    0x4F, 0x66, 0x66, 0x73, 0x65, 0x74, 0x00, 0x00, 0x00, 0x13, 0x04, 0x8B, 0x9A, 0x20, 0x58, 0xD5,
    0x04, 0xC1, 0xB2, 0x26, 0x08, 0xD6, 0x35, 0x41, 0xB0, 0xB0, 0x09, 0x82, 0x95, 0x4D, 0x10, 0x2C,
    0x6D, 0x82, 0x60, 0x6D, 0xAB, 0xA8, 0x03, 0x2D, 0xE8, 0x01, 0x40, 0x0B, 0x08, 0x1E, 0x32, 0x00,
    0x03, 0x40, 0x14, 0x04, 0x41, 0x88, 0x15, 0x00, 0x00, 0x1D, 0x00, 0x00, 0x00, 0x56, 0x51, 0x47,
    0x5A, 0xD8, 0x03, 0x90, 0x16, 0xA7, 0x00, 0x0F, 0xA8, 0x00, 0x60, 0x00, 0x88, 0x82, 0x20, 0x08,
    0xB1, 0x02, 0x00, 0xA0, 0x03, 0x00, 0x00, 0x80, 0xCE, 0x03, 0x09, 0x64, 0x08, 0x91, 0x21, 0x23,
    0xA1, 0xB9, 0x90, 0x97, 0x00, 0xAC, 0x10, 0x66, 0x62, 0x1F, 0x56, 0x0C, 0x34, 0x31, 0x13, 0xFC,
    0xB0, 0x62, 0xA8, 0x89, 0x99, 0xE8, 0x87, 0x15, 0x83, 0x4D, 0xCC, 0x84, 0x3F, 0xAC, 0xA2, 0x0E,
    0x5A, 0xF8, 0x07, 0x80, 0x16, 0x7C, 0x01, 0x1E, 0x7C, 0x01, 0xC0, 0x00, 0x10, 0x05, 0x41, 0x10,
    0x62, 0x05, 0x00, 0x40, 0x07, 0x00, 0x00, 0x80, 0xBE, 0x85, 0x05, 0x98, 0x90, 0x09, 0xAB, 0xA8,
    0x43, 0x2E, 0x42, 0x02, 0x90, 0x0B, 0xF5, 0x82, 0x87, 0xF5, 0x02, 0x30, 0x00, 0x44, 0x41, 0x10,
    0x84, 0x58, 0x01, 0x00, 0xD0, 0x01, 0x00, 0x00, 0xA0, 0xC1, 0xE0, 0xE0, 0x25, 0x00, 0xAB, 0xA8,
    0x23, 0x1E, 0x44, 0x02, 0x88, 0x87, 0xB4, 0x80, 0x87, 0xB4, 0x00, 0x30, 0x00, 0x44, 0x41, 0x10,
    0x84, 0x58, 0x01, 0x00, 0xD0, 0x01, 0x00, 0x00, 0xA0, 0xC9, 0x00, 0xE1, 0x25, 0x00, 0xAB, 0xA8,
    0x23, 0x2D, 0x46, 0x02, 0x48, 0x0B, 0x77, 0x80, 0x07, 0x78, 0x00, 0x30, 0x00, 0x44, 0x41, 0x10,
    0x84, 0x58, 0x01, 0x00, 0xD0, 0x01, 0x00, 0x00, 0xA0, 0xD1, 0xE0, 0xE0, 0x25, 0x00, 0xAB, 0xA8,
    0x43, 0x2F, 0x4A, 0x02, 0xD0, 0x0B, 0x39, 0x80, 0x07, 0x39, 0x00, 0x30, 0x00, 0x44, 0x41, 0x10,
    0x84, 0x58, 0x01, 0x00, 0xD0, 0x01, 0x00, 0x00, 0xA0, 0xD3, 0xA0, 0xE3, 0x25, 0x00, 0xAB, 0xA8,
    0x23, 0x1E, 0x4C, 0x02, 0x88, 0x87, 0x93, 0x80, 0x07, 0x94, 0x00, 0x30, 0x00, 0x44, 0x41, 0x10,
    0x84, 0x58, 0x01, 0x00, 0xD0, 0x01, 0x00, 0x00, 0x60, 0x15, 0x75, 0xA4, 0xC5, 0x49, 0x00, 0x69,
    0x11, 0x13, 0xF0, 0x20, 0x13, 0x00, 0x06, 0x80, 0x28, 0x08, 0x82, 0x10, 0x2B, 0x00, 0x00, 0x3A,
    0x00, 0x00, 0x00, 0x34, 0x1C, 0x1C, 0xBC, 0x04, 0xA0, 0x69, 0x82, 0x21, 0x2C, 0xC6, 0x42, 0xB7,
    0xC4, 0x07, 0x58, 0x90, 0x85, 0xEE, 0x03, 0x85, 0x56, 0x28, 0x0B, 0x2D, 0x07, 0x12, 0x2F, 0x01,
    0x18, 0x54, 0x00, 0xF3, 0x20, 0x00, 0xC0, 0xA0, 0x02, 0xA8, 0x07, 0x01, 0x00, 0x36, 0x04, 0xFA,
    0xB0, 0x61, 0xC8, 0x07, 0xB5, 0x40, 0x89, 0x0D, 0x03, 0x3E, 0xAC, 0x05, 0x4A, 0x6C, 0x88, 0xEE,
    0x81, 0x2D, 0x50, 0x82, 0x2D, 0x52, 0x82, 0x2D, 0x54, 0x82, 0x2D, 0x56, 0x62, 0x2D, 0x58, 0x82,
    0x2D, 0x5A, 0x82, 0x2D, 0x5C, 0x82, 0x2D, 0x5E, 0x62, 0xC3, 0xD0, 0x16, 0x6C, 0x81, 0x12, 0x1B,
    0x02, 0x9A, 0xD8, 0x20, 0xD8, 0x44, 0x4D, 0x6C, 0x18, 0xD6, 0x62, 0x2D, 0x50, 0x62, 0x50, 0x01,
    0x80, 0x04, 0x00, 0x00, 0x1B, 0x86, 0xB6, 0x60, 0x0B, 0x97, 0xD8, 0x30, 0xB4, 0x05, 0x5B, 0xB4,
    0xC4, 0x86, 0xA1, 0x2D, 0xD8, 0x62, 0x25, 0x36, 0x0C, 0x6D, 0xC1, 0x16, 0x2A, 0xB1, 0x61, 0x68,
    0x0B, 0xB6, 0x48, 0x89, 0x0D, 0x41, 0x4D, 0x6C, 0x10, 0x68, 0xC2, 0x26, 0x06, 0x15, 0x00, 0x49,
    0x08, 0x00, 0xB0, 0x21, 0xB0, 0x89, 0x0D, 0x02, 0x4D, 0xD4, 0x04, 0x00, 0x00, 0x7D, 0x0C, 0x95,
    0x47, 0x06, 0x33, 0x06, 0x85, 0x2A, 0x8C, 0x41, 0x4C, 0xC8, 0x04, 0x40, 0x41, 0x28, 0x13, 0x06,
    0xC0, 0x1C, 0xC3, 0x12, 0x80, 0xC1, 0x8C, 0x41, 0xF1, 0x0B, 0xCA, 0x4D, 0xE0, 0x04, 0x30, 0xC8,
    0x10, 0x2C, 0xCA, 0x84, 0x01, 0x70, 0x81, 0x82, 0x33, 0x06, 0xC5, 0x2D, 0xCC, 0x41, 0x4C, 0xC8,
    0x04, 0x70, 0x81, 0xA2, 0x33, 0x06, 0xC5, 0x2D, 0xA8, 0x42, 0x4C, 0xC8, 0x04, 0xD0, 0xC7, 0xB0,
    0x91, 0x41, 0x1C, 0xCC, 0x18, 0x14, 0xE3, 0x70, 0xC4, 0x84, 0x4C, 0x00, 0x14, 0x88, 0x32, 0x61,
    0x00, 0x9C, 0x66, 0xDD, 0x8C, 0x41, 0xE1, 0xD1, 0x01, 0x4C, 0x00, 0xC0, 0x70, 0x43, 0x20, 0x8C,
    0xC1, 0x8C, 0x41, 0x01, 0x06, 0x0B, 0x4C, 0x00, 0xC0, 0x20, 0x43, 0xB0, 0x38, 0x13, 0x06, 0xC0,
    0x88, 0x41, 0x51, 0x84, 0x20, 0x18, 0x48, 0x79, 0x10, 0xCC, 0x18, 0x14, 0xEC, 0xA5, 0xE4, 0x84,
    0x4E, 0x00, 0xB3, 0x0C, 0x46, 0x10, 0xCC, 0x18, 0x14, 0x60, 0x70, 0xC0, 0x04, 0x00, 0xF4, 0x31,
    0x84, 0x81, 0x1A, 0x70, 0x33, 0x06, 0xC5, 0x39, 0x1C, 0x31, 0x21, 0x13, 0x00, 0x05, 0x61, 0x4C,
    0x18, 0x00, 0x7D, 0x0C, 0x63, 0xC0, 0x06, 0xDF, 0x8C, 0x41, 0x51, 0x0E, 0x47, 0x4C, 0xC8, 0x04,
    0x40, 0x41, 0x28, 0x13, 0x06, 0x40, 0x1F, 0x43, 0x19, 0xB8, 0x81, 0x1E, 0xCC, 0x18, 0x14, 0xE0,
    0x70, 0xC4, 0x84, 0x4C, 0x00, 0x14, 0x84, 0x31, 0x61, 0x00, 0xF4, 0x31, 0x9C, 0x01, 0x1C, 0xFC,
    0xC1, 0x8C, 0x41, 0xD1, 0x0B, 0x63, 0x10, 0x13, 0x32, 0x01, 0x50, 0x10, 0xC8, 0x84, 0x01, 0xD0,
    0xC7, 0x90, 0x06, 0x72, 0xD0, 0x07, 0x33, 0x06, 0x05, 0x2F, 0x1C, 0x31, 0x21, 0x13, 0x00, 0x05,
    0x61, 0x4C, 0x18, 0x00, 0x57, 0x8D, 0x02, 0xCE, 0x18, 0x14, 0xB4, 0x30, 0x07, 0x31, 0x21, 0x13,
    0xC0, 0x05, 0xA1, 0xA0, 0x33, 0x06, 0x05, 0x2D, 0xE8, 0x41, 0x4C, 0xC8, 0x04, 0x30, 0x86, 0x10,
    0x6D, 0x33, 0x06, 0x45, 0x19, 0x88, 0x01, 0x4C, 0x00, 0xC0, 0x18, 0x42, 0x74, 0x07, 0x33, 0x06,
    0x85, 0x5A, 0x28, 0x3B, 0xC1, 0x13, 0x00, 0x06, 0xA4, 0x70, 0x02, 0x33, 0x06, 0x85, 0x5A, 0x38,
    0x3B, 0xC1, 0x13, 0xC0, 0x18, 0xC2, 0xD4, 0xCD, 0x18, 0x14, 0x6A, 0xC1, 0xED, 0x04, 0x4F, 0x00,
    0x48, 0x04, 0x22, 0x30, 0x63, 0x50, 0xA8, 0x05, 0x18, 0xEC, 0x04, 0x4F, 0x00, 0x63, 0x08, 0x15,
    0x18, 0xCC, 0x18, 0x14, 0x6A, 0x01, 0x07, 0x3B, 0xC1, 0x13, 0x00, 0x0A, 0x01, 0x08, 0xCC, 0x18,
    0x14, 0x6A, 0xE1, 0x06, 0x3B, 0xC1, 0x13, 0x00, 0x4A, 0x81, 0x08, 0xCC, 0x18, 0x14, 0x6A, 0x51,
    0x07, 0x3B, 0xC1, 0x13, 0x00, 0x06, 0x06, 0x08, 0xCC, 0x18, 0x14, 0x6A, 0x91, 0xED, 0x04, 0x4F,
    0x00, 0x17, 0x48, 0x30, 0x63, 0x50, 0x94, 0xC1, 0x1F, 0xC0, 0x04, 0x00, 0x5C, 0xD0, 0x0A, 0x38,
    0x63, 0x50, 0x98, 0xC1, 0x07, 0x13, 0x00, 0x70, 0x62, 0x00, 0x0B, 0x3A, 0x63, 0x50, 0xD8, 0x83,
    0x1B, 0xF4, 0x84, 0x4F, 0x00, 0xC3, 0x0D, 0x01, 0x2A, 0x84, 0xC1, 0x84, 0x01, 0x30, 0x62, 0xA0,
    0x18, 0x31, 0x08, 0x06, 0x0F, 0x2D, 0x04, 0x9D, 0x44, 0xBD, 0x02, 0x18, 0xCC, 0x18, 0x14, 0xF6,
    0x90, 0xF4, 0x84, 0x4F, 0x00, 0x17, 0x44, 0x30, 0x63, 0x50, 0xD4, 0x03, 0x18, 0xF4, 0x84, 0x4F,
    0x00, 0x17, 0xC8, 0x02, 0xCE, 0x18, 0x14, 0x68, 0x50, 0x0A, 0x30, 0x01, 0x00, 0x19, 0xD8, 0x98,
    0x31, 0x28, 0xD4, 0xE0, 0x80, 0x09, 0x00, 0xE8, 0x45, 0xE0, 0x83, 0x60, 0xC2, 0x00, 0xA0, 0xA0,
    0x94, 0x09, 0x03, 0x00, 0x29, 0x3D, 0x00, 0x81, 0x19, 0x83, 0x42, 0x0E, 0x82, 0x9F, 0x00, 0x0B,
    0x60, 0xB8, 0x21, 0xC8, 0x05, 0x32, 0x98, 0x30, 0x00, 0x6E, 0xD0, 0x83, 0x9B, 0x30, 0x00, 0x2E,
    0xD0, 0x03, 0x9D, 0x30, 0x00, 0xAE, 0xE0, 0x03, 0x9C, 0x30, 0x00, 0x2E, 0xD8, 0x03, 0x9D, 0x30,
    0x00, 0x6E, 0x08, 0x76, 0xC2, 0x00, 0x98, 0x6E, 0x08, 0x10, 0x63, 0xC2, 0x00, 0x38, 0x39, 0xC8,
    0x05, 0x9D, 0x30, 0x00, 0x86, 0x1B, 0x02, 0x5C, 0x08, 0x83, 0x09, 0x03, 0x60, 0xC4, 0xE0, 0x38,
    0x42, 0x10, 0x0C, 0x12, 0x73, 0x18, 0x86, 0x3F, 0x98, 0x6E, 0x08, 0x08, 0x61, 0xC2, 0x00, 0xC8,
    0xCA, 0xC6, 0x8C, 0x41, 0xC1, 0x06, 0x03, 0x4C, 0x00, 0x40, 0x2F, 0x02, 0x2B, 0x04, 0x13, 0x06,
    0xC0, 0xB0, 0x01, 0x11, 0x0C, 0x05, 0x30, 0x61, 0x00, 0xE0, 0x25, 0x0E, 0x30, 0x30, 0x63, 0x50,
    0xB8, 0xC1, 0x00, 0x13, 0x00, 0x30, 0x86, 0x50, 0x07, 0xB8, 0x30, 0x63, 0x50, 0xB0, 0x44, 0x16,
    0x16, 0x64, 0x01, 0x0C, 0x37, 0x04, 0xE4, 0x20, 0x06, 0x33, 0x06, 0x05, 0x4B, 0x84, 0x41, 0x58,
    0x90, 0x05, 0x30, 0xCB, 0x20, 0x14, 0xC1, 0x8C, 0x41, 0xC1, 0x12, 0x59, 0x58, 0x90, 0x05, 0x30,
    0x62, 0x60, 0x14, 0x21, 0x08, 0x06, 0x0B, 0x3B, 0x94, 0x83, 0x39, 0xCC, 0x18, 0x14, 0x3B, 0x38,
    0x28, 0xAD, 0x60, 0x16, 0xC0, 0x05, 0xE7, 0x00, 0x33, 0x06, 0x85, 0x4B, 0xC4, 0x41, 0x58, 0x90,
    0x05, 0x70, 0x82, 0x39, 0xE8, 0x8C, 0x41, 0x31, 0x13, 0x59, 0x58, 0x90, 0x05, 0x70, 0x66, 0x10,
    0xE0, 0x84, 0x01, 0x70, 0x81, 0x51, 0x33, 0x06, 0x05, 0x4D, 0xFC, 0x41, 0x58, 0x90, 0x05, 0x80,
    0x81, 0x3A, 0xC0, 0xC0, 0x8C, 0x41, 0x51, 0x13, 0x58, 0x58, 0x90, 0x05, 0x30, 0xDC, 0x10, 0x20,
    0x60, 0x30, 0x63, 0x50, 0xD4, 0x44, 0x17, 0x16, 0x64, 0x01, 0xCC, 0x32, 0x0C, 0x44, 0x30, 0x63,
    0x50, 0xD4, 0x44, 0x12, 0x16, 0x64, 0x01, 0x60, 0x42, 0x0B, 0x37, 0x30, 0x63, 0x50, 0xDC, 0x04,
    0x28, 0x84, 0x05, 0x59, 0x00, 0x77, 0xB0, 0x83, 0xCE, 0x18, 0x14, 0x38, 0x71, 0x07, 0x61, 0x41,
    0x16, 0xC0, 0x15, 0xC1, 0x4D, 0x18, 0x00, 0x37, 0x04, 0x31, 0x63, 0x50, 0xDC, 0x84, 0x2A, 0x84,
    0x05, 0x59, 0x00, 0xB3, 0x04, 0xC5, 0x8C, 0x41, 0x91, 0x13, 0x45, 0x58, 0x90, 0x05, 0x70, 0xCA,
    0x3B, 0xE8, 0x8C, 0x41, 0xB1, 0x13, 0x6A, 0x10, 0x16, 0x64, 0x01, 0x60, 0x3C, 0x04, 0x17, 0x30,
    0x61, 0x00, 0xCC, 0x12, 0x14, 0x03, 0x1D, 0x81, 0x31, 0x08, 0x04, 0x6D, 0x04, 0x33, 0x06, 0x05,
    0x00, 0x84, 0x05, 0x59, 0x00, 0x63, 0x08, 0xA5, 0xD0, 0x0A, 0x33, 0x06, 0x45, 0x58, 0xA8, 0x41,
    0x58, 0x90, 0x05, 0x70, 0x42, 0x20, 0x33, 0x06, 0x45, 0x58, 0xA0, 0x41, 0x58, 0x90, 0x05, 0x70,
    0xC1, 0x3D, 0xE0, 0x8C, 0x41, 0x01, 0x07, 0xAF, 0x00, 0x13, 0x00, 0x80, 0x81, 0x19, 0xC0, 0xC0,
    0x8C, 0x41, 0xF1, 0x06, 0x16, 0x4C, 0x00, 0x40, 0x06, 0x36, 0x66, 0x0C, 0x8A, 0x39, 0x38, 0x60,
    0x02, 0x00, 0x7A, 0x11, 0xC4, 0x21, 0x98, 0x30, 0x00, 0x28, 0x28, 0x65, 0xC2, 0x00, 0xB8, 0xC0,
    0x17, 0x6E, 0xC6, 0xA0, 0x90, 0x83, 0xE0, 0x27, 0xCE, 0x02, 0xB8, 0xC0, 0x17, 0x74, 0xC2, 0x00,
    0xB8, 0x01, 0x1C, 0x70, 0xC2, 0x00, 0xB8, 0xE0, 0x17, 0x74, 0xC2, 0x00, 0xB8, 0x21, 0xD8, 0x09,
    0x03, 0x60, 0xBA, 0x21, 0x30, 0xD4, 0x60, 0xC2, 0x00, 0x18, 0x31, 0x38, 0x8E, 0x10, 0x04, 0x83,
    0x04, 0x25, 0x82, 0x20, 0x1C, 0xA6, 0x1B, 0x02, 0x81, 0x0C, 0x26, 0x0C, 0x80, 0x04, 0x03, 0x1B,
    0x33, 0x06, 0x45, 0x1D, 0x0C, 0x30, 0x01, 0x00, 0xBD, 0x08, 0xEE, 0x10, 0x4C, 0x18, 0x00, 0xC3,
    0x06, 0x44, 0x30, 0x14, 0xC0, 0x84, 0x01, 0x30, 0x4B, 0x60, 0xCC, 0x18, 0x14, 0x77, 0x10, 0xC0,
    0x04, 0x00, 0xE8, 0x84, 0x01, 0x10, 0x10, 0x03, 0x00, 0x1C, 0x00, 0x00, 0x00, 0x5B, 0x04, 0xE0,
    0x25, 0xB6, 0x1C, 0x41, 0xD0, 0x16, 0x87, 0x5B, 0x20, 0x6F, 0xB1, 0xE5, 0x38, 0x02, 0xB8, 0x38,
    0xDC, 0x02, 0x79, 0x8B, 0x2D, 0x87, 0x13, 0xC8, 0xC5, 0xE1, 0x16, 0xC8, 0x5B, 0x6C, 0x39, 0xA0,
    0x60, 0x2E, 0x0E, 0xB7, 0x40, 0xDE, 0x62, 0xCB, 0x21, 0x05, 0x74, 0x71, 0xB8, 0x05, 0xF2, 0x16,
    0x5B, 0x0E, 0x2A, 0xA8, 0x8B, 0xC3, 0x2D, 0x90, 0xB7, 0xD8, 0x72, 0x58, 0x81, 0x5D, 0x1C, 0x6E,
    0x81, 0xBC, 0xC5, 0x96, 0x63, 0x0D, 0x02, 0xB8, 0x38, 0xEE, 0x02, 0xC1, 0x8B, 0x2D, 0x87, 0x1E,
    0x04, 0x70, 0x71, 0xE8, 0x05, 0xB2, 0x17, 0x5B, 0x0E, 0x5B, 0x08, 0xE0, 0xE2, 0xB8, 0x0B, 0x04,
    0x2F, 0xB6, 0x1C, 0xE1, 0x10, 0xC0, 0xC5, 0xA1, 0x17, 0xC8, 0x5E, 0x00, 0x00, 0x00, 0x00, 0x00,
    0x00, 0x61, 0x20, 0x00, 0x00, 0xA1, 0x01, 0x00, 0x00, 0x13, 0x04, 0x44, 0x2C, 0x10, 0x00, 0x00,
    0x00, 0x0B, 0x00, 0x00, 0x00, 0x14, 0x4A, 0xA1, 0x18, 0xCA, 0xA3, 0xE0, 0x2A, 0x10, 0xA8, 0xFC,
    0x6A, 0xA0, 0xF8, 0xFF, 0xFF, 0xFF, 0x07, 0x0A, 0xA6, 0xC0, 0xFF, 0xFF, 0xFF, 0x1F, 0x2A, 0xA8,
    0x00, 0x41, 0x0A, 0x90, 0xA3, 0x00, 0x07, 0xC8, 0xCD, 0x00, 0x90, 0x2D, 0x81, 0x22, 0x00, 0x00,
    0x00, 0xF1, 0x30, 0x00, 0x00, 0x32, 0x00, 0x00, 0x00, 0x22, 0x47, 0xC8, 0x90, 0x51, 0x0E, 0x84,
    0x2A, 0x00, 0x00, 0x00, 0x00, 0x9A, 0x65, 0x01, 0x00, 0x58, 0x65, 0x54, 0x65, 0x78, 0x74, 0x75,
    0x72, 0x65, 0x53, 0x63, 0x61, 0x6C, 0x65, 0x64, 0x54, 0x69, 0x6C, 0x65, 0x64, 0x4F, 0x66, 0x66,
    0x73, 0x65, 0x74, 0x58, 0x65, 0x54, 0x65, 0x78, 0x74, 0x75, 0x72, 0x65, 0x54, 0x69, 0x6C, 0x65,
    0x64, 0x4F, 0x66, 0x66, 0x73, 0x65, 0x74, 0x33, 0x44, 0x58, 0x65, 0x54, 0x65, 0x78, 0x74, 0x75,
    0x72, 0x65, 0x54, 0x69, 0x6C, 0x65, 0x64, 0x4F, 0x66, 0x66, 0x73, 0x65, 0x74, 0x32, 0x44, 0x00,
    0x00, 0xAB, 0xA8, 0x23, 0x1E, 0xE6, 0x01, 0x88, 0x07, 0x5E, 0x80, 0x07, 0x5F, 0x00, 0x30, 0x00,
    0x44, 0x41, 0x10, 0x84, 0x58, 0x01, 0x00, 0xD0, 0x01, 0x00, 0x00, 0x40, 0xE7, 0x81, 0x04, 0x32,
    0x84, 0xC8, 0x90, 0x91, 0xD0, 0xBF, 0xA0, 0x51, 0x0F, 0x80, 0xEE, 0x03, 0x85, 0x56, 0xB8, 0x07,
    0xAB, 0xA8, 0x23, 0x1E, 0xE8, 0x01, 0x88, 0x07, 0x30, 0x80, 0x87, 0x30, 0x00, 0x30, 0x00, 0x44,
    0x41, 0x10, 0x84, 0x58, 0x01, 0x00, 0xD0, 0x01, 0x00, 0x00, 0xA0, 0xD7, 0xC1, 0xA1, 0x1E, 0x00,
    0xAB, 0xA8, 0x23, 0x1E, 0xEA, 0x01, 0x88, 0x87, 0x07, 0x1E, 0x1E, 0x00, 0x03, 0x40, 0x14, 0x04,
    0x41, 0x88, 0x15, 0x00, 0x00, 0x1D, 0x00, 0x00, 0x00, 0xFA, 0x1D, 0x1C, 0xEA, 0x01, 0x00, 0x00,
    0x00, 0xD7, 0x06, 0x53, 0xCC, 0x18, 0x14, 0x7D, 0x10, 0xB9, 0xC2, 0x3D, 0x00, 0x23, 0x06, 0x46,
    0x11, 0x82, 0x60, 0xB0, 0xCC, 0x41, 0xD0, 0x06, 0x33, 0x06, 0xC5, 0x0E, 0x0E, 0x4A, 0x2B, 0xE0,
    0x03, 0x30, 0x86, 0x80, 0x89, 0xC1, 0x8C, 0x41, 0x11, 0x0E, 0x95, 0x3D, 0x00, 0xC0, 0x09, 0x6D,
    0xA0, 0x33, 0x06, 0x45, 0x38, 0x64, 0xF6, 0x00, 0x00, 0x27, 0x04, 0x38, 0x61, 0x00, 0xCC, 0x31,
    0x20, 0x41, 0x19, 0xCC, 0x18, 0x14, 0xE3, 0xE0, 0xD9, 0x03, 0x00, 0x8C, 0x21, 0x70, 0xC8, 0x8C,
    0x41, 0x31, 0x0E, 0x75, 0x60, 0x0F, 0x00, 0x30, 0xC7, 0x20, 0x04, 0xC9, 0x8C, 0x41, 0x31, 0x0E,
    0x9E, 0x3D, 0x00, 0xC0, 0x05, 0xDA, 0xCC, 0x18, 0x14, 0xE3, 0xA0, 0x07, 0xF6, 0x00, 0x00, 0x63,
    0x08, 0x41, 0x1A, 0x5C, 0x70, 0xDC, 0x8C, 0x41, 0x61, 0x0E, 0x62, 0x60, 0x0F, 0x00, 0x30, 0xCB,
    0x10, 0x08, 0x62, 0x30, 0x63, 0x50, 0xA4, 0x43, 0x66, 0x0F, 0x00, 0x30, 0x86, 0x30, 0x34, 0x33,
    0x06, 0xC5, 0x18, 0x5C, 0xF9, 0xA0, 0x0F, 0xC0, 0x05, 0x79, 0x80, 0x33, 0x06, 0xC5, 0x18, 0x6C,
    0xF9, 0xA0, 0x0F, 0xC0, 0x18, 0xC2, 0x18, 0x38, 0x33, 0x06, 0xC5, 0x18, 0x90, 0x41, 0x3E, 0xE8,
    0x03, 0x70, 0x41, 0x1F, 0xE4, 0x8C, 0x41, 0x31, 0x06, 0x68, 0x90, 0x0F, 0xFA, 0x00, 0xDC, 0x18,
    0xF0, 0x01, 0xCE, 0x18, 0x14, 0x63, 0x30, 0x0A, 0xF9, 0xA0, 0x0F, 0x00, 0x06, 0x82, 0x08, 0xCC,
    0x18, 0x14, 0x63, 0xE0, 0x06, 0xF9, 0xA0, 0x0F, 0xC0, 0x15, 0x01, 0xCC, 0x18, 0x14, 0x63, 0x10,
    0x06, 0xF9, 0xA0, 0x0F, 0xC0, 0x9D, 0xC1, 0x18, 0xE0, 0x8C, 0x41, 0x41, 0x06, 0x67, 0x90, 0x0F,
    0xFA, 0x00, 0x9C, 0x10, 0xC8, 0x8C, 0x41, 0x31, 0x06, 0xAB, 0x90, 0x0F, 0xFA, 0x00, 0x9C, 0x52,
    0x06, 0x39, 0x63, 0x50, 0x94, 0xC1, 0x95, 0x0F, 0xFA, 0x00, 0x9C, 0x10, 0xC0, 0x8C, 0x41, 0x51,
    0x06, 0x5D, 0x3E, 0xE8, 0x03, 0x70, 0x69, 0x60, 0x06, 0x30, 0x63, 0x50, 0x94, 0x41, 0x1E, 0xE4,
    0x83, 0x3E, 0x00, 0x17, 0x84, 0x82, 0xCE, 0x18, 0x14, 0x65, 0xC0, 0x06, 0xF9, 0xA0, 0x0F, 0xC0,
    0x0D, 0xC1, 0x4D, 0x18, 0x00, 0x17, 0x90, 0xC2, 0xCD, 0x18, 0x14, 0x65, 0xC0, 0x0A, 0xF9, 0xA0,
    0x0F, 0xC0, 0x05, 0x64, 0xA0, 0x13, 0x06, 0xC0, 0x45, 0xA9, 0xA0, 0x33, 0x06, 0x85, 0x19, 0x58,
    0xF9, 0xA0, 0x0F, 0xC0, 0x45, 0xAB, 0x70, 0x33, 0x06, 0x85, 0x19, 0xA0, 0x41, 0x3E, 0xE8, 0x03,
    0x70, 0x81, 0x19, 0xE8, 0x84, 0x01, 0x70, 0xC1, 0xB0, 0x33, 0x06, 0x85, 0x19, 0x6C, 0xF9, 0xA0,
    0x0F, 0xC0, 0x05, 0xC8, 0xCD, 0x18, 0x14, 0x66, 0xF0, 0x06, 0xF9, 0xA0, 0x0F, 0xC0, 0x05, 0x70,
    0x90, 0x33, 0x06, 0x85, 0x19, 0x88, 0x42, 0x3E, 0xE8, 0x03, 0x70, 0x56, 0x2B, 0xE0, 0x8C, 0x41,
    0x71, 0x06, 0x5C, 0x3E, 0xE8, 0x03, 0x80, 0x01, 0x05, 0x02, 0x33, 0x06, 0xC5, 0x19, 0x88, 0x41,
    0x3E, 0xE8, 0x03, 0x70, 0x81, 0x2B, 0xE8, 0x8C, 0x41, 0x71, 0x06, 0x70, 0x90, 0x0F, 0xFA, 0x00,
    0x9C, 0x06, 0x0B, 0x38, 0x63, 0x50, 0xA0, 0x01, 0x1A, 0xE4, 0x83, 0x3E, 0x00, 0x28, 0xC0, 0xC2,
    0x0D, 0xCC, 0x18, 0x14, 0x68, 0xE0, 0x07, 0xF9, 0xA0, 0x0F, 0x00, 0x06, 0x02, 0x0C, 0xCC, 0x18,
    0x14, 0x68, 0xE0, 0x06, 0xF9, 0xA0, 0x0F, 0x00, 0x06, 0xB2, 0x70, 0x03, 0x33, 0x06, 0x05, 0x1A,
    0xA8, 0x42, 0x3E, 0xE8, 0x03, 0x70, 0x01, 0x1E, 0xE8, 0x84, 0x01, 0x70, 0x49, 0x1C, 0xE8, 0x8C,
    0x41, 0x91, 0x06, 0x62, 0x90, 0x0F, 0xFA, 0x00, 0x20, 0x14, 0x40, 0xC0, 0x8C, 0x41, 0x91, 0x06,
    0x59, 0x3E, 0xE8, 0x03, 0x70, 0x81, 0x2D, 0xDC, 0x8C, 0x41, 0x91, 0x06, 0x6A, 0x90, 0x0F, 0xFA,
    0x00, 0x1C, 0xB3, 0x07, 0x3A, 0x63, 0x50, 0xA4, 0x41, 0x1E, 0xE4, 0x83, 0x3E, 0x00, 0x07, 0x06,
    0xB9, 0xA0, 0x33, 0x06, 0x85, 0x1A, 0x5C, 0xF9, 0xA0, 0x0F, 0xC0, 0x05, 0xD7, 0xCD, 0x18, 0x14,
    0x6A, 0xC0, 0xE5, 0x83, 0x3E, 0x00, 0x47, 0x06, 0xBC, 0x70, 0x33, 0x06, 0x85, 0x1A, 0xF0, 0x41,
    0x3E, 0xE8, 0x03, 0x70, 0xC1, 0x2D, 0xE8, 0x84, 0x01, 0x70, 0xC1, 0x00, 0x33, 0x06, 0x45, 0x1A,
    0xC0, 0x41, 0x3E, 0xE8, 0x03, 0x70, 0x81, 0x01, 0x33, 0x06, 0x45, 0x1A, 0xFC, 0x41, 0x3E, 0xE8,
    0x03, 0x70, 0x01, 0x02, 0x33, 0x06, 0x85, 0x1A, 0xBC, 0x41, 0x3E, 0xE8, 0x03, 0x80, 0x11, 0x29,
    0xDC, 0xC0, 0x8C, 0x41, 0xD1, 0x06, 0x4B, 0x3E, 0xE8, 0x03, 0x70, 0x42, 0x38, 0xE0, 0x84, 0x01,
    0x70, 0x01, 0x29, 0xE8, 0x84, 0x01, 0x70, 0xC1, 0xB0, 0x13, 0x06, 0xC0, 0x05, 0xD0, 0xCE, 0x18,
    0x14, 0x6E, 0xB0, 0xE4, 0x83, 0x3E, 0x00, 0x18, 0xA8, 0xC2, 0x0D, 0xCC, 0x18, 0x14, 0x71, 0xB0,
    0xE4, 0x83, 0x3E, 0x00, 0x77, 0x98, 0xC3, 0x4D, 0x18, 0x00, 0x17, 0xA0, 0x82, 0x4E, 0x18, 0x00,
    0x37, 0x04, 0x3B, 0x61, 0x00, 0x9C, 0x92, 0x0A, 0x3A, 0x63, 0x50, 0xC8, 0x81, 0x95, 0x0F, 0xFA,
    0x00, 0x9C, 0x10, 0xEC, 0x8C, 0x41, 0x21, 0x07, 0x4B, 0x3E, 0xE8, 0x03, 0x70, 0xB2, 0x90, 0x0E,
    0x3A, 0x63, 0x50, 0xFC, 0xC3, 0x62, 0x0F, 0x00, 0x30, 0x4B, 0x30, 0xCC, 0x18, 0x14, 0xED, 0x30,
    0xD8, 0x03, 0x00, 0x9C, 0x1D, 0xC4, 0x42, 0xCE, 0x18, 0x14, 0x53, 0xB3, 0x0F, 0xFC, 0x00, 0x8C,
    0x21, 0xE4, 0xC1, 0x28, 0xCC, 0x18, 0x14, 0x93, 0xB5, 0x0F, 0xFC, 0x00, 0x5C, 0x30, 0x0B, 0x39,
    0x63, 0x50, 0x4C, 0xDA, 0x3E, 0xF0, 0x03, 0x70, 0xB8, 0x40, 0x0B, 0x38, 0x63, 0x50, 0x4C, 0x74,
    0xB0, 0x0F, 0xFC, 0x00, 0xA0, 0x10, 0x88, 0xC0, 0x8C, 0x41, 0x31, 0x81, 0xC1, 0x3E, 0xF0, 0x03,
    0x80, 0x41, 0x01, 0x02, 0x33, 0x06, 0xC5, 0x34, 0xED, 0x03, 0x3F, 0x00, 0x97, 0x0B, 0xF4, 0x00,
    0x33, 0x06, 0xC5, 0x94, 0x0A, 0xFB, 0xC0, 0x0F, 0xC0, 0x05, 0xF1, 0xA0, 0x33, 0x06, 0xC5, 0xC4,
    0x07, 0xFB, 0xC0, 0x0F, 0xC0, 0x0D, 0xC1, 0x4D, 0x18, 0x00, 0xF7, 0x07, 0xF7, 0xA0, 0x33, 0x06,
    0x45, 0x55, 0xED, 0x03, 0x3F, 0x00, 0x97, 0xE4, 0xC3, 0xCD, 0x18, 0x14, 0x55, 0x1A, 0xEC, 0x03,
    0x3F, 0x00, 0x17, 0xE4, 0x82, 0x4E, 0x18, 0x00, 0x17, 0x0C, 0x3B, 0x63, 0x50, 0x54, 0xDA, 0x3E,
    0xF0, 0x03, 0x70, 0xE0, 0x70, 0x0F, 0x3A, 0x63, 0x50, 0x54, 0x70, 0xB0, 0x0F, 0xFC, 0x00, 0x9C,
    0x10, 0xDC, 0x84, 0x01, 0x70, 0x81, 0x3E, 0xDC, 0x8C, 0x41, 0x71, 0xA1, 0xC1, 0x3E, 0xF0, 0x03,
    0x70, 0xC1, 0x2D, 0xE8, 0x84, 0x01, 0x70, 0x03, 0x38, 0xE8, 0x8C, 0x41, 0x71, 0xDD, 0xC1, 0x3E,
    0xF0, 0x03, 0x70, 0xD1, 0x3F, 0xDC, 0x8C, 0x41, 0x71, 0xAD, 0xC2, 0x3E, 0xF0, 0x03, 0x70, 0x81,
    0x3E, 0xE8, 0x84, 0x01, 0x70, 0x4C, 0x00, 0x33, 0x06, 0xC5, 0x65, 0xED, 0x03, 0x3F, 0x00, 0x17,
    0x10, 0x30, 0x63, 0x50, 0x5C, 0x6E, 0xB0, 0x0F, 0xFC, 0x00, 0x5C, 0x60, 0xC0, 0x8C, 0x41, 0x71,
    0xF9, 0xC1, 0x3E, 0xF0, 0x03, 0x70, 0xC1, 0x48, 0xDC, 0x8C, 0x41, 0x91, 0x75, 0xFB, 0xC0, 0x0F,
    0xC0, 0x05, 0xE5, 0xA0, 0x13, 0x06, 0xC0, 0x61, 0x27, 0x71, 0x33, 0x06, 0x85, 0x66, 0xED, 0x03,
    0x3F, 0x00, 0x17, 0x80, 0x83, 0x4E, 0x18, 0x00, 0x57, 0xA8, 0xC4, 0xCD, 0x18, 0x14, 0x1B, 0xB7,
    0x0F, 0xFC, 0x00, 0x5C, 0x10, 0x0E, 0x3A, 0x61, 0x00, 0x1C, 0xC7, 0x12, 0x38, 0x63, 0x50, 0x70,
    0xD8, 0x3E, 0xF0, 0x03, 0x70, 0x41, 0x4B, 0xE8, 0x84, 0x01, 0x70, 0xB5, 0xB0, 0x12, 0x38, 0x63,
    0x50, 0x70, 0x65, 0xB0, 0x0F, 0xFC, 0x00, 0xA0, 0x10, 0xC0, 0xC0, 0x8C, 0x41, 0xC1, 0x79, 0xFB,
    0xC0, 0x0F, 0xC0, 0x05, 0xF1, 0x70, 0x33, 0x06, 0x05, 0x17, 0x07, 0xFB, 0xC0, 0x0F, 0xC0, 0x05,
    0xE6, 0xA0, 0x13, 0x06, 0xC0, 0x35, 0xEF, 0xA0, 0x33, 0x06, 0x45, 0x27, 0xED, 0x03, 0x3F, 0x00,
    0x27, 0x28, 0x3B, 0x63, 0x50, 0x64, 0x63, 0xB0, 0x0F, 0xFC, 0x00, 0x5C, 0x20, 0xEC, 0x8C, 0x41,
    0xA1, 0x71, 0xFB, 0xC0, 0x0F, 0xC0, 0x05, 0xCE, 0xCE, 0x18, 0x14, 0x9B, 0x18, 0xEC, 0x03, 0x3F,
    0x00, 0x17, 0x2C, 0x3B, 0x63, 0x50, 0x70, 0x77, 0xB0, 0x0F, 0xFC, 0x00, 0xCC, 0x12, 0x0C, 0x03,
    0x15, 0x81, 0x1D, 0x08, 0xB2, 0x10, 0xCC, 0x18, 0x14, 0xFF, 0xB0, 0xD8, 0x03, 0x00, 0x0C, 0x54,
    0x04, 0x84, 0x60, 0x0B, 0xC1, 0x8C, 0x41, 0x01, 0x00, 0xF6, 0x00, 0x00, 0x27, 0x0E, 0xFC, 0x20,
    0x33, 0x06, 0x85, 0x3D, 0xA4, 0x82, 0x3D, 0x00, 0xC0, 0x91, 0x43, 0x10, 0x33, 0x06, 0x85, 0x3D,
    0xE4, 0x81, 0x3D, 0x00, 0xC0, 0x18, 0x82, 0x3F, 0xB0, 0xC4, 0x8C, 0x41, 0xC1, 0x0F, 0x60, 0x60,
    0x0F, 0x00, 0x30, 0x86, 0xF0, 0x0F, 0xEF, 0x30, 0x63, 0x50, 0xF0, 0x83, 0x1A, 0xD8, 0x03, 0x00,
    0x9C, 0x10, 0xC8, 0x8C, 0x41, 0xC1, 0x0F, 0x68, 0x60, 0x0F, 0x00, 0x70, 0x81, 0x21, 0x33, 0x06,
    0x05, 0x3F, 0x74, 0xF6, 0x00, 0x00, 0x63, 0x08, 0x05, 0x4C, 0xCC, 0x18, 0x14, 0xFD, 0xE0, 0xD8,
    0x03, 0x00, 0x5C, 0x40, 0xC8, 0x8C, 0x41, 0xD1, 0x0F, 0x9D, 0x3D, 0x00, 0xC0, 0x18, 0xC2, 0x41,
    0x0F, 0x33, 0x06, 0x45, 0x3F, 0xA4, 0x81, 0x3D, 0x00, 0xC0, 0x09, 0x01, 0xCC, 0x18, 0x14, 0xFD,
    0x70, 0x06, 0xF6, 0x00, 0x00, 0x17, 0xC4, 0xC3, 0xCD, 0x18, 0x14, 0xFD, 0x90, 0x07, 0xF6, 0x00,
    0x00, 0x08, 0x12, 0xF2, 0x70, 0x02, 0x33, 0x06, 0x85, 0x3F, 0xB0, 0x81, 0x3D, 0x00, 0xC0, 0x05,
    0x21, 0xC1, 0x13, 0x06, 0xC0, 0xD5, 0x43, 0xA0, 0x33, 0x06, 0x85, 0x3F, 0x44, 0xF6, 0x00, 0x00,
    0x47, 0x04, 0x30, 0x63, 0x50, 0xF4, 0x43, 0x2B, 0xD8, 0x03, 0x00, 0x5C, 0x10, 0xDD, 0x8C, 0x41,
    0xF1, 0x0F, 0x8B, 0x3D, 0x00, 0xC0, 0x2D, 0x01, 0xCC, 0x18, 0x14, 0xFC, 0x30, 0x07, 0xF6, 0x00,
    0x00, 0x1B, 0xCC, 0x18, 0x14, 0xFC, 0x30, 0xD8, 0x03, 0x00, 0x04, 0xC4, 0x00, 0x02, 0x00, 0x00,
    0x00, 0x5B, 0x04, 0xA0, 0x1E, 0x00, 0x00, 0x00, 0x00, 0x00, 0x00, 0x00, 0x00, 0x71, 0x20, 0x00,
    0x00, 0x03, 0x00, 0x00, 0x00, 0x32, 0x0E, 0x10, 0x22, 0x84, 0x00, 0xA1, 0x0A, 0x38, 0x70, 0xF9,
    0x00, 0x00, 0x00, 0x00, 0x00, 0x65, 0x0C, 0x00, 0x00, 0x37, 0x00, 0x00, 0x00, 0x12, 0x03, 0x94,
    0xB0, 0x01, 0x00, 0x00, 0x00, 0x03, 0x00, 0x00, 0x00, 0x5E, 0x00, 0x00, 0x00, 0x0C, 0x00, 0x00,
    0x00, 0x4C, 0x00, 0x00, 0x00, 0x01, 0x00, 0x00, 0x00, 0x58, 0x00, 0x00, 0x00, 0x00, 0x00, 0x00,
    0x00, 0x58, 0x00, 0x00, 0x00, 0x05, 0x00, 0x00, 0x00, 0xD0, 0x00, 0x00, 0x00, 0x00, 0x00, 0x00,
    0x00, 0x6A, 0x00, 0x00, 0x00, 0x1C, 0x00, 0x00, 0x00, 0x00, 0x00, 0x00, 0x00, 0x0A, 0x00, 0x00,
    0x00, 0x0A, 0x00, 0x00, 0x00, 0x00, 0x00, 0x00, 0x00, 0xD0, 0x00, 0x00, 0x00, 0x00, 0x00, 0x00,
    0x00, 0x00, 0x00, 0x00, 0x00, 0x05, 0x00, 0x00, 0x00, 0x00, 0x00, 0x00, 0x00, 0x00, 0x00, 0x00,
    0x00, 0x0A, 0x00, 0x00, 0x00, 0x00, 0x00, 0x00, 0x00, 0x0A, 0x00, 0x00, 0x00, 0xFF, 0xFF, 0xFF,
    0xFF, 0x00, 0x24, 0x00, 0x00, 0x0A, 0x00, 0x00, 0x00, 0x0F, 0x00, 0x00, 0x00, 0x0A, 0x00, 0x00,
    0x00, 0x0F, 0x00, 0x00, 0x00, 0xFF, 0xFF, 0xFF, 0xFF, 0x08, 0x2C, 0x00, 0x00, 0x19, 0x00, 0x00,
    0x00, 0x0D, 0x00, 0x00, 0x00, 0x19, 0x00, 0x00, 0x00, 0x0D, 0x00, 0x00, 0x00, 0xFF, 0xFF, 0xFF,
    0xFF, 0x08, 0x24, 0x00, 0x00, 0x26, 0x00, 0x00, 0x00, 0x2C, 0x00, 0x00, 0x00, 0x26, 0x00, 0x00,
    0x00, 0x2C, 0x00, 0x00, 0x00, 0xFF, 0xFF, 0xFF, 0xFF, 0x00, 0x30, 0x00, 0x00, 0x52, 0x00, 0x00,
    0x00, 0x0C, 0x00, 0x00, 0x00, 0x52, 0x00, 0x00, 0x00, 0x0C, 0x00, 0x00, 0x00, 0xFF, 0xFF, 0xFF,
    0xFF, 0x08, 0x24, 0x00, 0x00, 0x00, 0x00, 0x00, 0x00, 0x5D, 0x0C, 0x00, 0x00, 0x25, 0x00, 0x00,
    0x00, 0x12, 0x03, 0x94, 0x26, 0x01, 0x00, 0x00, 0x00, 0x78, 0x65, 0x73, 0x6C, 0x5F, 0x65, 0x6E,
    0x74, 0x72, 0x79, 0x6C, 0x6C, 0x76, 0x6D, 0x2E, 0x66, 0x73, 0x68, 0x6C, 0x2E, 0x76, 0x34, 0x69,
    0x33, 0x32, 0x61, 0x69, 0x72, 0x2E, 0x6D, 0x69, 0x6E, 0x2E, 0x75, 0x2E, 0x69, 0x33, 0x32, 0x5F,
    0x5A, 0x32, 0x36, 0x58, 0x65, 0x54, 0x65, 0x78, 0x74, 0x75, 0x72, 0x65, 0x53, 0x63, 0x61, 0x6C,
    0x65, 0x64, 0x54, 0x69, 0x6C, 0x65, 0x64, 0x4F, 0x66, 0x66, 0x73, 0x65, 0x74, 0x62, 0x44, 0x76,
    0x33, 0x5F, 0x6A, 0x6A, 0x6A, 0x6A, 0x44, 0x76, 0x32, 0x5F, 0x6A, 0x61, 0x69, 0x72, 0x2E, 0x61,
    0x6E, 0x79, 0x2E, 0x76, 0x32, 0x69, 0x31, 0x33, 0x32, 0x30, 0x32, 0x33, 0x2E, 0x38, 0x35, 0x30,
    0x2E, 0x31, 0x30, 0x61, 0x69, 0x72, 0x36, 0x34, 0x5F, 0x76, 0x32, 0x38, 0x2D, 0x61, 0x70, 0x70,
    0x6C, 0x65, 0x2D, 0x6D, 0x61, 0x63, 0x6F, 0x73, 0x78, 0x32, 0x36, 0x2E, 0x30, 0x2E, 0x30, 0x00,
    0x00, 0x00, 0x00, 0x00, 0x00, 0x00, 0x00, 0x00, 0x00, 0x00, 0x00, 0x00, 0x00, 0x00, 0x00, 0x00,
    0x00, 0x01, 0x00, 0x00, 0x00, 0x2F, 0x70, 0x72, 0x69, 0x76, 0x61, 0x74, 0x65, 0x2F, 0x76, 0x61,
    0x72, 0x2F, 0x72, 0x75, 0x6E, 0x2F, 0x63, 0x6F, 0x6D, 0x2E, 0x61, 0x70, 0x70, 0x6C, 0x65, 0x2E,
    0x73, 0x65, 0x63, 0x75, 0x72, 0x69, 0x74, 0x79, 0x2E, 0x63, 0x72, 0x79, 0x70, 0x74, 0x65, 0x78,
    0x64, 0x2F, 0x6D, 0x6E, 0x74, 0x2F, 0x63, 0x6F, 0x6D, 0x2E, 0x61, 0x70, 0x70, 0x6C, 0x65, 0x2E,
    0x4D, 0x6F, 0x62, 0x69, 0x6C, 0x65, 0x41, 0x73, 0x73, 0x65, 0x74, 0x2E, 0x4D, 0x65, 0x74, 0x61,
    0x6C, 0x54, 0x6F, 0x6F, 0x6C, 0x63, 0x68, 0x61, 0x69, 0x6E, 0x2D, 0x76, 0x31, 0x37, 0x2E, 0x33,
    0x2E, 0x34, 0x38, 0x2E, 0x30, 0x2E, 0x6E, 0x31, 0x71, 0x46, 0x75, 0x4F, 0x2F, 0x4D, 0x65, 0x74,
    0x61, 0x6C, 0x2E, 0x78, 0x63, 0x74, 0x6F, 0x6F, 0x6C, 0x63, 0x68, 0x61, 0x69, 0x6E, 0x2F, 0x75,
    0x73, 0x72, 0x2F, 0x6D, 0x65, 0x74, 0x61, 0x6C, 0x2F, 0x33, 0x32, 0x30, 0x32, 0x33, 0x2F, 0x62,
    0x69, 0x6E, 0x2F, 0x6D, 0x65, 0x74, 0x61, 0x6C, 0x6C, 0x69, 0x62, 0x20, 0x73, 0x72, 0x63, 0x2F,
    0x78, 0x65, 0x6E, 0x69, 0x61, 0x2F, 0x67, 0x70, 0x75, 0x2F, 0x73, 0x68, 0x61, 0x64, 0x65, 0x72,
    0x73, 0x2F, 0x62, 0x79, 0x74, 0x65, 0x63, 0x6F, 0x64, 0x65, 0x2F, 0x6D, 0x65, 0x74, 0x61, 0x6C,
    0x2F, 0x74, 0x65, 0x78, 0x74, 0x75, 0x72, 0x65, 0x5F, 0x6C, 0x6F, 0x61, 0x64, 0x5F, 0x36, 0x34,
    0x62, 0x70, 0x62, 0x5F, 0x73, 0x63, 0x61, 0x6C, 0x65, 0x64, 0x5F, 0x63, 0x73, 0x2E, 0x61, 0x69,
    0x72, 0x20, 0x2D, 0x6F, 0x20, 0x73, 0x72, 0x63, 0x2F, 0x78, 0x65, 0x6E, 0x69, 0x61, 0x2F, 0x67,
    0x70, 0x75, 0x2F, 0x73, 0x68, 0x61, 0x64, 0x65, 0x72, 0x73, 0x2F, 0x62, 0x79, 0x74, 0x65, 0x63,
    0x6F, 0x64, 0x65, 0x2F, 0x6D, 0x65, 0x74, 0x61, 0x6C, 0x2F, 0x74, 0x65, 0x78, 0x74, 0x75, 0x72,
    0x65, 0x5F, 0x6C, 0x6F, 0x61, 0x64, 0x5F, 0x36, 0x34, 0x62, 0x70, 0x62, 0x5F, 0x73, 0x63, 0x61,
    0x6C, 0x65, 0x64, 0x5F, 0x63, 0x73, 0x2E, 0x6D, 0x65, 0x74, 0x61, 0x6C, 0x6C, 0x69, 0x62, 0x00,
    0x2F, 0x55, 0x73, 0x65, 0x72, 0x73, 0x2F, 0x77, 0x6D, 0x61, 0x72, 0x74, 0x69, 0x2F, 0x44, 0x6F,
    0x63, 0x75, 0x6D, 0x65, 0x6E, 0x74, 0x73, 0x2F, 0x78, 0x65, 0x6E, 0x69, 0x61, 0x2D, 0x6D, 0x61,
    0x63, 0x2F, 0x73, 0x63, 0x72, 0x61, 0x74, 0x63, 0x68, 0x2F, 0x77, 0x6F, 0x72, 0x6B, 0x74, 0x72,
    0x65, 0x65, 0x73, 0x2F, 0x78, 0x65, 0x6E, 0x69, 0x61, 0x2D, 0x63, 0x61, 0x6E, 0x61, 0x72, 0x79,
    0x2D, 0x72, 0x65, 0x62, 0x61, 0x73, 0x65, 0x00, 0x29, 0x50, 0x00, 0x00, 0x53, 0x41, 0x52, 0x43,
    0x1D, 0x50, 0x00, 0x00, 0x74, 0x65, 0x78, 0x74, 0x75, 0x72, 0x65, 0x5F, 0x6C, 0x6F, 0x61, 0x64,
    0x5F, 0x36, 0x34, 0x62, 0x70, 0x62, 0x5F, 0x73, 0x63, 0x61, 0x6C, 0x65, 0x64, 0x5F, 0x63, 0x73,
    0x00, 0x42, 0x5A, 0x68, 0x39, 0x31, 0x41, 0x59, 0x26, 0x53, 0x59, 0xED, 0x5E, 0xB4, 0xFD, 0x00,
    0x65, 0xAB, 0x7F, 0xF8, 0xFF, 0xFC, 0xEB, 0xFF, 0xFF, 0xFF, 0xFF, 0xFF, 0xBF, 0xFF, 0xDF, 0xFE,
    0xFF, 0xFF, 0xFF, 0xFF, 0x10, 0x06, 0x01, 0x02, 0x04, 0x00, 0x02, 0x80, 0x08, 0x08, 0x60, 0x4B,
    0xFE, 0x73, 0x6D, 0xE7, 0x3D, 0x0B, 0xBD, 0xDD, 0x54, 0x7B, 0xE4, 0x1F, 0x7B, 0xD7, 0xBB, 0xB9,
    0x44, 0xED, 0x77, 0xBD, 0xCF, 0x60, 0xAA, 0xF5, 0xA5, 0xDB, 0x51, 0xD6, 0x40, 0x20, 0x91, 0xED,
    0x79, 0xBE, 0xB9, 0xDF, 0x7B, 0xA8, 0xEE, 0xFA, 0xB5, 0xED, 0xF1, 0xDF, 0x6A, 0xD7, 0x2D, 0xB3,
    0xB3, 0x71, 0xBC, 0xB8, 0x72, 0x5E, 0x0D, 0xCF, 0x31, 0xCB, 0xBE, 0xE7, 0x72, 0x57, 0xBE, 0x7D,
    0x9E, 0x8F, 0x9B, 0xB8, 0xFB, 0xBD, 0x7B, 0xD9, 0xD0, 0x24, 0xA6, 0xE3, 0xDB, 0x4F, 0x5B, 0x1E,
    0x9C, 0x95, 0xA0, 0x64, 0xE5, 0xDD, 0x68, 0x0D, 0x5E, 0xED, 0xE7, 0x81, 0xC7, 0x42, 0xAC, 0x07,
    0xC2, 0xB6, 0xEB, 0x5B, 0x6A, 0xAE, 0xF6, 0x3A, 0xAF, 0xA6, 0xFB, 0xEA, 0xD9, 0xD2, 0xA9, 0x33,
    0x50, 0x6D, 0xB0, 0x7B, 0x77, 0x3B, 0x6E, 0x02, 0xEF, 0xBD, 0xEB, 0xCE, 0xE3, 0x68, 0xDA, 0xEE,
    0xDD, 0xBB, 0xAD, 0x70, 0xE7, 0x5D, 0x03, 0x4D, 0x50, 0x3D, 0xB3, 0xDB, 0x3D, 0x4E, 0xE7, 0x71,
    0x8D, 0x5E, 0x9A, 0x0E, 0xF6, 0xDD, 0x68, 0xAF, 0x81, 0xB7, 0x63, 0x64, 0xC0, 0x8E, 0xDB, 0xAE,
    0xE3, 0xDD, 0x84, 0x8F, 0x59, 0x14, 0x6D, 0xA8, 0xDE, 0xEE, 0x79, 0x65, 0x79, 0x9C, 0xEE, 0xE6,
    0x9D, 0x00, 0xA6, 0xF5, 0xBE, 0xBD, 0xF0, 0x94, 0xD2, 0x09, 0xA0, 0x02, 0x02, 0x64, 0x68, 0x13,
    0x26, 0x93, 0x4C, 0x12, 0x9E, 0xD3, 0x51, 0x3F, 0x53, 0x53, 0xD4, 0x79, 0x4D, 0x1E, 0x50, 0x1F,
    0xAA, 0x7A, 0x8D, 0x07, 0xEA, 0x81, 0xA6, 0x8D, 0x06, 0x8D, 0x00, 0x69, 0x91, 0xA0, 0x06, 0x9A,
    0x02, 0x08, 0x20, 0x82, 0x64, 0xC9, 0xA6, 0xA9, 0xE4, 0xC8, 0x9A, 0x9F, 0xAA, 0x7E, 0xA3, 0x53,
    0xD4, 0x1B, 0x53, 0x3D, 0x50, 0x1A, 0x00, 0x18, 0x4D, 0x00, 0x00, 0x00, 0x7A, 0x9B, 0x48, 0x64,
    0xD3, 0x40, 0x09, 0x05, 0x12, 0x26, 0x98, 0x90, 0x49, 0xEC, 0x4A, 0x7A, 0x7A, 0xA7, 0x9A, 0x51,
    0xEA, 0x3D, 0x4D, 0x0D, 0xA9, 0xA0, 0x31, 0xA4, 0xF5, 0x32, 0x1A, 0x68, 0xF5, 0x34, 0xDE, 0xA8,
    0x03, 0xD4, 0xD0, 0x34, 0x7A, 0x99, 0x00, 0x01, 0xA0, 0x68, 0x01, 0x0A, 0x44, 0x44, 0x68, 0x86,
    0x8D, 0x21, 0xA2, 0x69, 0x4F, 0x32, 0x93, 0xCD, 0x53, 0xF4, 0x98, 0xA6, 0x7A, 0x46, 0x53, 0xC5,
    0x36, 0xA6, 0x9E, 0xA3, 0xD2, 0x7A, 0x6A, 0x7A, 0x80, 0x34, 0xF2, 0x80, 0x68, 0xD0, 0x00, 0x00,
    0x0C, 0x80, 0x22, 0x48, 0x81, 0x32, 0x05, 0x36, 0xA6, 0xA6, 0x8C, 0x49, 0xA9, 0xE1, 0xA9, 0x3D,
    0x46, 0x8F, 0x53, 0xDA, 0xA7, 0xA9, 0xA7, 0xE5, 0x4F, 0x02, 0x4F, 0x08, 0x9E, 0xD1, 0x13, 0xD4,
    0xFD, 0x29, 0xEA, 0x34, 0x7A, 0x27, 0x8A, 0x7A, 0x83, 0x41, 0xEA, 0x34, 0x03, 0x4C, 0xD4, 0x34,
    0x11, 0x24, 0x20, 0x40, 0x8D, 0x01, 0x31, 0x34, 0x26, 0x89, 0xE9, 0xA2, 0x79, 0x49, 0xEA, 0x9E,
    0xC2, 0x06, 0xA8, 0xF4, 0x8D, 0x34, 0x69, 0xEA, 0x07, 0xA8, 0xD0, 0xD0, 0x00, 0x7A, 0x80, 0x0D,
    0x00, 0x0D, 0x01, 0xF4, 0x1F, 0xD5, 0xB5, 0x7E, 0x96, 0xF3, 0xD2, 0x43, 0xEA, 0x62, 0x1F, 0x37,
    0xD4, 0x5F, 0x1A, 0x3C, 0xE6, 0xC6, 0x72, 0x0C, 0x26, 0x68, 0xAE, 0x10, 0x41, 0xF5, 0x3C, 0x30,
    0xF0, 0xF8, 0x3C, 0x17, 0x9A, 0x2E, 0x24, 0x17, 0xEA, 0x42, 0x02, 0x14, 0x67, 0x3B, 0xF0, 0x1B,
    0x2C, 0x42, 0x21, 0xDF, 0x18, 0x90, 0x26, 0xC0, 0x22, 0x48, 0xE2, 0x85, 0x70, 0x10, 0x31, 0x01,
    0x61, 0x10, 0x80, 0x3D, 0x4B, 0x42, 0x84, 0x70, 0x60, 0x94, 0x62, 0x08, 0x81, 0x80, 0x7E, 0x2D,
    0xAF, 0xC6, 0xFB, 0xD3, 0x86, 0xFA, 0x27, 0x9C, 0x6D, 0x3B, 0xFF, 0xD5, 0x78, 0x4F, 0x67, 0xE6,
    0x75, 0xF5, 0xBB, 0x8F, 0x20, 0xAD, 0x95, 0xC5, 0xBF, 0xD5, 0xFE, 0x35, 0x0F, 0x67, 0x3A, 0xFC,
    0x2A, 0x29, 0xBD, 0xF7, 0x40, 0xB9, 0x3D, 0xF7, 0xE7, 0x56, 0x68, 0xC1, 0x65, 0x5F, 0xDB, 0x7B,
    0x17, 0xE5, 0xF1, 0x7F, 0x6A, 0x43, 0x3F, 0xC9, 0xFE, 0xC6, 0xBC, 0xEE, 0x14, 0x72, 0xC6, 0xAB,
    0xFE, 0x0B, 0x41, 0x07, 0x58, 0x04, 0x82, 0xB8, 0x61, 0x2A, 0x66, 0x1F, 0x9D, 0x34, 0xE9, 0xCC,
    0xC3, 0x47, 0x41, 0x7D, 0x66, 0x01, 0x86, 0x64, 0xFA, 0xF0, 0x30, 0x9D, 0x62, 0x17, 0xAA, 0x38,
    0x33, 0xA9, 0x22, 0x1C, 0x9C, 0x0E, 0xF4, 0x9A, 0x98, 0x90, 0xD4, 0x74, 0x82, 0x91, 0xFC, 0xFA,
    0xAE, 0x0F, 0x0D, 0x86, 0x89, 0x4E, 0x78, 0xE8, 0x1E, 0xBE, 0xEE, 0x13, 0x8E, 0x3F, 0xED, 0xB3,
    0x46, 0xED, 0xEB, 0xFA, 0x53, 0xB0, 0xA4, 0x08, 0x96, 0x12, 0x66, 0x4C, 0x90, 0x24, 0x74, 0xA6,
    0x67, 0x40, 0xC8, 0xDD, 0x4F, 0xC1, 0x9C, 0x37, 0xEA, 0x6C, 0xDA, 0x29, 0xBA, 0x27, 0x0D, 0xB5,
    0x19, 0x41, 0xFE, 0x03, 0xC0, 0xA5, 0x4A, 0x2D, 0xD4, 0xFB, 0x5B, 0x6C, 0x8F, 0x42, 0x3D, 0x1B,
    0x6D, 0x52, 0x4B, 0x4A, 0x46, 0x2F, 0x0C, 0x22, 0xB2, 0xCD, 0x15, 0xA1, 0x7E, 0x27, 0x7B, 0x2B,
    0xA6, 0x88, 0x95, 0x62, 0x9E, 0x6C, 0xA7, 0x23, 0x5D, 0xC8, 0x8A, 0x0E, 0x8A, 0xE0, 0xA3, 0xA1,
    0x21, 0xA3, 0x6C, 0xB3, 0x10, 0xDC, 0xC4, 0xDC, 0x7B, 0x07, 0x31, 0xCC, 0x67, 0x87, 0x87, 0x49,
    0xAF, 0x41, 0xDD, 0xF4, 0x82, 0x51, 0xCC, 0x75, 0x11, 0xDC, 0xAA, 0x12, 0x8A, 0xBE, 0xA2, 0xF4,
    0x73, 0xEA, 0x5B, 0x1C, 0xBB, 0x1C, 0x66, 0xCE, 0x39, 0x89, 0x1B, 0xDA, 0xB9, 0x96, 0x21, 0x22,
    0x19, 0x99, 0xE4, 0xDB, 0x61, 0xB1, 0x96, 0x7F, 0xCE, 0xE4, 0xE7, 0x4B, 0x56, 0xBB, 0x13, 0x8C,
    0x86, 0xD2, 0xB4, 0x66, 0xA0, 0xD1, 0x06, 0x13, 0x26, 0xB9, 0xE8, 0x8C, 0xCC, 0xCC, 0xCB, 0x6A,
    0x06, 0xAA, 0xEA, 0x5E, 0x78, 0x67, 0x89, 0x8E, 0x02, 0x95, 0x4A, 0x8F, 0x48, 0x0C, 0x57, 0x8A,
    0x62, 0x03, 0x10, 0xCD, 0x28, 0xF7, 0xF6, 0x05, 0x76, 0xCD, 0xFE, 0xE6, 0xA3, 0xD2, 0x58, 0xF6,
    0x26, 0x99, 0xE3, 0xD9, 0xAA, 0xC6, 0xE6, 0x93, 0xAC, 0x91, 0x52, 0xF1, 0x45, 0xC1, 0xDF, 0x30,
    0xEE, 0x51, 0xF1, 0x2F, 0xFB, 0x6F, 0xE0, 0x58, 0x88, 0xF9, 0xBB, 0xB7, 0xEF, 0x37, 0x8C, 0x20,
    0x06, 0xC2, 0xC4, 0x35, 0x3F, 0x8A, 0x10, 0xD2, 0x49, 0x20, 0xA6, 0x3E, 0x9B, 0x43, 0x73, 0x45,
    0x30, 0xEC, 0x19, 0x92, 0x02, 0xB8, 0x60, 0x47, 0x88, 0xC2, 0x3D, 0xFC, 0x79, 0xA3, 0x5C, 0x0C,
    0x48, 0x79, 0x38, 0xB8, 0x7C, 0xBB, 0x62, 0xA9, 0x73, 0xAA, 0x67, 0x61, 0x65, 0x10, 0xA1, 0x6A,
    0x0B, 0x6A, 0x15, 0x4D, 0x58, 0x3F, 0xF2, 0x8D, 0xDC, 0x32, 0x19, 0x0C, 0x08, 0x6F, 0x28, 0x55,
    0x7F, 0x3A, 0x3C, 0xC1, 0x06, 0xB3, 0xA5, 0xF8, 0x76, 0x46, 0xDC, 0x16, 0x5C, 0x14, 0x52, 0xC7,
    0xAE, 0x73, 0x10, 0x54, 0xC2, 0x7D, 0x0B, 0xCB, 0x07, 0x0A, 0xAB, 0x01, 0x67, 0x0D, 0xE7, 0x8E,
    0xCD, 0x66, 0xCC, 0x0D, 0x87, 0x6F, 0x11, 0xEA, 0x9F, 0x53, 0x0A, 0x4B, 0xDE, 0x59, 0xBB, 0x26,
    0x93, 0x8E, 0xE9, 0x38, 0xD2, 0x46, 0xB0, 0xC0, 0x3A, 0xD3, 0x6A, 0x5A, 0x63, 0xA2, 0x80, 0x4F,
    0x07, 0xBE, 0x00, 0xE8, 0x49, 0x9B, 0xCF, 0x86, 0x94, 0x56, 0x8D, 0x70, 0xE0, 0x04, 0xC6, 0xEF,
    0x36, 0x22, 0x85, 0xB1, 0xC2, 0x88, 0x2A, 0xAA, 0x41, 0xF7, 0xB1, 0x62, 0xAA, 0x57, 0x44, 0xFC,
    0x33, 0xC9, 0xAD, 0xA2, 0x01, 0x22, 0xE1, 0x0A, 0x0E, 0xD8, 0x43, 0xB9, 0xC4, 0x42, 0x72, 0x1F,
    0xB4, 0x3C, 0xF2, 0xBF, 0x0A, 0xF3, 0xD8, 0xE4, 0x94, 0x9E, 0xC1, 0xEB, 0x83, 0xDA, 0xAC, 0x9A,
    0x8F, 0x2F, 0xA7, 0x9E, 0x6D, 0x1E, 0xD0, 0x75, 0x2A, 0x40, 0x62, 0x9C, 0x63, 0x5E, 0x8C, 0x8A,
    0x90, 0x4A, 0x21, 0x32, 0x58, 0xB0, 0x82, 0xA9, 0x5C, 0x79, 0x5F, 0x8F, 0x9F, 0x4C, 0xC4, 0x37,
    0x9B, 0xE5, 0x5C, 0x7C, 0xB8, 0xEA, 0xB6, 0xD7, 0x8C, 0x4C, 0x6A, 0x57, 0xDF, 0x5C, 0xD4, 0xB7,
    0xCC, 0x5E, 0x5B, 0x0B, 0x12, 0xB6, 0x5D, 0xD8, 0xD8, 0x3F, 0xFA, 0x2C, 0x1E, 0x3B, 0xB4, 0xEB,
    0xB3, 0x8F, 0x2E, 0x5A, 0x33, 0x78, 0x9C, 0x89, 0xEA, 0xED, 0x7E, 0xD8, 0xC1, 0xEE, 0xC6, 0x70,
    0xE3, 0x3D, 0x7F, 0x74, 0x84, 0xEE, 0x23, 0x88, 0xF1, 0xD9, 0x29, 0xFA, 0xE7, 0xB8, 0x78, 0x1B,
    0x65, 0xFA, 0x9C, 0x17, 0xAB, 0x63, 0xAD, 0xE1, 0x15, 0xB3, 0xD7, 0x25, 0x3C, 0xC7, 0x42, 0x07,
    0xF6, 0x00, 0x07, 0xED, 0x80, 0x7D, 0xEC, 0x56, 0x20, 0x7C, 0xA8, 0x40, 0x0A, 0x55, 0x11, 0x4D,
    0x15, 0xD8, 0x39, 0xB4, 0xAA, 0xBD, 0xD5, 0xC6, 0xCA, 0x82, 0x53, 0x05, 0x75, 0x69, 0xA8, 0x11,
    0x09, 0x81, 0x85, 0x25, 0x14, 0xE1, 0xE5, 0x81, 0x80, 0x51, 0xF4, 0x32, 0x6C, 0xDC, 0xE1, 0x0C,
    0xAF, 0x88, 0xFD, 0xBC, 0x0D, 0x11, 0x41, 0xF1, 0x0E, 0x8C, 0xD2, 0x61, 0x88, 0xB8, 0x4F, 0x59,
    0x8D, 0x36, 0xF4, 0xB8, 0xD7, 0x91, 0xE0, 0x0A, 0x76, 0x50, 0x96, 0x0E, 0xD6, 0x04, 0x13, 0x42,
    0xF0, 0x80, 0x29, 0x00, 0x50, 0x2D, 0xE4, 0x88, 0xC0, 0x27, 0x33, 0xFB, 0x0C, 0x85, 0x1A, 0x50,
    0x93, 0x68, 0x4D, 0x2B, 0x50, 0x4A, 0x10, 0x48, 0x4C, 0x23, 0x42, 0xAC, 0x4A, 0xA8, 0x77, 0x87,
    0x3B, 0xD9, 0x88, 0x85, 0x2B, 0x78, 0x32, 0x4C, 0x05, 0x18, 0x24, 0x91, 0x58, 0x00, 0x8E, 0x46,
    0x8C, 0x3E, 0x58, 0xB6, 0x9C, 0xD9, 0xA6, 0xBE, 0xD6, 0x0C, 0x3B, 0x8E, 0x58, 0xAF, 0x3D, 0x08,
    0x10, 0xA5, 0x45, 0x27, 0x58, 0x13, 0x2F, 0xF6, 0x1E, 0xF4, 0xF0, 0x6D, 0xB0, 0x80, 0x20, 0xFB,
    0x04, 0x41, 0xA5, 0xCA, 0x8A, 0xAF, 0xE4, 0xAE, 0x07, 0x5E, 0xAD, 0x43, 0xC7, 0x14, 0x04, 0x83,
    0xA2, 0xC8, 0x4D, 0x3C, 0x7E, 0x31, 0xA5, 0xF9, 0x73, 0xAB, 0xA6, 0xF8, 0x0C, 0x9C, 0x53, 0x50,
    0xC9, 0x01, 0xA7, 0x65, 0x08, 0xFE, 0xFD, 0x2F, 0xA7, 0xFD, 0x7E, 0xEF, 0x7C, 0xA5, 0x66, 0x89,
    0x9F, 0xD3, 0xE9, 0xE3, 0xED, 0xD0, 0xC6, 0xA0, 0xF6, 0x1B, 0xC7, 0x0E, 0x93, 0x5F, 0x70, 0xD7,
    0x75, 0x8C, 0x16, 0x9D, 0x72, 0x49, 0xAD, 0x50, 0x25, 0x6C, 0x00, 0xF9, 0xE2, 0xD1, 0x7B, 0x3D,
    0x94, 0x32, 0x2F, 0x86, 0x9E, 0x43, 0x41, 0x7B, 0xD1, 0x1F, 0x1D, 0x34, 0xD8, 0x29, 0x67, 0x6F,
    0x3B, 0xEB, 0xCA, 0x1B, 0x74, 0x6D, 0x9A, 0xCD, 0xB7, 0xE3, 0x6B, 0x17, 0x0F, 0x5E, 0xD9, 0x24,
    0xC5, 0xB0, 0xA3, 0x37, 0x6E, 0x30, 0x26, 0x26, 0xD3, 0xD3, 0xCC, 0xDA, 0xD5, 0x09, 0x47, 0x09,
    0x46, 0x84, 0x04, 0x79, 0x1E, 0x1A, 0xC3, 0xCC, 0x22, 0xFC, 0x5F, 0xDB, 0xEB, 0x5F, 0x57, 0x21,
    0xF1, 0x1B, 0xF3, 0x4C, 0xA3, 0x73, 0xDB, 0xD5, 0x3E, 0xF7, 0x55, 0xB0, 0xF1, 0x63, 0xE2, 0x51,
    0x84, 0x5E, 0xBF, 0xF5, 0xBC, 0x96, 0x85, 0xBB, 0x8D, 0x64, 0x6F, 0xC4, 0x79, 0x23, 0x56, 0xFA,
    0x30, 0x30, 0x12, 0x5E, 0x96, 0x07, 0x35, 0xB6, 0x3D, 0x9F, 0x23, 0xB7, 0x18, 0x1F, 0x4B, 0x05,
    0xD3, 0x3A, 0xCF, 0x85, 0x83, 0xAF, 0xE4, 0x3E, 0xD7, 0x19, 0x5F, 0xD3, 0x43, 0xB8, 0xF3, 0x58,
    0xCE, 0x78, 0x76, 0x6E, 0x9F, 0x73, 0xF9, 0x78, 0x78, 0x5B, 0xDD, 0xD7, 0x96, 0xB8, 0xD0, 0x05,
    0xB6, 0xF6, 0x47, 0xDA, 0x41, 0x1F, 0x01, 0xA8, 0x8E, 0xDE, 0x43, 0x94, 0x55, 0x4D, 0xA1, 0x17,
    0x38, 0x71, 0x32, 0x48, 0x04, 0x8F, 0x46, 0x6A, 0x46, 0xB3, 0x75, 0xF1, 0xF9, 0x38, 0xCA, 0xCB,
    0xC9, 0x67, 0x5D, 0xED, 0x7C, 0xCC, 0x59, 0x5B, 0x7E, 0x67, 0x8D, 0x6D, 0x31, 0x8E, 0x5D, 0xEF,
    0xE6, 0x9D, 0xD3, 0xAD, 0x4B, 0x7F, 0x60, 0xD8, 0x6A, 0x36, 0x6C, 0xAD, 0xB3, 0xD9, 0x54, 0xE7,
    0xA5, 0x0D, 0x96, 0xAF, 0x5C, 0x59, 0xE1, 0xDB, 0x06, 0xCB, 0xEF, 0x39, 0x45, 0x4B, 0xAE, 0x6C,
    0x5E, 0x5E, 0xAE, 0x6D, 0xB4, 0xA4, 0xCA, 0x5E, 0xF9, 0xA3, 0x9A, 0x18, 0xDA, 0x3C, 0xAA, 0x28,
    0x3C, 0x19, 0xAB, 0xEF, 0xF3, 0x74, 0x9B, 0x16, 0xFD, 0x53, 0x86, 0xF1, 0xB0, 0x86, 0xA4, 0x05,
    0x67, 0x7A, 0x0B, 0x11, 0x8A, 0x8A, 0x68, 0x10, 0x00, 0xCA, 0xA9, 0x5B, 0xD2, 0x38, 0x8E, 0xEB,
    0x8D, 0x0C, 0x1E, 0x85, 0xD6, 0x7B, 0x58, 0x50, 0x53, 0xA0, 0x71, 0xED, 0xB8, 0x89, 0x77, 0x4F,
    0x83, 0x0F, 0x24, 0x2D, 0xA8, 0x2A, 0x5D, 0x0E, 0xF0, 0xE4, 0x4B, 0xDD, 0x1B, 0x60, 0xEC, 0x1C,
    0x6A, 0x2C, 0x00, 0xDF, 0xB5, 0x85, 0x11, 0x73, 0x5E, 0xA5, 0x2A, 0xFE, 0x79, 0x36, 0xC1, 0x56,
    0x2C, 0x65, 0x76, 0xC4, 0x0D, 0x2D, 0xF4, 0xFC, 0xAB, 0xE0, 0x6A, 0x30, 0xB8, 0xC5, 0xEA, 0x87,
    0x71, 0x4F, 0x02, 0xC1, 0x4A, 0x08, 0x7F, 0x50, 0xD7, 0x90, 0x2A, 0xC6, 0xBF, 0x80, 0x6A, 0xC2,
    0x41, 0x48, 0xB8, 0x24, 0x91, 0x2D, 0xCB, 0x28, 0x53, 0x52, 0x78, 0xB5, 0xC2, 0xF0, 0x80, 0x5A,
    0x07, 0x8C, 0xBC, 0xCF, 0x2B, 0x6D, 0x32, 0x30, 0x6D, 0x1C, 0x0D, 0x82, 0x97, 0x3C, 0x70, 0x97,
    0x2E, 0x62, 0x27, 0x60, 0x7E, 0x0B, 0x51, 0x45, 0x8B, 0xB8, 0x55, 0x70, 0xF6, 0x0E, 0xC5, 0xEA,
    0x09, 0xEF, 0x13, 0x5B, 0xDE, 0x9D, 0xA0, 0x25, 0x6F, 0x13, 0x60, 0xDE, 0xAF, 0x05, 0x0C, 0x83,
    0x99, 0x0F, 0x40, 0xDC, 0x78, 0x69, 0xF5, 0x6F, 0xD1, 0x6F, 0xD3, 0x99, 0x99, 0x99, 0x99, 0x93,
    0x62, 0x30, 0xB4, 0xA5, 0x23, 0x76, 0x0C, 0x41, 0x3C, 0xCB, 0x80, 0x4C, 0x26, 0x81, 0x3D, 0x2F,
    0xEF, 0x03, 0x84, 0xEB, 0x75, 0x79, 0x1E, 0x65, 0x5B, 0x82, 0x2A, 0x17, 0x06, 0x01, 0x26, 0x49,
    0x39, 0x8D, 0xF1, 0xEE, 0xEF, 0x68, 0xB7, 0x84, 0xAB, 0x41, 0xEC, 0xB5, 0xBD, 0x3D, 0x2E, 0x59,
    0x15, 0x82, 0xC7, 0xD8, 0xFD, 0xFE, 0xA1, 0x1B, 0x90, 0x74, 0x85, 0x41, 0x5D, 0x0F, 0x6D, 0xAD,
    0x72, 0xA9, 0xD1, 0x26, 0xD0, 0x85, 0x8D, 0x73, 0xB5, 0xFB, 0x7E, 0xE6, 0x08, 0x73, 0x80, 0xEF,
    0x3E, 0xE7, 0xD8, 0xD3, 0x11, 0x56, 0x2C, 0x5B, 0xA4, 0x1F, 0x67, 0x40, 0xF9, 0x1F, 0x1A, 0xD6,
    0x22, 0x9B, 0x94, 0xC8, 0x4F, 0xAA, 0xC8, 0x15, 0xC6, 0x02, 0x74, 0x89, 0x63, 0x5C, 0xE1, 0xAC,
    0xB4, 0xD7, 0xA5, 0x8C, 0xF3, 0x5F, 0x86, 0x39, 0x22, 0x5A, 0x61, 0xEC, 0xF7, 0xF9, 0xC2, 0x32,
    0xEF, 0x9F, 0x0A, 0x8D, 0x28, 0x5E, 0x78, 0x62, 0x70, 0x64, 0x95, 0xCA, 0xE4, 0x3C, 0xF0, 0x6E,
    0x5E, 0xFC, 0x7E, 0x2E, 0x7E, 0x38, 0xF0, 0x91, 0xF2, 0x40, 0xD6, 0x56, 0xD7, 0x2B, 0xA6, 0xF2,
    0xE6, 0x19, 0xA1, 0x20, 0xC7, 0x48, 0x42, 0xAE, 0x3D, 0x15, 0xCD, 0xC1, 0x8E, 0xB1, 0x1C, 0x05,
    0xC5, 0xA3, 0xE1, 0xB3, 0x23, 0xBF, 0x43, 0x0F, 0x43, 0x3D, 0x3B, 0x06, 0xCE, 0xBA, 0x75, 0x08,
    0xEA, 0xB0, 0xCD, 0x8D, 0xDD, 0x6E, 0xA0, 0x80, 0x88, 0xAC, 0xA0, 0x4E, 0x26, 0x47, 0x99, 0x77,
    0xC2, 0x5E, 0xF6, 0x0C, 0x5C, 0xD1, 0x08, 0xBA, 0xB2, 0xB0, 0x72, 0xE5, 0xDB, 0x0E, 0x43, 0x81,
    0x0C, 0xB0, 0xEA, 0x4C, 0x5A, 0xD7, 0x7B, 0xD7, 0x3D, 0x69, 0x03, 0xEC, 0x25, 0xF1, 0x01, 0x8D,
    0x1C, 0x4E, 0x0D, 0x17, 0xE3, 0xAB, 0x0B, 0x70, 0x5F, 0xA3, 0xF9, 0x4E, 0x9B, 0xC7, 0x7E, 0x9A,
    0x42, 0xEF, 0x25, 0x30, 0x12, 0xE7, 0xB1, 0xCE, 0x87, 0x1C, 0x53, 0xAF, 0x2D, 0xCB, 0x86, 0x2F,
    0x3D, 0x9A, 0xED, 0x29, 0x75, 0x2C, 0x9D, 0x5A, 0x10, 0xC4, 0x56, 0x44, 0xD4, 0xCF, 0x4A, 0x84,
    0x61, 0xB9, 0xF6, 0xB0, 0xF3, 0x33, 0xBD, 0x41, 0x9F, 0x27, 0x36, 0x2D, 0xD0, 0x96, 0x1C, 0xA9,
    0xE5, 0x50, 0xBE, 0x0A, 0x71, 0xE3, 0xC6, 0x93, 0x24, 0x50, 0x6C, 0x03, 0x27, 0xB2, 0x47, 0xDD,
    0xE4, 0xE7, 0x19, 0x40, 0xD5, 0x32, 0x80, 0xB0, 0x01, 0xC9, 0x11, 0xA9, 0xF3, 0x2C, 0x33, 0xA4,
    0x11, 0x56, 0x43, 0xF5, 0x8D, 0xD6, 0xC1, 0x62, 0x9B, 0xEA, 0xEA, 0x57, 0x17, 0xBB, 0x5F, 0x03,
    0xBC, 0x1B, 0x4A, 0x30, 0x10, 0xB4, 0xCC, 0x9F, 0x6F, 0xED, 0xFC, 0xD8, 0x1E, 0x1B, 0x0E, 0x1A,
    0xE9, 0x7E, 0x33, 0x34, 0x0B, 0xB8, 0x1D, 0xD5, 0xBB, 0xB2, 0x97, 0x4F, 0x62, 0x29, 0x32, 0x22,
    0xDD, 0x3A, 0xDC, 0xB7, 0x4A, 0x64, 0x5A, 0x0A, 0xDB, 0xDB, 0x66, 0x38, 0xF6, 0xDF, 0xE9, 0xDB,
    0x41, 0x5B, 0xE3, 0x38, 0x0F, 0x3A, 0x60, 0x6B, 0xEA, 0x09, 0xEE, 0x14, 0x83, 0x82, 0x1B, 0x01,
    0x70, 0x6C, 0xE9, 0x86, 0x16, 0x60, 0x74, 0xFB, 0xB4, 0x2D, 0x56, 0xD1, 0xD1, 0x94, 0x1A, 0xB6,
    0x8C, 0x3F, 0xAF, 0x7C, 0xE1, 0x30, 0x34, 0xE9, 0xDB, 0x66, 0x94, 0xE1, 0xDA, 0xC4, 0xFA, 0xB7,
    0xD3, 0x95, 0x66, 0xAC, 0xB4, 0x32, 0x5D, 0xF2, 0x87, 0x79, 0x2F, 0x58, 0xE9, 0x16, 0xA5, 0xB5,
    0x83, 0xAB, 0x0B, 0x02, 0x15, 0x8F, 0x28, 0x09, 0xCA, 0x21, 0x5E, 0xF5, 0x2A, 0x02, 0x4A, 0x33,
    0x91, 0x34, 0xA2, 0x3B, 0xDE, 0xD5, 0x1D, 0x0F, 0x65, 0x0A, 0xDD, 0x97, 0x8D, 0x7B, 0x04, 0x70,
    0xCC, 0xB6, 0x9E, 0xC1, 0xBE, 0x8A, 0xE8, 0x37, 0xD9, 0x00, 0x44, 0xD1, 0x7A, 0x56, 0x76, 0xC0,
    0x0C, 0x57, 0x1E, 0x35, 0xF4, 0xDF, 0x1A, 0x13, 0x17, 0x83, 0x93, 0xF0, 0xB1, 0xE7, 0x96, 0xDB,
    0xF0, 0x69, 0x4B, 0x8F, 0x39, 0x0D, 0xDB, 0xA7, 0x82, 0x0A, 0x22, 0x1B, 0x42, 0xB7, 0xA8, 0xD6,
    0xD3, 0x68, 0xA2, 0x52, 0x4C, 0xF9, 0x1D, 0x01, 0xC3, 0xA1, 0x37, 0x26, 0xB9, 0xF4, 0x6A, 0xEC,
    0xBB, 0x27, 0x7F, 0xFC, 0x73, 0xE5, 0xAE, 0x31, 0xC7, 0xBA, 0x6E, 0xEE, 0x34, 0xDD, 0x0E, 0x91,
    0x87, 0x4F, 0x26, 0x5A, 0x5C, 0x5A, 0x43, 0xC0, 0xE8, 0x32, 0xBD, 0xAA, 0x1D, 0xE2, 0x9D, 0x2E,
    0x59, 0xC2, 0xB8, 0xF7, 0x04, 0x3E, 0x8F, 0x58, 0x43, 0x8E, 0xE9, 0xDC, 0x0D, 0x4E, 0x1A, 0x15,
    0x65, 0x4B, 0xA8, 0xB1, 0x70, 0x46, 0x04, 0x9A, 0xF2, 0x8A, 0x16, 0x6B, 0x06, 0xF8, 0x98, 0xBD,
    0x32, 0x6B, 0x3A, 0xBA, 0xB9, 0xAA, 0x8A, 0xD6, 0x43, 0x36, 0x7C, 0xFD, 0x23, 0xBF, 0xDD, 0xE9,
    0x9E, 0x29, 0xC7, 0x20, 0xB5, 0xE9, 0x44, 0x32, 0xB0, 0xF0, 0x56, 0xE4, 0x56, 0x70, 0xAD, 0x55,
    0x48, 0xF4, 0x1B, 0x5F, 0x1B, 0xD3, 0x05, 0x9E, 0x79, 0xCB, 0x0F, 0x8D, 0x24, 0x84, 0x98, 0x48,
    0x45, 0x70, 0x7B, 0x2C, 0xB9, 0x86, 0x84, 0x30, 0x12, 0x72, 0x1A, 0xC2, 0xEC, 0x6B, 0xE8, 0x1A,
    0x94, 0xA9, 0x76, 0x69, 0x03, 0x2A, 0xEE, 0x6B, 0x5A, 0xC6, 0x40, 0x92, 0x12, 0x78, 0x4A, 0xEA,
    0xE5, 0x7A, 0x18, 0xBF, 0x09, 0xB7, 0x99, 0x06, 0x8D, 0x2E, 0x35, 0xED, 0xD8, 0xED, 0xA7, 0x9E,
    0xEE, 0x38, 0x39, 0x6E, 0xAC, 0x8E, 0xAA, 0xE2, 0x3C, 0x20, 0x66, 0xB5, 0xE4, 0xF7, 0xAB, 0x06,
    0xB1, 0xF2, 0x61, 0x87, 0xCA, 0xEE, 0xF8, 0x72, 0xCD, 0x61, 0x66, 0x26, 0x78, 0x35, 0xC3, 0x60,
    0x70, 0x97, 0x5D, 0xC6, 0x94, 0xBD, 0xF3, 0x9A, 0xCA, 0x6A, 0x67, 0x7E, 0x32, 0x05, 0xCA, 0xC5,
    0xC3, 0x36, 0x6E, 0x87, 0x0A, 0x60, 0x17, 0x95, 0x13, 0x4E, 0x92, 0x49, 0xBC, 0x98, 0xBC, 0x53,
    0xCE, 0xA1, 0x19, 0x44, 0xD8, 0x18, 0x8E, 0x95, 0x58, 0xC2, 0x19, 0x40, 0x87, 0x91, 0xDF, 0x12,
    0xA9, 0x0F, 0x3A, 0xBA, 0x2F, 0x49, 0x1D, 0x05, 0xED, 0x1E, 0xD8, 0x11, 0x37, 0x9B, 0xAD, 0x12,
    0x01, 0x31, 0xB4, 0x3D, 0x61, 0xA2, 0x59, 0x4D, 0x30, 0xE9, 0xEA, 0x98, 0x79, 0xEB, 0xBB, 0x5E,
    0x20, 0x2A, 0xAE, 0x3C, 0xAC, 0x41, 0x14, 0xAA, 0xF5, 0xB7, 0xA3, 0xB2, 0x33, 0xCB, 0xD5, 0xEF,
    0x65, 0x36, 0x17, 0x23, 0x6D, 0x9A, 0xF0, 0x75, 0x9C, 0xAC, 0xF1, 0x3F, 0x63, 0xB6, 0xAA, 0xC9,
    0x49, 0x03, 0xD2, 0x92, 0x45, 0x9E, 0x44, 0x62, 0xD8, 0x57, 0xD8, 0xA7, 0x8B, 0xB8, 0xA7, 0xDD,
    0x0B, 0x2F, 0x6D, 0x8B, 0x33, 0x67, 0x69, 0x93, 0x70, 0xBF, 0x3B, 0xF5, 0xF3, 0xDE, 0xDB, 0x3D,
    0x98, 0xC2, 0x2E, 0xE1, 0x24, 0xBC, 0x16, 0xC5, 0x0F, 0x02, 0x4D, 0x7F, 0x8D, 0xC8, 0xA8, 0x21,
    0xBA, 0x94, 0x1A, 0xF6, 0x67, 0x07, 0x94, 0x86, 0x18, 0xE9, 0xE9, 0x76, 0x02, 0x08, 0x02, 0x37,
    0x62, 0x2E, 0x98, 0x17, 0x28, 0xBF, 0xC4, 0xCF, 0x3B, 0x6D, 0x97, 0x0A, 0x3D, 0x21, 0x11, 0x42,
    0x72, 0xAA, 0x02, 0x9B, 0x3C, 0xEA, 0xAB, 0x30, 0x37, 0x4A, 0x79, 0x3F, 0x14, 0x95, 0x35, 0x83,
    0x8D, 0x2E, 0x08, 0xBD, 0xED, 0x2D, 0x22, 0x96, 0x4C, 0x05, 0xA2, 0x60, 0x52, 0xD4, 0xF6, 0x6A,
    0x1B, 0xD5, 0x50, 0xDD, 0x02, 0x6C, 0xCB, 0x86, 0x56, 0xE3, 0x18, 0x2F, 0x83, 0x54, 0xC1, 0x89,
    0x48, 0x95, 0xB7, 0x8B, 0xC7, 0x1E, 0x87, 0x61, 0xE5, 0x55, 0xE1, 0x70, 0xDC, 0x60, 0xC1, 0xB4,
    0xCE, 0x66, 0xFC, 0x16, 0xAD, 0x91, 0x0E, 0xB0, 0xD4, 0x56, 0xD0, 0x08, 0xA2, 0xA1, 0x5C, 0xB8,
    0x60, 0xF9, 0xEE, 0x85, 0x95, 0x3D, 0xCE, 0xBB, 0x6A, 0x42, 0x36, 0x3F, 0x57, 0x75, 0x2B, 0xAB,
    0x1A, 0x78, 0x96, 0x4C, 0xDA, 0x5F, 0xAE, 0x04, 0x70, 0x45, 0x7C, 0xA5, 0x0F, 0xEE, 0x7E, 0x7B,
    0x62, 0x96, 0x6E, 0xA9, 0xD1, 0xCC, 0xB7, 0x0E, 0x4F, 0x2A, 0x8E, 0x7C, 0x5C, 0x69, 0xED, 0x21,
    0x38, 0x46, 0xB5, 0x6D, 0x2C, 0xDE, 0x8A, 0xBC, 0xE6, 0xA5, 0x61, 0x1F, 0xCC, 0x39, 0x3F, 0xC1,
    0xD5, 0xE3, 0x70, 0x1C, 0x1E, 0x8D, 0x84, 0x77, 0x23, 0x05, 0x71, 0x82, 0x88, 0x36, 0xE7, 0x41,
    0x85, 0x4A, 0x43, 0x78, 0xFC, 0x84, 0x1E, 0x69, 0xD6, 0x6D, 0x82, 0x90, 0x59, 0x3B, 0x48, 0xEA,
    0xD8, 0xA1, 0xB8, 0x66, 0xD9, 0x95, 0xAE, 0xF0, 0xFD, 0xDD, 0x9D, 0x94, 0x13, 0x4A, 0xEB, 0x66,
    0xD3, 0xBB, 0x48, 0xBA, 0xB5, 0x9C, 0x03, 0x13, 0x5A, 0xDB, 0x35, 0x49, 0x37, 0x60, 0x6D, 0x88,
    0x00, 0xC8, 0xA1, 0x55, 0x51, 0x22, 0x22, 0x45, 0x4D, 0x8B, 0x29, 0x8B, 0x29, 0x1C, 0x41, 0xB2,
    0xEC, 0xB7, 0xBD, 0x4F, 0x18, 0x09, 0x7C, 0x2A, 0xD6, 0x7B, 0x29, 0x75, 0x0A, 0xEA, 0x10, 0x56,
    0x8C, 0x78, 0x2E, 0x43, 0x69, 0x5C, 0x21, 0xEE, 0xF3, 0x64, 0x69, 0x8E, 0x11, 0x3A, 0x97, 0xCD,
    0xCF, 0x0C, 0xC8, 0x5E, 0xC8, 0xF4, 0x8F, 0x72, 0x5E, 0xB5, 0xDF, 0x90, 0xE3, 0xA7, 0x6B, 0x92,
    0x39, 0x57, 0x25, 0xB3, 0x26, 0xC5, 0x82, 0xF8, 0x96, 0x2D, 0xD0, 0xAA, 0x19, 0x22, 0xA5, 0x62,
    0x86, 0x42, 0xBA, 0x79, 0x5E, 0x1E, 0x4C, 0x35, 0x31, 0x1A, 0x8E, 0x6B, 0x8D, 0x4B, 0x5A, 0xC6,
    0x18, 0x14, 0x6B, 0xF5, 0x5E, 0x59, 0x1A, 0x76, 0x8E, 0xCC, 0x20, 0x4C, 0x81, 0x30, 0x81, 0xAC,
    0x39, 0x87, 0x00, 0xC2, 0x0C, 0x11, 0x26, 0x71, 0xED, 0xCF, 0x3B, 0x34, 0xC4, 0x6C, 0x98, 0xD7,
    0xAE, 0xC9, 0xA2, 0xE8, 0xB8, 0xCF, 0xC0, 0xC3, 0xCE, 0x9E, 0x7A, 0x0D, 0x1F, 0x07, 0x01, 0xD5,
    0xC3, 0xA6, 0x5F, 0x51, 0xC4, 0x92, 0x9D, 0x0F, 0x5D, 0xF5, 0x18, 0xDF, 0xA2, 0xB3, 0x94, 0x56,
    0x83, 0x20, 0x74, 0xA7, 0x20, 0xA9, 0x03, 0x9C, 0xDE, 0x81, 0xFA, 0x22, 0x32, 0xCB, 0x5B, 0xED,
    0xD8, 0x3A, 0xC3, 0xC6, 0x8B, 0xA1, 0xFB, 0x9E, 0x21, 0xF8, 0x3E, 0x99, 0x5E, 0x25, 0x9A, 0xF9,
    0x67, 0x99, 0xD2, 0x69, 0xBD, 0x72, 0xC7, 0x9F, 0x72, 0x8B, 0x01, 0xEC, 0xA5, 0xE1, 0xB1, 0x01,
    0xB8, 0x5D, 0xB7, 0x50, 0xD6, 0x8A, 0xAE, 0x96, 0xD7, 0x45, 0x66, 0x10, 0x84, 0xC5, 0x55, 0x55,
    0xEB, 0x8F, 0x97, 0xDA, 0xF7, 0x6C, 0xE6, 0xC9, 0xB9, 0x60, 0xDC, 0x39, 0x46, 0x9C, 0xF5, 0xB0,
    0xF8, 0xC2, 0x42, 0xDB, 0x19, 0xC6, 0xA1, 0x0D, 0x9A, 0x61, 0x6E, 0x76, 0x43, 0xBB, 0x53, 0x3B,
    0x08, 0xC8, 0x91, 0x69, 0x07, 0xBD, 0x3A, 0x2A, 0x77, 0x82, 0x32, 0xC9, 0xCC, 0xCC, 0xCC, 0xE9,
    0xAC, 0x6B, 0x98, 0xC9, 0xA6, 0x9E, 0x4C, 0xC7, 0xE4, 0xCC, 0x69, 0xE6, 0x69, 0x72, 0x1F, 0x33,
    0x89, 0xB1, 0x0B, 0xDF, 0x10, 0xA9, 0x50, 0xB5, 0xFD, 0x90, 0xB0, 0xE2, 0x14, 0x64, 0x65, 0x7B,
    0xB2, 0x37, 0x23, 0x07, 0x93, 0xC9, 0xE4, 0xD3, 0x4D, 0x36, 0x1B, 0x36, 0x6C, 0xD3, 0x4D, 0x38,
    0xC0, 0xEF, 0x5D, 0x8A, 0x29, 0x2A, 0x89, 0xC0, 0xD2, 0xE9, 0x08, 0xC0, 0xA1, 0x42, 0x86, 0xE9,
    0x48, 0x91, 0x22, 0x46, 0x64, 0x11, 0x04, 0x42, 0xC9, 0x89, 0x09, 0x09, 0x09, 0x09, 0x09, 0x04,
    0x84, 0x84, 0x81, 0x21, 0x20, 0x1C, 0x9E, 0xAC, 0xDB, 0x13, 0x03, 0x53, 0x4D, 0x2D, 0x82, 0xB7,
    0x34, 0x5D, 0x6C, 0x58, 0xAA, 0x1C, 0x77, 0xA8, 0xA8, 0xA8, 0xA8, 0x77, 0x7F, 0x64, 0x98, 0x28,
    0x95, 0x8E, 0x32, 0x55, 0x09, 0x9F, 0x6F, 0xA5, 0xD6, 0x67, 0xA6, 0x4D, 0x8A, 0x31, 0x4D, 0xD5,
    0xD7, 0x9E, 0x8C, 0x9C, 0x83, 0x5E, 0x8F, 0x47, 0xA3, 0x69, 0xDA, 0x13, 0x99, 0xF9, 0x64, 0x3A,
    0xC9, 0x49, 0x49, 0x49, 0x49, 0xE7, 0x0F, 0xAC, 0xD6, 0x19, 0x98, 0x19, 0x54, 0xAF, 0xD5, 0x3E,
    0x0B, 0xCC, 0x0F, 0x66, 0x8C, 0xDE, 0xAE, 0x2A, 0xD3, 0xD7, 0x05, 0xF9, 0x2C, 0x85, 0x5C, 0x82,
    0xD2, 0x15, 0xC8, 0xE4, 0x72, 0x39, 0x1C, 0x30, 0x0F, 0x08, 0x48, 0xE6, 0x65, 0x0C, 0xA1, 0x95,
    0xEE, 0x62, 0x25, 0xA9, 0x05, 0x34, 0x32, 0x49, 0x24, 0x85, 0x29, 0x4A, 0x5B, 0x6D, 0xB6, 0x49,
    0x4B, 0x6C, 0x8D, 0xCA, 0x5A, 0xD6, 0x94, 0x04, 0x5A, 0x5B, 0x2D, 0x14, 0x51, 0xDB, 0x6E, 0x86,
    0xC0, 0x9C, 0xB2, 0x73, 0x86, 0xB5, 0x4F, 0x2D, 0xD8, 0xAB, 0xCF, 0xB1, 0x05, 0x38, 0xA9, 0x26,
    0x2A, 0xAB, 0xA9, 0x31, 0xF1, 0xE6, 0x43, 0xFC, 0x78, 0x13, 0x6C, 0xAF, 0x4F, 0x93, 0x51, 0x54,
    0xBC, 0x4D, 0xBB, 0x9D, 0xA4, 0xF0, 0x97, 0x45, 0x7C, 0x43, 0x05, 0xD7, 0xEF, 0x28, 0x7E, 0xAD,
    0xBD, 0xD0, 0x89, 0x12, 0x10, 0xC2, 0x14, 0xA8, 0x34, 0x28, 0xD2, 0x35, 0x12, 0x87, 0xF3, 0xEA,
    0x00, 0x28, 0x28, 0x28, 0x29, 0x28, 0x5C, 0x80, 0x49, 0x12, 0x08, 0x02, 0x09, 0x50, 0x96, 0x11,
    0x84, 0x84, 0x20, 0x84, 0x49, 0x64, 0x6F, 0xF3, 0x02, 0x4B, 0xFE, 0x9F, 0x9F, 0x05, 0x7D, 0x01,
    0xDC, 0x52, 0x7F, 0x6D, 0x80, 0x7D, 0x05, 0xAE, 0xC0, 0xF2, 0x1E, 0x21, 0xD9, 0x66, 0x75, 0xB5,
    0xEA, 0x3B, 0xF4, 0x33, 0x66, 0x8F, 0xB1, 0xD8, 0xD8, 0x08, 0x7D, 0x91, 0x9F, 0x4D, 0x8D, 0x03,
    0x3A, 0xCA, 0x47, 0x61, 0x8B, 0x15, 0x6B, 0xC5, 0x40, 0x20, 0x07, 0xDA, 0xD8, 0x6F, 0xE7, 0xE7,
    0xDF, 0x51, 0x59, 0x43, 0x16, 0x69, 0xC3, 0xC4, 0x3B, 0x2C, 0x2A, 0xAB, 0x4B, 0xA8, 0x3D, 0xFC,
    0x06, 0x38, 0x88, 0x20, 0xA2, 0x42, 0x85, 0xB2, 0x37, 0x7B, 0x7C, 0xB0, 0xF1, 0xB2, 0x99, 0x0C,
    0x11, 0xB8, 0x35, 0xB5, 0xA9, 0x89, 0x8C, 0xE3, 0xA8, 0xD0, 0x73, 0x67, 0x41, 0x9A, 0x1A, 0x12,
    0x4B, 0x6D, 0xB6, 0xD6, 0x0C, 0xCC, 0xA0, 0x4B, 0x33, 0xCA, 0x41, 0x3B, 0x21, 0x4B, 0x8E, 0x61,
    0x53, 0x74, 0x70, 0xA4, 0x24, 0x03, 0x7F, 0x63, 0x8F, 0xC9, 0x0A, 0x0E, 0x73, 0x9C, 0x7C, 0x6F,
    0x7B, 0xDB, 0x50, 0xBC, 0x70, 0xC9, 0x08, 0x3C, 0xB9, 0x58, 0x93, 0xF1, 0x10, 0xDE, 0xB9, 0xB3,
    0x24, 0x30, 0x81, 0xC1, 0xE0, 0x25, 0x01, 0x7C, 0xE6, 0xFF, 0x11, 0x2E, 0xEE, 0xEE, 0xEE, 0xFF,
    0xE2, 0x94, 0x03, 0xBB, 0xDF, 0xC8, 0x75, 0x41, 0xA1, 0x4F, 0xD8, 0x60, 0xA4, 0x00, 0x49, 0x01,
    0x85, 0xC8, 0x08, 0xA6, 0x52, 0xD1, 0xE0, 0x1B, 0x77, 0xF5, 0xE3, 0x6A, 0xE5, 0x80, 0x54, 0x32,
    0x21, 0x90, 0x56, 0xE0, 0x0E, 0xC5, 0xDF, 0x21, 0xFB, 0x98, 0x9F, 0x32, 0xB7, 0x22, 0x7E, 0x90,
    0x30, 0x1B, 0xA8, 0xD9, 0xD5, 0x8E, 0xCA, 0x7A, 0x21, 0x27, 0x44, 0xCF, 0x5A, 0x3B, 0xBC, 0x6D,
    0x42, 0x79, 0x69, 0xB3, 0x5D, 0xB6, 0xB5, 0xFF, 0x45, 0x7F, 0xAF, 0x99, 0x5D, 0x94, 0xF7, 0x2E,
    0x7D, 0x80, 0xEC, 0x5F, 0x22, 0xE1, 0xB9, 0xC2, 0x21, 0x23, 0x31, 0x0C, 0x7E, 0x03, 0x79, 0xCC,
    0x20, 0x42, 0x25, 0x43, 0x3D, 0x85, 0x2B, 0xA9, 0xD8, 0xB0, 0x91, 0x51, 0x00, 0x86, 0xB1, 0xC1,
    0xE0, 0xE0, 0xFD, 0xAB, 0x38, 0x1B, 0x4D, 0x62, 0x54, 0x8C, 0x44, 0x88, 0x91, 0x12, 0x78, 0xC5,
    0xC8, 0x91, 0x12, 0xF8, 0xFD, 0x88, 0xD2, 0x44, 0xA4, 0x84, 0x54, 0x6E, 0x7D, 0xD5, 0x93, 0x25,
    0xC8, 0x22, 0x0C, 0x40, 0xFA, 0x76, 0xA1, 0x52, 0x41, 0x4A, 0xAA, 0x1C, 0x34, 0x27, 0xA7, 0x9A,
    0x60, 0x60, 0x28, 0xF2, 0x0B, 0xBD, 0xF2, 0xD2, 0x58, 0xB5, 0xCD, 0xAB, 0x57, 0x36, 0xAD, 0x45,
    0xEF, 0xF3, 0x5B, 0xCC, 0xAA, 0xAA, 0xAA, 0xAA, 0xAF, 0x0D, 0x1B, 0xDE, 0xF7, 0xB3, 0x71, 0x8C,
    0x62, 0x46, 0x31, 0x23, 0x18, 0x73, 0x85, 0x02, 0x81, 0x58, 0x6B, 0xF8, 0xD2, 0x86, 0xC0, 0x6F,
    0x54, 0xB6, 0x3B, 0xA0, 0xC8, 0x43, 0x49, 0x0C, 0xF5, 0x8B, 0xE5, 0xC2, 0xFB, 0x18, 0x5B, 0xC3,
    0xDE, 0x27, 0xF3, 0x33, 0x54, 0x3F, 0x17, 0xC4, 0x1B, 0xE7, 0x7A, 0xBE, 0x58, 0x32, 0xE3, 0xF1,
    0x76, 0x07, 0x12, 0x49, 0x5F, 0xCB, 0xFC, 0xCE, 0x9D, 0xF9, 0x62, 0xEE, 0xF7, 0xDA, 0xAE, 0x0B,
    0x59, 0x35, 0xAC, 0x37, 0x3A, 0x58, 0x88, 0x51, 0x3B, 0x4F, 0x75, 0x18, 0x5B, 0x95, 0x85, 0x93,
    0x50, 0x13, 0x86, 0x04, 0x6A, 0xE3, 0xE8, 0x55, 0xD9, 0xDF, 0xED, 0x61, 0xB7, 0x6F, 0xB5, 0x75,
    0xEB, 0x0F, 0x15, 0xEF, 0x8E, 0xC7, 0xE8, 0x73, 0xCA, 0x77, 0xD8, 0x21, 0xBE, 0x04, 0xF1, 0x34,
    0xB3, 0x03, 0x14, 0xF3, 0x7F, 0xE0, 0xD9, 0xAC, 0x35, 0x7E, 0xB5, 0x2E, 0x6A, 0xE3, 0x81, 0x5D,
    0x97, 0x01, 0x0E, 0xFC, 0x1E, 0x48, 0xC4, 0x7B, 0xA2, 0x83, 0x8D, 0xE8, 0x85, 0x52, 0x67, 0xCE,
    0x92, 0x55, 0xCE, 0x92, 0x47, 0x1E, 0x37, 0x99, 0xE0, 0x84, 0xCF, 0x3C, 0x50, 0x15, 0x58, 0x24,
    0x30, 0x4B, 0xB8, 0x71, 0x0B, 0xDB, 0xBE, 0xC9, 0xE8, 0xCF, 0x6B, 0x5A, 0x5E, 0x25, 0xCA, 0xA3,
    0x4A, 0xB8, 0x67, 0x71, 0x54, 0xCB, 0x76, 0xBB, 0xFB, 0x8D, 0xAC, 0xCF, 0xBB, 0x90, 0x9F, 0x7B,
    0x15, 0xE0, 0xCF, 0xC0, 0x88, 0xCD, 0xE8, 0x22, 0xD1, 0xD6, 0x9C, 0x9D, 0xE5, 0xA9, 0xF9, 0x94,
    0x36, 0x0D, 0xDD, 0x37, 0x1A, 0x04, 0x48, 0x11, 0xB2, 0xFA, 0x4C, 0x18, 0x78, 0x45, 0xD1, 0x30,
    0xC6, 0x15, 0x57, 0xB0, 0xF3, 0x6E, 0xB8, 0x0B, 0xAE, 0xCB, 0x5D, 0x8E, 0x1D, 0xD7, 0xBE, 0x59,
    0xF1, 0xB3, 0xF9, 0x08, 0xCF, 0x79, 0xC5, 0xE2, 0x7B, 0x0B, 0x4E, 0x82, 0xD8, 0xD4, 0x0D, 0x09,
    0xBA, 0x6A, 0x47, 0x99, 0x45, 0x0C, 0x20, 0xC2, 0x2E, 0x2D, 0x7C, 0x74, 0x94, 0x88, 0x2B, 0x48,
    0xDA, 0xC5, 0x91, 0x4C, 0xF5, 0xB0, 0x89, 0xB7, 0x1A, 0x2B, 0x8F, 0x44, 0xE3, 0xC2, 0xA6, 0xB0,
    0xCA, 0xAF, 0xB7, 0x5D, 0x00, 0x6F, 0xAB, 0x16, 0xE6, 0x41, 0x01, 0xB3, 0xB9, 0xF4, 0x5A, 0xA4,
    0xFD, 0x9D, 0x05, 0x5B, 0xE9, 0xB7, 0xC3, 0x38, 0x41, 0xE4, 0x56, 0xD6, 0x96, 0x24, 0xC2, 0x19,
    0x06, 0xC4, 0x44, 0x46, 0xA0, 0xA0, 0x26, 0xA9, 0x8A, 0x26, 0xA9, 0x8A, 0x26, 0xA9, 0x8A, 0x28,
    0x88, 0x4C, 0xE7, 0x56, 0xB7, 0xC6, 0x76, 0xB9, 0x75, 0x39, 0xBE, 0xCC, 0x9B, 0x21, 0x70, 0xE5,
    0x00, 0xEE, 0xF6, 0x13, 0xD7, 0xFB, 0x07, 0xFD, 0x03, 0xDA, 0x36, 0x1F, 0xD1, 0x14, 0x7A, 0x36,
    0x25, 0x0D, 0xBF, 0x6C, 0x68, 0x43, 0x00, 0x87, 0xFC, 0xA8, 0x7A, 0x7D, 0x9D, 0xF8, 0x10, 0xBF,
    0xCC, 0xC5, 0x07, 0xEA, 0xF5, 0x0E, 0x32, 0x64, 0x1B, 0x8E, 0x0D, 0x87, 0x04, 0xDC, 0x21, 0x90,
    0xB8, 0xAC, 0x38, 0xBE, 0xC5, 0xD1, 0xED, 0x7B, 0x6B, 0xAE, 0x34, 0xB9, 0x98, 0x87, 0xD5, 0x79,
    0xD5, 0xDD, 0x1D, 0xC7, 0xCF, 0x5F, 0x04, 0x29, 0xE2, 0x9A, 0x80, 0x52, 0x02, 0x4F, 0x80, 0x59,
    0x0A, 0x36, 0x66, 0x46, 0x1A, 0x91, 0x6E, 0x2E, 0xE6, 0x9A, 0x74, 0xF8, 0x73, 0x64, 0x14, 0x8E,
    0x90, 0x9C, 0x90, 0x8C, 0x21, 0x10, 0x11, 0xD5, 0x42, 0xDE, 0x9D, 0xB9, 0x52, 0xA8, 0x55, 0x63,
    0xE9, 0x89, 0x33, 0xAB, 0x6A, 0xDC, 0xC5, 0x86, 0x03, 0x01, 0xB6, 0x1F, 0xF1, 0x14, 0x42, 0x6A,
    0xE8, 0xD9, 0x64, 0x64, 0xF6, 0xC6, 0x67, 0x9B, 0x24, 0x36, 0x49, 0xDB, 0xD7, 0xAC, 0x25, 0x52,
    0x20, 0x45, 0x09, 0xB8, 0x0A, 0xAA, 0x1D, 0x6F, 0x4A, 0x6C, 0xD3, 0x62, 0x82, 0x81, 0xB8, 0xC1,
    0xE6, 0x58, 0xDF, 0x84, 0x79, 0x48, 0x4B, 0x15, 0xCA, 0x07, 0x33, 0x0A, 0xB0, 0x98, 0x0A, 0x7B,
    0xF0, 0x03, 0x46, 0x00, 0x65, 0xB6, 0xFF, 0x37, 0x0B, 0xA6, 0x9A, 0x74, 0xCD, 0x44, 0xA9, 0x24,
    0x92, 0x01, 0x20, 0x07, 0x3E, 0x18, 0xEC, 0xDD, 0x52, 0x62, 0x86, 0x76, 0xBC, 0x84, 0x9E, 0xDD,
    0x73, 0x24, 0xDB, 0x7B, 0xBB, 0x1D, 0x25, 0x74, 0xCA, 0xAB, 0x53, 0x0C, 0x74, 0x9B, 0x1A, 0x93,
    0x34, 0xF0, 0xB4, 0xFC, 0x69, 0xC4, 0xE6, 0x67, 0xAB, 0xBF, 0x85, 0x83, 0x53, 0xD8, 0x5D, 0x61,
    0x59, 0xC9, 0x26, 0x40, 0xED, 0x6E, 0x7E, 0x7B, 0xE2, 0x0C, 0x5B, 0x26, 0x1A, 0x5F, 0x3F, 0x20,
    0x19, 0x8F, 0x42, 0x3C, 0xFD, 0xCF, 0x15, 0xFB, 0xA2, 0x06, 0x32, 0xB2, 0xDB, 0xFE, 0x1F, 0xA7,
    0x0F, 0x22, 0x12, 0xEA, 0x49, 0x1D, 0x4F, 0x85, 0xBD, 0x7A, 0x99, 0x9D, 0x8E, 0x3B, 0x6E, 0xE5,
    0x91, 0x7E, 0x3E, 0xF8, 0xD3, 0xE9, 0xAE, 0xD9, 0xD4, 0xED, 0x4E, 0x2C, 0x2B, 0x20, 0xF1, 0xA7,
    0x6C, 0x9C, 0x94, 0xFA, 0xE9, 0x03, 0x63, 0xDD, 0x2B, 0x6D, 0xA6, 0x5C, 0xAF, 0x8E, 0xD4, 0x68,
    0xCD, 0x81, 0x6A, 0xBE, 0xB6, 0xB6, 0x09, 0xE0, 0x3F, 0x2B, 0xB6, 0x74, 0xCB, 0xA1, 0x99, 0x18,
    0x61, 0x60, 0x5D, 0x1B, 0xAF, 0xFD, 0x3D, 0x3E, 0xCD, 0xC3, 0x14, 0xD4, 0xC7, 0x56, 0x79, 0x68,
    0x68, 0xDD, 0x65, 0x4A, 0xE8, 0x10, 0x34, 0x81, 0x14, 0xA3, 0xDA, 0x8B, 0xF1, 0xB9, 0xA0, 0x10,
    0xA1, 0x4D, 0x0F, 0x7F, 0x5F, 0x76, 0x2A, 0x30, 0x6E, 0xAB, 0xA2, 0x7C, 0xFE, 0x0E, 0xE2, 0x49,
    0x32, 0x3A, 0x16, 0xCE, 0xBB, 0xC9, 0xEB, 0xA0, 0x81, 0xE5, 0xEC, 0xD6, 0x21, 0xE2, 0x99, 0x59,
    0x46, 0x08, 0xB9, 0x82, 0x49, 0x8A, 0x31, 0xBC, 0x5C, 0xA3, 0x82, 0x92, 0x0D, 0x02, 0x15, 0x42,
    0x28, 0x49, 0xB7, 0x01, 0xA1, 0x9C, 0xEA, 0x94, 0x48, 0x4E, 0xC8, 0x59, 0x2A, 0xAA, 0xF9, 0x4F,
    0x49, 0xFB, 0xC1, 0x93, 0x37, 0x8D, 0x92, 0xD4, 0xBB, 0x3E, 0x4F, 0x16, 0x4C, 0xC5, 0xD6, 0xBF,
    0x31, 0x89, 0x0E, 0x93, 0x9D, 0xDB, 0x6E, 0xD3, 0x73, 0x50, 0x10, 0x0D, 0x7D, 0x06, 0xFB, 0x91,
    0x68, 0x82, 0xE3, 0x48, 0x32, 0xDD, 0x3A, 0x4E, 0x3C, 0x18, 0xC1, 0xC4, 0x9D, 0x84, 0x07, 0x71,
    0xEF, 0xA1, 0x28, 0xC8, 0x02, 0x86, 0xD9, 0x6D, 0xE5, 0x66, 0x70, 0xEE, 0xC6, 0x85, 0x82, 0x51,
    0x46, 0x04, 0x29, 0x06, 0xE6, 0x65, 0x97, 0x4E, 0xC7, 0xE6, 0x1F, 0x72, 0x1E, 0xC8, 0x11, 0x62,
    0x40, 0x69, 0x5A, 0x55, 0x0A, 0x04, 0x20, 0x94, 0x8A, 0x20, 0x42, 0x81, 0xFF, 0xC7, 0xF1, 0x7F,
    0xEB, 0xF8, 0xB3, 0x3E, 0x33, 0xF3, 0xA8, 0x1D, 0x24, 0x91, 0x18, 0x42, 0x62, 0x26, 0xA2, 0x4A,
    0x8A, 0x02, 0x68, 0xA4, 0x92, 0x2A, 0xA1, 0x8A, 0xAA, 0x66, 0x96, 0x4F, 0xB2, 0x59, 0x15, 0x40,
    0x5F, 0x88, 0xCC, 0x1A, 0x2D, 0x62, 0x06, 0x55, 0x98, 0xAB, 0x90, 0xD0, 0xB8, 0x49, 0x40, 0x59,
    0x88, 0xD0, 0x52, 0x27, 0xF6, 0x3E, 0xAF, 0x9F, 0xBB, 0x8F, 0x4F, 0xB3, 0xE3, 0xF9, 0x87, 0x0F,
    0xC5, 0xC6, 0xA4, 0xA9, 0xEA, 0xBC, 0x6F, 0xFB, 0xBA, 0x97, 0x76, 0x55, 0x03, 0x87, 0x1E, 0x88,
    0x63, 0xCD, 0xF0, 0xB0, 0x75, 0x4F, 0x2E, 0x83, 0x96, 0x30, 0xF3, 0x8D, 0xE8, 0x60, 0xDA, 0xD3,
    0x1A, 0xE4, 0xE4, 0x6E, 0xF1, 0x37, 0x63, 0x09, 0xF8, 0x96, 0x03, 0xA8, 0x91, 0xF9, 0x3E, 0x64,
    0x3B, 0x10, 0x82, 0x8E, 0x87, 0xC7, 0xBB, 0xC3, 0xDE, 0xB9, 0x18, 0x30, 0x78, 0xD8, 0xDE, 0xFF,
    0xCF, 0xF4, 0x64, 0xC0, 0x81, 0xE1, 0xF9, 0xEA, 0x69, 0xE9, 0x7D, 0x3D, 0xD7, 0x33, 0x76, 0xC6,
    0x7E, 0x68, 0x74, 0x02, 0x8C, 0x53, 0xC6, 0x84, 0x41, 0xC1, 0x08, 0x7C, 0x1E, 0xF7, 0x9B, 0x6E,
    0xF7, 0xAD, 0xFF, 0x3A, 0x21, 0xDA, 0x3D, 0xD1, 0xDC, 0xF6, 0x3B, 0x40, 0x50, 0xF9, 0x7E, 0x56,
    0x48, 0x76, 0x60, 0xF8, 0x6C, 0x18, 0x58, 0x87, 0x42, 0x27, 0xD7, 0x19, 0x17, 0x5C, 0x8E, 0xB3,
    0xB3, 0x99, 0xEA, 0x6D, 0x96, 0x30, 0xC9, 0x49, 0x07, 0xBC, 0xD0, 0x16, 0x22, 0xB4, 0x5C, 0x28,
    0x32, 0x6A, 0xFD, 0xDC, 0x43, 0x2E, 0x10, 0xDF, 0xCA, 0xAB, 0x34, 0xED, 0x83, 0x79, 0x5C, 0x76,
    0xA4, 0x70, 0x05, 0x0D, 0x7C, 0xD9, 0x95, 0x28, 0xB0, 0x99, 0xE8, 0xE1, 0xED, 0x23, 0x18, 0x39,
    0x97, 0xDF, 0xF9, 0x98, 0x80, 0x73, 0x03, 0x95, 0x40, 0x6C, 0x7F, 0xEA, 0xDF, 0x1D, 0xF6, 0x4C,
    0xB4, 0x45, 0xCB, 0x21, 0x6D, 0x49, 0x0E, 0x32, 0x07, 0x41, 0x66, 0xCE, 0x6F, 0x25, 0xBC, 0x16,
    0x6E, 0xE9, 0x56, 0x38, 0xA9, 0xF2, 0xB3, 0x3D, 0x10, 0xF1, 0x77, 0x07, 0xBE, 0xB1, 0x9F, 0x5E,
    0x3D, 0x39, 0xEF, 0x3B, 0xF9, 0x74, 0x73, 0x9C, 0xDB, 0x8D, 0x91, 0x93, 0xC4, 0xA0, 0xE9, 0x87,
    0x71, 0x51, 0x64, 0x67, 0x0E, 0x2E, 0x1E, 0xF5, 0x38, 0x86, 0xB5, 0x9B, 0x22, 0xC3, 0x1E, 0x27,
    0xA1, 0x17, 0x11, 0x2F, 0x06, 0x07, 0x8C, 0xE9, 0x62, 0x02, 0x8A, 0x20, 0xB7, 0x22, 0x22, 0x83,
    0x8C, 0xBA, 0x3D, 0x10, 0xF3, 0x28, 0x8C, 0xB8, 0x21, 0x0D, 0xF3, 0x2C, 0xB9, 0xF3, 0x79, 0x5B,
    0xF9, 0xAF, 0xB3, 0x5C, 0x84, 0xE2, 0x9B, 0xB0, 0x1E, 0x1D, 0x01, 0x41, 0xC4, 0xFA, 0x42, 0x62,
    0x9A, 0x8C, 0xBF, 0xC5, 0xA4, 0xA2, 0xC9, 0x66, 0x07, 0x74, 0xF4, 0x77, 0x92, 0x42, 0x96, 0xD1,
    0xCB, 0x47, 0x2D, 0x25, 0xB5, 0xDB, 0x42, 0x4B, 0x75, 0x83, 0x1A, 0x5A, 0xD6, 0x57, 0x52, 0x96,
    0x8F, 0x7A, 0x33, 0x33, 0xB2, 0x1A, 0xC9, 0x3B, 0xDF, 0x97, 0xD1, 0xF0, 0x7C, 0x3B, 0xAA, 0xB9,
    0xC3, 0x44, 0xE4, 0x0F, 0xC2, 0x42, 0x6A, 0x55, 0x30, 0xA2, 0x69, 0x63, 0xC0, 0x30, 0xC8, 0x35,
    0x06, 0xC8, 0x96, 0x8F, 0x87, 0xDF, 0xF3, 0x6B, 0xBF, 0x65, 0xE3, 0x2A, 0x0B, 0x23, 0x94, 0x3E,
    0xB4, 0x4A, 0x3D, 0x6C, 0x66, 0xE4, 0xCA, 0x99, 0xA7, 0xF7, 0xB9, 0xB9, 0x2D, 0x7A, 0xF6, 0x52,
    0xB6, 0xF7, 0x14, 0x3E, 0x80, 0x8B, 0x0F, 0x8F, 0x03, 0x80, 0x1B, 0x6B, 0xD1, 0x1B, 0x0C, 0x8F,
    0xD5, 0xD8, 0x95, 0x03, 0xA3, 0xB9, 0xDC, 0x8D, 0xC6, 0xBA, 0x31, 0xDF, 0x3B, 0xEA, 0xA4, 0xC5,
    0x57, 0x6A, 0x1A, 0xD1, 0xAE, 0x32, 0x26, 0x57, 0x31, 0x10, 0xC4, 0x0C, 0x44, 0x06, 0x92, 0x2C,
    0x34, 0x0A, 0xAB, 0xB4, 0x97, 0x8C, 0xE0, 0x21, 0xD8, 0xD6, 0xFA, 0xC3, 0x0D, 0xD6, 0xE2, 0xF6,
    0xB5, 0x63, 0x11, 0x9C, 0xEF, 0xEA, 0xE6, 0xF9, 0xEF, 0x02, 0x81, 0x59, 0x73, 0x8C, 0x8E, 0x08,
    0x5E, 0x27, 0x82, 0x49, 0x79, 0x9F, 0x15, 0x7A, 0x17, 0xD5, 0xBA, 0x1D, 0xFA, 0x19, 0xE5, 0x56,
    0x66, 0x91, 0xBB, 0x7D, 0x6D, 0x2A, 0x54, 0x45, 0x45, 0x30, 0x09, 0x90, 0x9B, 0xF0, 0x55, 0x42,
    0xF3, 0x31, 0xB7, 0x9C, 0xF5, 0x34, 0x5F, 0x34, 0x3C, 0x44, 0xC3, 0x9C, 0xFA, 0x70, 0x9B, 0x41,
    0x0D, 0xF7, 0x0A, 0xE9, 0xCB, 0x77, 0xD3, 0x69, 0x4E, 0x6F, 0x9D, 0x4E, 0x26, 0x12, 0x34, 0x77,
    0x52, 0x10, 0x76, 0x5C, 0x33, 0x38, 0x34, 0x52, 0xF9, 0xF3, 0xE9, 0x8A, 0xC7, 0x2B, 0xAB, 0xF5,
    0x86, 0x88, 0xFB, 0x93, 0x35, 0x18, 0xF8, 0xFB, 0xB5, 0x1F, 0x58, 0x0F, 0x2E, 0xBF, 0x0F, 0x2F,
    0xBF, 0xE8, 0x37, 0xDD, 0x79, 0x50, 0xA8, 0x1B, 0x5F, 0xDF, 0xDF, 0x25, 0xB3, 0x66, 0xA4, 0xE7,
    0x01, 0xCA, 0xAB, 0x97, 0xA2, 0x48, 0x20, 0x93, 0xF2, 0x28, 0x38, 0x50, 0xA5, 0xA0, 0xA9, 0xD2,
    0x32, 0xCE, 0x81, 0x7C, 0xA8, 0x78, 0xF6, 0x99, 0xAB, 0xD0, 0x70, 0x7C, 0xCC, 0xA1, 0x2C, 0x44,
    0x5E, 0x97, 0xD9, 0x96, 0xF7, 0x2B, 0x4A, 0x94, 0xD0, 0xCD, 0xD4, 0x51, 0x40, 0xE9, 0xC1, 0x50,
    0x00, 0x83, 0xD0, 0x5E, 0xEA, 0xB6, 0x77, 0x5D, 0x0D, 0x52, 0x1B, 0x3D, 0x38, 0x25, 0x5A, 0xEA,
    0xF5, 0x06, 0xDB, 0xDF, 0x41, 0x9B, 0xBB, 0xE2, 0xE5, 0x18, 0x01, 0xBD, 0x05, 0x0A, 0xFF, 0x64,
    0x06, 0xCF, 0x07, 0x76, 0x3D, 0xFC, 0xC7, 0x1A, 0xA6, 0x10, 0x3B, 0x7E, 0x2B, 0x59, 0x64, 0xB9,
    0xF0, 0xC4, 0x19, 0x03, 0xC6, 0x6E, 0x3E, 0x33, 0xC2, 0x42, 0xED, 0xAF, 0x0A, 0x12, 0xE3, 0x18,
    0x4C, 0x18, 0x54, 0x00, 0xF2, 0xFA, 0xBE, 0xC6, 0x89, 0xC7, 0xC0, 0xFA, 0x7C, 0xED, 0xE1, 0x26,
    0xA0, 0xD6, 0x25, 0x9C, 0xB1, 0xC3, 0xE7, 0xC4, 0x92, 0x49, 0xF4, 0xE8, 0x5E, 0x40, 0x4C, 0x8B,
    0xCA, 0x4F, 0xD4, 0xD8, 0xF3, 0xCD, 0xA2, 0x8F, 0x30, 0xAA, 0xAA, 0xAA, 0xB6, 0x40, 0x07, 0x81,
    0xB9, 0xF7, 0x04, 0xFB, 0x4F, 0xE6, 0x06, 0x85, 0xE5, 0xF9, 0xD5, 0x1F, 0x55, 0xF7, 0x53, 0xBA,
    0xDD, 0x51, 0xB0, 0x7C, 0x87, 0xC4, 0x8D, 0x6C, 0x7C, 0xE2, 0x58, 0x1E, 0xA3, 0xEC, 0xDD, 0x7C,
    0xC4, 0x27, 0xAF, 0x7F, 0x27, 0xF5, 0xAF, 0xB2, 0x07, 0x60, 0xF6, 0x5E, 0xA3, 0xE4, 0x7A, 0xC3,
    0x11, 0xB1, 0xF9, 0xC2, 0x80, 0x37, 0x00, 0x3E, 0x48, 0x29, 0x04, 0xDE, 0x85, 0xA5, 0x88, 0x42,
    0x3A, 0xAC, 0xCA, 0xA8, 0xAA, 0x23, 0x0A, 0xF8, 0xF3, 0x1A, 0xD6, 0x55, 0x57, 0xDA, 0x70, 0xE1,
    0xFD, 0xAF, 0x66, 0x1C, 0xA7, 0x20, 0xC9, 0xC0, 0x19, 0x66, 0x59, 0x16, 0x16, 0x05, 0x39, 0x15,
    0x30, 0x18, 0x18, 0x3A, 0xE3, 0xF5, 0xBD, 0x29, 0xD6, 0x3B, 0xC0, 0xA6, 0xBF, 0x79, 0xC9, 0x0F,
    0x9B, 0xE9, 0x4D, 0xA1, 0x27, 0x63, 0xF5, 0x86, 0x1E, 0x48, 0x27, 0x77, 0xCC, 0x8D, 0x87, 0x1D,
    0xDB, 0x07, 0x0A, 0x44, 0x14, 0x80, 0xA3, 0x39, 0xDA, 0x21, 0xF2, 0xA0, 0x29, 0xBC, 0x4C, 0x31,
    0x48, 0xDC, 0xF4, 0x88, 0x03, 0x21, 0x45, 0x0C, 0xAA, 0x57, 0xFA, 0x55, 0xE6, 0xE3, 0x70, 0x3D,
    0x26, 0x3A, 0x98, 0xA9, 0xB9, 0xFB, 0x0D, 0x37, 0x01, 0x2E, 0x6D, 0xC0, 0xA3, 0x4A, 0x4D, 0xF3,
    0xBA, 0xA6, 0xA0, 0x74, 0x9E, 0x9E, 0xAF, 0x9A, 0x9C, 0x5A, 0x74, 0x47, 0xDD, 0x07, 0xCF, 0x1E,
    0x4E, 0x2F, 0xC8, 0x8F, 0x60, 0x1F, 0x7C, 0xC4, 0x54, 0x33, 0x03, 0xBC, 0x09, 0xA1, 0x4D, 0x84,
    0xE0, 0x8B, 0x28, 0x5A, 0x56, 0x34, 0xA7, 0x35, 0xBD, 0xA7, 0x50, 0x07, 0x63, 0x01, 0xB0, 0xE4,
    0x84, 0x90, 0x82, 0x4C, 0x75, 0xDD, 0xB0, 0x5C, 0x13, 0x07, 0x54, 0x0F, 0xB4, 0x1E, 0x42, 0x30,
    0x81, 0xE8, 0x0E, 0x97, 0xE7, 0x07, 0x67, 0xDE, 0x48, 0x21, 0xEA, 0xA4, 0x3A, 0x07, 0x00, 0x6A,
    0x7F, 0xEA, 0xFE, 0x47, 0xAC, 0x3B, 0x5D, 0x15, 0x1C, 0xD0, 0x38, 0xAF, 0xC9, 0x03, 0x88, 0x47,
    0xBF, 0xD1, 0x51, 0xE1, 0xEF, 0x03, 0xF7, 0x20, 0x28, 0x0A, 0x02, 0x80, 0xF7, 0x19, 0x06, 0x63,
    0xFF, 0x9E, 0xD4, 0x3F, 0x82, 0xD1, 0x09, 0x25, 0xF0, 0x64, 0x73, 0x07, 0xF0, 0xE1, 0x4C, 0x23,
    0x92, 0x1E, 0x00, 0x34, 0x68, 0x77, 0x34, 0xEC, 0xA1, 0x6F, 0x05, 0xCE, 0x2E, 0xF7, 0x37, 0xD1,
    0x7D, 0x87, 0xC4, 0xEC, 0xB2, 0x92, 0x39, 0x1A, 0x72, 0x37, 0x1C, 0x6A, 0x48, 0x15, 0x09, 0x44,
    0xE8, 0x77, 0xD3, 0x43, 0xCB, 0x39, 0xBE, 0x78, 0x1B, 0xCB, 0xB6, 0x76, 0x07, 0x07, 0x91, 0xC9,
    0x81, 0xCD, 0xE9, 0xC3, 0x7C, 0x43, 0x8F, 0x21, 0xC1, 0x98, 0x89, 0x3D, 0x22, 0x79, 0x80, 0x19,
    0xF1, 0xFC, 0x62, 0x1E, 0xFE, 0x8E, 0xF0, 0x07, 0xE9, 0x92, 0x08, 0xFF, 0x82, 0x7B, 0xFA, 0xD5,
    0x1F, 0x34, 0xD5, 0xEA, 0x1C, 0x03, 0xEB, 0x13, 0x02, 0xF4, 0x81, 0xEF, 0x1F, 0x19, 0x21, 0x21,
    0x21, 0x08, 0x46, 0x26, 0x29, 0xA2, 0x2A, 0xA2, 0x0A, 0xAB, 0xEE, 0x27, 0x2E, 0x12, 0xAB, 0xE7,
    0xE6, 0x1D, 0xC1, 0xF5, 0x4E, 0xF4, 0x84, 0x64, 0x64, 0x64, 0x6E, 0x0D, 0x9D, 0x84, 0xA1, 0x3D,
    0xF6, 0x81, 0x90, 0x0D, 0x1B, 0xC3, 0x67, 0x8B, 0xCC, 0x0E, 0x28, 0x6A, 0x2E, 0x49, 0x3E, 0x05,
    0x1A, 0x56, 0xFB, 0x13, 0xC7, 0x56, 0xDF, 0x85, 0x1E, 0xC5, 0xDC, 0xA8, 0xD0, 0x84, 0x0B, 0x96,
    0x28, 0x8D, 0x9B, 0x25, 0x91, 0xBB, 0xC0, 0x9C, 0x77, 0x57, 0x84, 0x03, 0xF6, 0xFB, 0xFC, 0xC0,
    0x7A, 0xD3, 0xE2, 0xF0, 0x61, 0x12, 0x3B, 0xDF, 0xA0, 0x3E, 0xA3, 0x70, 0x9B, 0x75, 0xB0, 0x9D,
    0xDE, 0xEE, 0x8B, 0x42, 0xA5, 0x4B, 0x34, 0x3D, 0xAA, 0x0E, 0x0C, 0x9F, 0x94, 0x3A, 0x8E, 0x24,
    0xFB, 0x1F, 0x15, 0x28, 0x4E, 0xC7, 0x33, 0xD1, 0xA2, 0x14, 0x27, 0x73, 0xE7, 0xD6, 0x5B, 0x10,
    0xE6, 0xFC, 0xC1, 0xB7, 0x5B, 0x93, 0xD8, 0xEC, 0x9E, 0x4F, 0x88, 0x24, 0x77, 0x89, 0x90, 0x45,
    0x7F, 0x1E, 0xEA, 0x27, 0x62, 0x11, 0x03, 0xB1, 0x39, 0xAE, 0xD3, 0x66, 0x27, 0xA0, 0x90, 0xA2,
    0x8B, 0x00, 0xF6, 0x8F, 0x97, 0xD3, 0x3E, 0x61, 0xA0, 0xD8, 0x3C, 0xF3, 0x21, 0x54, 0x51, 0x54,
    0x44, 0x51, 0x51, 0x14, 0xD1, 0xED, 0x8C, 0x91, 0xA0, 0x2A, 0x2B, 0xC1, 0x41, 0x3B, 0x13, 0xC9,
    0x80, 0x64, 0x27, 0x13, 0x47, 0xA5, 0x83, 0xDC, 0xC7, 0xD5, 0xB8, 0x0E, 0x9D, 0x28, 0x67, 0xCC,
    0x24, 0x35, 0x79, 0x8D, 0x73, 0x40, 0x29, 0xC4, 0x23, 0x6F, 0x07, 0xDC, 0x01, 0x41, 0xC4, 0xDE,
    0x68, 0x09, 0xD6, 0xF6, 0xA5, 0x07, 0xCE, 0x09, 0x82, 0x15, 0x9F, 0xD7, 0xA1, 0xB0, 0x21, 0xDB,
    0xE9, 0xD3, 0x35, 0x51, 0x1A, 0x53, 0xE6, 0xFB, 0x9F, 0x47, 0x20, 0x7A, 0x98, 0x78, 0xE8, 0x22,
    0x79, 0x67, 0x41, 0xDA, 0x94, 0xFA, 0x55, 0x1F, 0x23, 0x82, 0x79, 0x79, 0x82, 0x7A, 0x53, 0xE7,
    0x43, 0xDC, 0x0D, 0xF4, 0xFB, 0x9A, 0xAB, 0x92, 0x96, 0x1F, 0x03, 0xD4, 0x27, 0x73, 0xC3, 0xAF,
    0xC0, 0x0C, 0x87, 0xC4, 0x14, 0x87, 0x11, 0xC5, 0x06, 0xB3, 0x02, 0x79, 0x98, 0x6D, 0xB0, 0xB4,
    0x99, 0x5B, 0x04, 0x06, 0xC0, 0xFA, 0xE5, 0x08, 0xB4, 0xC0, 0xF8, 0xC2, 0x40, 0x87, 0xFD, 0x1D,
    0xFA, 0x03, 0xBC, 0x7A, 0x02, 0x94, 0x86, 0xE1, 0xDB, 0x04, 0x6A, 0x34, 0x08, 0x0D, 0xAE, 0xDD,
    0x94, 0x6A, 0xB4, 0x74, 0x59, 0x1A, 0xAD, 0x56, 0x36, 0x97, 0x94, 0x80, 0xED, 0xC6, 0xDE, 0xD5,
    0xEC, 0xD4, 0x85, 0xEB, 0x2F, 0x0C, 0x69, 0xB6, 0xC0, 0xD6, 0xCF, 0xA0, 0x2D, 0x22, 0x26, 0x46,
    0xF3, 0x42, 0xD4, 0x15, 0x24, 0x7F, 0x86, 0x93, 0x6B, 0xFA, 0x7F, 0x1F, 0xE1, 0xFC, 0xAE, 0x10,
    0x79, 0x6F, 0xDB, 0xCF, 0xA1, 0x33, 0x84, 0x3D, 0x4E, 0x1A, 0xCD, 0x27, 0xB8, 0x62, 0x02, 0xC3,
    0xD0, 0x60, 0x21, 0x1F, 0xF1, 0xB5, 0xF8, 0x20, 0x3F, 0x52, 0xB7, 0x63, 0xE3, 0x74, 0xBF, 0x87,
    0xDE, 0x88, 0xFE, 0x1E, 0x19, 0xC1, 0x83, 0x16, 0xFB, 0xFF, 0xD2, 0xB0, 0x8F, 0xE8, 0xEB, 0xFD,
    0x00, 0x87, 0xE3, 0x7A, 0x14, 0x1C, 0x20, 0x5E, 0x42, 0x3D, 0x6F, 0x8D, 0xA7, 0x9D, 0x4F, 0xC9,
    0x60, 0x3F, 0xC3, 0xCA, 0xA9, 0x12, 0x11, 0xE8, 0xC7, 0xF1, 0xB0, 0x17, 0xDD, 0x0F, 0x9A, 0xFC,
    0xF6, 0x2F, 0x3D, 0x81, 0xE0, 0xEF, 0x76, 0xD0, 0xBC, 0x5E, 0xBF, 0x47, 0x84, 0x5B, 0x16, 0xB4,
    0x7C, 0x05, 0xE9, 0x5F, 0x96, 0xF7, 0x6E, 0xC1, 0x65, 0xC6, 0xD6, 0x9C, 0xBE, 0xD2, 0x3E, 0xF0,
    0x36, 0x5F, 0xC1, 0xFC, 0x5F, 0x1D, 0x55, 0x58, 0x7D, 0x63, 0x4F, 0x65, 0x34, 0x18, 0x9E, 0xF0,
    0xEF, 0x5F, 0x54, 0x20, 0xDC, 0x5F, 0x55, 0xF6, 0x0F, 0x70, 0xF7, 0x1C, 0x4F, 0x79, 0xFD, 0xF7,
    0xE0, 0xC8, 0x4F, 0x6D, 0xC5, 0x37, 0x81, 0x61, 0x0F, 0x85, 0x0A, 0x1C, 0x1B, 0x29, 0x83, 0xEF,
    0xBC, 0xAE, 0xA5, 0x52, 0x17, 0x81, 0x25, 0x7C, 0x3E, 0x9F, 0xB6, 0xAA, 0xAB, 0x6F, 0x59, 0x6F,
    0x04, 0xE5, 0xEC, 0x9F, 0x89, 0xF1, 0x21, 0xDA, 0x6C, 0x26, 0x4E, 0xF7, 0x15, 0x23, 0x93, 0xEF,
    0x86, 0x9B, 0x8E, 0x2D, 0x64, 0x98, 0x31, 0x33, 0xAE, 0x19, 0xDA, 0x5A, 0xD6, 0xB5, 0xAC, 0x4D,
    0x6F, 0xEA, 0xF1, 0x9D, 0x90, 0xE4, 0x5D, 0x81, 0xA0, 0x5C, 0x9C, 0xF1, 0x8D, 0xC6, 0xA0, 0xE3,
    0x1B, 0x92, 0x47, 0x18, 0xF6, 0xFE, 0x98, 0x03, 0x05, 0xE2, 0x22, 0x1A, 0x0E, 0x81, 0x39, 0x0D,
    0x04, 0x45, 0x09, 0x95, 0x43, 0x12, 0x9A, 0x0F, 0xBD, 0x22, 0xFE, 0x84, 0x3B, 0xE1, 0x84, 0x94,
    0x38, 0xD2, 0x72, 0x07, 0x70, 0x4B, 0x82, 0x31, 0x27, 0x0E, 0x83, 0xB2, 0x0C, 0xE2, 0x1C, 0xA1,
    0x89, 0xE8, 0x04, 0xD1, 0xB2, 0x96, 0x84, 0x83, 0x00, 0xEE, 0x9B, 0x7E, 0xC8, 0xD4, 0xA8, 0xD5,
    0x48, 0x4B, 0x84, 0x46, 0x23, 0xE5, 0xA0, 0xD2, 0x06, 0x10, 0x37, 0xD0, 0x70, 0x01, 0xD8, 0x7C,
    0x12, 0x66, 0xE0, 0x30, 0x13, 0x13, 0xC3, 0x28, 0xA2, 0x25, 0x78, 0x5E, 0x15, 0x51, 0xE8, 0x51,
    0x15, 0x50, 0xC0, 0xA9, 0x24, 0x28, 0xF1, 0x83, 0x8B, 0xD8, 0xC4, 0x0D, 0x93, 0x06, 0x04, 0x0F,
    0x8E, 0xE0, 0x8E, 0x18, 0x36, 0xFB, 0xB6, 0x18, 0x86, 0x02, 0x26, 0xC6, 0x88, 0xA5, 0x28, 0x44,
    0x32, 0x15, 0x0A, 0x22, 0xE0, 0x6E, 0x18, 0xA2, 0x68, 0x25, 0x84, 0xF8, 0x43, 0x5E, 0x12, 0x18,
    0x58, 0xA2, 0x29, 0x52, 0x99, 0x59, 0x67, 0x09, 0xC7, 0x4C, 0x1E, 0x89, 0xC8, 0x04, 0x8D, 0x01,
    0x41, 0x12, 0x24, 0xCC, 0xC1, 0x0A, 0x47, 0xF6, 0xB5, 0x35, 0x44, 0x44, 0x71, 0xDF, 0x55, 0x55,
    0x55, 0x51, 0x53, 0x2E, 0x16, 0x90, 0x49, 0x41, 0x49, 0xA8, 0x84, 0x6E, 0x47, 0xF0, 0x1B, 0x26,
    0x84, 0x21, 0x10, 0x0C, 0x40, 0xE0, 0x8B, 0xC2, 0x32, 0x49, 0xDE, 0x30, 0x43, 0xF5, 0xF9, 0x38,
    0x0D, 0x45, 0x75, 0xCC, 0xB3, 0x33, 0x27, 0x0C, 0x84, 0x36, 0x07, 0x40, 0xCC, 0x76, 0x5B, 0x82,
    0x19, 0xAE, 0x10, 0x7A, 0x6C, 0x9B, 0x03, 0xC0, 0x29, 0xE6, 0x09, 0x10, 0x0E, 0x4E, 0xAE, 0x38,
    0x18, 0x7C, 0xED, 0xC1, 0x54, 0x53, 0x67, 0x96, 0x64, 0xE0, 0x66, 0x31, 0x61, 0xD9, 0x0C, 0x69,
    0x8E, 0x06, 0x57, 0x94, 0xFD, 0x2B, 0xC2, 0xBC, 0x29, 0xEC, 0x1F, 0x01, 0xE0, 0x57, 0x4C, 0x84,
    0x10, 0x80, 0x6F, 0x48, 0x87, 0x63, 0x01, 0xC7, 0xD3, 0x09, 0x13, 0x41, 0x8A, 0x11, 0xB0, 0x01,
    0xEE, 0x94, 0x5A, 0x55, 0x29, 0x5D, 0x95, 0xE9, 0x8C, 0xCC, 0x70, 0xCA, 0x91, 0x34, 0x30, 0x3D,
    0xE1, 0xE0, 0x98, 0xF7, 0x54, 0x45, 0x54, 0x1C, 0x88, 0x0B, 0x00, 0x2B, 0x9D, 0xCD, 0x10, 0x26,
    0x0B, 0x75, 0x8B, 0xD2, 0x46, 0x06, 0xA1, 0x29, 0x69, 0xC4, 0x25, 0xBF, 0x1F, 0xE5, 0x6F, 0xB6,
    0xFD, 0xE4, 0x21, 0x3F, 0x80, 0x09, 0x28, 0x52, 0x44, 0x91, 0xED, 0x64, 0x36, 0x17, 0x58, 0x26,
    0x7B, 0x06, 0x81, 0x88, 0x18, 0xAB, 0xE9, 0xD7, 0x1D, 0x34, 0xDB, 0x9F, 0x19, 0x9E, 0xD7, 0xE6,
    0xBE, 0x33, 0x35, 0xED, 0x28, 0x97, 0x7E, 0xBE, 0xF5, 0x95, 0x31, 0x13, 0x03, 0xAC, 0x9D, 0x87,
    0xB7, 0x06, 0x24, 0x81, 0x08, 0x52, 0x07, 0x10, 0x98, 0x4A, 0x25, 0x28, 0x91, 0x0D, 0xAD, 0x5E,
    0xB9, 0x62, 0x19, 0xB5, 0xE4, 0x25, 0x2B, 0x3C, 0x38, 0xD8, 0x9A, 0x97, 0x2E, 0x34, 0x70, 0x03,
    0xEA, 0x47, 0x3D, 0xDD, 0xDA, 0x0C, 0xF4, 0xAD, 0xA6, 0x2B, 0x11, 0xC7, 0x42, 0xA0, 0x06, 0x2C,
    0x08, 0x43, 0x06, 0x60, 0x4E, 0x9B, 0xC8, 0xBC, 0x74, 0x20, 0xB3, 0xD2, 0x18, 0xB7, 0x79, 0x2F,
    0x14, 0x6F, 0xD3, 0x3B, 0xDB, 0xC6, 0x55, 0x85, 0xC5, 0xB4, 0x22, 0xE5, 0x6B, 0x8E, 0x8D, 0xCA,
    0xA3, 0xFB, 0x91, 0x5A, 0x14, 0x76, 0x84, 0xDB, 0xB0, 0xE2, 0x77, 0xC1, 0x51, 0x14, 0x51, 0x44,
    0x52, 0x26, 0x4D, 0x98, 0xAA, 0x6C, 0xFF, 0x02, 0x1C, 0xCD, 0x3A, 0x92, 0x82, 0x03, 0xFB, 0xF1,
    0x64, 0x0A, 0x72, 0xD9, 0x9E, 0x8E, 0x72, 0xE7, 0xEA, 0x38, 0xD5, 0xF0, 0x83, 0x60, 0xCF, 0xE8,
    0xCF, 0x86, 0xBB, 0xA4, 0x32, 0xAB, 0xCA, 0xD0, 0x78, 0x5F, 0x21, 0xB0, 0xF6, 0x44, 0x50, 0x26,
    0xA8, 0xB7, 0x54, 0x3B, 0x90, 0x90, 0x84, 0x51, 0x00, 0xA0, 0xEE, 0x0F, 0x0B, 0xCF, 0x7A, 0x14,
    0x22, 0x48, 0x22, 0x1D, 0x47, 0x84, 0x38, 0xA9, 0x1E, 0x3E, 0xB9, 0x7B, 0x1A, 0x0C, 0x60, 0xD8,
    0xF1, 0x31, 0x38, 0x84, 0x0A, 0x69, 0x7D, 0x5D, 0xF0, 0x76, 0xE8, 0xA0, 0xFE, 0x0B, 0x83, 0x68,
    0x89, 0xF4, 0x8D, 0xCE, 0xEB, 0xE4, 0xA0, 0x7A, 0xE0, 0x89, 0xDA, 0x8C, 0x11, 0xCE, 0x02, 0xD1,
    0x73, 0x23, 0x48, 0x7C, 0xE8, 0x1E, 0x4D, 0x64, 0x86, 0xBA, 0x4E, 0xB8, 0x11, 0x54, 0x5F, 0x20,
    0x52, 0xC8, 0xC0, 0xB0, 0xE7, 0xE9, 0x87, 0x41, 0x81, 0xAD, 0x15, 0x91, 0xA5, 0x0C, 0xA5, 0xA6,
    0x82, 0xFC, 0xF1, 0xC0, 0x1A, 0xF1, 0xC1, 0x9C, 0x37, 0xF8, 0xF7, 0xDB, 0x4E, 0x85, 0x99, 0x97,
    0x5D, 0x5D, 0xE4, 0x24, 0x34, 0x81, 0x5D, 0x54, 0x16, 0x84, 0x20, 0x3E, 0x07, 0x47, 0xC4, 0xA1,
    0xA1, 0xC5, 0xC0, 0xCA, 0x05, 0x9D, 0xDC, 0x03, 0xBF, 0xD5, 0x8E, 0xE7, 0xAA, 0x79, 0xD9, 0x3D,
    0x89, 0xB4, 0xA4, 0xAA, 0x8C, 0x84, 0x92, 0x04, 0x00, 0x90, 0x47, 0x9A, 0x45, 0x50, 0x90, 0x06,
    0x0C, 0x43, 0xA5, 0x13, 0xBD, 0x77, 0x5E, 0x8E, 0x73, 0x94, 0xA3, 0x97, 0x51, 0x56, 0x2D, 0x02,
    0xCC, 0x64, 0xEC, 0x89, 0x8B, 0xA1, 0x83, 0xA4, 0xBB, 0xF5, 0x87, 0x78, 0x40, 0x13, 0x41, 0xF5,
    0xCD, 0x3D, 0xFB, 0xB5, 0xAA, 0xAD, 0x0D, 0x0A, 0x27, 0x61, 0x40, 0x98, 0x65, 0x4D, 0xA2, 0x13,
    0x6D, 0x71, 0x84, 0xC8, 0x70, 0x0E, 0x34, 0x09, 0xE1, 0xEA, 0xEA, 0xEB, 0x1E, 0x69, 0x90, 0xFC,
    0x9B, 0xD3, 0x1D, 0x87, 0x6B, 0x20, 0x4A, 0xF1, 0xE6, 0x14, 0xC0, 0xE1, 0x89, 0x45, 0x07, 0x00,
    0x09, 0x42, 0x76, 0xA1, 0x04, 0x83, 0xBD, 0x84, 0x4E, 0xCA, 0x34, 0x6D, 0x9F, 0x30, 0xF5, 0x3A,
    0xF1, 0x71, 0x10, 0x32, 0x02, 0x93, 0x00, 0xC8, 0x52, 0xA5, 0x95, 0xE8, 0x6F, 0xE6, 0xFB, 0x3A,
    0x4C, 0x61, 0x8E, 0x48, 0x3E, 0xB4, 0x16, 0x80, 0x02, 0x1B, 0x16, 0x63, 0x08, 0xC0, 0x6B, 0xCE,
    0x57, 0xC7, 0xDD, 0x41, 0x39, 0x19, 0x54, 0x8F, 0xE1, 0xFD, 0x1F, 0xF0, 0xDA, 0x1B, 0x02, 0x04,
    0x3B, 0x07, 0x91, 0xA8, 0x0B, 0xE9, 0xA0, 0x4A, 0x6E, 0xDE, 0x6A, 0x06, 0xB8, 0xE0, 0x67, 0x0E,
    0x0C, 0x08, 0x43, 0xE4, 0xFE, 0x52, 0x97, 0xE7, 0xC0, 0x1F, 0x15, 0x9A, 0x61, 0x94, 0x0C, 0x8B,
    0x30, 0x62, 0xDD, 0x25, 0x83, 0x4E, 0x03, 0x60, 0xDA, 0x5B, 0x20, 0x1E, 0x21, 0x75, 0xFC, 0x7F,
    0x3F, 0xC1, 0x0F, 0x63, 0x43, 0x80, 0x61, 0xA1, 0xA1, 0x42, 0x88, 0x63, 0x7E, 0xAC, 0x83, 0x0F,
    0xF4, 0xD6, 0x03, 0x3A, 0xA6, 0xBD, 0x6F, 0xDF, 0xE8, 0x07, 0x71, 0x83, 0x7E, 0xC3, 0xDE, 0x21,
    0x90, 0x4B, 0x25, 0x0C, 0xF4, 0x88, 0x52, 0x77, 0x04, 0x43, 0x99, 0xDC, 0x50, 0x65, 0x08, 0xC0,
    0xE7, 0x87, 0x10, 0x1E, 0xFF, 0xCD, 0x71, 0xF7, 0x09, 0xB7, 0xB5, 0x1F, 0x5E, 0x9A, 0x0E, 0x46,
    0x88, 0x87, 0xDB, 0xB6, 0x7F, 0x40, 0x21, 0x61, 0x8D, 0xF7, 0xA0, 0xE6, 0x64, 0x3D, 0xC4, 0x75,
    0x5B, 0xB5, 0x80, 0x43, 0x1A, 0x27, 0x99, 0x9B, 0x87, 0xF1, 0x6E, 0x5F, 0xCF, 0x5F, 0x03, 0xA3,
    0x5C, 0x5A, 0x98, 0x40, 0xA5, 0x4A, 0xB3, 0x4A, 0xCA, 0x29, 0x75, 0xFC, 0x93, 0x03, 0x6E, 0x93,
    0x06, 0x54, 0xE5, 0x1C, 0x7B, 0x6E, 0x3D, 0x85, 0xAC, 0x67, 0x01, 0x73, 0x8A, 0xFC, 0x08, 0x1B,
    0xCD, 0x94, 0xBC, 0xC8, 0x0E, 0x49, 0x9A, 0x11, 0x50, 0x82, 0xC5, 0x03, 0x01, 0xEB, 0x1E, 0x69,
    0x92, 0x09, 0x2D, 0x98, 0x10, 0x4B, 0xDC, 0xE6, 0x21, 0x63, 0xD1, 0x9D, 0x16, 0x4E, 0xF3, 0xEC,
    0xA0, 0x4B, 0x39, 0x10, 0x75, 0xFD, 0x01, 0xB1, 0x4C, 0xD1, 0x84, 0x7B, 0x42, 0x4A, 0xC6, 0x1F,
    0xE0, 0x6F, 0x7C, 0x9E, 0x25, 0xDD, 0xA0, 0xC0, 0x72, 0x50, 0x2E, 0xA4, 0x38, 0x94, 0x05, 0xD6,
    0x73, 0x87, 0x00, 0xF8, 0x02, 0x77, 0x1E, 0x9E, 0x30, 0x93, 0x9E, 0x17, 0x44, 0x7A, 0x83, 0x84,
    0x98, 0x35, 0x1B, 0xE0, 0x8E, 0x47, 0xD8, 0x29, 0x0D, 0x73, 0xE4, 0x3A, 0x81, 0x03, 0x5C, 0x9D,
    0x74, 0x28, 0xD5, 0xC7, 0x78, 0x68, 0x1D, 0x0E, 0x6B, 0x8D, 0xA2, 0xA6, 0x67, 0x66, 0x4E, 0xED,
    0xAA, 0xD2, 0x48, 0x54, 0x8C, 0xD3, 0x1C, 0xD1, 0x3B, 0xCF, 0xD5, 0xB8, 0x87, 0x7E, 0xEB, 0x88,
    0x76, 0x5B, 0x1E, 0xE0, 0xB0, 0x8D, 0xC9, 0x93, 0x78, 0xD9, 0xCE, 0x18, 0x2E, 0xEE, 0x77, 0xBD,
    0x50, 0xCC, 0x5C, 0x38, 0x6D, 0x83, 0x0B, 0x45, 0x3C, 0xDC, 0x16, 0x9A, 0x80, 0x96, 0xA1, 0x91,
    0xE0, 0x85, 0xE3, 0x5C, 0x9B, 0x31, 0x9E, 0xBC, 0x59, 0xA8, 0x70, 0x75, 0x27, 0x5C, 0x2C, 0x4C,
    0x40, 0xC8, 0x35, 0xBC, 0x0D, 0x5C, 0x4E, 0xF2, 0xC5, 0x73, 0x08, 0xF1, 0xC7, 0xE0, 0x08, 0x37,
    0xD2, 0xA2, 0x26, 0x69, 0x40, 0x77, 0x22, 0x5D, 0x85, 0xDC, 0xA3, 0xB4, 0x4D, 0x5B, 0x83, 0xB9,
    0x02, 0xC0, 0xD1, 0x15, 0x0D, 0x58, 0xB8, 0x39, 0xA5, 0x26, 0x17, 0x4E, 0x06, 0x91, 0xC3, 0x15,
    0xC0, 0xE5, 0x61, 0x47, 0x6A, 0x11, 0xCE, 0xC2, 0x88, 0xB0, 0x6C, 0x38, 0x36, 0x1B, 0x58, 0x37,
    0x87, 0x03, 0x9A, 0xBE, 0x56, 0x7B, 0xF2, 0x9F, 0x34, 0x8D, 0x0A, 0x7B, 0xDD, 0x4B, 0xAB, 0x30,
    0x9E, 0x10, 0x4B, 0x2C, 0x43, 0x72, 0x9B, 0x08, 0x40, 0xEE, 0x86, 0xF8, 0x63, 0x82, 0x7C, 0x42,
    0x02, 0x36, 0xF6, 0x02, 0xA2, 0x41, 0x2A, 0x3A, 0x51, 0x80, 0xB6, 0xFB, 0x40, 0xED, 0x94, 0xB2,
    0x8B, 0xDE, 0xC0, 0x95, 0x46, 0xBB, 0x05, 0x23, 0xE1, 0x33, 0x50, 0x72, 0x62, 0x80, 0x73, 0x82,
    0xA1, 0x63, 0x59, 0xA8, 0xD9, 0x4E, 0xFC, 0x9A, 0x5C, 0xA5, 0x3D, 0x94, 0xD2, 0x42, 0xA2, 0xA9,
    0x7B, 0x52, 0x8B, 0xB1, 0xF4, 0x68, 0x59, 0x09, 0x7F, 0x1D, 0x7B, 0xEE, 0x85, 0xCE, 0x0A, 0x79,
    0xC4, 0x99, 0xA6, 0xDC, 0x37, 0xA2, 0x6F, 0xCF, 0x62, 0x39, 0x30, 0xE4, 0x05, 0xE1, 0xB6, 0x7C,
    0x73, 0x2D, 0x91, 0xBF, 0x84, 0xFC, 0x74, 0x9F, 0x41, 0x2C, 0xD0, 0x15, 0x19, 0x93, 0x04, 0xB6,
    0xE8, 0x5C, 0x23, 0x21, 0x76, 0x06, 0x3C, 0x20, 0x79, 0x5E, 0x14, 0x51, 0x73, 0x88, 0xF2, 0x3B,
    0xC2, 0x59, 0x9B, 0x2E, 0x0D, 0xBE, 0xBB, 0xD7, 0xE7, 0xDE, 0x26, 0x9A, 0xE2, 0x86, 0x12, 0x6C,
    0xB2, 0x69, 0xC8, 0x65, 0x49, 0xA0, 0xBF, 0x59, 0x76, 0xB2, 0x20, 0x28, 0x35, 0xC9, 0xD5, 0x82,
    0x95, 0x53, 0x6F, 0x8C, 0xB9, 0x43, 0x37, 0x68, 0x74, 0x1B, 0x92, 0x66, 0xDB, 0x92, 0xAC, 0x53,
    0x5B, 0xEA, 0xF9, 0x33, 0x7C, 0x45, 0x48, 0x46, 0x08, 0xD2, 0x19, 0x55, 0x11, 0x98, 0x8D, 0xF4,
    0x4B, 0xC4, 0x1D, 0x25, 0x99, 0x70, 0x55, 0x04, 0xCD, 0x9D, 0xD0, 0x29, 0xD3, 0x2B, 0xB0, 0x86,
    0x15, 0xAE, 0x1C, 0x99, 0x0C, 0x04, 0x06, 0x80, 0x8A, 0xF7, 0x21, 0xE5, 0x53, 0x24, 0x23, 0x01,
    0xF8, 0xD7, 0x4A, 0x20, 0x07, 0x05, 0x00, 0x30, 0x44, 0x66, 0x94, 0x32, 0x36, 0x96, 0xB5, 0xD8,
    0x40, 0xD0, 0xA6, 0x89, 0x38, 0x4D, 0x34, 0x1A, 0x68, 0x46, 0xAA, 0xA2, 0xD7, 0x2C, 0x59, 0x1B,
    0x10, 0x1D, 0xE5, 0x89, 0x60, 0x85, 0x98, 0xC2, 0xE6, 0xB9, 0xED, 0x7C, 0x88, 0x67, 0xC0, 0xCE,
    0xB3, 0x35, 0xC0, 0x3C, 0x36, 0x53, 0x45, 0xB5, 0xB7, 0x05, 0xAD, 0x8E, 0x65, 0xC6, 0x6F, 0x24,
    0x05, 0xDC, 0xE4, 0xD1, 0x81, 0xBB, 0x00, 0xC3, 0x3B, 0x82, 0x20, 0x1C, 0x9D, 0x66, 0xB6, 0x2D,
    0x7C, 0xF7, 0x9B, 0xB1, 0x41, 0xDF, 0x10, 0x03, 0x08, 0xA2, 0x1A, 0x91, 0x00, 0x4B, 0x0E, 0x69,
    0x9D, 0xEA, 0x4D, 0x18, 0xD8, 0x69, 0x77, 0xF0, 0xA0, 0xE4, 0xE1, 0xA0, 0x30, 0x10, 0xA1, 0xE2,
    0x25, 0x2D, 0x1A, 0x65, 0x9A, 0x60, 0xBC, 0x67, 0xA9, 0x07, 0x7D, 0xD2, 0x7D, 0x32, 0x1C, 0x80,
    0xA7, 0x24, 0x0F, 0x42, 0x68, 0x00, 0xD2, 0x50, 0x0D, 0x82, 0xCC, 0x2C, 0x0A, 0xD9, 0x0C, 0xCA,
    0x0C, 0x8B, 0x0D, 0x63, 0x18, 0x6E, 0x18, 0xD7, 0x5C, 0x37, 0x73, 0x77, 0x66, 0xD9, 0x06, 0xE6,
    0x74, 0x8C, 0xD6, 0x80, 0xB2, 0x37, 0x00, 0x28, 0x50, 0x34, 0x60, 0x25, 0xAB, 0x5A, 0xC0, 0xCD,
    0x37, 0x5A, 0x9C, 0x98, 0x09, 0xA7, 0x0D, 0xB6, 0xC6, 0x0D, 0x04, 0xDB, 0x7E, 0xFA, 0xD0, 0xBD,
    0x6B, 0x6C, 0xCB, 0x5A, 0xB3, 0xA4, 0x84, 0xA4, 0x21, 0x45, 0x1B, 0x39, 0x1E, 0xDD, 0x9E, 0xBD,
    0x5A, 0xAA, 0x13, 0x90, 0x27, 0x9E, 0xDD, 0xC8, 0x6F, 0xB8, 0xC8, 0xB0, 0xEC, 0x89, 0xCA, 0x63,
    0x46, 0x86, 0x26, 0x40, 0x0E, 0xC2, 0x62, 0x1A, 0x40, 0x80, 0x07, 0x78, 0x02, 0x0D, 0x02, 0x98,
    0xB4, 0x22, 0x65, 0x61, 0x62, 0x18, 0x71, 0x61, 0x6E, 0x14, 0x08, 0x50, 0xB8, 0x52, 0xF8, 0xAC,
    0x5C, 0x34, 0x00, 0xE0, 0x38, 0x96, 0x35, 0x1B, 0xA1, 0x58, 0x64, 0x34, 0x8A, 0x62, 0xC0, 0x07,
    0x17, 0x5D, 0xE1, 0x12, 0x16, 0x41, 0xB8, 0xFB, 0x51, 0x0A, 0x6E, 0x24, 0x60, 0xD9, 0x1E, 0x3F,
    0x65, 0xC3, 0x7B, 0x12, 0x41, 0xE8, 0x23, 0xB2, 0x40, 0x3E, 0xD9, 0xC7, 0x90, 0xEC, 0x3D, 0x78,
    0x8E, 0x02, 0xFD, 0x84, 0x8B, 0xC5, 0x19, 0xD1, 0x24, 0xE8, 0xA5, 0x75, 0x07, 0xB7, 0x06, 0x44,
    0x5E, 0x06, 0x2F, 0xFA, 0xA7, 0xC0, 0x76, 0x0A, 0x34, 0x35, 0x1F, 0xBC, 0x14, 0x84, 0xBF, 0x00,
    0x1D, 0xB2, 0xF4, 0xCE, 0x5E, 0x3E, 0x35, 0x99, 0x02, 0xF9, 0xDE, 0x8E, 0xAD, 0xD4, 0x68, 0xA8,
    0xB7, 0xB0, 0x97, 0xBD, 0xC2, 0x09, 0x2D, 0x8C, 0x62, 0xA4, 0x33, 0x4D, 0xA2, 0x17, 0xB2, 0x58,
    0x5A, 0x13, 0x24, 0x50, 0xAD, 0x47, 0x93, 0x5A, 0xD5, 0x92, 0x4D, 0x72, 0xB6, 0xC4, 0xE4, 0xA1,
    0xA7, 0x4B, 0x30, 0xF7, 0x59, 0xA0, 0xA9, 0xAE, 0x05, 0x61, 0xA5, 0x78, 0x0C, 0x6A, 0xC6, 0x06,
    0xE6, 0x60, 0x58, 0xA8, 0x5E, 0x81, 0x36, 0x40, 0x22, 0xBB, 0x3A, 0xEF, 0xC6, 0xAB, 0x59, 0xF6,
    0x85, 0xC0, 0x38, 0x82, 0xB7, 0x94, 0x30, 0x44, 0x52, 0x2F, 0x53, 0xA9, 0x59, 0x3C, 0x0B, 0xA2,
    0x05, 0x84, 0x9D, 0xC8, 0xD3, 0x1E, 0x85, 0xC4, 0x39, 0x13, 0x48, 0x0F, 0x9F, 0x40, 0xF0, 0x0E,
    0xFF, 0x58, 0xC0, 0xAF, 0x6A, 0x25, 0x1A, 0x19, 0xA3, 0x61, 0x0B, 0x2E, 0xFC, 0x30, 0xD6, 0xC3,
    0x36, 0x6E, 0x8F, 0x31, 0xF6, 0xA5, 0x72, 0xBB, 0x24, 0x52, 0xAC, 0x6A, 0x99, 0x2F, 0xAE, 0x30,
    0x33, 0xD2, 0x52, 0x51, 0xDC, 0xC2, 0x19, 0xC0, 0x2C, 0xFC, 0xBA, 0xED, 0xEA, 0x25, 0xF6, 0x45,
    0x77, 0x77, 0xFF, 0x25, 0xE5, 0xEE, 0x09, 0x08, 0x07, 0xCF, 0xFE, 0xDF, 0x8B, 0x6D, 0x17, 0xA0,
    0xA8, 0x67, 0xCD, 0x3D, 0x0D, 0xFD, 0xE5, 0xF2, 0x04, 0x62, 0x07, 0x74, 0x78, 0xF2, 0x3B, 0x98,
    0xD8, 0x0B, 0xCB, 0x44, 0x81, 0x6F, 0x2B, 0x0C, 0x90, 0x2B, 0x7F, 0x05, 0x8A, 0x22, 0x5D, 0x4C,
    0xE2, 0x79, 0x05, 0x18, 0xEF, 0x04, 0x3E, 0x5D, 0x36, 0x35, 0xD5, 0xC1, 0x3E, 0x84, 0xC1, 0xDD,
    0xCC, 0x81, 0x90, 0x81, 0x96, 0x56, 0xC0, 0x3B, 0x6D, 0xEB, 0x8B, 0x44, 0x44, 0xDD, 0x91, 0xAE,
    0x30, 0x94, 0x9C, 0xCA, 0x0D, 0x37, 0x24, 0xCB, 0x05, 0xB1, 0x8B, 0x4F, 0x65, 0x17, 0x28, 0xC4,
    0x6C, 0x5E, 0x37, 0xF5, 0x69, 0x0B, 0xAD, 0x16, 0xB9, 0xB5, 0x14, 0xF6, 0xC9, 0x1C, 0xDC, 0x01,
    0x40, 0x66, 0x06, 0x0E, 0x25, 0x9B, 0x04, 0x2D, 0x12, 0x25, 0xE9, 0x26, 0x5A, 0x60, 0xB8, 0x55,
    0xB5, 0xF9, 0x2F, 0x9E, 0xC4, 0x12, 0x87, 0x21, 0x0A, 0x0D, 0xD4, 0x85, 0x90, 0x22, 0x16, 0x1A,
    0x4D, 0x10, 0xCA, 0x9B, 0x44, 0x22, 0xCA, 0x9A, 0x02, 0x51, 0xC5, 0x66, 0x01, 0x23, 0x00, 0xC0,
    0x80, 0xCF, 0x6F, 0x77, 0x57, 0xA0, 0x23, 0x10, 0x03, 0x4B, 0x0A, 0x96, 0x4C, 0x7A, 0x1D, 0x80,
    0xA4, 0xEC, 0x08, 0x35, 0x0B, 0xC2, 0xEB, 0xB9, 0x14, 0xE1, 0x4B, 0xA8, 0x23, 0x75, 0x66, 0x16,
    0x78, 0xC0, 0x3A, 0x24, 0x3D, 0x80, 0xC8, 0x0F, 0xD4, 0x92, 0x98, 0x22, 0xB1, 0x7D, 0x06, 0x2F,
    0x3E, 0xB9, 0x23, 0x3F, 0x55, 0x78, 0x5C, 0xA8, 0xE7, 0x1B, 0x10, 0xCC, 0x57, 0xAD, 0x72, 0x47,
    0x8E, 0x92, 0x27, 0xBB, 0x7D, 0x68, 0xD1, 0x41, 0x27, 0x6A, 0xE0, 0xB4, 0x1F, 0x54, 0x20, 0x65,
    0x59, 0x6B, 0x9E, 0x9B, 0x76, 0x7A, 0x79, 0xCB, 0x6E, 0x67, 0x68, 0x71, 0x5A, 0xE4, 0xA2, 0xAA,
    0x1E, 0x89, 0x64, 0xBC, 0x42, 0x6B, 0xDB, 0x6C, 0xE5, 0xEA, 0xC5, 0x32, 0xA7, 0x33, 0x1A, 0x3B,
    0x5A, 0x43, 0x58, 0xFA, 0x4F, 0x61, 0x2A, 0x76, 0x7D, 0x36, 0x00, 0x91, 0xB5, 0x75, 0xE9, 0x94,
    0x24, 0x60, 0xA1, 0x26, 0x11, 0x0F, 0xC4, 0x41, 0xA6, 0x11, 0xD8, 0xF6, 0x4F, 0xAF, 0x04, 0x9F,
    0xE3, 0x56, 0x27, 0x76, 0x21, 0x92, 0x00, 0x1C, 0x8A, 0x0E, 0x5C, 0x7F, 0x9B, 0xEB, 0x2C, 0x9E,
    0xAC, 0xEB, 0x7A, 0xFA, 0x77, 0x78, 0xD9, 0xF0, 0x24, 0x88, 0x86, 0x22, 0x28, 0x20, 0x4A, 0x56,
    0x06, 0xE0, 0x71, 0x42, 0x4B, 0xB1, 0xED, 0x07, 0xF2, 0xB2, 0xEA, 0x01, 0xD9, 0xF2, 0x68, 0x07,
    0xF9, 0xC4, 0x94, 0x14, 0xA0, 0xC0, 0x10, 0x90, 0x24, 0xA2, 0x07, 0x72, 0xEA, 0x7E, 0x88, 0x78,
    0x11, 0x44, 0x21, 0x05, 0xDA, 0x83, 0xC8, 0x2C, 0xA8, 0x40, 0xAE, 0xAB, 0x50, 0xF0, 0x4B, 0x59,
    0x23, 0x45, 0x5F, 0xBB, 0x94, 0x67, 0x00, 0x8F, 0x06, 0x9E, 0xD8, 0x26, 0x67, 0xCF, 0xE5, 0xC7,
    0x8E, 0xDD, 0xB6, 0xFB, 0xF4, 0x0C, 0x26, 0x4A, 0x0A, 0x5D, 0x84, 0x60, 0x19, 0x79, 0xF9, 0xA8,
    0x29, 0x91, 0x00, 0xD4, 0x13, 0xEC, 0x29, 0x69, 0x65, 0x61, 0x80, 0x99, 0x57, 0x4A, 0x75, 0x7B,
    0xC0, 0xE9, 0x01, 0x1D, 0xC0, 0x14, 0x22, 0x89, 0xF3, 0x00, 0x39, 0xA0, 0x82, 0x08, 0x34, 0x14,
    0x68, 0x03, 0xE8, 0x2C, 0xD2, 0x65, 0xFF, 0x29, 0x30, 0x07, 0x98, 0x16, 0x33, 0x2F, 0x84, 0x4B,
    0x35, 0x54, 0xC5, 0x69, 0x80, 0x7D, 0x91, 0x03, 0xF2, 0xA5, 0xA9, 0x09, 0x09, 0x10, 0x20, 0x66,
    0x4A, 0xD8, 0x05, 0xCF, 0xBD, 0x01, 0x97, 0x14, 0xC4, 0x00, 0x36, 0x70, 0x3D, 0xDA, 0x63, 0x0D,
    0x65, 0xAF, 0x72, 0xE6, 0x33, 0x72, 0x4D, 0x75, 0x28, 0x0E, 0xC2, 0x20, 0xEC, 0x7D, 0xB1, 0x1B,
    0x09, 0x88, 0xA3, 0x19, 0x17, 0x7E, 0xAA, 0x02, 0x72, 0x40, 0x60, 0x60, 0x8C, 0x42, 0x63, 0xE9,
    0x04, 0x76, 0x02, 0xCA, 0x2B, 0xC6, 0xAC, 0x58, 0xE2, 0x4D, 0x08, 0x7D, 0xDF, 0x37, 0xBA, 0x25,
    0x40, 0xFD, 0x7E, 0x88, 0x19, 0x20, 0x44, 0x2B, 0x10, 0xB9, 0xD9, 0x34, 0x9A, 0x07, 0x0A, 0x1D,
    0xE3, 0x00, 0x7F, 0x2B, 0xFB, 0x8D, 0x3E, 0x2C, 0x9A, 0x12, 0x30, 0x13, 0x81, 0xA8, 0x89, 0x9D,
    0x8D, 0xC8, 0x4F, 0x73, 0x41, 0xF6, 0x23, 0x14, 0xF9, 0x58, 0xF0, 0x50, 0x0D, 0x2E, 0x0B, 0x09,
    0x1D, 0xC7, 0x93, 0xA3, 0x53, 0x94, 0x16, 0x66, 0x4D, 0x9E, 0x8F, 0x20, 0x3A, 0xFB, 0x7E, 0x2C,
    0xC7, 0x28, 0x6C, 0x9C, 0x3D, 0xF1, 0xCD, 0x5A, 0x0B, 0x20, 0x29, 0x27, 0x19, 0x16, 0x1D, 0x42,
    0x12, 0x09, 0x20, 0x5A, 0x03, 0xED, 0x09, 0x80, 0xBA, 0x3B, 0xCF, 0x77, 0xCA, 0x72, 0x11, 0x12,
    0x3D, 0xE3, 0xEA, 0xD2, 0x38, 0xF6, 0xC4, 0x4D, 0xC8, 0xA5, 0x03, 0x10, 0x94, 0x34, 0x85, 0x2A,
    0x6F, 0x7C, 0xC4, 0x41, 0xE3, 0xE2, 0x67, 0x09, 0xF5, 0x88, 0x51, 0xA6, 0xC4, 0xAC, 0x09, 0x03,
    0x6E, 0x05, 0x06, 0xB0, 0xC1, 0x10, 0xC1, 0xFD, 0x2B, 0x58, 0x72, 0x62, 0x98, 0x84, 0x8B, 0x87,
    0x54, 0x80, 0x48, 0x33, 0xE8, 0xA0, 0xFA, 0xD8, 0x2D, 0x99, 0xF8, 0x98, 0x9F, 0x8B, 0xE9, 0x8F,
    0xF3, 0x58, 0x70, 0x3B, 0x8D, 0x19, 0xBA, 0x6B, 0xB5, 0xC3, 0xA3, 0x6E, 0x56, 0x10, 0x9F, 0x22,
    0x33, 0x32, 0xCC, 0xF4, 0xF4, 0x39, 0x6D, 0x92, 0x68, 0x91, 0xF2, 0x44, 0x35, 0x9F, 0x5D, 0xA0,
    0x3E, 0xCE, 0x0F, 0xAD, 0xF0, 0x1F, 0xB4, 0x22, 0x0F, 0x8F, 0x04, 0xF2, 0x50, 0x0D, 0x0B, 0x56,
    0x76, 0xB6, 0xF2, 0x05, 0x8F, 0x94, 0x82, 0x12, 0xFF, 0x2E, 0xAB, 0x43, 0xF0, 0x20, 0x1B, 0xD7,
    0x3C, 0x07, 0xC8, 0x4E, 0x9B, 0x10, 0x04, 0xDB, 0x22, 0xCB, 0xA7, 0xA7, 0xA1, 0xC5, 0xBA, 0xC0,
    0x86, 0xF0, 0x32, 0xAE, 0x22, 0xA1, 0xF9, 0x73, 0x07, 0xEF, 0x85, 0x0B, 0xB2, 0x32, 0x12, 0x12,
    0x05, 0x1E, 0x88, 0xD8, 0x30, 0x73, 0x4E, 0x61, 0x95, 0x5C, 0x05, 0xEA, 0x1C, 0x75, 0x7E, 0xB1,
    0x90, 0x19, 0x19, 0x18, 0xBB, 0xC0, 0xF6, 0x3F, 0x5A, 0x41, 0xA4, 0x81, 0x14, 0xD7, 0xA6, 0x24,
    0x88, 0x32, 0x2F, 0x0D, 0x46, 0x83, 0xB0, 0x3B, 0xF5, 0x38, 0x9F, 0x57, 0x85, 0x07, 0xCD, 0x12,
    0x90, 0x10, 0xC6, 0xC8, 0x3D, 0x40, 0xA4, 0x8D, 0xA1, 0x01, 0xB5, 0x9B, 0xD8, 0x3C, 0xA9, 0xB5,
    0xCE, 0xF6, 0x90, 0x73, 0x19, 0xE4, 0xDF, 0x61, 0xB3, 0x00, 0x90, 0x76, 0xCC, 0x29, 0x09, 0x27,
    0xCA, 0x89, 0x34, 0x66, 0x06, 0xB3, 0x5A, 0x72, 0xD1, 0x0A, 0x44, 0x1A, 0x4E, 0xE5, 0x80, 0xCE,
    0xC5, 0x71, 0xAF, 0xDA, 0x1E, 0xFC, 0x24, 0x1A, 0xCB, 0x2E, 0x39, 0x02, 0x42, 0x24, 0x20, 0xF5,
    0x13, 0x90, 0xDC, 0xE4, 0x7E, 0xEF, 0x8A, 0xF0, 0xCD, 0x02, 0x6C, 0x6D, 0xB4, 0x21, 0x24, 0x3E,
    0x0D, 0x0F, 0x79, 0x0B, 0x21, 0x24, 0x73, 0x9C, 0x94, 0xFD, 0x23, 0x14, 0x02, 0x45, 0x12, 0xE6,
    0xAA, 0xA8, 0x9D, 0x96, 0x87, 0xDC, 0x15, 0x65, 0x21, 0x32, 0x41, 0x31, 0xC8, 0x4C, 0x35, 0xBF,
    0x15, 0xB5, 0xC5, 0xB5, 0xA0, 0xDB, 0x93, 0x33, 0xAD, 0x70, 0x20, 0xC5, 0xFD, 0x64, 0xAA, 0x4D,
    0x17, 0x72, 0x55, 0xBD, 0x01, 0x1E, 0xD4, 0x14, 0x08, 0x61, 0x85, 0x4F, 0x5B, 0xD8, 0xF3, 0xB7,
    0xEB, 0xE8, 0x6E, 0xCB, 0x5D, 0x10, 0x33, 0x82, 0xBA, 0xCA, 0x9B, 0x0C, 0xA8, 0x8E, 0xC1, 0x13,
    0x08, 0x02, 0x71, 0x7B, 0xCF, 0x47, 0x51, 0xAF, 0x64, 0x8C, 0xF1, 0x4E, 0xBE, 0xC2, 0x06, 0x54,
    0x8A, 0x50, 0x10, 0x16, 0x09, 0xFB, 0xFE, 0xEA, 0xE7, 0xFB, 0x0D, 0x0C, 0x6B, 0x7B, 0x37, 0xF3,
    0x42, 0xE4, 0x3A, 0x84, 0xE6, 0xE1, 0x36, 0x4E, 0x52, 0x1B, 0x84, 0x0C, 0x20, 0x3E, 0x3A, 0xA9,
    0x22, 0xA8, 0xA6, 0x03, 0x09, 0x74, 0x58, 0xDA, 0xCC, 0x9F, 0xE1, 0xD0, 0x66, 0x9C, 0x87, 0x0B,
    0x63, 0x07, 0xAC, 0x25, 0xD7, 0x3D, 0xF9, 0xA3, 0xAB, 0x28, 0x44, 0xD5, 0x50, 0x45, 0x53, 0x30,
    0x41, 0x48, 0x41, 0x11, 0x25, 0x05, 0x64, 0xE0, 0x54, 0x23, 0x13, 0x55, 0x41, 0x15, 0x4C, 0xCC,
    0x04, 0x4D, 0x25, 0x19, 0x38, 0x48, 0x11, 0x35, 0x54, 0x15, 0x14, 0xC8, 0xD0, 0x95, 0xF4, 0x5A,
    0xB5, 0x44, 0x43, 0x02, 0x34, 0x34, 0xD6, 0x27, 0xCC, 0xCF, 0xBE, 0xA1, 0xD5, 0x90, 0x22, 0x0A,
    0x50, 0x02, 0x96, 0x24, 0xA1, 0x00, 0x28, 0x27, 0xA7, 0xAD, 0xB2, 0x77, 0xF6, 0x67, 0x24, 0x90,
    0x3B, 0x7E, 0xF3, 0x61, 0x3B, 0x90, 0x03, 0x70, 0x79, 0x41, 0x3C, 0xAA, 0x53, 0x08, 0x26, 0x43,
    0x20, 0x4C, 0xC2, 0x74, 0x7C, 0x3A, 0xD1, 0x11, 0x02, 0x71, 0x23, 0x22, 0xB6, 0xF0, 0x3A, 0x73,
    0xCF, 0x2C, 0x38, 0x95, 0x6A, 0x38, 0xB0, 0x71, 0x63, 0x5F, 0x5B, 0xC9, 0xED, 0x0D, 0x6D, 0x27,
    0x3F, 0x4E, 0x60, 0x7A, 0xA2, 0xCD, 0xC3, 0x06, 0x16, 0x52, 0x22, 0x32, 0xB3, 0x20, 0x0A, 0x2A,
    0x1E, 0x88, 0x8F, 0x00, 0x0E, 0x30, 0xE4, 0x89, 0x92, 0x11, 0x77, 0xF0, 0x50, 0xCA, 0x48, 0x3C,
    0x48, 0x2C, 0x84, 0x52, 0x61, 0x0A, 0x38, 0x03, 0xB1, 0x3B, 0x08, 0x2E, 0xD6, 0x13, 0x13, 0xD8,
    0x44, 0xD7, 0x86, 0xE9, 0x23, 0x8D, 0x3E, 0x4A, 0x0E, 0x71, 0x30, 0x65, 0xB4, 0x7A, 0xF7, 0xFB,
    0x34, 0xCA, 0xAE, 0x29, 0xE3, 0x8A, 0x55, 0xA6, 0xA5, 0x6E, 0x54, 0xF9, 0xC2, 0x46, 0x46, 0x36,
    0x35, 0x0D, 0x79, 0x79, 0x8F, 0x91, 0xC6, 0xF8, 0xE4, 0xC8, 0x4F, 0xC8, 0x31, 0x4A, 0x52, 0xE8,
    0x11, 0x10, 0xE7, 0xA8, 0x61, 0xCD, 0x97, 0x4B, 0xA4, 0x66, 0x2F, 0x6C, 0xAA, 0x80, 0x4A, 0x5D,
    0x36, 0xD3, 0xCF, 0x20, 0xAB, 0xCB, 0x42, 0x32, 0x98, 0x71, 0x16, 0x44, 0xD3, 0x46, 0x2D, 0x05,
    0xC1, 0x54, 0x30, 0xCC, 0x41, 0x40, 0x8E, 0x0D, 0x41, 0xD5, 0x99, 0x10, 0x16, 0xB6, 0x68, 0x78,
    0x63, 0x71, 0xC2, 0xB7, 0x1A, 0x07, 0x14, 0x4C, 0x77, 0xE7, 0x2D, 0x25, 0x05, 0x2D, 0x23, 0x10,
    0xA0, 0xE2, 0x40, 0xA8, 0x9C, 0x48, 0x08, 0xE0, 0x32, 0xA5, 0x44, 0x50, 0xAA, 0x6D, 0x82, 0x84,
    0x01, 0x30, 0xA2, 0x51, 0x10, 0xD3, 0xCF, 0x3E, 0xA7, 0x63, 0x60, 0xD3, 0xB6, 0x94, 0xB2, 0x26,
    0x7E, 0x76, 0x54, 0x2D, 0x0A, 0x31, 0x59, 0x75, 0x5C, 0x0E, 0xA5, 0x0C, 0x9F, 0xC2, 0x2E, 0x86,
    0xB3, 0x28, 0x87, 0x09, 0x4D, 0x7B, 0xE0, 0x57, 0x63, 0xAD, 0xB7, 0x8C, 0xDE, 0xA0, 0x3C, 0xE8,
    0x94, 0xA3, 0x22, 0x14, 0xB5, 0x05, 0x55, 0x0E, 0x81, 0xC7, 0x88, 0x9B, 0xB0, 0xB9, 0xC2, 0x01,
    0x04, 0x20, 0xC1, 0x21, 0xC4, 0xCF, 0x0B, 0x20, 0x5E, 0x8E, 0x55, 0x41, 0x50, 0x24, 0x90, 0x40,
    0x7C, 0xA1, 0x6D, 0x8E, 0x7D, 0x5B, 0xF2, 0x64, 0x7A, 0xAB, 0x5D, 0xC0, 0xF0, 0x52, 0x19, 0x6D,
    0x81, 0x80, 0x6E, 0x32, 0x44, 0xC7, 0xE6, 0x88, 0x87, 0x9E, 0x50, 0xB9, 0x5C, 0xE1, 0x7E, 0x29,
    0x47, 0x77, 0x45, 0x1B, 0x60, 0xC4, 0x24, 0xFA, 0xC3, 0xD8, 0x3A, 0xD6, 0x04, 0xE0, 0x76, 0xC8,
    0x6D, 0xD6, 0xDC, 0x45, 0x88, 0xEB, 0x3A, 0x90, 0xBA, 0x1D, 0x7A, 0x49, 0x08, 0x8B, 0x68, 0xFC,
    0x83, 0xA2, 0x56, 0x1F, 0x55, 0xBF, 0xC3, 0xD1, 0x4F, 0x5D, 0xAC, 0x9D, 0xD1, 0x8C, 0x81, 0xF9,
    0x59, 0xB0, 0x07, 0xC9, 0xEE, 0xFF, 0x25, 0x4D, 0x44, 0xAC, 0x01, 0x20, 0x01, 0xF4, 0xBD, 0xFF,
    0xDC, 0x09, 0x29, 0xA9, 0x88, 0xF8, 0x7D, 0x67, 0x53, 0x40, 0x4D, 0xAB, 0xF4, 0x4A, 0x73, 0x4F,
    0x3C, 0x80, 0xAC, 0x12, 0x16, 0x7C, 0x4C, 0x4B, 0xC2, 0x18, 0xA8, 0x9E, 0x40, 0x5B, 0xF7, 0x7C,
    0xCF, 0x1F, 0x6F, 0xB3, 0xF0, 0x01, 0xCF, 0xD4, 0x86, 0xA6, 0x69, 0x9C, 0x6A, 0x49, 0xEB, 0x18,
    0x0B, 0x43, 0xF8, 0x40, 0x3B, 0x11, 0x08, 0x21, 0x20, 0x10, 0xA9, 0x8F, 0x31, 0xF5, 0x00, 0x2F,
    0x6E, 0x26, 0x78, 0x01, 0x0B, 0xEC, 0x85, 0x15, 0x80, 0x68, 0x46, 0xC0, 0x16, 0x67, 0xBD, 0x23,
    0x37, 0x39, 0xC3, 0x14, 0x24, 0x22, 0xB2, 0xCF, 0x23, 0x01, 0x82, 0x8C, 0x83, 0xD0, 0x0C, 0xF5,
    0xF7, 0xD0, 0x78, 0x6A, 0x15, 0x2E, 0x58, 0x94, 0x55, 0x8B, 0x16, 0xB3, 0x41, 0x60, 0xA9, 0xB2,
    0x2F, 0x7A, 0xFB, 0x7B, 0x3B, 0xBD, 0xCA, 0x1E, 0x9F, 0x79, 0x82, 0xE6, 0x59, 0x35, 0x73, 0x2B,
    0xC8, 0x4B, 0x23, 0x47, 0xEB, 0xAE, 0xC0, 0xD4, 0x20, 0x98, 0x82, 0x5D, 0xF1, 0x64, 0xC0, 0xBC,
    0x54, 0x4C, 0xAA, 0x84, 0x45, 0xD4, 0x8B, 0xBE, 0x3C, 0x7E, 0x1D, 0x41, 0x39, 0xDB, 0xAF, 0x43,
    0xB5, 0x55, 0x3B, 0x05, 0xA5, 0x09, 0x62, 0x49, 0x24, 0x64, 0x4C, 0xCD, 0x13, 0x19, 0xC7, 0x4F,
    0x07, 0xD1, 0xFA, 0x6E, 0xDF, 0xBF, 0x8B, 0xC7, 0xB1, 0x5B, 0x74, 0x0C, 0x82, 0xFB, 0x8E, 0x16,
    0x1B, 0x5B, 0xA7, 0xE8, 0xBE, 0xB8, 0x71, 0x4E, 0x4B, 0xBA, 0xF8, 0x39, 0x91, 0x76, 0x27, 0xE5,
    0xDE, 0x1A, 0x04, 0x10, 0xD7, 0xB6, 0x95, 0x46, 0x92, 0xC3, 0x8A, 0x41, 0x5E, 0xC6, 0xFC, 0xF8,
    0x41, 0x93, 0xCC, 0x48, 0x1E, 0xDF, 0xB9, 0x6B, 0x21, 0x0E, 0xEF, 0x3F, 0xE7, 0x1C, 0x23, 0x68,
    0x9A, 0x48, 0xDB, 0xB7, 0x6C, 0xC1, 0x46, 0x35, 0x37, 0x12, 0x14, 0x8C, 0x83, 0x51, 0x83, 0x6D,
    0x37, 0x62, 0xC1, 0x63, 0x13, 0x68, 0x70, 0xB1, 0xD9, 0x12, 0x24, 0x5B, 0xDC, 0xB2, 0xB3, 0x22,
    0xC2, 0xCA, 0xAD, 0xD2, 0xB2, 0x11, 0xB6, 0x83, 0x26, 0x2C, 0xC4, 0x1B, 0x54, 0x00, 0xA8, 0x98,
    0xC6, 0x20, 0x30, 0xA6, 0x5E, 0x4A, 0x11, 0x42, 0x08, 0x98, 0x1D, 0x88, 0xCA, 0x19, 0x41, 0xB4,
    0xDD, 0xB8, 0xC0, 0xF0, 0xE6, 0x31, 0x8C, 0x18, 0x61, 0x0B, 0x42, 0x80, 0xC9, 0x0C, 0x67, 0x40,
    0xD9, 0xBD, 0x3B, 0x23, 0x73, 0x48, 0xCC, 0x03, 0xA7, 0x5F, 0x11, 0xB0, 0x78, 0xD8, 0x66, 0xD0,
    0x1C, 0x09, 0x89, 0x5B, 0x31, 0x31, 0x90, 0x4D, 0x42, 0xEB, 0xC8, 0xC1, 0xC9, 0x25, 0xEA, 0x48,
    0x55, 0x1B, 0x50, 0x5A, 0x3F, 0x6E, 0x40, 0x50, 0x38, 0x9A, 0x15, 0x51, 0xF1, 0xD8, 0x2B, 0x34,
    0x20, 0x01, 0x00, 0x7D, 0xDE, 0x9A, 0x79, 0xCC, 0xAD, 0xA2, 0x6B, 0x10, 0x64, 0x48, 0x00, 0x93,
    0x0C, 0xA8, 0x88, 0x94, 0xB6, 0xCA, 0x82, 0xCD, 0x13, 0x63, 0x40, 0x81, 0xD4, 0xD5, 0x12, 0x08,
    0xFA, 0xE8, 0xF4, 0x06, 0xE4, 0x96, 0xA6, 0x30, 0xE2, 0x14, 0xCC, 0x84, 0x8C, 0x8E, 0x0E, 0xB4,
    0x38, 0x33, 0x2B, 0xAC, 0xCA, 0xAA, 0xC0, 0xC0, 0x65, 0x09, 0x94, 0x99, 0x49, 0x80, 0x68, 0x3A,
    0xFE, 0x31, 0xD3, 0xB0, 0x7F, 0x59, 0x90, 0xEC, 0xBD, 0x84, 0xCF, 0x46, 0x9D, 0x74, 0xC6, 0x2B,
    0x00, 0xF4, 0x88, 0x86, 0x6A, 0x61, 0x20, 0x80, 0x48, 0x2D, 0x20, 0x60, 0x83, 0xA0, 0xBE, 0x60,
    0x17, 0x33, 0x4E, 0x0F, 0xA8, 0x72, 0xA0, 0x94, 0xA1, 0x1D, 0x29, 0xEC, 0x84, 0x94, 0x20, 0x95,
    0x91, 0x13, 0x01, 0x3D, 0x39, 0x80, 0xA3, 0x8B, 0x18, 0x91, 0x81, 0x0B, 0x11, 0x4B, 0x1D, 0x30,
    0x50, 0x13, 0x23, 0xF3, 0x00, 0x32, 0xF7, 0x24, 0xA5, 0x10, 0x24, 0x11, 0xDB, 0xC2, 0x1C, 0xF2,
    0x1D, 0x24, 0xE8, 0x06, 0xEC, 0x05, 0xCF, 0x70, 0x10, 0x11, 0xC4, 0x0D, 0x86, 0x64, 0x2A, 0xC4,
    0x2A, 0xE2, 0x48, 0x94, 0x20, 0xC8, 0x9C, 0xAA, 0xF8, 0x0E, 0x0E, 0x83, 0xAF, 0xD5, 0x0C, 0xB6,
    0x26, 0x79, 0xE2, 0xCC, 0x08, 0x61, 0x03, 0x2D, 0xD1, 0x4F, 0x12, 0x7C, 0x5D, 0xA7, 0x80, 0x1F,
    0x95, 0x4E, 0x51, 0xAE, 0x33, 0x6C, 0x74, 0xDE, 0xA1, 0x75, 0x0E, 0x31, 0x84, 0x23, 0x86, 0x8E,
    0x01, 0x03, 0x8A, 0xC0, 0x42, 0x04, 0x24, 0x10, 0x4D, 0x4C, 0x45, 0x14, 0x44, 0xC4, 0x24, 0xA4,
    0x84, 0x1E, 0x36, 0x47, 0x6E, 0xB0, 0x8A, 0x63, 0x39, 0x44, 0x0B, 0x5C, 0xDC, 0x36, 0x54, 0xCF,
    0x1A, 0xB9, 0x72, 0x80, 0x2E, 0x10, 0x14, 0x3A, 0xC2, 0x8E, 0x04, 0x59, 0x3C, 0x6F, 0x2C, 0xE3,
    0x40, 0xE1, 0x6A, 0x00, 0xC4, 0xCC, 0x99, 0x77, 0x64, 0x26, 0xF6, 0x61, 0xA9, 0xC9, 0x0C, 0xD6,
    0xB5, 0xA9, 0x2C, 0xB0, 0x4A, 0x00, 0xA0, 0x0C, 0x26, 0x20, 0x58, 0x86, 0x65, 0xDD, 0x48, 0x63,
    0x0A, 0x43, 0x99, 0x55, 0x55, 0x42, 0xED, 0xD6, 0x3B, 0xAC, 0xC8, 0xC3, 0x9D, 0x02, 0x2B, 0x81,
    0xB3, 0x15, 0x36, 0xA0, 0x68, 0xC0, 0x52, 0x1E, 0x41, 0xD0, 0xC3, 0xA5, 0x61, 0xD1, 0x86, 0x43,
    0x68, 0x5D, 0x26, 0x8D, 0x62, 0x22, 0x9A, 0x16, 0x96, 0x2A, 0x02, 0x80, 0x82, 0x21, 0x95, 0xED,
    0x06, 0x07, 0x67, 0xDD, 0xC2, 0x77, 0x20, 0x1D, 0x39, 0x75, 0x1B, 0xF4, 0x0F, 0xA3, 0x84, 0x12,
    0x21, 0xE2, 0x83, 0xAC, 0x59, 0x93, 0x20, 0xD6, 0x38, 0xD2, 0x40, 0xA2, 0xE6, 0x0A, 0x71, 0x8C,
    0x81, 0xE0, 0x9B, 0x52, 0xC0, 0x48, 0x4C, 0x70, 0x5F, 0xB3, 0xE1, 0xCD, 0x5C, 0xF6, 0xDD, 0x88,
    0x81, 0x21, 0xF0, 0x6C, 0x2B, 0x20, 0x36, 0x33, 0xF6, 0x90, 0x81, 0x2C, 0x41, 0x10, 0x44, 0x0C,
    0x08, 0x93, 0x22, 0x03, 0xF8, 0x7D, 0x18, 0x9A, 0x99, 0x8A, 0xAA, 0x88, 0xA4, 0x0F, 0x9D, 0x00,
    0x95, 0x43, 0xD1, 0xFB, 0x4B, 0xFC, 0x9E, 0x0D, 0x80, 0x40, 0x7B, 0xCF, 0xD9, 0x4F, 0x86, 0x10,
    0x6C, 0x9B, 0x1F, 0x7C, 0xC8, 0x84, 0x5D, 0x8A, 0x73, 0xAE, 0x64, 0x7C, 0x12, 0xD4, 0xC5, 0xE8,
    0xE0, 0x18, 0x5A, 0x87, 0x60, 0xC2, 0xA2, 0x8D, 0x54, 0x35, 0xD8, 0x18, 0x91, 0x57, 0x7F, 0x14,
    0xD7, 0xD7, 0x5E, 0x63, 0xD9, 0x01, 0x91, 0xA8, 0x7E, 0xEF, 0x5E, 0x58, 0x23, 0xEC, 0x0F, 0xCF,
    0x2F, 0xD2, 0x47, 0xBE, 0x36, 0x07, 0xAC, 0xDB, 0xD8, 0x81, 0x3F, 0xB9, 0x3C, 0x15, 0xBC, 0x0D,
    0x42, 0xB4, 0xD1, 0x7B, 0x7F, 0x8C, 0x94, 0x09, 0xE4, 0x92, 0xA7, 0x33, 0x46, 0x47, 0x49, 0x55,
    0x35, 0x20, 0x50, 0x9E, 0x5E, 0x32, 0xA4, 0x10, 0xA8, 0xA8, 0x3D, 0x3A, 0xAC, 0xCA, 0xF9, 0xD1,
    0x02, 0xC3, 0x39, 0x84, 0x0E, 0xFF, 0x93, 0x05, 0x83, 0x2E, 0xA2, 0xBD, 0x43, 0xC1, 0x19, 0x48,
    0x80, 0x88, 0x2A, 0xA8, 0x59, 0x80, 0xA4, 0x12, 0x00, 0x48, 0xC2, 0x41, 0x62, 0x04, 0x30, 0x21,
    0x0F, 0xDC, 0x0B, 0x52, 0xEE, 0xE3, 0xB7, 0xD8, 0x23, 0xE7, 0x6B, 0x64, 0x8E, 0x43, 0xD2, 0x06,
    0x30, 0x77, 0x5C, 0x32, 0x37, 0x86, 0x53, 0x8D, 0xDD, 0x07, 0x3E, 0xDC, 0x4E, 0xEB, 0x15, 0x56,
    0x28, 0xCD, 0x2A, 0xE3, 0x55, 0x2C, 0x3A, 0x34, 0xB0, 0xAC, 0x01, 0xB8, 0xD0, 0x49, 0x23, 0x89,
    0x89, 0x42, 0x07, 0x43, 0xEB, 0xE8, 0x37, 0x1E, 0x77, 0x65, 0xCF, 0x9A, 0x56, 0x72, 0xA0, 0x82,
    0x71, 0xE0, 0xBE, 0x64, 0x78, 0x47, 0x5E, 0xA9, 0x43, 0xA9, 0xE4, 0x0C, 0x99, 0xA1, 0xD5, 0xDC,
    0x71, 0xFF, 0xEB, 0xAF, 0x70, 0x35, 0x7D, 0x18, 0xC6, 0x49, 0x20, 0x19, 0x68, 0x8F, 0x41, 0x83,
    0xBC, 0xC9, 0x7C, 0x90, 0xCD, 0x80, 0x5F, 0x63, 0xA1, 0xD5, 0x43, 0x6F, 0x1E, 0x7F, 0x8F, 0x4D,
    0x14, 0xA4, 0xCA, 0x0B, 0x30, 0x9C, 0x31, 0xB5, 0x3F, 0x76, 0x02, 0xE9, 0x4D, 0x10, 0x4D, 0xB4,
    0x3A, 0x63, 0x20, 0x30, 0x62, 0x3B, 0x8F, 0x2F, 0xA3, 0xB1, 0xFC, 0xD8, 0xEB, 0x78, 0x3C, 0xB0,
    0x68, 0x6E, 0xB9, 0x13, 0x99, 0x77, 0x78, 0x17, 0x15, 0xF5, 0x0F, 0x2C, 0xB5, 0x3E, 0xC2, 0x6E,
    0x8D, 0x0B, 0x5D, 0xC4, 0x89, 0x66, 0x00, 0x44, 0x80, 0xB1, 0x33, 0x31, 0x0F, 0x68, 0x0F, 0x04,
    0x38, 0x14, 0x5B, 0xA8, 0xEB, 0xCA, 0xCB, 0xC4, 0x7A, 0x70, 0x90, 0xEA, 0x8D, 0xE2, 0x79, 0x37,
    0xFA, 0x27, 0x6C, 0x13, 0x98, 0x70, 0x4C, 0xCC, 0xBC, 0xB6, 0xC7, 0xB5, 0x44, 0xAA, 0x4F, 0xA6,
    0x34, 0x11, 0x26, 0x7A, 0x09, 0x88, 0xB0, 0x72, 0xA7, 0xB2, 0xA2, 0x61, 0xD3, 0xA1, 0x18, 0x50,
    0x90, 0x3E, 0x2A, 0x90, 0xA4, 0x58, 0xEF, 0x00, 0xDE, 0x50, 0x63, 0xC9, 0x11, 0xEB, 0x37, 0x10,
    0x52, 0x40, 0x06, 0x45, 0x4B, 0x2F, 0xDA, 0x8F, 0xDD, 0x96, 0x50, 0x33, 0x38, 0x66, 0x99, 0x24,
    0xB8, 0xFC, 0x02, 0x77, 0x9D, 0xB6, 0x5E, 0xA2, 0xC2, 0x70, 0x83, 0x28, 0x21, 0x8A, 0x07, 0xEE,
    0xEF, 0xCD, 0x23, 0xB8, 0x80, 0x00, 0x90, 0xDA, 0x10, 0x9B, 0x62, 0xBD, 0x9A, 0x2C, 0x38, 0x76,
    0xE0, 0xE0, 0x18, 0x56, 0x3A, 0x2B, 0x7F, 0x6B, 0xE5, 0x94, 0xA6, 0xC1, 0x02, 0xED, 0xB2, 0x60,
    0x62, 0x06, 0x01, 0xA1, 0x31, 0xFA, 0x09, 0xC1, 0xF6, 0x0F, 0xD3, 0xF8, 0x3E, 0xE4, 0x7E, 0xDF,
    0xC2, 0xCD, 0xB6, 0x17, 0x9A, 0x56, 0x31, 0xE5, 0x50, 0x33, 0x69, 0xFC, 0xBA, 0x4E, 0x65, 0x67,
    0x67, 0x0E, 0x14, 0x37, 0xC3, 0x7B, 0x1E, 0xB6, 0x0A, 0x0D, 0xAD, 0x81, 0x8D, 0xBC, 0x9E, 0xF2,
    0x8A, 0x20, 0xAA, 0xAA, 0x45, 0x90, 0x86, 0x61, 0x79, 0x15, 0x87, 0x24, 0xA6, 0x22, 0x88, 0x08,
    0xA6, 0x9A, 0x28, 0x62, 0x45, 0x81, 0x88, 0x8E, 0xE4, 0x3F, 0x4F, 0x85, 0xDC, 0x40, 0x21, 0x0D,
    0x29, 0x1E, 0x1D, 0x10, 0xDF, 0x61, 0x5C, 0x9A, 0x8D, 0x24, 0x86, 0x96, 0x96, 0x6D, 0x18, 0xC8,
    0x81, 0xA0, 0xAD, 0xD8, 0x4D, 0xB8, 0x70, 0x8B, 0xD5, 0x86, 0x35, 0x12, 0x6B, 0x02, 0xCC, 0x48,
    0xA6, 0x49, 0xA4, 0x25, 0xA7, 0x09, 0xC6, 0x86, 0xDC, 0xD2, 0x64, 0xB3, 0x48, 0x10, 0xD4, 0x90,
    0x45, 0x56, 0xB0, 0x5C, 0x94, 0x72, 0x50, 0xCA, 0x80, 0x93, 0xEC, 0xE1, 0x91, 0x45, 0xAC, 0x3D,
    0xBC, 0x6F, 0x42, 0x04, 0x91, 0x01, 0x12, 0xAC, 0x27, 0x32, 0x06, 0x82, 0x10, 0x68, 0x51, 0x60,
    0x60, 0x48, 0x40, 0x5E, 0x99, 0xF6, 0x3E, 0xC3, 0x04, 0x4F, 0x22, 0x86, 0x1B, 0x0D, 0x98, 0x00,
    0x2D, 0xE3, 0xBF, 0x1D, 0x47, 0x8A, 0xF6, 0xE6, 0x12, 0x30, 0x22, 0x6B, 0x93, 0x41, 0xA9, 0x24,
    0x07, 0xBC, 0xE0, 0x26, 0x42, 0xA2, 0xD1, 0x21, 0xB4, 0x26, 0x09, 0xE6, 0x92, 0x52, 0xC0, 0x94,
    0x4D, 0x49, 0x28, 0xD9, 0xED, 0x60, 0x29, 0x46, 0xF5, 0x81, 0xBD, 0x99, 0x91, 0x63, 0x8E, 0xC3,
    0x41, 0x83, 0x84, 0x62, 0xD1, 0xA8, 0x2A, 0x91, 0xB3, 0x10, 0x45, 0xF7, 0x1C, 0xA3, 0xF2, 0x31,
    0x36, 0x8F, 0xDA, 0x44, 0xF9, 0x7B, 0xEE, 0xF1, 0x39, 0x21, 0xDA, 0xB6, 0xD4, 0x9D, 0x5D, 0x87,
    0x2E, 0x75, 0x4F, 0x0E, 0x54, 0xDB, 0x96, 0x16, 0x2D, 0x59, 0x7B, 0xA8, 0x74, 0x5D, 0xD6, 0x22,
    0x10, 0x1F, 0xEB, 0x63, 0x88, 0x68, 0x67, 0x33, 0x9B, 0x60, 0x26, 0x37, 0x24, 0x8C, 0x85, 0xAC,
    0xA7, 0x50, 0x41, 0xC8, 0xEF, 0x44, 0xD8, 0xE5, 0x7F, 0x29, 0xE9, 0x06, 0xEF, 0xD1, 0x56, 0xA2,
    0x32, 0x40, 0x05, 0x08, 0x45, 0x18, 0xD8, 0x84, 0x05, 0x0C, 0xBF, 0x9B, 0x31, 0x73, 0x31, 0x73,
    0x31, 0x67, 0xEB, 0xE3, 0x58, 0x64, 0x79, 0x02, 0xE7, 0xD9, 0xCD, 0x37, 0x11, 0x6F, 0xEC, 0x1E,
    0x83, 0x4F, 0x03, 0x7D, 0x2F, 0x6A, 0x6F, 0xCC, 0x94, 0xBB, 0x5B, 0xDE, 0x21, 0x0E, 0xBE, 0x19,
    0x73, 0xCC, 0x46, 0x88, 0x23, 0x74, 0x00, 0x28, 0x21, 0x9A, 0x95, 0x1F, 0x80, 0xF1, 0xF0, 0x47,
    0xC0, 0x0F, 0x3E, 0x0B, 0xBB, 0xB8, 0x4D, 0x12, 0xB4, 0x3D, 0x27, 0x5A, 0x9E, 0x42, 0xC4, 0xB9,
    0x99, 0x9F, 0x6A, 0xF0, 0x38, 0xC7, 0xA4, 0x8D, 0x7A, 0x8C, 0x13, 0x50, 0x94, 0x99, 0x34, 0xB4,
    0x41, 0x28, 0xFC, 0x48, 0x01, 0x9A, 0x9D, 0x43, 0x28, 0xD2, 0xD4, 0x81, 0xD2, 0x88, 0x69, 0xF2,
    0xE1, 0x6F, 0x0C, 0x15, 0x53, 0x00, 0x54, 0x6C, 0xB0, 0x04, 0x4E, 0x56, 0x40, 0xA3, 0x03, 0x92,
    0xA2, 0x01, 0xE6, 0x0F, 0x2A, 0xAB, 0xCB, 0x20, 0x91, 0xEB, 0x3F, 0x25, 0x71, 0xC5, 0xC3, 0x04,
    0xBB, 0x75, 0x35, 0xF2, 0x40, 0x66, 0x4B, 0x4A, 0x23, 0xD5, 0x34, 0xC8, 0x53, 0x71, 0x25, 0x55,
    0x26, 0x95, 0x2C, 0xA1, 0xD4, 0x1C, 0x90, 0x04, 0xA4, 0x78, 0xAA, 0x3B, 0xAD, 0x52, 0x9D, 0xB2,
    0x20, 0x8C, 0x60, 0x36, 0x94, 0xA2, 0x2F, 0x21, 0xD4, 0x28, 0xB0, 0x68, 0x95, 0x1A, 0x4B, 0xD5,
    0x8D, 0xB4, 0xA0, 0xAC, 0xEB, 0x12, 0xE1, 0x59, 0x57, 0x32, 0xA6, 0x43, 0x28, 0x89, 0x3D, 0xD6,
    0x5A, 0x80, 0xC3, 0x01, 0xAF, 0xAA, 0x46, 0x03, 0x0A, 0x62, 0xA0, 0x88, 0x43, 0x54, 0x44, 0xC8,
    0x78, 0xBB, 0x69, 0xA1, 0x38, 0x0D, 0xCB, 0xA1, 0x45, 0xCA, 0x1B, 0x04, 0xB6, 0x30, 0xB0, 0xF1,
    0xB1, 0x87, 0x88, 0x7C, 0x0C, 0x08, 0x13, 0x36, 0x8C, 0xEA, 0xFA, 0xD0, 0x4A, 0x1C, 0x31, 0x96,
    0x37, 0x37, 0x0D, 0x72, 0x19, 0x89, 0xD2, 0xEC, 0xCC, 0xAE, 0x23, 0xA1, 0x1A, 0x2C, 0xEA, 0xAD,
    0x16, 0x2B, 0xC6, 0x59, 0x28, 0x0D, 0xFE, 0xA6, 0xBA, 0x97, 0x4F, 0x44, 0x65, 0x37, 0x4C, 0xC5,
    0x9C, 0xCA, 0x2D, 0xBA, 0x67, 0xD3, 0x66, 0xEA, 0x29, 0xB7, 0xAD, 0x58, 0x5A, 0x16, 0xAE, 0x04,
    0x6B, 0x94, 0xE2, 0x36, 0xA3, 0x1D, 0x45, 0x87, 0x3A, 0x28, 0xD0, 0xE4, 0x57, 0xBB, 0xF8, 0x72,
    0xCD, 0x1D, 0x17, 0x09, 0x43, 0xB6, 0xEC, 0x2B, 0x87, 0x23, 0x5C, 0x9D, 0x4C, 0x6D, 0x63, 0x2A,
    0x9A, 0xD6, 0xE9, 0x92, 0x06, 0x49, 0xBC, 0x89, 0x60, 0x32, 0x11, 0x2C, 0x3D, 0xC5, 0xC1, 0x1F,
    0x49, 0x55, 0x55, 0x04, 0xA4, 0x92, 0x4A, 0x90, 0xB0, 0xF0, 0x79, 0x2E, 0x2B, 0xCF, 0x20, 0xF8,
    0xA8, 0x47, 0xC0, 0x1F, 0x2C, 0xFC, 0xAF, 0x43, 0x12, 0xFA, 0x98, 0xE0, 0x15, 0x4E, 0x93, 0xDD,
    0xAD, 0x64, 0x8E, 0x24, 0x2C, 0x0C, 0x1A, 0x08, 0x31, 0xCC, 0x64, 0xC9, 0xCC, 0x39, 0xB1, 0x49,
    0x82, 0xD5, 0x43, 0x50, 0x93, 0xD8, 0x73, 0x92, 0x58, 0x2C, 0x9E, 0x49, 0xFF, 0xE9, 0xCC, 0xDD,
    0xBF, 0xAC, 0x43, 0x51, 0xAD, 0xE1, 0x1F, 0x1A, 0xBC, 0x20, 0xEF, 0xE9, 0x30, 0x1B, 0x0E, 0x63,
    0x9E, 0x6A, 0x9C, 0xB3, 0x61, 0x33, 0xA9, 0x90, 0xD8, 0x36, 0x5D, 0xEF, 0x2E, 0x7B, 0x5D, 0x0E,
    0x64, 0x34, 0xE7, 0xBB, 0x30, 0x4B, 0x88, 0x68, 0x71, 0x5D, 0xB8, 0x2E, 0x7B, 0xF3, 0xFD, 0x45,
    0x13, 0x44, 0x02, 0x37, 0x80, 0x9A, 0x3F, 0x35, 0x28, 0x19, 0x01, 0xA6, 0xC3, 0x50, 0x44, 0xC0,
    0xF3, 0x81, 0x14, 0x83, 0x4C, 0x73, 0x39, 0x65, 0xBA, 0x17, 0xBE, 0xF3, 0x22, 0xC1, 0xA0, 0x7A,
    0x1C, 0x1D, 0x14, 0x19, 0x87, 0x11, 0x44, 0x2F, 0x90, 0x1C, 0xF9, 0x42, 0x54, 0x7E, 0x03, 0x1E,
    0x9B, 0x70, 0x55, 0x3C, 0xD0, 0x19, 0x13, 0xDC, 0xAC, 0xAA, 0xA0, 0x60, 0x41, 0x04, 0x83, 0x0B,
    0x26, 0x0C, 0x25, 0x01, 0x88, 0x04, 0x10, 0xAC, 0x2E, 0x21, 0x08, 0x31, 0x0A, 0x60, 0x04, 0xAA,
    0x8B, 0xE1, 0x29, 0xB1, 0x89, 0xD5, 0x51, 0x44, 0x62, 0xB3, 0xE3, 0xB8, 0xD7, 0x40, 0xE9, 0x98,
    0x28, 0x7E, 0x3E, 0x4F, 0x3E, 0x98, 0x70, 0xDC, 0xCE, 0x51, 0x7A, 0xAF, 0xF8, 0xDE, 0x69, 0x5F,
    0x27, 0x0B, 0xDB, 0xCB, 0x10, 0xA0, 0xA1, 0x0C, 0x4B, 0xED, 0xE8, 0xD6, 0x9B, 0xD8, 0x61, 0xDA,
    0x1D, 0xD3, 0x15, 0x5D, 0xE2, 0x16, 0x05, 0x6F, 0x52, 0x1A, 0x30, 0xCB, 0x43, 0xAC, 0xD6, 0x9D,
    0x34, 0xEB, 0x31, 0x89, 0x37, 0x39, 0xC3, 0x8E, 0x57, 0x98, 0x03, 0x82, 0x65, 0x51, 0x09, 0x18,
    0x91, 0x5D, 0x97, 0x92, 0xA1, 0xCC, 0xAC, 0xF5, 0x54, 0x03, 0x54, 0x2C, 0x18, 0x0D, 0x10, 0x29,
    0xEF, 0x0B, 0x60, 0x34, 0xDB, 0x78, 0xEA, 0xA5, 0xF3, 0xC1, 0x6C, 0x72, 0xDB, 0x00, 0xE8, 0xBF,
    0xD4, 0x83, 0x44, 0x3C, 0x02, 0x2E, 0xA5, 0x93, 0x43, 0x22, 0x81, 0xBA, 0x42, 0x30, 0x62, 0x13,
    0x76, 0xA3, 0xB2, 0xBD, 0xD7, 0x43, 0x96, 0x94, 0x7E, 0xD2, 0x6D, 0x9C, 0xC5, 0x16, 0x0C, 0x25,
    0x8A, 0xB0, 0x62, 0x15, 0x7A, 0xA1, 0xB2, 0xC5, 0x6E, 0x3E, 0x70, 0x4A, 0x54, 0xC2, 0x1B, 0x92,
    0xC9, 0x75, 0xF2, 0x55, 0x86, 0x1C, 0x4C, 0x9F, 0x58, 0xD9, 0xCE, 0xFA, 0x85, 0x45, 0x77, 0x5B,
    0x90, 0xDB, 0xDF, 0x2E, 0xBA, 0xDD, 0xD6, 0xB9, 0xAE, 0x76, 0x6F, 0x67, 0xB3, 0x1E, 0x0D, 0xEB,
    0x01, 0x94, 0x7F, 0x04, 0x09, 0x12, 0x4C, 0xDC, 0xF5, 0x68, 0x2D, 0xED, 0xA0, 0x0A, 0x1B, 0xEB,
    0x9E, 0x78, 0x35, 0xC8, 0xBC, 0xB3, 0x8B, 0x54, 0x12, 0xC3, 0x63, 0x1B, 0x8D, 0xEA, 0x9B, 0x96,
    0x1B, 0x56, 0x37, 0x66, 0x94, 0x9A, 0xB1, 0xCF, 0x76, 0x90, 0xB1, 0x53, 0x3A, 0x38, 0x46, 0xE5,
    0xAD, 0x7B, 0x23, 0x6D, 0x72, 0xBC, 0x8E, 0xC6, 0xF2, 0x93, 0x6B, 0x60, 0x31, 0x99, 0x9E, 0x5A,
    0xC4, 0x90, 0x2F, 0x13, 0x03, 0x0F, 0x86, 0xC4, 0xC4, 0x44, 0x91, 0x28, 0x08, 0xB0, 0x21, 0xC3,
    0x29, 0x16, 0x60, 0x1A, 0x1D, 0x15, 0x08, 0x89, 0x01, 0xDD, 0xE5, 0x98, 0x00, 0xEF, 0x0A, 0x18,
    0x1E, 0x90, 0x64, 0xE8, 0x8C, 0x8C, 0x65, 0x88, 0x98, 0x19, 0x87, 0x13, 0x71, 0xC8, 0x6F, 0x6E,
    0xD8, 0x28, 0x89, 0xDB, 0x50, 0x9C, 0x53, 0x3A, 0xD9, 0x98, 0x56, 0x83, 0x08, 0xA0, 0x8A, 0x17,
    0xD7, 0x35, 0x53, 0x98, 0xC0, 0x69, 0x96, 0xD9, 0xD4, 0xD8, 0x86, 0x1A, 0x22, 0x80, 0x80, 0xDB,
    0x13, 0x13, 0x64, 0xE0, 0xDB, 0x1D, 0x63, 0x30, 0xE6, 0xC2, 0xEC, 0x99, 0x59, 0x22, 0xD2, 0x70,
    0x61, 0x48, 0x05, 0x3B, 0xF3, 0xC8, 0xC6, 0x85, 0x47, 0x0A, 0x37, 0xC8, 0x63, 0x8C, 0x60, 0xC3,
    0x9D, 0xF8, 0x06, 0xB9, 0x93, 0x75, 0xE8, 0x2F, 0x54, 0x9B, 0xBB, 0xB5, 0xA8, 0xEB, 0x9A, 0xAD,
    0x79, 0x78, 0x70, 0xF7, 0x6C, 0xC0, 0xB2, 0x12, 0x80, 0x2A, 0x29, 0xA2, 0x22, 0x26, 0xA2, 0x84,
    0xD4, 0x86, 0x4A, 0x94, 0x91, 0x1A, 0x70, 0x30, 0x28, 0x98, 0x0A, 0x11, 0xA8, 0xA6, 0x62, 0x26,
    0x15, 0xA1, 0x88, 0xF1, 0xD3, 0x66, 0xA8, 0x8A, 0x69, 0x24, 0x80, 0x26, 0x8A, 0x66, 0x22, 0x61,
    0x1A, 0x5A, 0x8A, 0xA8, 0x34, 0x73, 0x14, 0xD1, 0x4D, 0x25, 0xAD, 0x1C, 0x10, 0xA1, 0x48, 0x29,
    0x72, 0x94, 0x0D, 0xC6, 0xA1, 0xA8, 0x0E, 0x69, 0x7C, 0x05, 0x80, 0x6A, 0x34, 0x00, 0xE1, 0xB0,
    0x29, 0xB8, 0xB0, 0x6E, 0x01, 0xB8, 0xD0, 0x64, 0x0E, 0x04, 0x30, 0xA7, 0x3A, 0x4A, 0x62, 0x96,
    0x0C, 0x12, 0x4D, 0x0E, 0x2E, 0xD4, 0xDA, 0x4E, 0xD9, 0x1D, 0x21, 0xD4, 0x76, 0xF8, 0xAB, 0xA1,
    0xE8, 0x9A, 0x1C, 0x70, 0x3A, 0x0E, 0x21, 0xA0, 0x24, 0x9E, 0x0D, 0x14, 0x91, 0x14, 0x44, 0x51,
    0xCA, 0xE2, 0x27, 0xB7, 0x17, 0xE8, 0x61, 0x13, 0xD0, 0xF7, 0x8F, 0x26, 0x38, 0xE3, 0xE0, 0x62,
    0x19, 0x74, 0x04, 0x2E, 0x2E, 0xAD, 0x18, 0x8C, 0x1B, 0x91, 0x03, 0x47, 0x16, 0x0E, 0x8B, 0x43,
    0x44, 0x6A, 0x95, 0xB1, 0xD0, 0x1D, 0xE2, 0x6A, 0x52, 0xF7, 0xE0, 0x32, 0x49, 0x23, 0xBF, 0x32,
    0xE7, 0x32, 0x5D, 0xC6, 0xB2, 0x16, 0xD8, 0x0B, 0x13, 0x88, 0x72, 0xAC, 0x56, 0x49, 0x9E, 0xA5,
    0x60, 0x7D, 0x6A, 0x13, 0xA2, 0x5F, 0x33, 0x60, 0xE7, 0x91, 0xAD, 0x64, 0x85, 0xEF, 0xA2, 0x17,
    0x01, 0xE7, 0xA1, 0xAC, 0x0E, 0x0E, 0x79, 0x70, 0x12, 0xA4, 0xAA, 0x78, 0x08, 0xF5, 0xF4, 0xF7,
    0x3C, 0xC4, 0xA8, 0xF1, 0xDA, 0xCE, 0xA2, 0x46, 0x18, 0x29, 0x9E, 0xEB, 0x32, 0x23, 0x80, 0x30,
    0x00, 0x88, 0x4F, 0x8B, 0xF5, 0xF8, 0x35, 0xAD, 0x54, 0x18, 0x88, 0x7B, 0x91, 0x1F, 0xC8, 0x92,
    0xBC, 0x9C, 0xE3, 0x01, 0xE2, 0x79, 0x87, 0xB6, 0x6A, 0x24, 0x7F, 0x90, 0x06, 0xC1, 0x0E, 0x21,
    0x06, 0x85, 0x5E, 0x15, 0xE0, 0x81, 0x0C, 0x13, 0x08, 0x78, 0x57, 0xD4, 0x3D, 0x32, 0xC2, 0x7C,
    0x0B, 0x51, 0x78, 0x9E, 0x6E, 0xF2, 0x50, 0x7A, 0x7B, 0x6B, 0x1D, 0x8B, 0xD5, 0xBC, 0x88, 0xC0,
    0xD6, 0x83, 0x06, 0xA4, 0x08, 0x49, 0x3D, 0x9E, 0x79, 0x07, 0x3D, 0x0E, 0xA0, 0x41, 0xEE, 0xC1,
    0xD1, 0x06, 0x19, 0x99, 0x84, 0x66, 0x15, 0x91, 0x59, 0xC9, 0x2A, 0x06, 0xA0, 0x47, 0x03, 0x41,
    0xAD, 0x38, 0xA0, 0x49, 0x88, 0x33, 0x22, 0xE9, 0x27, 0x2D, 0x3E, 0xF6, 0x18, 0xD5, 0xAB, 0x22,
    0x03, 0x57, 0x64, 0xE0, 0xC4, 0xB8, 0xB8, 0xE3, 0x14, 0x34, 0x87, 0x7D, 0xEA, 0x67, 0xA0, 0x17,
    0x82, 0xC8, 0xBC, 0xBE, 0x53, 0xF8, 0xFB, 0x66, 0x38, 0x65, 0x08, 0x6A, 0xB1, 0xEC, 0xC4, 0x52,
    0xEF, 0x72, 0x41, 0x12, 0x2D, 0x37, 0x0C, 0x1A, 0x90, 0xCF, 0x7A, 0xA3, 0x0F, 0x1B, 0x27, 0xCE,
    0xB6, 0x0D, 0x00, 0xE1, 0x01, 0x76, 0x98, 0xEF, 0x89, 0xB4, 0x45, 0x3A, 0x90, 0xD0, 0x52, 0x6F,
    0x1F, 0x4B, 0x68, 0xCB, 0x33, 0x24, 0xB2, 0x8C, 0xB3, 0x32, 0xDA, 0xAD, 0x6E, 0xBA, 0x28, 0x9D,
    0x3E, 0xA1, 0xC7, 0x2C, 0x60, 0x79, 0x46, 0x89, 0x78, 0x05, 0x48, 0xCA, 0xA8, 0xD4, 0x08, 0x42,
    0x0C, 0x51, 0x82, 0x24, 0xA9, 0x8C, 0x04, 0x04, 0x28, 0x4E, 0x66, 0x94, 0x3A, 0x17, 0x53, 0xA7,
    0xC8, 0x69, 0xBA, 0xE0, 0xFA, 0x9C, 0x64, 0x43, 0x12, 0x40, 0x17, 0x21, 0xAA, 0xE5, 0x40, 0x0F,
    0x08, 0x27, 0xEA, 0x7D, 0x67, 0xB2, 0x1E, 0x29, 0xB3, 0xE3, 0xF7, 0x66, 0x39, 0x18, 0xE1, 0x65,
    0x78, 0x9A, 0x34, 0x44, 0xF9, 0x2E, 0x03, 0x03, 0x0D, 0xC8, 0xA1, 0x62, 0x0A, 0x47, 0x50, 0x36,
    0x1F, 0xCB, 0xDA, 0xF9, 0xFE, 0x9F, 0x07, 0xCD, 0x6A, 0x2F, 0x12, 0x49, 0xF8, 0x68, 0x7C, 0x26,
    0x06, 0x21, 0x9C, 0x79, 0x97, 0xF9, 0x6D, 0x76, 0x70, 0x55, 0xA5, 0xC5, 0x50, 0x5D, 0x51, 0xF0,
    0x45, 0xA2, 0xA1, 0x07, 0x6F, 0x24, 0x03, 0x7D, 0x2D, 0x9A, 0x52, 0x35, 0x6C, 0x6E, 0x84, 0xD8,
    0x0F, 0xA9, 0x13, 0xFD, 0xC1, 0xEC, 0x84, 0x9C, 0x27, 0xAE, 0x09, 0xEA, 0x2D, 0x3E, 0x48, 0x0F,
    0xAB, 0xD8, 0xD2, 0x8F, 0xB4, 0x57, 0x62, 0x9D, 0x65, 0x55, 0x72, 0x21, 0x80, 0x3A, 0x13, 0xDC,
    0x8F, 0xEC, 0xC2, 0xC1, 0x00, 0x1A, 0xFD, 0xB5, 0x4F, 0xC3, 0x2C, 0x31, 0x15, 0x0C, 0xB2, 0x30,
    0x93, 0x04, 0x23, 0x24, 0x4C, 0x08, 0x4C, 0x06, 0xC3, 0x99, 0x1F, 0x09, 0x71, 0xF7, 0x84, 0xCF,
    0x29, 0xFE, 0xD7, 0xD0, 0xFB, 0x7F, 0xF6, 0x46, 0x7A, 0x0C, 0x17, 0xB4, 0xC2, 0x75, 0x60, 0xA1,
    0x27, 0x23, 0xAF, 0x2E, 0x30, 0x3B, 0x83, 0x40, 0x78, 0x19, 0xF8, 0x16, 0x50, 0xA5, 0x1C, 0x69,
    0x36, 0x30, 0xF3, 0x11, 0x22, 0xD6, 0x11, 0x8F, 0x55, 0x16, 0x81, 0x5A, 0x68, 0x41, 0xFD, 0xE3,
    0x31, 0x00, 0x3C, 0xC4, 0xF6, 0xFD, 0x23, 0xE7, 0x3E, 0x81, 0xED, 0x4F, 0x1F, 0xD6, 0x1F, 0x93,
    0xF7, 0xA7, 0xAB, 0xE3, 0xD0, 0xAE, 0x8A, 0x6C, 0xBE, 0xBD, 0xEE, 0xF2, 0x24, 0x4C, 0x59, 0x6F,
    0xBB, 0x5F, 0x74, 0x01, 0x0D, 0xB8, 0x3D, 0x0A, 0x76, 0xCF, 0xAB, 0xD7, 0x55, 0x24, 0x8C, 0x64,
    0xA3, 0xA8, 0x2B, 0xD0, 0x43, 0xB4, 0xB2, 0x5D, 0xB5, 0xE5, 0xC9, 0x62, 0x05, 0x4B, 0xC6, 0x58,
    0x58, 0x6A, 0x38, 0x47, 0xDF, 0x2C, 0x0E, 0xA0, 0x7B, 0xD1, 0xFB, 0x30, 0x8F, 0x92, 0xC7, 0xD6,
    0x18, 0x62, 0xD4, 0x44, 0x40, 0xEA, 0x8A, 0x00, 0x7C, 0x3F, 0xA3, 0x8D, 0x35, 0xEF, 0x6A, 0x11,
    0x0D, 0xC6, 0x49, 0xFB, 0x90, 0x44, 0xE1, 0xE4, 0x60, 0x7A, 0x1D, 0xB1, 0x0F, 0xBF, 0x13, 0xD9,
    0x43, 0x8E, 0x06, 0x7B, 0xE1, 0xD2, 0x14, 0x55, 0x4A, 0xA9, 0x44, 0x46, 0x86, 0x09, 0x14, 0x06,
    0xA5, 0x25, 0x36, 0xE0, 0xCE, 0xE2, 0x98, 0xAA, 0x60, 0xFC, 0x6C, 0x40, 0x72, 0x04, 0x19, 0x83,
    0xD7, 0xCF, 0xC1, 0xC9, 0x3E, 0x01, 0xB8, 0x3B, 0x13, 0x02, 0x0E, 0x30, 0x01, 0x92, 0x00, 0x63,
    0x89, 0x8A, 0x93, 0x04, 0x1F, 0x21, 0x1A, 0x13, 0xD6, 0x63, 0xEB, 0xE1, 0x54, 0x5C, 0xFB, 0xA7,
    0x71, 0x35, 0x14, 0x43, 0x40, 0x9E, 0xAD, 0x67, 0xE0, 0xB6, 0xD2, 0xCB, 0x96, 0x07, 0x4D, 0x76,
    0x52, 0xDC, 0x19, 0x68, 0xDE, 0x8E, 0x22, 0x58, 0x76, 0x96, 0x18, 0xF1, 0xAC, 0x5B, 0xF8, 0x39,
    0xAA, 0xAD, 0x1C, 0xB8, 0x3D, 0x40, 0xD3, 0x88, 0xA1, 0x12, 0xD8, 0x70, 0x97, 0x71, 0x9B, 0x6E,
    0xD4, 0x01, 0x8E, 0x1C, 0x2B, 0xA7, 0x9C, 0xCD, 0x6C, 0x00, 0xFE, 0x19, 0xEA, 0xFA, 0x80, 0x3A,
    0x6C, 0x7B, 0x4D, 0xDB, 0x23, 0xBF, 0xD8, 0x98, 0x5B, 0x27, 0x38, 0xF3, 0x02, 0x06, 0x84, 0x5B,
    0x40, 0x4E, 0xB4, 0xFC, 0xDF, 0x8F, 0x30, 0xD7, 0x03, 0x8E, 0x89, 0xD7, 0x9A, 0xDC, 0xBF, 0x3E,
    0x78, 0x8B, 0xD5, 0x87, 0x05, 0xF6, 0x31, 0xC8, 0x18, 0xF6, 0x60, 0x65, 0x3E, 0xDE, 0x23, 0xAE,
    0x2D, 0xD9, 0x89, 0xD2, 0xC4, 0xE4, 0x2B, 0xB5, 0xBD, 0x0E, 0x47, 0xA8, 0x38, 0x84, 0xC4, 0x30,
    0xB0, 0xED, 0x8E, 0xA7, 0xA4, 0xE5, 0x92, 0x97, 0x37, 0x00, 0xDE, 0xDD, 0x86, 0xFE, 0xF9, 0xFA,
    0xBF, 0x84, 0xF1, 0x3F, 0x07, 0xDF, 0xD1, 0xB6, 0x20, 0xD9, 0x92, 0xD8, 0x28, 0xD5, 0x48, 0x40,
    0x32, 0x2F, 0x6C, 0xED, 0x8B, 0x18, 0x03, 0xF4, 0x9B, 0xF6, 0xB7, 0x86, 0x43, 0x64, 0x74, 0xE1,
    0x08, 0x50, 0xE5, 0x62, 0xFB, 0x26, 0xB7, 0x12, 0x7F, 0x86, 0x53, 0x08, 0xF2, 0x4E, 0x24, 0x81,
    0x92, 0x22, 0xA3, 0xDA, 0x27, 0x8D, 0xFF, 0xE9, 0x4E, 0x4E, 0x3B, 0x8D, 0x3D, 0x13, 0xFA, 0x9F,
    0x7F, 0xDE, 0xD0, 0x26, 0x10, 0x27, 0xE0, 0x9A, 0x68, 0x4F, 0x11, 0x9C, 0xBD, 0x66, 0x77, 0x5A,
    0xB6, 0x0B, 0x18, 0x22, 0xAC, 0x43, 0xEE, 0xC0, 0xCB, 0xAC, 0x1B, 0x06, 0xC2, 0x38, 0xD0, 0xD9,
    0x33, 0x06, 0x82, 0x92, 0x82, 0x82, 0x86, 0x92, 0x82, 0x87, 0x21, 0x32, 0x56, 0x92, 0x83, 0x88,
    0xFB, 0xC4, 0x71, 0x3A, 0x83, 0x72, 0x14, 0x14, 0x61, 0x2A, 0x39, 0x27, 0x12, 0xF8, 0xAC, 0x7C,
    0xE4, 0x6A, 0x4D, 0x25, 0xA2, 0xC9, 0x35, 0xC6, 0x26, 0x92, 0xDA, 0x48, 0xBC, 0x46, 0xE3, 0x26,
    0xA9, 0x28, 0xA6, 0x8E, 0xB0, 0x64, 0xD3, 0x49, 0x45, 0x0F, 0x11, 0xF6, 0xA1, 0x3D, 0x02, 0xC6,
    0xA3, 0x7F, 0x90, 0xE3, 0x5D, 0x2A, 0xA5, 0x78, 0x8E, 0xEC, 0x03, 0x03, 0xF7, 0xE7, 0x3E, 0xC5,
    0x9D, 0xA3, 0x18, 0xE3, 0x00, 0xF1, 0xE7, 0x1D, 0xF1, 0x07, 0x1A, 0x03, 0x35, 0x02, 0x61, 0x14,
    0x50, 0x8F, 0x7C, 0xA5, 0x05, 0x2F, 0x8C, 0x29, 0x42, 0xE4, 0x99, 0x64, 0x99, 0x64, 0x99, 0x64,
    0x99, 0x64, 0x99, 0x07, 0x71, 0x0E, 0xA0, 0xA7, 0x9A, 0xBC, 0xFF, 0x06, 0x3D, 0x21, 0x79, 0xE3,
    0x40, 0x6B, 0x52, 0x38, 0x44, 0xD1, 0xD7, 0x3F, 0x97, 0x2E, 0xCA, 0x22, 0x85, 0xB8, 0xE0, 0x09,
    0x50, 0x44, 0xE4, 0x33, 0x83, 0x0A, 0x8C, 0x4B, 0x16, 0x81, 0x28, 0x11, 0x36, 0x2C, 0x10, 0x48,
    0xD7, 0x05, 0x26, 0xAE, 0xEC, 0xC5, 0x35, 0x0F, 0x8F, 0x88, 0xE3, 0x3B, 0x30, 0x10, 0x60, 0x04,
    0xFF, 0x1E, 0x1E, 0xE8, 0xA3, 0xFD, 0xD0, 0xED, 0x2A, 0xAA, 0x48, 0x19, 0x3A, 0x41, 0x4F, 0x6F,
    0x5A, 0x9F, 0x49, 0xF7, 0x13, 0xF1, 0x1F, 0x6E, 0x0A, 0x1E, 0xF6, 0x28, 0x02, 0x7A, 0xF2, 0x0D,
    0x0D, 0xA7, 0xC1, 0xFC, 0x52, 0xE3, 0x09, 0xF1, 0x2B, 0xDB, 0x67, 0xF6, 0x9B, 0x17, 0xD7, 0x78,
    0x7C, 0x97, 0x77, 0x91, 0x26, 0x66, 0x59, 0x18, 0xA2, 0x94, 0xA1, 0x76, 0xF8, 0xA4, 0x2C, 0xC8,
    0x52, 0x15, 0x10, 0xA9, 0x0C, 0xCB, 0x60, 0x6C, 0x4C, 0x2C, 0x87, 0xC8, 0xC9, 0xCF, 0x1B, 0x81,
    0xD5, 0x77, 0x83, 0xF4, 0xD7, 0xC0, 0xE3, 0x36, 0xB1, 0x9D, 0x3F, 0x1B, 0xDF, 0x1A, 0x6C, 0xBC,
    0x34, 0xFA, 0xF2, 0xB6, 0xB5, 0x9E, 0x4A, 0x26, 0x92, 0x45, 0x5E, 0xA1, 0xFB, 0xFF, 0x87, 0xD1,
    0xD4, 0x03, 0xF4, 0x9D, 0x05, 0x22, 0x08, 0x91, 0x42, 0x22, 0xA1, 0x08, 0x40, 0x81, 0x32, 0x65,
    0x56, 0x63, 0x47, 0xD4, 0x7A, 0xD9, 0x2D, 0x67, 0xD0, 0x80, 0x2B, 0xA9, 0x85, 0x87, 0xBD, 0x68,
    0x9B, 0x24, 0x68, 0x1E, 0x29, 0x55, 0x57, 0x9E, 0xF7, 0x7F, 0x5A, 0x03, 0xE2, 0x01, 0x3A, 0x4B,
    0xAC, 0x50, 0x13, 0xF7, 0x8F, 0xA1, 0xEE, 0xF8, 0x27, 0xF2, 0xC6, 0x4F, 0x78, 0x92, 0xF2, 0xCE,
    0xED, 0x1B, 0x04, 0x22, 0x30, 0x23, 0xA8, 0x50, 0x88, 0xAA, 0x0A, 0xB2, 0x8C, 0x4D, 0x2C, 0xA9,
    0xFF, 0xE2, 0xEE, 0x48, 0xA7, 0x0A, 0x12, 0x1D, 0xAB, 0xD6, 0x9F, 0xA0, 0x00, 0x00, 0x00, 0x00,
    0x00, 0x00, 0x00, 0x00, 0x00, 0x00, 0x00, 0x00, 0x00, 0x00, 0x00, 0x00, 0x00, 0x00, 0x00, 0x00,
    0x00, 0x00, 0x00, 0x00, 0x00, 0x00, 0x00, 0x00, 0x00, 0x00, 0x00, 0x00, 0x00, 0x00, 0x00, 0x00,
    0x00, 0x00, 0x00, 0x00, 0x00, 0x00, 0x00, 0x00, 0x00, 0x00, 0x00, 0x00, 0x00, 0x00, 0x00, 0x00,
    0x00, 0x00, 0x00, 0x00, 0x00, 0x00, 0x00, 0x00, 0x00, 0x00, 0x00, 0x00, 0x00, 0x00, 0x00, 0x00,
    0x00, 0x00, 0x00, 0x00, 0x00, 0x00, 0x00, 0x00, 0x00, 0x00, 0x00, 0x00, 0x00, 0x00, 0x00, 0x00,
    0x00, 0x00, 0x00, 0x00, 0x00, 0x00, 0x00, 0x00, 0x00, 0x00, 0x00, 0x00, 0x00, 0x00, 0x00, 0x00,
    0x00, 0x00, 0x00, 0x00, 0x00, 0x00, 0x00, 0x00, 0x00, 0x00, 0x00, 0x00, 0x00, 0x00, 0x00, 0x00,
    0x00, 0x00, 0x00, 0x00, 0x00, 0x00, 0x00, 0x00, 0x00, 0x00, 0x00, 0x00, 0x00, 0x00, 0x00, 0x00,
    0x00, 0x00, 0x00, 0x00, 0x00, 0x00, 0x00, 0x00, 0x00, 0x00, 0x00, 0x00, 0x00, 0x00, 0x00, 0x00,
    0x00, 0x00, 0x00, 0x00, 0x00, 0x00, 0x00, 0x00, 0x00, 0x00, 0x00, 0x00, 0x00, 0x00, 0x00, 0x00,
    0x00, 0x00, 0x00, 0x00, 0x00, 0x00, 0x00, 0x00, 0x00, 0x00, 0x00, 0x00, 0x00, 0x00, 0x00, 0x00,
    0x00, 0x00, 0x00, 0x00, 0x00, 0x00, 0x00, 0x00, 0x00, 0x00, 0x00, 0x00, 0x00, 0x00, 0x00, 0x00,
    0x00, 0x00, 0x00, 0x00, 0x00, 0x00, 0x00, 0x00, 0x00, 0x00, 0x00, 0x00, 0x00, 0x00, 0x00, 0x00,
    0x00, 0x00, 0x00, 0x00, 0x00, 0x00, 0x00, 0x00, 0x00, 0x00, 0x00, 0x00, 0x00, 0x00, 0x00, 0x00,
    0x00, 0x00, 0x00, 0x00, 0x00, 0x00, 0x00, 0x00, 0x00, 0x00, 0x00, 0x00, 0x00, 0x00, 0x00, 0x00,
    0x00, 0x00, 0x00, 0x00, 0x00, 0x00, 0x00, 0x00, 0x00, 0x00, 0x00, 0x00, 0x00, 0x00, 0x00, 0x00,
    0x00, 0x00, 0x00, 0x00, 0x00, 0x00, 0x00, 0x00, 0x00, 0x00, 0x00, 0x00, 0x00, 0x00, 0x00, 0x00,
    0x00, 0x00, 0x00, 0x00, 0x00, 0x00, 0x00, 0x00, 0x00, 0x00, 0x00, 0x00, 0x00, 0x00, 0x00, 0x00,
    0x00, 0x00, 0x00, 0x00, 0x00, 0x00, 0x00, 0x00, 0x00, 0x00, 0x00, 0x00, 0x00, 0x00, 0x00, 0x00,
    0x00, 0x00, 0x00, 0x00, 0x00, 0x00, 0x00, 0x00, 0x00, 0x00, 0x00, 0x00, 0x00, 0x00, 0x00, 0x00,
    0x00, 0x00, 0x00, 0x00, 0x00, 0x00, 0x00, 0x00, 0x00, 0x00, 0x00, 0x00, 0x00, 0x00, 0x00, 0x00,
    0x00, 0x00, 0x00, 0x00, 0x00, 0x00, 0x00, 0x00, 0x00, 0x00, 0x00, 0x00, 0x00, 0x00, 0x00, 0x00,
    0x00, 0x00, 0x00, 0x00, 0x00, 0x00, 0x00, 0x00, 0x00, 0x00, 0x00, 0x00, 0x00, 0x00, 0x00, 0x00,
    0x00, 0x00, 0x00, 0x00, 0x00, 0x00, 0x00, 0x00, 0x00, 0x00, 0x00, 0x00, 0x00, 0x00, 0x00, 0x00,
    0x00, 0x00, 0x00, 0x00, 0x00, 0x00, 0x00, 0x00, 0x00, 0x00, 0x00, 0x00, 0x00, 0x00, 0x00, 0x00,
    0x00, 0x00, 0x00, 0x00, 0x00, 0x00, 0x00, 0x00, 0x00, 0x00, 0x00, 0x00, 0x00, 0x00, 0x00, 0x00,
    0x00, 0x00, 0x00, 0x00, 0x00, 0x00, 0x00, 0x00, 0x00, 0x00, 0x00, 0x00, 0x00, 0x00, 0x00, 0x00,
    0x00, 0x00, 0x00, 0x00, 0x00, 0x00, 0x00, 0x00, 0x00, 0x00, 0x00, 0x00, 0x00, 0x00, 0x00, 0x00,
    0x00, 0x00, 0x00, 0x00, 0x00, 0x00, 0x00, 0x00, 0x00, 0x00, 0x00, 0x00, 0x00, 0x00, 0x00, 0x00,
    0x00, 0x00, 0x00, 0x00, 0x00, 0x00, 0x00, 0x00, 0x00, 0x00, 0x00, 0x00, 0x00, 0x00, 0x00, 0x00,
    0x00, 0x00, 0x00, 0x00, 0x00, 0x00, 0x00, 0x00, 0x00, 0x00, 0x00, 0x00, 0x00, 0x00, 0x00, 0x00,
    0x00, 0x00, 0x00, 0x00, 0x00, 0x00, 0x00, 0x00, 0x00, 0x00, 0x00, 0x00, 0x00, 0x00, 0x00, 0x00,
    0x00, 0x00, 0x00, 0x00, 0x00, 0x00, 0x00, 0x00, 0x00, 0x00, 0x00, 0x00, 0x00, 0x00, 0x00, 0x00,
    0x00, 0x00, 0x00, 0x00, 0x00, 0x00, 0x00, 0x00, 0x00, 0x00, 0x00, 0x00, 0x00, 0x00, 0x00, 0x00,
    0x00, 0x00, 0x00, 0x00, 0x00, 0x00, 0x00, 0x00, 0x00, 0x00, 0x00, 0x00, 0x00, 0x00, 0x00, 0x00,
    0x00, 0x00, 0x00, 0x00, 0x00, 0x00, 0x00, 0x00, 0x00, 0x00, 0x00, 0x00, 0x00, 0x00, 0x00, 0x00,
    0x00, 0x00, 0x00, 0x00, 0x00, 0x00, 0x00, 0x00, 0x00, 0x00, 0x00, 0x00, 0x00, 0x00, 0x00, 0x00,
    0x00, 0x00, 0x00, 0x00, 0x00, 0x00, 0x00, 0x00, 0x00, 0x00, 0x00, 0x00, 0x00, 0x00, 0x00, 0x00,
    0x00, 0x00, 0x00, 0x00, 0x00, 0x00, 0x00, 0x00, 0x00, 0x00, 0x00, 0x00, 0x00, 0x00, 0x00, 0x00,
    0x00, 0x00, 0x00, 0x00, 0x00, 0x00, 0x00, 0x00, 0x00, 0x00, 0x00, 0x00, 0x00, 0x00, 0x00, 0x00,
    0x00, 0x00, 0x00, 0x00, 0x00, 0x00, 0x00, 0x00, 0x00, 0x00, 0x00, 0x00, 0x00, 0x00, 0x00, 0x00,
    0x00, 0x00, 0x00, 0x00, 0x00, 0x00, 0x00, 0x00, 0x00, 0x00, 0x00, 0x00, 0x00, 0x00, 0x00, 0x00,
    0x00, 0x00, 0x00, 0x00, 0x00, 0x00, 0x00, 0x00, 0x00, 0x00, 0x00, 0x00, 0x00, 0x00, 0x00, 0x00,
    0x00, 0x00, 0x00, 0x00, 0x00, 0x00, 0x00, 0x00, 0x00, 0x00, 0x00, 0x00, 0x00, 0x00, 0x00, 0x00,
    0x00, 0x00, 0x00, 0x00, 0x00, 0x00, 0x00, 0x00, 0x00, 0x00, 0x00, 0x00, 0x00, 0x00, 0x00, 0x00,
    0x00, 0x00, 0x00, 0x00, 0x00, 0x00, 0x00, 0x00, 0x00, 0x00, 0x00, 0x00, 0x00, 0x00, 0x00, 0x00,
    0x00, 0x00, 0x00, 0x00, 0x00, 0x00, 0x00, 0x00, 0x00, 0x00, 0x00, 0x00, 0x00, 0x00, 0x00, 0x00,
    0x00, 0x00, 0x00, 0x00, 0x00, 0x00, 0x00, 0x00, 0x00, 0x00, 0x00, 0x00, 0x00, 0x00, 0x00, 0x00,
    0x00, 0x00, 0x00, 0x00, 0x00, 0x00, 0x00, 0x00, 0x00, 0x00, 0x00, 0x00, 0x00, 0x00, 0x00, 0x00,
    0x00, 0x00, 0x00, 0x00, 0x00, 0x00, 0x00, 0x00, 0x00, 0x00, 0x00, 0x00, 0x00, 0x00, 0x00, 0x00,
    0x00, 0x00, 0x00, 0x00, 0x00, 0x00, 0x00, 0x00, 0x00, 0x00, 0x00, 0x00, 0x00, 0x00, 0x00, 0x00,
    0x00, 0x00, 0x00, 0x00, 0x00, 0x00, 0x00, 0x00, 0x00, 0x00, 0x00, 0x00, 0x00, 0x00, 0x00, 0x00,
    0x00, 0x00, 0x00, 0x00, 0x00, 0x00, 0x00, 0x00, 0x00, 0x00, 0x00, 0x00, 0x00, 0x00, 0x00, 0x00,
    0x00, 0x00, 0x00, 0x00, 0x00, 0x00, 0x00, 0x00, 0x00, 0x00, 0x00, 0x00, 0x00, 0x00, 0x00, 0x00,
    0x00, 0x00, 0x00, 0x00, 0x00, 0x00, 0x00, 0x00, 0x00, 0x00, 0x00, 0x00, 0x00, 0x00, 0x00, 0x00,
    0x00, 0x00, 0x00, 0x00, 0x00, 0x00, 0x00, 0x00, 0x00, 0x00, 0x00, 0x00, 0x00, 0x00, 0x00, 0x00,
    0x00, 0x00, 0x00, 0x00, 0x00, 0x00, 0x00, 0x00, 0x00, 0x00, 0x00, 0x00, 0x00, 0x00, 0x00, 0x00,
    0x00, 0x00, 0x00, 0x00, 0x00, 0x00, 0x00, 0x00, 0x00, 0x00, 0x00, 0x00, 0x00, 0x00, 0x00, 0x00,
    0x00, 0x00, 0x00, 0x00, 0x00, 0x00, 0x00, 0x00, 0x00, 0x00, 0x00, 0x00, 0x00, 0x00, 0x00, 0x00,
    0x00, 0x00, 0x00, 0x00, 0x00, 0x00, 0x00, 0x00, 0x00, 0x00, 0x00, 0x00, 0x00, 0x00, 0x00, 0x00,
    0x00, 0x00, 0x00, 0x00, 0x00, 0x00, 0x00, 0x00, 0x00, 0x00, 0x00, 0x00, 0x00, 0x00, 0x00, 0x00,
    0x00, 0x00, 0x00, 0x00, 0x00, 0x00, 0x00, 0x00, 0x00, 0x00, 0x00, 0x00, 0x00, 0x00, 0x00, 0x00,
    0x00, 0x00, 0x00, 0x00, 0x00, 0x00, 0x00, 0x00, 0x00, 0x00, 0x00, 0x00, 0x00, 0x00, 0x00, 0x00,
    0x00, 0x00, 0x00, 0x00, 0x00, 0x00, 0x00, 0x00, 0x00, 0x00, 0x00, 0x00, 0x00, 0x00, 0x00, 0x00,
    0x00, 0x00, 0x00, 0x00, 0x00, 0x00, 0x00, 0x00, 0x00, 0x00, 0x00, 0x00, 0x00, 0x00, 0x00, 0x00,
    0x00, 0x00, 0x00, 0x00, 0x00, 0x00, 0x00, 0x00, 0x00, 0x00, 0x00, 0x00, 0x00, 0x00, 0x00, 0x00,
    0x00, 0x00, 0x00, 0x00, 0x00, 0x00, 0x00, 0x00, 0x00, 0x00, 0x00, 0x00, 0x00, 0x00, 0x00, 0x00,
    0x00, 0x00, 0x00, 0x00, 0x00, 0x00, 0x00, 0x00, 0x00, 0x00, 0x00, 0x00, 0x00, 0x00, 0x00, 0x00,
    0x00, 0x00, 0x00, 0x00, 0x00, 0x00, 0x00, 0x00, 0x00, 0x00, 0x00, 0x00, 0x00, 0x00, 0x00, 0x00,
    0x00, 0x00, 0x00, 0x00, 0x00, 0x00, 0x00, 0x00, 0x00, 0x00, 0x00, 0x00, 0x00, 0x00, 0x00, 0x00,
    0x00, 0x00, 0x00, 0x00, 0x00, 0x00, 0x00, 0x00, 0x00, 0x00, 0x00, 0x00, 0x00, 0x00, 0x00, 0x00,
    0x00, 0x00, 0x00, 0x00, 0x00, 0x00, 0x00, 0x00, 0x00, 0x00, 0x00, 0x00, 0x00, 0x00, 0x00, 0x00,
    0x00, 0x00, 0x00, 0x00, 0x00, 0x00, 0x00, 0x00, 0x00, 0x00, 0x00, 0x00, 0x00, 0x00, 0x00, 0x00,
    0x00, 0x00, 0x00, 0x00, 0x00, 0x00, 0x00, 0x00, 0x00, 0x00, 0x00, 0x00, 0x00, 0x00, 0x00, 0x00,
    0x00, 0x00, 0x00, 0x00, 0x00, 0x00, 0x00, 0x00, 0x00, 0x00, 0x00, 0x00, 0x00, 0x00, 0x00, 0x00,
    0x00, 0x00, 0x00, 0x00, 0x00, 0x00, 0x00, 0x00, 0x00, 0x00, 0x00, 0x00, 0x00, 0x00, 0x00, 0x00,
    0x00, 0x00, 0x00, 0x00, 0x00, 0x00, 0x00, 0x00, 0x00, 0x00, 0x00, 0x00, 0x00, 0x00, 0x00, 0x00,
    0x00, 0x00, 0x00, 0x00, 0x00, 0x00, 0x00, 0x00, 0x00, 0x00, 0x00, 0x00, 0x00, 0x00, 0x00, 0x00,
    0x00, 0x00, 0x00, 0x00, 0x00, 0x00, 0x00, 0x00, 0x00, 0x00, 0x00, 0x00, 0x00, 0x00, 0x00, 0x00,
    0x00, 0x00, 0x00, 0x00, 0x00, 0x00, 0x00, 0x00, 0x00, 0x00, 0x00, 0x00, 0x00, 0x00, 0x00, 0x00,
    0x00, 0x00, 0x00, 0x00, 0x00, 0x00, 0x00, 0x00, 0x00, 0x00, 0x00, 0x00, 0x00, 0x00, 0x00, 0x00,
    0x00, 0x00, 0x00, 0x00, 0x00, 0x00, 0x00, 0x00, 0x00, 0x00, 0x00, 0x00, 0x00, 0x00, 0x00, 0x00,
    0x00, 0x00, 0x00, 0x00, 0x00, 0x00, 0x00, 0x00, 0x00, 0x00, 0x00, 0x00, 0x00, 0x00, 0x00, 0x00,
    0x00, 0x00, 0x00, 0x00, 0x00, 0x00, 0x00, 0x00, 0x00, 0x00, 0x00, 0x00, 0x00, 0x00, 0x00, 0x00,
    0x00, 0x00, 0x00, 0x00, 0x00, 0x00, 0x00, 0x00, 0x00, 0x00, 0x00, 0x00, 0x00, 0x00, 0x00, 0x00,
    0x00, 0x00, 0x00, 0x00, 0x00, 0x00, 0x00, 0x00, 0x00, 0x00, 0x00, 0x00, 0x00, 0x00, 0x00, 0x00,
    0x00, 0x00, 0x00, 0x00, 0x00, 0x00, 0x00, 0x00, 0x00, 0x00, 0x00, 0x00, 0x00, 0x00, 0x00, 0x00,
    0x00, 0x00, 0x00, 0x00, 0x00, 0x00, 0x00, 0x00, 0x00, 0x00, 0x00, 0x00, 0x00, 0x00, 0x00, 0x00,
    0x00, 0x00, 0x00, 0x00, 0x00, 0x00, 0x00, 0x00, 0x00, 0x00, 0x00, 0x00, 0x00, 0x00, 0x00, 0x00,
    0x00, 0x00, 0x00, 0x00, 0x00, 0x00, 0x00, 0x00, 0x00, 0x00, 0x00, 0x00, 0x00, 0x00, 0x00, 0x00,
    0x00, 0x00, 0x00, 0x00, 0x00, 0x00, 0x00, 0x00, 0x00, 0x00, 0x00, 0x00, 0x00, 0x00, 0x00, 0x00,
    0x00, 0x00, 0x00, 0x00, 0x00, 0x00, 0x00, 0x00, 0x00, 0x00, 0x00, 0x00, 0x00, 0x00, 0x00, 0x00,
    0x00, 0x00, 0x00, 0x00, 0x00, 0x00, 0x00, 0x00, 0x00, 0x00, 0x00, 0x00, 0x00, 0x00, 0x00, 0x00,
    0x00, 0x00, 0x00, 0x00, 0x00, 0x00, 0x00, 0x00, 0x00, 0x00, 0x00, 0x00, 0x00, 0x00, 0x00, 0x00,
    0x00, 0x00, 0x00, 0x00, 0x00, 0x00, 0x00, 0x00, 0x00, 0x00, 0x00, 0x00, 0x00, 0x00, 0x00, 0x00,
    0x00, 0x00, 0x00, 0x00, 0x00, 0x00, 0x00, 0x00, 0x00, 0x00, 0x00, 0x00, 0x00, 0x00, 0x00, 0x00,
    0x00, 0x00, 0x00, 0x00, 0x00, 0x00, 0x00, 0x00, 0x00, 0x00, 0x00, 0x00, 0x00, 0x00, 0x00, 0x00,
    0x00, 0x00, 0x00, 0x00, 0x00, 0x00, 0x00, 0x00, 0x00, 0x00, 0x00, 0x00, 0x00, 0x00, 0x00, 0x00,
    0x00, 0x00, 0x00, 0x00, 0x00, 0x00, 0x00, 0x00, 0x00, 0x00, 0x00, 0x00, 0x00, 0x00, 0x00, 0x00,
    0x00, 0x00, 0x00, 0x00, 0x00, 0x00, 0x00, 0x00, 0x00, 0x00, 0x00, 0x00, 0x00, 0x00, 0x00, 0x00,
    0x00, 0x00, 0x00, 0x00, 0x00, 0x00, 0x00, 0x00, 0x00, 0x00, 0x00, 0x00, 0x00, 0x00, 0x00, 0x00,
    0x00, 0x00, 0x00, 0x00, 0x00, 0x00, 0x00, 0x00, 0x00, 0x00, 0x00, 0x00, 0x00, 0x00, 0x00, 0x00,
    0x00, 0x00, 0x00, 0x00, 0x00, 0x00, 0x00, 0x00, 0x00, 0x00, 0x00, 0x00, 0x00, 0x00, 0x00, 0x00,
    0x00, 0x00, 0x00, 0x00, 0x00, 0x00, 0x00, 0x00, 0x00, 0x00, 0x00, 0x00, 0x00, 0x00, 0x00, 0x00,
    0x00, 0x00, 0x00, 0x00, 0x00, 0x00, 0x00, 0x00, 0x00, 0x00, 0x00, 0x00, 0x00, 0x00, 0x00, 0x00,
    0x00, 0x00, 0x00, 0x00, 0x00, 0x00, 0x00, 0x00, 0x00, 0x00, 0x00, 0x00, 0x00, 0x00, 0x00, 0x00,
    0x00, 0x00, 0x00, 0x00, 0x00, 0x00, 0x00, 0x00, 0x00, 0x00, 0x00, 0x00, 0x00, 0x00, 0x00, 0x00,
    0x00, 0x00, 0x00, 0x00, 0x00, 0x00, 0x00, 0x00, 0x00, 0x00, 0x00, 0x00, 0x00, 0x00, 0x00, 0x00,
    0x00, 0x00, 0x00, 0x00, 0x00, 0x00, 0x00, 0x00, 0x00, 0x00, 0x00, 0x00, 0x00, 0x00, 0x00, 0x00,
    0x00, 0x00, 0x00, 0x00, 0x00, 0x00, 0x00, 0x00, 0x00, 0x00, 0x00, 0x00, 0x00, 0x00, 0x00, 0x00,
    0x00, 0x00, 0x00, 0x00, 0x00, 0x00, 0x00, 0x00, 0x00, 0x00, 0x00, 0x00, 0x00, 0x00, 0x00, 0x00,
    0x00, 0x00, 0x00, 0x00, 0x00, 0x00, 0x00, 0x00, 0x00, 0x00, 0x00, 0x00, 0x00, 0x00, 0x00, 0x00,
    0x00, 0x00, 0x00, 0x00, 0x00, 0x00, 0x00, 0x00, 0x00, 0x00, 0x00, 0x00, 0x00, 0x00, 0x00, 0x00,
    0x00, 0x00, 0x00, 0x00, 0x00, 0x00, 0x00, 0x00, 0x00, 0x00, 0x00, 0x00, 0x00, 0x00, 0x00, 0x00,
    0x00, 0x00, 0x00, 0x00, 0x00, 0x00, 0x00, 0x00, 0x00, 0x00, 0x00, 0x00, 0x00, 0x00, 0x00, 0x00,
    0x00, 0x00, 0x00, 0x00, 0x00, 0x00, 0x00, 0x00, 0x00, 0x00, 0x00, 0x00, 0x00, 0x00, 0x00, 0x00,
    0x00, 0x00, 0x00, 0x00, 0x00, 0x00, 0x00, 0x00, 0x00, 0x00, 0x00, 0x00, 0x00, 0x00, 0x00, 0x00,
    0x00, 0x00, 0x00, 0x00, 0x00, 0x00, 0x00, 0x00, 0x00, 0x00, 0x00, 0x00, 0x00, 0x00, 0x00, 0x00,
    0x00, 0x00, 0x00, 0x00, 0x00, 0x00, 0x00, 0x00, 0x00, 0x00, 0x00, 0x00, 0x00, 0x00, 0x00, 0x00,
    0x00, 0x00, 0x00, 0x00, 0x00, 0x00, 0x00, 0x00, 0x00, 0x00, 0x00, 0x00, 0x00, 0x00, 0x00, 0x00,
    0x00, 0x00, 0x00, 0x00, 0x00, 0x00, 0x00, 0x00, 0x00, 0x00, 0x00, 0x00, 0x00, 0x00, 0x00, 0x00,
    0x00, 0x00, 0x00, 0x00, 0x00, 0x00, 0x00, 0x00, 0x00, 0x00, 0x00, 0x00, 0x00, 0x00, 0x00, 0x00,
    0x00, 0x00, 0x00, 0x00, 0x00, 0x00, 0x00, 0x00, 0x00, 0x00, 0x00, 0x00, 0x00, 0x00, 0x00, 0x00,
    0x00, 0x00, 0x00, 0x00, 0x00, 0x00, 0x00, 0x00, 0x00, 0x00, 0x00, 0x00, 0x00, 0x00, 0x00, 0x00,
    0x00, 0x00, 0x00, 0x00, 0x00, 0x00, 0x00, 0x00, 0x00, 0x00, 0x00, 0x00, 0x00, 0x00, 0x00, 0x00,
    0x00, 0x00, 0x00, 0x00, 0x00, 0x00, 0x00, 0x00, 0x00, 0x00, 0x00, 0x00, 0x00, 0x00, 0x00, 0x00,
    0x00, 0x00, 0x00, 0x00, 0x00, 0x00, 0x00, 0x00, 0x00, 0x00, 0x00, 0x00, 0x00, 0x00, 0x00, 0x00,
    0x00, 0x00, 0x00, 0x00, 0x00, 0x00, 0x00, 0x00, 0x00, 0x00, 0x00, 0x00, 0x00, 0x00, 0x00, 0x00,
    0x00, 0x00, 0x00, 0x00, 0x00, 0x00, 0x00, 0x00, 0x00, 0x00, 0x00, 0x00, 0x00, 0x00, 0x00, 0x00,
    0x00, 0x00, 0x00, 0x00, 0x00, 0x00, 0x00, 0x00, 0x00, 0x00, 0x00, 0x00, 0x00, 0x00, 0x00, 0x00,
    0x00, 0x00, 0x00, 0x00, 0x00, 0x00, 0x00, 0x00, 0x00, 0x00, 0x00, 0x00, 0x00, 0x00, 0x00, 0x00,
    0x00, 0x00, 0x00, 0x00, 0x00, 0x00, 0x00, 0x00, 0x00, 0x00, 0x00, 0x00, 0x00, 0x00, 0x00, 0x00,
    0x00, 0x00, 0x00, 0x00, 0x00, 0x00, 0x00, 0x00, 0x00, 0x00, 0x00, 0x00, 0x00, 0x00, 0x00, 0x00,
    0x00, 0x00, 0x00, 0x00, 0x00, 0x00, 0x00, 0x00, 0x00, 0x00, 0x00, 0x00, 0x00, 0x00, 0x00, 0x00,
    0x00, 0x00, 0x00, 0x00, 0x00, 0x00, 0x00, 0x00, 0x00, 0x00, 0x00, 0x00, 0x00, 0x00, 0x00, 0x00,
    0x00, 0x00, 0x00, 0x00, 0x00, 0x00, 0x00, 0x00, 0x00, 0x00, 0x00, 0x00, 0x00, 0x00, 0x00, 0x00,
    0x00, 0x00, 0x00, 0x00, 0x00, 0x00, 0x00, 0x00, 0x00, 0x00, 0x00, 0x00, 0x00, 0x00, 0x00, 0x00,
    0x00, 0x00, 0x00, 0x00, 0x00, 0x00, 0x00, 0x00, 0x00, 0x00, 0x00, 0x00, 0x00, 0x00, 0x00, 0x00,
    0x00, 0x00, 0x00, 0x00, 0x00, 0x00, 0x00, 0x00, 0x00, 0x00, 0x00, 0x00, 0x00, 0x00, 0x00, 0x00,
    0x00, 0x00, 0x00, 0x00, 0x00, 0x00, 0x00, 0x00, 0x00, 0x00, 0x00, 0x00, 0x00, 0x00, 0x00, 0x00,
    0x00, 0x00, 0x00, 0x00, 0x00, 0x00, 0x00, 0x00, 0x00, 0x00, 0x00, 0x00, 0x00, 0x00, 0x00, 0x00,
    0x00, 0x00, 0x00, 0x00, 0x00, 0x00, 0x00, 0x00, 0x00, 0x00, 0x00, 0x00, 0x00, 0x00, 0x00, 0x00,
    0x00, 0x00, 0x00, 0x00, 0x00, 0x00, 0x00, 0x00, 0x00, 0x00, 0x00, 0x00, 0x00, 0x00, 0x00, 0x00,
    0x00, 0x00, 0x00, 0x00, 0x00, 0x00, 0x00, 0x00, 0x00, 0x00, 0x00, 0x00, 0x00, 0x00, 0x00, 0x00,
    0x00, 0x00, 0x00, 0x00, 0x00, 0x00, 0x00, 0x00, 0x00, 0x00, 0x00, 0x00, 0x00, 0x00, 0x00, 0x00,
    0x00, 0x00, 0x00, 0x00, 0x00, 0x00, 0x00, 0x00, 0x00, 0x00, 0x00, 0x00, 0x00, 0x00, 0x00, 0x00,
    0x00, 0x00, 0x00, 0x00, 0x00, 0x00, 0x00, 0x00, 0x00, 0x00, 0x00, 0x00, 0x00, 0x00, 0x00, 0x00,
    0x00, 0x00, 0x00, 0x00, 0x00, 0x00, 0x00, 0x00, 0x00, 0x00, 0x00, 0x00, 0x00, 0x00, 0x00, 0x00,
    0x00, 0x00, 0x00, 0x00, 0x00, 0x00, 0x00, 0x00, 0x00, 0x00, 0x00, 0x00, 0x00, 0x00, 0x00, 0x00,
    0x00, 0x00, 0x00, 0x00, 0x00, 0x00, 0x00, 0x00, 0x00, 0x00, 0x00, 0x00, 0x00, 0x00, 0x00, 0x00,
    0x00, 0x00, 0x00, 0x00, 0x00, 0x00, 0x00, 0x00, 0x00, 0x00, 0x00, 0x00, 0x00, 0x00, 0x00, 0x00,
    0x00, 0x00, 0x00, 0x00, 0x00, 0x00, 0x00, 0x00, 0x00, 0x00, 0x00, 0x00, 0x00, 0x00, 0x00, 0x00,
    0x00, 0x00, 0x00, 0x00, 0x00, 0x00, 0x00, 0x00, 0x00, 0x00, 0x00, 0x00, 0x00, 0x00, 0x00, 0x00,
    0x00, 0x00, 0x00, 0x00, 0x00, 0x00, 0x00, 0x00, 0x00, 0x00, 0x00, 0x00, 0x00, 0x00, 0x00, 0x00,
    0x00, 0x00, 0x00, 0x00, 0x00, 0x00, 0x00, 0x00, 0x00, 0x00, 0x00, 0x00, 0x00, 0x00, 0x00, 0x00,
    0x00, 0x00, 0x00, 0x00, 0x00, 0x00, 0x00, 0x00, 0x00, 0x00, 0x00, 0x00, 0x00, 0x00, 0x00, 0x00,
    0x00, 0x00, 0x00, 0x00, 0x00, 0x00, 0x00, 0x00, 0x00, 0x00, 0x00, 0x00, 0x00, 0x00, 0x00, 0x00,
    0x00, 0x00, 0x00, 0x00, 0x00, 0x00, 0x00, 0x00, 0x00, 0x00, 0x00, 0x00, 0x00, 0x00, 0x00, 0x00,
    0x00, 0x00, 0x00, 0x00, 0x00, 0x00, 0x00, 0x00, 0x00, 0x00, 0x00, 0x00, 0x00, 0x00, 0x00, 0x00,
    0x00, 0x00, 0x00, 0x00, 0x00, 0x00, 0x00, 0x00, 0x00, 0x00, 0x00, 0x00, 0x00, 0x00, 0x00, 0x00,
    0x00, 0x00, 0x00, 0x00, 0x00, 0x00, 0x00, 0x00, 0x00, 0x00, 0x00, 0x00, 0x00, 0x00, 0x00, 0x00,
    0x00, 0x00, 0x00, 0x00, 0x00, 0x00, 0x00, 0x00, 0x00, 0x00, 0x00, 0x00, 0x00, 0x00, 0x00, 0x00,
    0x00, 0x00, 0x00, 0x00, 0x00, 0x00, 0x00, 0x00, 0x00, 0x00, 0x00, 0x00, 0x00, 0x00, 0x00, 0x00,
    0x00, 0x00, 0x00, 0x00, 0x00, 0x00, 0x00, 0x00, 0x00, 0x00, 0x00, 0x00, 0x00, 0x00, 0x00, 0x00,
    0x00, 0x00, 0x00, 0x00, 0x00, 0x00, 0x00, 0x00, 0x00, 0x00, 0x00, 0x00, 0x00, 0x00, 0x00, 0x00,
    0x00, 0x00, 0x00, 0x00, 0x00, 0x00, 0x00, 0x00, 0x00, 0x00, 0x00, 0x00, 0x00, 0x00, 0x00, 0x00,
    0x00, 0x00, 0x00, 0x00, 0x00, 0x00, 0x00, 0x00, 0x00, 0x00, 0x00, 0x00, 0x00, 0x00, 0x00, 0x00,
    0x00, 0x00, 0x00, 0x00, 0x00, 0x00, 0x00, 0x00, 0x00, 0x00, 0x00, 0x00, 0x00, 0x00, 0x00, 0x00,
    0x00, 0x00, 0x00, 0x00, 0x00, 0x00, 0x00, 0x00, 0x00, 0x00, 0x00, 0x00, 0x00, 0x00, 0x00, 0x00,
    0x00, 0x00, 0x00, 0x00, 0x00, 0x00, 0x00, 0x00, 0x00, 0x00, 0x00, 0x00, 0x00, 0x00, 0x00, 0x00,
    0x00, 0x00, 0x00, 0x00, 0x00, 0x00, 0x00, 0x00, 0x00, 0x00, 0x00, 0x00, 0x00, 0x00, 0x00, 0x00,
    0x00, 0x00, 0x00, 0x00, 0x00, 0x00, 0x00, 0x00, 0x00, 0x00, 0x00, 0x00, 0x00, 0x00, 0x00, 0x00,
    0x00, 0x00, 0x00, 0x00, 0x00, 0x00, 0x00, 0x00, 0x00, 0x00, 0x00, 0x00, 0x00, 0x00, 0x00, 0x00,
    0x00, 0x00, 0x00, 0x00, 0x00, 0x00, 0x00, 0x00, 0x00, 0x00, 0x00, 0x00, 0x00, 0x00, 0x00, 0x00,
    0x00, 0x00, 0x00, 0x00, 0x00, 0x00, 0x00, 0x00, 0x00, 0x00, 0x00, 0x00, 0x00, 0x00, 0x00, 0x00,
    0x00, 0x00, 0x00, 0x00, 0x00, 0x00, 0x00, 0x00, 0x00, 0x00, 0x00, 0x00, 0x00, 0x00, 0x00, 0x00,
    0x00, 0x00, 0x00, 0x00, 0x00, 0x00, 0x00, 0x00, 0x00, 0x00, 0x00, 0x00, 0x00, 0x00, 0x00, 0x00,
    0x00, 0x00, 0x00, 0x00, 0x00, 0x00, 0x00, 0x00, 0x00, 0x00, 0x00, 0x00, 0x00, 0x00, 0x00, 0x00,
    0x00, 0x00, 0x00, 0x00, 0x00, 0x00, 0x00, 0x00, 0x00, 0x00, 0x00, 0x00, 0x00, 0x00, 0x00, 0x00,
    0x00, 0x00, 0x00, 0x00, 0x00, 0x00, 0x00, 0x00, 0x00, 0x00, 0x00, 0x00, 0x00, 0x00, 0x00, 0x00,
    0x00, 0x00, 0x00, 0x00, 0x00, 0x00, 0x00, 0x00, 0x00, 0x00, 0x00, 0x00, 0x00, 0x00, 0x00, 0x00,
    0x00, 0x00, 0x00, 0x00, 0x00, 0x00, 0x00, 0x00, 0x00, 0x00, 0x00, 0x00, 0x00, 0x00, 0x00, 0x00,
    0x00, 0x00, 0x00, 0x00, 0x00, 0x00, 0x00, 0x00, 0x00, 0x00, 0x00, 0x00, 0x00, 0x00, 0x00, 0x00,
    0x00, 0x00, 0x00, 0x00, 0x00, 0x00, 0x00, 0x00, 0x00, 0x00, 0x00, 0x00, 0x00, 0x00, 0x00, 0x00,
    0x00, 0x00, 0x00, 0x00, 0x00, 0x00, 0x00, 0x00, 0x00, 0x00, 0x00, 0x00, 0x00, 0x00, 0x00, 0x00,
    0x00, 0x00, 0x00, 0x00, 0x00, 0x00, 0x00, 0x00, 0x00, 0x00, 0x00, 0x00, 0x00, 0x00, 0x00, 0x00,
    0x00, 0x00, 0x00, 0x00, 0x00, 0x00, 0x00, 0x00, 0x00, 0x00, 0x00, 0x00, 0x00, 0x00, 0x00, 0x00,
    0x00, 0x00, 0x00, 0x00, 0x00, 0x00, 0x00, 0x00, 0x00, 0x00, 0x00, 0x00, 0x00, 0x00, 0x00, 0x00,
    0x00, 0x00, 0x00, 0x00, 0x00, 0x00, 0x00, 0x00, 0x00, 0x00, 0x00, 0x00, 0x00, 0x00, 0x00, 0x00,
    0x00, 0x00, 0x00, 0x00, 0x00, 0x00, 0x00, 0x00, 0x00, 0x00, 0x00, 0x00, 0x00, 0x00, 0x00, 0x00,
    0x00, 0x00, 0x00, 0x00, 0x00, 0x00, 0x00, 0x00, 0x00, 0x00, 0x00, 0x00, 0x00, 0x00, 0x00, 0x00,
    0x00, 0x00, 0x00, 0x00, 0x00, 0x00, 0x00, 0x00, 0x00, 0x00, 0x00, 0x00, 0x00, 0x00, 0x00, 0x00,
    0x00, 0x00, 0x00, 0x00, 0x00, 0x00, 0x00, 0x00, 0x00, 0x00, 0x00, 0x00, 0x00, 0x00, 0x00, 0x00,
    0x00, 0x00, 0x00, 0x00, 0x00, 0x00, 0x00, 0x00, 0x00, 0x00, 0x00, 0x00, 0x00, 0x00, 0x00, 0x00,
    0x00, 0x00, 0x00, 0x00, 0x00, 0x00, 0x00, 0x00, 0x00, 0x00, 0x00, 0x00, 0x00, 0x00, 0x00, 0x00,
    0x00, 0x00, 0x00, 0x00, 0x00, 0x00, 0x00, 0x00, 0x00, 0x00, 0x00, 0x00, 0x00, 0x00, 0x00, 0x00,
    0x00, 0x00, 0x00, 0x00, 0x00, 0x00, 0x00, 0x00, 0x00, 0x00, 0x00, 0x00, 0x00, 0x00, 0x00, 0x00,
    0x00, 0x00, 0x00, 0x00, 0x00, 0x00, 0x00, 0x00, 0x00, 0x00, 0x00, 0x00, 0x00, 0x00, 0x00, 0x00,
    0x00, 0x00, 0x00, 0x00, 0x00, 0x00, 0x00, 0x00, 0x00, 0x00, 0x00, 0x00, 0x00, 0x00, 0x00, 0x00,
    0x00, 0x00, 0x00, 0x00, 0x00, 0x00, 0x00, 0x00, 0x00, 0x00, 0x00, 0x00, 0x00, 0x00, 0x00, 0x00,
    0x00, 0x00, 0x00, 0x00, 0x00, 0x00, 0x00, 0x00, 0x00, 0x00, 0x00, 0x00, 0x00, 0x00, 0x00, 0x00,
    0x00, 0x00, 0x00, 0x00, 0x00, 0x00, 0x00, 0x00, 0x00, 0x00, 0x00, 0x00, 0x00, 0x00, 0x00, 0x00,
    0x00, 0x00, 0x00, 0x00, 0x00, 0x00, 0x00, 0x00, 0x00, 0x00, 0x00, 0x00, 0x00, 0x00, 0x00, 0x00,
    0x00, 0x00, 0x00, 0x00, 0x00, 0x00, 0x00, 0x00, 0x00, 0x00, 0x00, 0x00, 0x00, 0x00, 0x00, 0x00,
    0x00, 0x00, 0x00, 0x00, 0x00, 0x00, 0x00, 0x00, 0x00, 0x00, 0x00, 0x00, 0x00, 0x00, 0x00, 0x00,
    0x00, 0x00, 0x00, 0x00, 0x00, 0x00, 0x00, 0x00, 0x00, 0x00, 0x00, 0x00, 0x00, 0x00, 0x00, 0x00,
    0x00, 0x00, 0x00, 0x00, 0x00, 0x00, 0x00, 0x00, 0x00, 0x00, 0x00, 0x00, 0x00, 0x00, 0x00, 0x00,
    0x00, 0x00, 0x00, 0x00, 0x00, 0x00, 0x00, 0x00, 0x00, 0x00, 0x00, 0x00, 0x00, 0x00, 0x00, 0x00,
    0x00, 0x00, 0x00, 0x00, 0x00, 0x00, 0x00, 0x00, 0x00, 0x00, 0x00, 0x00, 0x00, 0x00, 0x00, 0x00,
    0x00, 0x00, 0x00, 0x00, 0x00, 0x00, 0x00, 0x00, 0x00, 0x00, 0x00, 0x00, 0x00, 0x00, 0x00, 0x00,
    0x00, 0x00, 0x00, 0x00, 0x00, 0x00, 0x00, 0x00, 0x00, 0x00, 0x00, 0x00, 0x00, 0x00, 0x00, 0x00,
    0x00, 0x00, 0x00, 0x00, 0x00, 0x00, 0x00, 0x00, 0x00, 0x00, 0x00, 0x00, 0x00, 0x00, 0x00, 0x00,
    0x00, 0x00, 0x00, 0x00, 0x00, 0x00, 0x00, 0x00, 0x00, 0x00, 0x00, 0x00, 0x00, 0x00, 0x00, 0x00,
    0x00, 0x00, 0x00, 0x00, 0x00, 0x00, 0x00, 0x00, 0x00, 0x00, 0x00, 0x00, 0x00, 0x00, 0x00, 0x00,
    0x00, 0x00, 0x00, 0x00, 0x00, 0x00, 0x00, 0x00, 0x00, 0x00, 0x00, 0x00, 0x00, 0x00, 0x00, 0x00,
    0x00, 0x00, 0x00, 0x00, 0x00, 0x00, 0x00, 0x00, 0x00, 0x00, 0x00, 0x00, 0x00, 0x00, 0x00, 0x00,
    0x00, 0x00, 0x00, 0x00, 0x00, 0x00, 0x00, 0x00, 0x00, 0x00, 0x00, 0x00, 0x00, 0x00, 0x00, 0x00,
    0x00, 0x00, 0x00, 0x00, 0x00, 0x00, 0x00, 0x00, 0x00, 0x00, 0x00, 0x00, 0x00, 0x00, 0x00, 0x00,
    0x00, 0x00, 0x00, 0x00, 0x00, 0x00, 0x00, 0x00, 0x00, 0x00, 0x00, 0x00, 0x00, 0x00, 0x00, 0x00,
    0x00, 0x00, 0x00, 0x00, 0x00, 0x00, 0x00, 0x00, 0x00, 0x00, 0x00, 0x00, 0x00, 0x00, 0x00, 0x00,
    0x00, 0x00, 0x00, 0x00, 0x00, 0x00, 0x00, 0x00, 0x00, 0x00, 0x00, 0x00, 0x00, 0x00, 0x00, 0x00,
    0x00, 0x00, 0x00, 0x00, 0x00, 0x00, 0x00, 0x00, 0x00, 0x00, 0x00, 0x00, 0x00, 0x00, 0x00, 0x00,
    0x00, 0x00, 0x00, 0x00, 0x00, 0x00, 0x00, 0x00, 0x00, 0x00, 0x00, 0x00, 0x00, 0x00, 0x00, 0x00,
    0x00, 0x00, 0x00, 0x00, 0x00, 0x00, 0x00, 0x00, 0x00, 0x00, 0x00, 0x00, 0x00, 0x00, 0x00, 0x00,
    0x00, 0x00, 0x00, 0x00, 0x00, 0x00, 0x00, 0x00, 0x00, 0x00, 0x00, 0x00, 0x00, 0x00, 0x00, 0x00,
    0x00, 0x00, 0x00, 0x00, 0x00, 0x00, 0x00, 0x00, 0x00, 0x00, 0x00, 0x00, 0x00, 0x00, 0x00, 0x00,
    0x00, 0x00, 0x00, 0x00, 0x00, 0x00, 0x00, 0x00, 0x00, 0x00, 0x00, 0x00, 0x00, 0x00, 0x00, 0x00,
    0x00, 0x00, 0x00, 0x00, 0x00, 0x00, 0x00, 0x00, 0x00, 0x00, 0x00, 0x00, 0x00, 0x00, 0x00, 0x00,
    0x00, 0x00, 0x00, 0x00, 0x00, 0x00, 0x00, 0x00, 0x00, 0x00, 0x00, 0x00, 0x00, 0x00, 0x00, 0x00,
    0x00, 0x00, 0x00, 0x00, 0x00, 0x00, 0x00, 0x00, 0x00, 0x00, 0x00, 0x00, 0x00, 0x00, 0x00, 0x00,
    0x00, 0x00, 0x00, 0x00, 0x00, 0x00, 0x00, 0x00, 0x00, 0x00, 0x00, 0x00, 0x00, 0x00, 0x00, 0x00,
    0x00, 0x00, 0x00, 0x00, 0x00, 0x00, 0x00, 0x00, 0x00, 0x00, 0x00, 0x00, 0x00, 0x00, 0x00, 0x00,
    0x00, 0x00, 0x00, 0x00, 0x00, 0x00, 0x00, 0x00, 0x00, 0x00, 0x00, 0x00, 0x00, 0x00, 0x00, 0x00,
    0x00, 0x00, 0x00, 0x00, 0x00, 0x00, 0x00, 0x00, 0x00, 0x00, 0x00, 0x00, 0x00, 0x00, 0x00, 0x00,
    0x00, 0x00, 0x00, 0x00, 0x00, 0x00, 0x00, 0x00, 0x00, 0x00, 0x00, 0x00, 0x00, 0x00, 0x00, 0x00,
    0x00, 0x00, 0x00, 0x00, 0x00, 0x00, 0x00, 0x00, 0x00, 0x00, 0x00, 0x00, 0x00, 0x00, 0x00, 0x00,
    0x00, 0x00, 0x00, 0x00, 0x00, 0x00, 0x00, 0x00, 0x00, 0x00, 0x00, 0x00, 0x00, 0x00, 0x00, 0x00,
    0x00, 0x00, 0x00, 0x00, 0x00, 0x00, 0x00, 0x00, 0x00, 0x00, 0x00, 0x00, 0x00, 0x00, 0x00, 0x00,
    0x00, 0x00, 0x00, 0x00, 0x00, 0x00, 0x00, 0x00, 0x00, 0x00, 0x00, 0x00, 0x00, 0x00, 0x00, 0x00,
    0x00, 0x00, 0x00, 0x00, 0x00, 0x00, 0x00, 0x00, 0x00, 0x00, 0x00, 0x00, 0x00, 0x00, 0x00, 0x00,
    0x00, 0x00, 0x00, 0x00, 0x00, 0x00, 0x00, 0x00, 0x00, 0x00, 0x00, 0x00, 0x00, 0x00, 0x00, 0x00,
    0x00, 0x00, 0x00, 0x00, 0x00, 0x00, 0x00, 0x00, 0x00, 0x00, 0x00, 0x00, 0x00, 0x00, 0x00, 0x00,
    0x00, 0x00, 0x00, 0x00, 0x00, 0x00, 0x00, 0x00, 0x00, 0x00, 0x00, 0x00, 0x00, 0x00, 0x00, 0x00,
    0x00, 0x00, 0x00, 0x00, 0x00, 0x00, 0x00, 0x00, 0x00, 0x00, 0x00, 0x00, 0x00, 0x00, 0x00, 0x00,
    0x00, 0x00, 0x00, 0x00, 0x00, 0x00, 0x00, 0x00, 0x00, 0x00, 0x00, 0x00, 0x00, 0x00, 0x00, 0x00,
    0x00, 0x00, 0x00, 0x00, 0x00, 0x00, 0x00, 0x00, 0x00, 0x00, 0x00, 0x00, 0x00, 0x00, 0x00, 0x00,
    0x00, 0x00, 0x00, 0x00, 0x00, 0x00, 0x00, 0x00, 0x00, 0x00, 0x00, 0x00, 0x00, 0x00, 0x00, 0x00,
    0x00, 0x00, 0x00, 0x00, 0x00, 0x00, 0x00, 0x00, 0x00, 0x00, 0x00, 0x00, 0x00, 0x00, 0x00, 0x00,
    0x00, 0x00, 0x00, 0x00, 0x00, 0x00, 0x00, 0x00, 0x00, 0x00, 0x00, 0x00, 0x00, 0x00, 0x00, 0x00,
    0x00, 0x00, 0x00, 0x00, 0x00, 0x00, 0x00, 0x00, 0x00, 0x00, 0x00, 0x00, 0x00, 0x00, 0x00, 0x00,
    0x00, 0x00, 0x00, 0x00, 0x00, 0x00, 0x00, 0x00, 0x00, 0x00, 0x00, 0x00, 0x00, 0x00, 0x00, 0x00,
    0x00, 0x00, 0x00, 0x00, 0x00, 0x00, 0x00, 0x00, 0x00, 0x00, 0x00, 0x00, 0x00, 0x00, 0x00, 0x00,
    0x00, 0x00, 0x00, 0x00, 0x00, 0x00, 0x00, 0x00, 0x00, 0x00, 0x00, 0x00, 0x00, 0x00, 0x00, 0x00,
    0x00, 0x00, 0x00, 0x00, 0x00, 0x00, 0x00, 0x00, 0x00, 0x00, 0x00, 0x00, 0x00, 0x00, 0x00, 0x00,
    0x00, 0x00, 0x00, 0x00, 0x00, 0x00, 0x00, 0x00, 0x00, 0x00, 0x00, 0x00, 0x00, 0x00, 0x00, 0x00,
    0x00, 0x00, 0x00, 0x00, 0x00, 0x00, 0x00, 0x00, 0x00, 0x00, 0x00, 0x00, 0x00, 0x00, 0x00, 0x00,
    0x00, 0x00, 0x00, 0x00, 0x00, 0x00, 0x00, 0x00, 0x00, 0x00, 0x00, 0x00, 0x00, 0x00, 0x00, 0x00,
    0x00, 0x00, 0x00, 0x00, 0x00, 0x00, 0x00, 0x00, 0x00, 0x00, 0x00, 0x00, 0x00, 0x00, 0x00, 0x00,
    0x00, 0x00, 0x00, 0x00, 0x00, 0x00, 0x00, 0x00, 0x00, 0x00, 0x00, 0x00, 0x00, 0x00, 0x00, 0x00,
    0x00, 0x00, 0x00, 0x00, 0x00, 0x00, 0x00, 0x00, 0x00, 0x00, 0x00, 0x00, 0x00, 0x00, 0x00, 0x00,
    0x00, 0x00, 0x00, 0x00, 0x00, 0x00, 0x00, 0x00, 0x00, 0x00, 0x00, 0x00, 0x00, 0x00, 0x00, 0x00,
    0x00, 0x00, 0x00, 0x00, 0x00, 0x00, 0x00, 0x00, 0x00, 0x00, 0x00, 0x00, 0x00, 0x00, 0x00, 0x00,
    0x00, 0x00, 0x00, 0x00, 0x00, 0x00, 0x00, 0x00, 0x00, 0x00, 0x00, 0x00, 0x00, 0x00, 0x00, 0x00,
    0x00, 0x00, 0x00, 0x00, 0x00, 0x00, 0x00, 0x00, 0x00, 0x00, 0x00, 0x00, 0x00, 0x00, 0x00, 0x00,
    0x00, 0x00, 0x00, 0x00, 0x00, 0x00, 0x00, 0x00, 0x00, 0x00, 0x00, 0x00, 0x00, 0x00, 0x00, 0x00,
    0x00, 0x00, 0x00, 0x00, 0x00, 0x00, 0x00, 0x00, 0x00, 0x00, 0x00, 0x00, 0x00, 0x00, 0x00, 0x00,
    0x00, 0x00, 0x00, 0x00, 0x00, 0x00, 0x00, 0x00, 0x00, 0x00, 0x00, 0x00, 0x00, 0x00, 0x00, 0x00,
    0x00, 0x00, 0x00, 0x00, 0x00, 0x00, 0x00, 0x00, 0x00, 0x00, 0x00, 0x00, 0x00, 0x00, 0x00, 0x00,
    0x00, 0x00, 0x00, 0x00, 0x00, 0x00, 0x00, 0x00, 0x00, 0x00, 0x00, 0x00, 0x00, 0x00, 0x00, 0x00,
    0x00, 0x00, 0x00, 0x00, 0x00, 0x00, 0x00, 0x00, 0x00, 0x00, 0x00, 0x00, 0x00, 0x00, 0x00, 0x00,
    0x00, 0x00, 0x00, 0x00, 0x00, 0x00, 0x00, 0x00, 0x00, 0x00, 0x00, 0x00, 0x00, 0x00, 0x00, 0x00,
    0x00, 0x00, 0x00, 0x00, 0x00, 0x00, 0x00, 0x00, 0x00, 0x00, 0x00, 0x00, 0x00, 0x00, 0x00, 0x00,
    0x00, 0x00, 0x00, 0x00, 0x00, 0x00, 0x00, 0x00, 0x00, 0x00, 0x00, 0x00, 0x00, 0x00, 0x00, 0x00,
    0x00, 0x00, 0x00, 0x00, 0x00, 0x00, 0x00, 0x00, 0x00, 0x00, 0x00, 0x00, 0x00, 0x00, 0x00, 0x00,
    0x00, 0x00, 0x00, 0x00, 0x00, 0x00, 0x00, 0x00, 0x00, 0x00, 0x00, 0x00, 0x00, 0x00, 0x00, 0x00,
    0x00, 0x00, 0x00, 0x00, 0x00, 0x00, 0x00, 0x00, 0x00, 0x00, 0x00, 0x00, 0x00, 0x00, 0x00, 0x00,
    0x00, 0x00, 0x00, 0x00, 0x00, 0x00, 0x00, 0x00, 0x00, 0x00, 0x00, 0x00, 0x00, 0x00, 0x00, 0x00,
    0x00, 0x00, 0x00, 0x00, 0x00, 0x00, 0x00, 0x00, 0x00, 0x00, 0x00, 0x00, 0x00, 0x00, 0x00, 0x00,
    0x00, 0x00, 0x00, 0x00, 0x00, 0x00, 0x00, 0x00, 0x00, 0x00, 0x00, 0x00, 0x00, 0x00, 0x00, 0x00,
    0x00, 0x00, 0x00, 0x00, 0x00, 0x00, 0x00, 0x00, 0x00, 0x00, 0x00, 0x00, 0x00, 0x00, 0x00, 0x00,
    0x00, 0x00, 0x00, 0x00, 0x00, 0x00, 0x00, 0x00, 0x00, 0x00, 0x00, 0x00, 0x00, 0x00, 0x00, 0x00,
    0x00, 0x00, 0x00, 0x00, 0x00, 0x00, 0x00, 0x00, 0x00, 0x00, 0x00, 0x00, 0x00, 0x00, 0x00, 0x00,
    0x00, 0x00, 0x00, 0x00, 0x00, 0x00, 0x00, 0x00, 0x00, 0x00, 0x00, 0x00, 0x00, 0x00, 0x00, 0x00,
    0x00, 0x00, 0x00, 0x00, 0x00, 0x00, 0x00, 0x00, 0x00, 0x00, 0x00, 0x00, 0x00, 0x00, 0x00, 0x00,
    0x00, 0x00, 0x00, 0x00, 0x00, 0x00, 0x00, 0x00, 0x00, 0x00, 0x00, 0x00, 0x00, 0x00, 0x00, 0x00,
    0x00, 0x00, 0x00, 0x00, 0x00, 0x00, 0x00, 0x00, 0x00, 0x00, 0x00, 0x00, 0x00, 0x00, 0x00, 0x00,
    0x00, 0x00, 0x00, 0x00, 0x00, 0x00, 0x00, 0x00, 0x00, 0x00, 0x00, 0x00, 0x00, 0x00, 0x00, 0x00,
    0x00, 0x00, 0x00, 0x00, 0x00, 0x00, 0x00, 0x00, 0x00, 0x00, 0x00, 0x00, 0x00, 0x00, 0x00, 0x00,
    0x00, 0x00, 0x00, 0x00, 0x00, 0x00, 0x00, 0x00, 0x00, 0x00, 0x00, 0x00, 0x00, 0x00, 0x00, 0x00,
    0x00, 0x00, 0x00, 0x00, 0x00, 0x00, 0x00, 0x00, 0x00, 0x00, 0x00, 0x00, 0x00, 0x00, 0x00, 0x00,
    0x00, 0x00, 0x00, 0x00, 0x00, 0x00, 0x00, 0x00, 0x00, 0x00, 0x00, 0x00, 0x00, 0x00, 0x00, 0x00,
    0x00, 0x00, 0x00, 0x00, 0x00, 0x00, 0x00, 0x00, 0x00, 0x00, 0x00, 0x00, 0x00, 0x00, 0x00, 0x00,
    0x00, 0x00, 0x00, 0x00, 0x00, 0x00, 0x00, 0x00, 0x00, 0x00, 0x00, 0x00, 0x00, 0x00, 0x00, 0x00,
    0x00, 0x00, 0x00, 0x00, 0x00, 0x00, 0x00, 0x00, 0x00, 0x00, 0x00, 0x00, 0x00, 0x00, 0x00, 0x00,
    0x00, 0x00, 0x00, 0x00, 0x00, 0x00, 0x00, 0x00, 0x00, 0x00, 0x00, 0x00, 0x00, 0x00, 0x00, 0x00,
    0x00, 0x00, 0x00, 0x00, 0x00, 0x00, 0x00, 0x00, 0x00, 0x00, 0x00, 0x00, 0x00, 0x00, 0x00, 0x00,
    0x00, 0x00, 0x00, 0x00, 0x00, 0x00, 0x00, 0x00, 0x00, 0x00, 0x00, 0x00, 0x00, 0x00, 0x00, 0x00,
    0x00, 0x00, 0x00, 0x00, 0x00, 0x00, 0x00, 0x00, 0x00, 0x00, 0x00, 0x00, 0x00, 0x00, 0x00, 0x00,
    0x00, 0x00, 0x00, 0x00, 0x00, 0x00, 0x00, 0x00, 0x00, 0x00, 0x00, 0x00, 0x00, 0x00, 0x00, 0x00,
    0x00, 0x00, 0x00, 0x00, 0x00, 0x00, 0x00, 0x00, 0x00, 0x00, 0x00, 0x00, 0x00, 0x00, 0x00, 0x00,
    0x00, 0x00, 0x00, 0x00, 0x00, 0x00, 0x00, 0x00, 0x00, 0x00, 0x00, 0x00, 0x00, 0x00, 0x00, 0x00,
    0x00, 0x00, 0x00, 0x00, 0x00, 0x00, 0x00, 0x00, 0x00, 0x00, 0x00, 0x00, 0x00, 0x00, 0x00, 0x00,
    0x00, 0x00, 0x00, 0x00, 0x00, 0x00, 0x00, 0x00, 0x00, 0x00, 0x00, 0x00, 0x00, 0x00, 0x00, 0x00,
    0x00, 0x00, 0x00, 0x00, 0x00, 0x00, 0x00, 0x00, 0x00, 0x00, 0x00, 0x00, 0x00, 0x00, 0x00, 0x00,
    0x00, 0x00, 0x00, 0x00, 0x00, 0x00, 0x00, 0x00, 0x00, 0x00, 0x00, 0x00, 0x00, 0x00, 0x00, 0x00,
    0x00, 0x00, 0x00, 0x00, 0x00, 0x00, 0x00, 0x00, 0x00, 0x00, 0x00, 0x00, 0x00, 0x00, 0x00, 0x00,
    0x00, 0x00, 0x00, 0x00, 0x00, 0x00, 0x00, 0x00, 0x00, 0x00, 0x00, 0x00, 0x00, 0x00, 0x00, 0x00,
    0x00, 0x00, 0x00, 0x00, 0x00, 0x00, 0x00, 0x00, 0x00, 0x00, 0x00, 0x00, 0x00, 0x00, 0x00, 0x00,
    0x00, 0x00, 0x00, 0x00, 0x00, 0x00, 0x00, 0x00, 0x00, 0x00, 0x00, 0x00, 0x00, 0x00, 0x00, 0x00,
    0x00, 0x00, 0x00, 0x00, 0x00, 0x00, 0x00, 0x00, 0x00, 0x00, 0x00, 0x00, 0x00, 0x00, 0x00, 0x00,
    0x00, 0x00, 0x00, 0x00, 0x00, 0x00, 0x00, 0x00, 0x00, 0x00, 0x00, 0x00, 0x00, 0x00, 0x00, 0x00,
    0x00, 0x00, 0x00, 0x00, 0x00, 0x00, 0x00, 0x00, 0x00, 0x00, 0x00, 0x00, 0x00, 0x00, 0x00, 0x00,
    0x00, 0x00, 0x00, 0x00, 0x00, 0x00, 0x00, 0x00, 0x00, 0x00, 0x00, 0x00, 0x00, 0x00, 0x00, 0x00,
    0x00, 0x00, 0x00, 0x00, 0x00, 0x00, 0x00, 0x00, 0x00, 0x00, 0x00, 0x00, 0x00, 0x00, 0x00, 0x00,
    0x00, 0x00, 0x00, 0x00, 0x00, 0x00, 0x00, 0x00, 0x00, 0x00, 0x00, 0x00, 0x00, 0x00, 0x00, 0x00,
    0x00, 0x00, 0x00, 0x00, 0x00, 0x00, 0x00, 0x00, 0x00, 0x00, 0x00, 0x00, 0x00, 0x00, 0x00, 0x00,
    0x00, 0x00, 0x00, 0x00, 0x00, 0x00, 0x00, 0x00, 0x00, 0x00, 0x00, 0x00, 0x00, 0x00, 0x00, 0x00,
    0x00, 0x00, 0x00, 0x00, 0x00, 0x00, 0x00, 0x00, 0x00, 0x00, 0x00, 0x00, 0x00, 0x00, 0x00, 0x00,
    0x00, 0x00, 0x00, 0x00, 0x00, 0x00, 0x00, 0x00, 0x00, 0x00, 0x00, 0x00, 0x00, 0x00, 0x00, 0x00,
    0x00, 0x00, 0x00, 0x00, 0x00, 0x00, 0x00, 0x00, 0x00, 0x00, 0x00, 0x00, 0x00, 0x00, 0x00, 0x00,
    0x00, 0x00, 0x00, 0x00, 0x00, 0x00, 0x00, 0x00, 0x00, 0x00, 0x00, 0x00, 0x00, 0x00, 0x00, 0x00,
    0x00, 0x00, 0x00, 0x00, 0x00, 0x00, 0x00, 0x00, 0x00, 0x00, 0x00, 0x00, 0x00, 0x00, 0x00, 0x00,
    0x00, 0x00, 0x00, 0x00, 0x00, 0x00, 0x00, 0x00, 0x00, 0x00, 0x00, 0x00, 0x00, 0x00, 0x00, 0x00,
    0x00, 0x00, 0x00, 0x00, 0x00, 0x00, 0x00, 0x00, 0x00, 0x00, 0x00, 0x00, 0x00, 0x00, 0x00, 0x00,
    0x00, 0x00, 0x00, 0x00, 0x00, 0x00, 0x00, 0x00, 0x00, 0x00, 0x00, 0x00, 0x00, 0x00, 0x00, 0x00,
    0x00, 0x00, 0x00, 0x00, 0x00, 0x00, 0x00, 0x00, 0x00, 0x00, 0x00, 0x00, 0x00, 0x00, 0x00, 0x00,
    0x00, 0x00, 0x00, 0x00, 0x00, 0x00, 0x00, 0x00, 0x00, 0x00, 0x00, 0x00, 0x00, 0x00, 0x00, 0x00,
    0x00, 0x00, 0x00, 0x00, 0x00, 0x00, 0x00, 0x00, 0x00, 0x00, 0x00, 0x00, 0x00, 0x00, 0x00, 0x00,
    0x00, 0x00, 0x00, 0x00, 0x00, 0x00, 0x00, 0x00, 0x00, 0x00, 0x00, 0x00, 0x00, 0x00, 0x00, 0x00,
    0x00, 0x00, 0x00, 0x00, 0x00, 0x00, 0x00, 0x00, 0x00, 0x00, 0x00, 0x00, 0x00, 0x00, 0x00, 0x00,
    0x00, 0x00, 0x00, 0x00, 0x00, 0x00, 0x00, 0x00, 0x00, 0x00, 0x00, 0x00, 0x00, 0x00, 0x00, 0x00,
    0x00, 0x00, 0x00, 0x00, 0x00, 0x00, 0x00, 0x00, 0x00, 0x00, 0x00, 0x00, 0x00, 0x00, 0x00, 0x00,
    0x00, 0x00, 0x00, 0x00, 0x00, 0x00, 0x00, 0x00, 0x00, 0x00, 0x00, 0x00, 0x00, 0x00, 0x00, 0x00,
    0x00, 0x00, 0x00, 0x00, 0x00, 0x00, 0x00, 0x00, 0x00, 0x00, 0x00, 0x00, 0x00, 0x00, 0x00, 0x00,
    0x00, 0x00, 0x00, 0x00, 0x00, 0x00, 0x00, 0x00, 0x00, 0x00, 0x00, 0x00, 0x00, 0x00, 0x00, 0x00,
    0x00, 0x00, 0x00, 0x00, 0x00, 0x00, 0x00, 0x00, 0x00, 0x00, 0x00, 0x00, 0x00, 0x00, 0x00, 0x00,
    0x00, 0x00, 0x00, 0x00, 0x00, 0x00, 0x00, 0x00, 0x00, 0x00, 0x00, 0x00, 0x00, 0x00, 0x00, 0x00,
    0x00, 0x00, 0x00, 0x00, 0x00, 0x00, 0x00, 0x00, 0x00, 0x00, 0x00, 0x00, 0x00, 0x00, 0x00, 0x00,
    0x00, 0x00, 0x00, 0x00, 0x00, 0x00, 0x00, 0x00, 0x00, 0x00, 0x00, 0x00, 0x00, 0x00, 0x00, 0x00,
    0x00, 0x00, 0x00, 0x00, 0x00, 0x00, 0x00, 0x00, 0x00, 0x00, 0x00, 0x00, 0x00, 0x00, 0x00, 0x00,
    0x00, 0x00, 0x00, 0x00, 0x00, 0x00, 0x00, 0x00, 0x00, 0x00, 0x00, 0x00, 0x00, 0x00, 0x00, 0x00,
    0x00, 0x00, 0x00, 0x00, 0x00, 0x00, 0x00, 0x00, 0x00, 0x00, 0x00, 0x00, 0x00, 0x00, 0x00, 0x00,
    0x00, 0x00, 0x00, 0x00, 0x00, 0x00, 0x00, 0x00, 0x00, 0x00, 0x00, 0x00, 0x00, 0x00, 0x00, 0x00,
    0x00, 0x00, 0x00, 0x00, 0x00, 0x00, 0x00, 0x00, 0x00, 0x00, 0x00, 0x00, 0x00, 0x00, 0x00, 0x00,
    0x00, 0x00, 0x00, 0x00, 0x00, 0x00, 0x00, 0x00, 0x00, 0x00, 0x00, 0x00, 0x00, 0x00, 0x00, 0x00,
    0x00, 0x00, 0x00, 0x00, 0x00, 0x00, 0x00, 0x00, 0x00, 0x00, 0x00, 0x00, 0x00, 0x00, 0x00, 0x00,
    0x00, 0x00, 0x00, 0x00, 0x00, 0x00, 0x00, 0x00, 0x00, 0x00, 0x00, 0x00, 0x00, 0x00, 0x00, 0x00,
    0x00, 0x00, 0x00, 0x00, 0x00, 0x00, 0x00, 0x00, 0x00, 0x00, 0x00, 0x00, 0x00, 0x00, 0x00, 0x00,
    0x00, 0x00, 0x00, 0x00, 0x00, 0x00, 0x00, 0x00, 0x00, 0x00, 0x00, 0x00, 0x00, 0x00, 0x00, 0x00,
    0x00, 0x00, 0x00, 0x00, 0x00, 0x00, 0x00, 0x00, 0x00, 0x00, 0x00, 0x00, 0x00, 0x00, 0x00, 0x00,
    0x00, 0x00, 0x00, 0x00, 0x00, 0x00, 0x00, 0x00, 0x00, 0x00, 0x00, 0x00, 0x00, 0x00, 0x00, 0x00,
    0x00, 0x00, 0x00, 0x00, 0x00, 0x00, 0x00, 0x00, 0x00, 0x00, 0x00, 0x00, 0x00, 0x00, 0x00, 0x00,
    0x00, 0x00, 0x00, 0x00, 0x00, 0x00, 0x00, 0x00, 0x00, 0x00, 0x00, 0x00, 0x00, 0x00, 0x00, 0x00,
    0x00, 0x00, 0x00, 0x00, 0x00, 0x00, 0x00, 0x00, 0x00, 0x00, 0x00, 0x00, 0x00, 0x00, 0x00, 0x00,
    0x00, 0x00, 0x00, 0x00, 0x00, 0x00, 0x00, 0x00, 0x00, 0x00, 0x00, 0x00, 0x00, 0x00, 0x00, 0x00,
    0x00, 0x00, 0x00, 0x00, 0x00, 0x00, 0x00, 0x00, 0x00, 0x00, 0x00, 0x00, 0x00, 0x00, 0x00, 0x00,
    0x00, 0x00, 0x00, 0x00, 0x00, 0x00, 0x00, 0x00, 0x00, 0x00, 0x00, 0x00, 0x00, 0x00, 0x00, 0x00,
    0x00, 0x00, 0x00, 0x00, 0x00, 0x00, 0x00, 0x00, 0x00, 0x00, 0x00, 0x00, 0x00, 0x00, 0x00, 0x00,
    0x00, 0x00, 0x00, 0x00, 0x00, 0x00, 0x00, 0x00, 0x00, 0x00, 0x00, 0x00, 0x00, 0x00, 0x00, 0x00,
    0x00, 0x00, 0x00, 0x00, 0x00, 0x00, 0x00, 0x00, 0x00, 0x00, 0x00, 0x00, 0x00, 0x00, 0x00, 0x00,
    0x00, 0x00, 0x00, 0x00, 0x00, 0x00, 0x00, 0x00, 0x00, 0x00, 0x00, 0x00, 0x00, 0x00, 0x00, 0x00,
    0x00, 0x00, 0x00, 0x00, 0x00, 0x00, 0x00, 0x00, 0x00, 0x00, 0x00, 0x00, 0x00, 0x00, 0x00, 0x00,
    0x00, 0x00, 0x00, 0x00, 0x00, 0x00, 0x00, 0x00, 0x00, 0x00, 0x00, 0x00, 0x00, 0x00, 0x00, 0x00,
    0x00, 0x00, 0x00, 0x00, 0x00, 0x00, 0x00, 0x00, 0x00, 0x00, 0x00, 0x00, 0x00, 0x00, 0x00, 0x00,
    0x00, 0x00, 0x00, 0x00, 0x00, 0x00, 0x00, 0x00, 0x00, 0x00, 0x00, 0x00, 0x00, 0x00, 0x00, 0x00,
    0x00, 0x00, 0x00, 0x00, 0x00, 0x00, 0x00, 0x00, 0x00, 0x00, 0x00, 0x00, 0x00, 0x00, 0x00, 0x00,
    0x00, 0x00, 0x00, 0x00, 0x00, 0x00, 0x00, 0x00, 0x00, 0x00, 0x00, 0x00, 0x00, 0x00, 0x00, 0x00,
    0x00, 0x00, 0x00, 0x00, 0x00, 0x00, 0x00, 0x00, 0x00, 0x00, 0x00, 0x00, 0x00, 0x00, 0x00, 0x00,
    0x00, 0x00, 0x00, 0x00, 0x00, 0x00, 0x00, 0x00, 0x00, 0x00, 0x00, 0x00, 0x00, 0x00, 0x00, 0x00,
    0x00, 0x00, 0x00, 0x00, 0x00, 0x00, 0x00, 0x00, 0x00, 0x00, 0x00, 0x00, 0x00, 0x00, 0x00, 0x00,
    0x00, 0x00, 0x00, 0x00, 0x00, 0x00, 0x00, 0x00, 0x00, 0x00, 0x00, 0x00, 0x00, 0x00, 0x00, 0x00,
    0x00, 0x00, 0x00, 0x00, 0x00, 0x00, 0x00, 0x00, 0x00, 0x00, 0x00, 0x00, 0x00, 0x00, 0x00, 0x00,
    0x00, 0x00, 0x00, 0x00, 0x00, 0x00, 0x00, 0x00, 0x00, 0x00, 0x00, 0x00, 0x00, 0x00, 0x00, 0x00,
    0x00, 0x00, 0x00, 0x00, 0x00, 0x00, 0x00, 0x00, 0x00, 0x00, 0x00, 0x00, 0x00, 0x00, 0x00, 0x00,
    0x00, 0x00, 0x00, 0x00, 0x00, 0x00, 0x00, 0x00, 0x00, 0x00, 0x00, 0x00, 0x00, 0x00, 0x00, 0x00,
    0x00, 0x00, 0x00, 0x00, 0x00, 0x00, 0x00, 0x00, 0x00, 0x00, 0x00, 0x00, 0x00, 0x00, 0x00, 0x00,
    0x00, 0x00, 0x00, 0x00, 0x00, 0x00, 0x00, 0x00, 0x00, 0x00, 0x00, 0x00, 0x00, 0x00, 0x00, 0x00,
    0x00, 0x00, 0x00, 0x00, 0x00, 0x00, 0x00, 0x00, 0x00, 0x00, 0x00, 0x00, 0x00, 0x00, 0x00, 0x00,
    0x00, 0x00, 0x00, 0x00, 0x00, 0x00, 0x00, 0x00, 0x00, 0x00, 0x00, 0x00, 0x00, 0x00, 0x00, 0x00,
    0x00, 0x00, 0x00, 0x00, 0x00, 0x00, 0x00, 0x00, 0x00, 0x00, 0x00, 0x00, 0x00, 0x00, 0x00, 0x00,
    0x00, 0x00, 0x00, 0x00, 0x00, 0x00, 0x00, 0x00, 0x00, 0x00, 0x00, 0x00, 0x00, 0x00, 0x00, 0x00,
    0x00, 0x00, 0x00, 0x00, 0x00, 0x00, 0x00, 0x00, 0x00, 0x00, 0x00, 0x00, 0x00, 0x00, 0x00, 0x00,
    0x00, 0x00, 0x00, 0x00, 0x00, 0x00, 0x00, 0x00, 0x00, 0x00, 0x00, 0x00, 0x00, 0x00, 0x00, 0x00,
    0x00, 0x00, 0x00, 0x00, 0x00, 0x00, 0x00, 0x00, 0x00, 0x00, 0x00, 0x00, 0x00, 0x00, 0x00, 0x00,
    0x00, 0x00, 0x00, 0x00, 0x00, 0x00, 0x00, 0x00, 0x00, 0x00, 0x00, 0x00, 0x00, 0x00, 0x00, 0x00,
    0x00, 0x00, 0x00, 0x00, 0x00, 0x00, 0x00, 0x00, 0x00, 0x00, 0x00, 0x00, 0x00, 0x00, 0x00, 0x00,
    0x00, 0x00, 0x00, 0x00, 0x00, 0x00, 0x00, 0x00, 0x00, 0x00, 0x00, 0x00, 0x00, 0x00, 0x00, 0x00,
    0x00, 0x00, 0x00, 0x00, 0x00, 0x00, 0x00, 0x00, 0x00, 0x00, 0x00, 0x00, 0x00, 0x00, 0x00, 0x00,
    0x00, 0x00, 0x00, 0x00, 0x00, 0x00, 0x00, 0x00, 0x00, 0x00, 0x00, 0x00, 0x00, 0x00, 0x00, 0x00,
    0x00, 0x00, 0x00, 0x00, 0x00, 0x00, 0x00, 0x00, 0x00, 0x00, 0x00, 0x00, 0x00, 0x00, 0x00, 0x00,
    0x00, 0x00, 0x00, 0x00, 0x00, 0x00, 0x00, 0x00, 0x00, 0x00, 0x00, 0x00, 0x00, 0x00, 0x00, 0x00,
    0x00, 0x00, 0x00, 0x00, 0x00, 0x00, 0x00, 0x00, 0x00, 0x00, 0x00, 0x00, 0x00, 0x00, 0x00, 0x00,
    0x00, 0x00, 0x00, 0x00, 0x00, 0x00, 0x00, 0x00, 0x00, 0x00, 0x00, 0x00, 0x00, 0x00, 0x00, 0x00,
    0x00, 0x00, 0x00, 0x00, 0x00, 0x00, 0x00, 0x00, 0x00, 0x00, 0x00, 0x00, 0x00, 0x00, 0x00, 0x00,
    0x00, 0x00, 0x00, 0x00, 0x00, 0x00, 0x00, 0x00, 0x00, 0x00, 0x00, 0x00, 0x00, 0x00, 0x00, 0x00,
    0x00, 0x00, 0x00, 0x00, 0x00, 0x00, 0x00, 0x00, 0x00, 0x00, 0x00, 0x00, 0x00, 0x00, 0x00, 0x00,
    0x00, 0x45, 0x4E, 0x44, 0x54,
};
