// Generated with `xb buildshaders`.
const uint8_t guest_output_bilinear_dither_ps_metallib[] = {
    0x4D, 0x54, 0x4C, 0x42, 0x01, 0x80, 0x02, 0x00, 0x09, 0x00, 0x00, 0x81, 0x1A, 0x00, 0x00, 0x00,
    0x50, 0x70, 0x00, 0x00, 0x00, 0x00, 0x00, 0x00, 0x58, 0x00, 0x00, 0x00, 0x00, 0x00, 0x00, 0x00,
    0x8E, 0x00, 0x00, 0x00, 0x00, 0x00, 0x00, 0x00, 0x04, 0x01, 0x00, 0x00, 0x00, 0x00, 0x00, 0x00,
    0x08, 0x00, 0x00, 0x00, 0x00, 0x00, 0x00, 0x00, 0x0C, 0x01, 0x00, 0x00, 0x00, 0x00, 0x00, 0x00,
    0xD9, 0x00, 0x00, 0x00, 0x00, 0x00, 0x00, 0x00, 0xE5, 0x01, 0x00, 0x00, 0x00, 0x00, 0x00, 0x00,
    0xC0, 0x1C, 0x00, 0x00, 0x00, 0x00, 0x00, 0x00, 0x01, 0x00, 0x00, 0x00, 0x8E, 0x00, 0x00, 0x00,
    0x4E, 0x41, 0x4D, 0x45, 0x0B, 0x00, 0x78, 0x65, 0x73, 0x6C, 0x5F, 0x65, 0x6E, 0x74, 0x72, 0x79,
    0x00, 0x54, 0x59, 0x50, 0x45, 0x01, 0x00, 0x01, 0x48, 0x41, 0x53, 0x48, 0x20, 0x00, 0x5A, 0x45,
    0x59, 0x9E, 0xAC, 0x6A, 0xA4, 0x6A, 0xB5, 0x41, 0x58, 0x29, 0xE5, 0x06, 0x70, 0xEA, 0x40, 0x79,
    0x3F, 0x04, 0x4D, 0xF4, 0xD4, 0x10, 0x2E, 0xDA, 0x3D, 0xF6, 0x83, 0xD1, 0x59, 0x99, 0x4D, 0x44,
    0x53, 0x5A, 0x08, 0x00, 0xC0, 0x1C, 0x00, 0x00, 0x00, 0x00, 0x00, 0x00, 0x4F, 0x46, 0x46, 0x54,
    0x18, 0x00, 0x00, 0x00, 0x00, 0x00, 0x00, 0x00, 0x00, 0x00, 0x00, 0x00, 0x00, 0x00, 0x00, 0x00,
    0x00, 0x00, 0x00, 0x00, 0x00, 0x00, 0x00, 0x00, 0x00, 0x00, 0x56, 0x45, 0x52, 0x53, 0x08, 0x00,
    0x02, 0x00, 0x08, 0x00, 0x03, 0x00, 0x00, 0x00, 0x53, 0x4F, 0x46, 0x46, 0x08, 0x00, 0x7F, 0x01,
    0x00, 0x00, 0x00, 0x00, 0x00, 0x00, 0x45, 0x4E, 0x44, 0x54, 0x48, 0x53, 0x52, 0x44, 0x10, 0x00,
    0xA5, 0x1E, 0x00, 0x00, 0x00, 0x00, 0x00, 0x00, 0xAB, 0x51, 0x00, 0x00, 0x00, 0x00, 0x00, 0x00,
    0x45, 0x4E, 0x44, 0x54, 0x04, 0x00, 0x00, 0x00, 0x45, 0x4E, 0x44, 0x54, 0xD5, 0x00, 0x00, 0x00,
    0x44, 0x45, 0x42, 0x49, 0x7D, 0x00, 0x1A, 0x00, 0x00, 0x00, 0x2F, 0x55, 0x73, 0x65, 0x72, 0x73,
    0x2F, 0x77, 0x6D, 0x61, 0x72, 0x74, 0x69, 0x2F, 0x44, 0x6F, 0x63, 0x75, 0x6D, 0x65, 0x6E, 0x74,
    0x73, 0x2F, 0x78, 0x65, 0x6E, 0x69, 0x61, 0x2D, 0x6D, 0x61, 0x63, 0x2F, 0x73, 0x63, 0x72, 0x61,
    0x74, 0x63, 0x68, 0x2F, 0x77, 0x6F, 0x72, 0x6B, 0x74, 0x72, 0x65, 0x65, 0x73, 0x2F, 0x78, 0x65,
    0x6E, 0x69, 0x61, 0x2D, 0x63, 0x61, 0x6E, 0x61, 0x72, 0x79, 0x2D, 0x72, 0x65, 0x62, 0x61, 0x73,
    0x65, 0x2F, 0x73, 0x72, 0x63, 0x2F, 0x78, 0x65, 0x6E, 0x69, 0x61, 0x2F, 0x75, 0x69, 0x2F, 0x73,
    0x68, 0x61, 0x64, 0x65, 0x72, 0x73, 0x2F, 0x67, 0x75, 0x65, 0x73, 0x74, 0x5F, 0x6F, 0x75, 0x74,
    0x70, 0x75, 0x74, 0x5F, 0x62, 0x69, 0x6C, 0x69, 0x6E, 0x65, 0x61, 0x72, 0x2E, 0x78, 0x65, 0x73,
    0x6C, 0x69, 0x00, 0x44, 0x45, 0x50, 0x46, 0x48, 0x00, 0x73, 0x72, 0x63, 0x2F, 0x78, 0x65, 0x6E,
    0x69, 0x61, 0x2F, 0x75, 0x69, 0x2F, 0x73, 0x68, 0x61, 0x64, 0x65, 0x72, 0x73, 0x2F, 0x62, 0x79,
    0x74, 0x65, 0x63, 0x6F, 0x64, 0x65, 0x2F, 0x6D, 0x65, 0x74, 0x61, 0x6C, 0x2F, 0x67, 0x75, 0x65,
    0x73, 0x74, 0x5F, 0x6F, 0x75, 0x74, 0x70, 0x75, 0x74, 0x5F, 0x62, 0x69, 0x6C, 0x69, 0x6E, 0x65,
    0x61, 0x72, 0x5F, 0x64, 0x69, 0x74, 0x68, 0x65, 0x72, 0x5F, 0x70, 0x73, 0x2E, 0x61, 0x69, 0x72,
    0x00, 0x45, 0x4E, 0x44, 0x54, 0xDE, 0xC0, 0x17, 0x0B, 0x00, 0x00, 0x00, 0x00, 0x14, 0x00, 0x00,
    0x00, 0xAC, 0x1C, 0x00, 0x00, 0xFF, 0xFF, 0xFF, 0xFF, 0x42, 0x43, 0xC0, 0xDE, 0x35, 0x14, 0x00,
    0x00, 0x03, 0x00, 0x00, 0x00, 0x62, 0x0C, 0x30, 0x24, 0x80, 0x10, 0x05, 0xC8, 0x14, 0x00, 0x00,
    0x00, 0x21, 0x0C, 0x00, 0x00, 0xB2, 0x06, 0x00, 0x00, 0x0B, 0x02, 0x21, 0x00, 0x02, 0x00, 0x00,
    0x00, 0x16, 0x00, 0x00, 0x00, 0x07, 0x81, 0x23, 0x91, 0x41, 0xC8, 0x04, 0x49, 0x06, 0x10, 0x32,
    0x39, 0x92, 0x01, 0x84, 0x0C, 0x25, 0x05, 0x08, 0x19, 0x1E, 0x04, 0x8B, 0x62, 0x80, 0x18, 0x45,
    0x02, 0x42, 0x92, 0x0B, 0x42, 0xC4, 0x10, 0x32, 0x14, 0x38, 0x08, 0x18, 0x4B, 0x0A, 0x32, 0x62,
    0x88, 0x48, 0x70, 0xC4, 0x21, 0x23, 0x44, 0x12, 0x87, 0x8C, 0x10, 0x41, 0x92, 0x02, 0x64, 0xC8,
    0x08, 0xB1, 0x14, 0x20, 0x43, 0x46, 0x88, 0x20, 0xC9, 0x01, 0x32, 0x62, 0x84, 0x18, 0x2A, 0x28,
    0x2A, 0x90, 0x31, 0x7C, 0xB0, 0x5C, 0x91, 0x20, 0xC6, 0xC8, 0x00, 0x00, 0x00, 0x89, 0x20, 0x00,
    0x00, 0x33, 0x00, 0x00, 0x00, 0x32, 0x22, 0x88, 0x09, 0x20, 0x62, 0x46, 0x00, 0x21, 0x2B, 0x24,
    0x98, 0x18, 0x21, 0x25, 0x24, 0x98, 0x18, 0x19, 0x27, 0x0C, 0x85, 0xA4, 0x90, 0x60, 0x62, 0x64,
    0x5C, 0x20, 0x24, 0x66, 0x82, 0xA0, 0x0C, 0x66, 0x00, 0x14, 0x50, 0x00, 0x18, 0x44, 0x08, 0x84,
    0x61, 0x04, 0x02, 0xB8, 0xC1, 0x30, 0x47, 0x00, 0x06, 0xC3, 0x08, 0x42, 0x31, 0x8C, 0x20, 0x00,
    0x08, 0x06, 0xD2, 0x14, 0x51, 0xC2, 0xE4, 0x5F, 0x84, 0xB4, 0xFC, 0x0F, 0x25, 0x1D, 0x9C, 0xD3,
    0x48, 0x13, 0xD0, 0x4C, 0xD2, 0x2F, 0x4D, 0x11, 0x25, 0x4C, 0x49, 0x30, 0x8E, 0x41, 0x04, 0x44,
    0x40, 0x4A, 0x9A, 0x22, 0x4A, 0x98, 0xFC, 0x7F, 0x22, 0xAE, 0x89, 0x8A, 0x88, 0xDF, 0x1E, 0xFE,
    0x69, 0x8C, 0x00, 0x18, 0x44, 0x50, 0x02, 0x8C, 0xA4, 0x29, 0xA2, 0x84, 0xC9, 0xFF, 0x25, 0x80,
    0x79, 0x16, 0x22, 0xFA, 0xA7, 0x31, 0x02, 0x60, 0x10, 0x81, 0x11, 0x4C, 0x41, 0x24, 0x4B, 0x33,
    0x90, 0x33, 0x8C, 0x30, 0x00, 0x46, 0x80, 0x20, 0x8A, 0xE6, 0x08, 0x90, 0x23, 0x0C, 0xD3, 0x1C,
    0x41, 0x60, 0x14, 0x6A, 0x69, 0x8E, 0xCA, 0xA8, 0x00, 0xA0, 0x20, 0xCB, 0x08, 0x87, 0x41, 0x98,
    0x11, 0x8C, 0x83, 0xB4, 0x81, 0x00, 0x15, 0x28, 0xE6, 0x08, 0x40, 0x61, 0x10, 0xC1, 0x10, 0x06,
    0x11, 0x0E, 0x61, 0x18, 0x61, 0x28, 0x06, 0x11, 0x00, 0x61, 0x18, 0x81, 0x28, 0x46, 0x00, 0x00,
    0x00, 0x51, 0x18, 0x00, 0x00, 0x7A, 0x00, 0x00, 0x00, 0x1B, 0xF2, 0x23, 0xF8, 0xFF, 0xFF, 0xFF,
    0xFF, 0x01, 0x58, 0x03, 0xC0, 0x14, 0x00, 0x3F, 0x00, 0x24, 0xA0, 0x02, 0xFA, 0x80, 0x08, 0x07,
    0x78, 0x80, 0x07, 0x79, 0x78, 0x07, 0x7C, 0x68, 0x03, 0x73, 0xA8, 0x07, 0x77, 0x18, 0x87, 0x36,
    0x30, 0x07, 0x78, 0x68, 0x83, 0x76, 0x08, 0x07, 0x7A, 0x40, 0x07, 0x80, 0x1E, 0xE4, 0xA1, 0x1E,
    0xCA, 0x01, 0x20, 0xCC, 0x41, 0x1E, 0xC2, 0xA1, 0x1D, 0xCA, 0xA1, 0x0D, 0xE0, 0xE1, 0x1D, 0xD2,
    0xC1, 0x1D, 0xE8, 0xA1, 0x1C, 0xE4, 0x01, 0x08, 0x07, 0x76, 0x60, 0x07, 0x80, 0x68, 0x87, 0x74,
    0x70, 0x87, 0x36, 0x60, 0x87, 0x72, 0x38, 0x87, 0x70, 0x60, 0x87, 0x36, 0xB0, 0x87, 0x72, 0x18,
    0x07, 0x7A, 0x78, 0x07, 0x79, 0x68, 0x83, 0x7B, 0x48, 0x07, 0x72, 0xA0, 0x07, 0x74, 0x00, 0xE2,
    0x40, 0x0E, 0xF0, 0x00, 0x18, 0xDC, 0xE1, 0x1D, 0xDA, 0x40, 0x1C, 0xEA, 0x21, 0x1D, 0xD8, 0x81,
    0x1E, 0xD2, 0xC1, 0x1D, 0xE6, 0x01, 0x20, 0xDC, 0xE1, 0x1D, 0xDA, 0x20, 0x1D, 0xDC, 0xC1, 0x1C,
    0xE6, 0xA1, 0x0D, 0xCC, 0x01, 0x1E, 0xDA, 0xA0, 0x1D, 0xC2, 0x81, 0x1E, 0xD0, 0x01, 0xA0, 0x07,
    0x79, 0xA8, 0x87, 0x72, 0x00, 0x08, 0x77, 0x78, 0x87, 0x36, 0x70, 0x87, 0x70, 0x70, 0x87, 0x79,
    0x68, 0x03, 0x73, 0x80, 0x87, 0x36, 0x68, 0x87, 0x70, 0xA0, 0x07, 0x74, 0x00, 0xE8, 0x41, 0x1E,
    0xEA, 0xA1, 0x1C, 0x00, 0xC2, 0x1D, 0xDE, 0xA1, 0x0D, 0xE6, 0x21, 0x1D, 0xCE, 0xC1, 0x1D, 0xCA,
    0x81, 0x1C, 0xDA, 0x40, 0x1F, 0xCA, 0x41, 0x1E, 0xDE, 0x61, 0x1E, 0xDA, 0xC0, 0x1C, 0xE0, 0xA1,
    0x0D, 0xDA, 0x21, 0x1C, 0xE8, 0x01, 0x1D, 0x00, 0x7A, 0x90, 0x87, 0x7A, 0x28, 0x07, 0x80, 0x70,
    0x87, 0x77, 0x68, 0x03, 0x7A, 0x90, 0x87, 0x70, 0x80, 0x07, 0x78, 0x48, 0x07, 0x77, 0x38, 0x87,
    0x36, 0x68, 0x87, 0x70, 0xA0, 0x07, 0x74, 0x00, 0xE8, 0x41, 0x1E, 0xEA, 0xA1, 0x1C, 0x00, 0x62,
    0x1E, 0xE8, 0x21, 0x1C, 0xC6, 0x61, 0x1D, 0xDA, 0x00, 0x1E, 0xE4, 0xE1, 0x1D, 0xE8, 0xA1, 0x1C,
    0xC6, 0x81, 0x1E, 0xDE, 0x41, 0x1E, 0xDA, 0x40, 0x1C, 0xEA, 0xC1, 0x1C, 0xCC, 0xA1, 0x1C, 0xE4,
    0xA1, 0x0D, 0xE6, 0x21, 0x1D, 0xF4, 0xA1, 0x1C, 0x00, 0x3C, 0x00, 0x88, 0x7A, 0x70, 0x87, 0x79,
    0x08, 0x07, 0x73, 0x28, 0x87, 0x36, 0x30, 0x07, 0x78, 0x68, 0x83, 0x76, 0x08, 0x07, 0x7A, 0x40,
    0x07, 0x80, 0x1E, 0xE4, 0xA1, 0x1E, 0xCA, 0x01, 0xD8, 0x10, 0x06, 0x42, 0x00, 0x2C, 0x40, 0x15,
    0x04, 0x48, 0x90, 0x06, 0xD0, 0x10, 0x0E, 0xE9, 0x20, 0x0F, 0x6D, 0x20, 0x0E, 0xF5, 0x60, 0x0E,
    0xE6, 0x50, 0x0E, 0xF2, 0xD0, 0x06, 0xEE, 0xF0, 0x0E, 0x6D, 0x10, 0x0E, 0xEC, 0x90, 0x0E, 0xE1,
    0x30, 0x0F, 0xC0, 0x06, 0x63, 0x18, 0x80, 0x05, 0xA8, 0x36, 0x38, 0xC4, 0xFF, 0xFF, 0xFF, 0xFF,
    0x0F, 0x80, 0x29, 0x00, 0x7E, 0x00, 0xFC, 0x01, 0x20, 0x01, 0x14, 0xD0, 0x07, 0x1B, 0xA0, 0xE2,
    0xFF, 0xFF, 0xFF, 0xFF, 0x07, 0xA0, 0x0D, 0x80, 0x35, 0x00, 0x4C, 0x01, 0xF0, 0x03, 0x40, 0x02,
    0x2A, 0xA0, 0x0F, 0x36, 0x18, 0x46, 0x00, 0x2C, 0x40, 0xB5, 0xC1, 0x38, 0x04, 0x60, 0x01, 0xAA,
    0x0D, 0x08, 0xF2, 0xFF, 0xFF, 0xFF, 0xFF, 0x03, 0x20, 0x01, 0x14, 0xD0, 0x07, 0x1B, 0x98, 0xE4,
    0xFF, 0xFF, 0xFF, 0xFF, 0x07, 0xA0, 0x0D, 0x80, 0x35, 0x00, 0x24, 0xA0, 0x02, 0xFA, 0x00, 0x00,
    0x00, 0x49, 0x18, 0x00, 0x00, 0x05, 0x00, 0x00, 0x00, 0x13, 0x86, 0x40, 0x18, 0x26, 0x04, 0xC4,
    0x84, 0xA1, 0x30, 0x8E, 0x09, 0x01, 0x32, 0x61, 0x48, 0x8C, 0x03, 0x00, 0x00, 0x13, 0xB8, 0x70,
    0x48, 0x07, 0x79, 0xB0, 0x03, 0x3A, 0xF8, 0x05, 0x7B, 0x90, 0x03, 0x3C, 0x68, 0x83, 0x70, 0x80,
    0x07, 0x78, 0x60, 0x87, 0x72, 0x68, 0x83, 0x76, 0x08, 0x87, 0x71, 0x78, 0x87, 0x79, 0xC0, 0x07,
    0x39, 0xB0, 0x03, 0x37, 0x80, 0x03, 0x37, 0x80, 0x83, 0x0D, 0xB7, 0x51, 0x0E, 0x6D, 0x00, 0x0F,
    0x7A, 0x60, 0x07, 0x74, 0xA0, 0x07, 0x76, 0x40, 0x07, 0x7A, 0x60, 0x07, 0x74, 0xD0, 0x06, 0xE9,
    0x10, 0x07, 0x7A, 0x80, 0x07, 0x7A, 0x80, 0x07, 0x6D, 0x90, 0x0E, 0x78, 0xA0, 0x07, 0x78, 0xA0,
    0x07, 0x78, 0xD0, 0x06, 0xE9, 0x10, 0x07, 0x76, 0xA0, 0x07, 0x71, 0x60, 0x07, 0x7A, 0x10, 0x07,
    0x76, 0xD0, 0x06, 0xE9, 0x30, 0x07, 0x72, 0xA0, 0x07, 0x73, 0x20, 0x07, 0x7A, 0x30, 0x07, 0x72,
    0xD0, 0x06, 0xE9, 0x60, 0x07, 0x74, 0xA0, 0x07, 0x76, 0x40, 0x07, 0x7A, 0x60, 0x07, 0x74, 0xD0,
    0x06, 0xE6, 0x30, 0x07, 0x72, 0xA0, 0x07, 0x73, 0x20, 0x07, 0x7A, 0x30, 0x07, 0x72, 0xD0, 0x06,
    0xE6, 0x60, 0x07, 0x74, 0xA0, 0x07, 0x76, 0x40, 0x07, 0x7A, 0x60, 0x07, 0x74, 0xD0, 0x06, 0xF6,
    0x10, 0x07, 0x76, 0xA0, 0x07, 0x71, 0x60, 0x07, 0x7A, 0x10, 0x07, 0x76, 0xD0, 0x06, 0xF6, 0x20,
    0x07, 0x74, 0xA0, 0x07, 0x73, 0x20, 0x07, 0x7A, 0x30, 0x07, 0x72, 0xD0, 0x06, 0xF6, 0x30, 0x07,
    0x72, 0xA0, 0x07, 0x73, 0x20, 0x07, 0x7A, 0x30, 0x07, 0x72, 0xD0, 0x06, 0xF6, 0x40, 0x07, 0x78,
    0xA0, 0x07, 0x76, 0x40, 0x07, 0x7A, 0x60, 0x07, 0x74, 0xD0, 0x06, 0xF6, 0x60, 0x07, 0x74, 0xA0,
    0x07, 0x76, 0x40, 0x07, 0x7A, 0x60, 0x07, 0x74, 0xD0, 0x06, 0xF6, 0x90, 0x07, 0x76, 0xA0, 0x07,
    0x71, 0x20, 0x07, 0x78, 0xA0, 0x07, 0x71, 0x20, 0x07, 0x78, 0xD0, 0x06, 0xF6, 0x10, 0x07, 0x72,
    0x80, 0x07, 0x7A, 0x10, 0x07, 0x72, 0x80, 0x07, 0x7A, 0x10, 0x07, 0x72, 0x80, 0x07, 0x6D, 0x60,
    0x0F, 0x71, 0x90, 0x07, 0x72, 0xA0, 0x07, 0x72, 0x50, 0x07, 0x76, 0xA0, 0x07, 0x72, 0x50, 0x07,
    0x76, 0xD0, 0x06, 0xF6, 0x20, 0x07, 0x75, 0x60, 0x07, 0x7A, 0x20, 0x07, 0x75, 0x60, 0x07, 0x7A,
    0x20, 0x07, 0x75, 0x60, 0x07, 0x6D, 0x60, 0x0F, 0x75, 0x10, 0x07, 0x72, 0xA0, 0x07, 0x75, 0x10,
    0x07, 0x72, 0xA0, 0x07, 0x75, 0x10, 0x07, 0x72, 0xD0, 0x06, 0xF6, 0x10, 0x07, 0x70, 0x20, 0x07,
    0x74, 0xA0, 0x07, 0x71, 0x00, 0x07, 0x72, 0x40, 0x07, 0x7A, 0x10, 0x07, 0x70, 0x20, 0x07, 0x74,
    0xD0, 0x06, 0xEE, 0x80, 0x07, 0x7A, 0x10, 0x07, 0x76, 0xA0, 0x07, 0x73, 0x20, 0x07, 0x4A, 0x0F,
    0x08, 0x11, 0x92, 0x40, 0x86, 0x8C, 0x14, 0x11, 0x01, 0x34, 0x42, 0x18, 0x56, 0xB9, 0x08, 0x69,
    0xF9, 0x89, 0x66, 0x8A, 0xB0, 0x1D, 0x12, 0x90, 0x05, 0x8B, 0x34, 0x0C, 0x00, 0x00, 0x04, 0x00,
    0x00, 0x00, 0x41, 0x06, 0x0C, 0xA9, 0x32, 0xC5, 0x01, 0x00, 0x20, 0x00, 0x00, 0x00, 0x10, 0x00,
    0x00, 0x00, 0x00, 0x00, 0xC8, 0x80, 0x21, 0xD5, 0x18, 0x5C, 0x11, 0x10, 0x00, 0x02, 0x00, 0x00,
    0x80, 0x00, 0x00, 0x00, 0x00, 0x00, 0x40, 0x06, 0x0C, 0xA9, 0xF4, 0x60, 0xB3, 0x80, 0x00, 0x18,
    0x00, 0x00, 0x00, 0x04, 0x00, 0x00, 0x00, 0x00, 0x00, 0x32, 0x60, 0x48, 0x55, 0x0B, 0x1B, 0x06,
    0x04, 0x80, 0x00, 0x00, 0x00, 0x20, 0x00, 0x00, 0x00, 0x00, 0x00, 0x90, 0x01, 0x43, 0x2A, 0x78,
    0xD8, 0x34, 0x20, 0x00, 0x04, 0x00, 0x00, 0x00, 0x01, 0x00, 0x00, 0x00, 0x00, 0x80, 0x0C, 0x90,
    0xD8, 0x20, 0x50, 0x98, 0xD6, 0x00, 0x00, 0x20, 0x0B, 0x04, 0x00, 0x00, 0x00, 0x44, 0x01, 0x00,
    0x00, 0x32, 0x1E, 0x98, 0x14, 0x19, 0x11, 0x4C, 0x90, 0x8C, 0x09, 0x26, 0x47, 0xC6, 0x04, 0x43,
    0x2A, 0x8A, 0xA0, 0x1C, 0x0A, 0xA1, 0x0C, 0x4A, 0xA0, 0x7C, 0x0A, 0x50, 0xA0, 0x20, 0x0A, 0x64,
    0x04, 0x80, 0xBC, 0x11, 0x00, 0x0A, 0xC6, 0x02, 0x11, 0x92, 0x07, 0x4F, 0xB4, 0x17, 0xD0, 0x3B,
    0x6F, 0xCD, 0xCE, 0x77, 0xEF, 0xBD, 0xED, 0x58, 0x5F, 0xBE, 0xD9, 0x5E, 0x40, 0xFB, 0xF4, 0x55,
    0x3B, 0x9F, 0x3E, 0xFB, 0xB0, 0x17, 0x58, 0x5E, 0xBC, 0xD1, 0xCE, 0x6E, 0xDB, 0x75, 0xED, 0x05,
    0xB9, 0x65, 0xC7, 0xB5, 0x43, 0xE9, 0xB0, 0x05, 0x3B, 0xB0, 0x3F, 0xFF, 0xB4, 0x93, 0x5D, 0x7A,
    0x6C, 0x7B, 0x81, 0xA7, 0xCD, 0x3A, 0xEC, 0x68, 0xB2, 0x4C, 0x73, 0x5E, 0x90, 0x59, 0x72, 0x4C,
    0x3B, 0xBD, 0x75, 0xE7, 0xB5, 0x17, 0xFC, 0xF6, 0xDD, 0xD7, 0xCE, 0xA5, 0xC7, 0x1E, 0xEC, 0x05,
    0x98, 0x14, 0x63, 0x98, 0xF3, 0xD9, 0x73, 0x4F, 0x7B, 0x01, 0x3D, 0xF3, 0xD4, 0xE7, 0x54, 0x56,
    0x9C, 0xD1, 0x5E, 0x20, 0x6B, 0xB4, 0x14, 0x3B, 0xFE, 0xFC, 0xF3, 0x9F, 0x17, 0xEC, 0xB7, 0x5F,
    0xDF, 0x0E, 0xE6, 0xC7, 0x1F, 0xED, 0x05, 0xD8, 0xA4, 0xC3, 0x96, 0x17, 0x54, 0x5A, 0xAC, 0xC1,
    0x5E, 0xE0, 0x7B, 0xF7, 0x5E, 0x3B, 0xFF, 0xFD, 0xF7, 0xB7, 0x17, 0xEC, 0xBA, 0x6D, 0xC7, 0x5E,
    0x00, 0x4D, 0x34, 0x14, 0x39, 0xBE, 0x76, 0xEB, 0xB1, 0x63, 0x7B, 0xF5, 0x56, 0x7B, 0x01, 0xE6,
    0xC7, 0x1F, 0xED, 0x78, 0xF2, 0xCC, 0x73, 0x5E, 0x30, 0xDF, 0x7C, 0x75, 0x3B, 0xDE, 0xB7, 0xEF,
    0xB6, 0x17, 0x44, 0x17, 0x1E, 0xD9, 0x0E, 0x2C, 0xD1, 0x50, 0xE4, 0x05, 0xD8, 0x9E, 0x7B, 0xB2,
    0x83, 0xFF, 0xFD, 0x77, 0x7B, 0x01, 0x2C, 0xCF, 0x3C, 0xE7, 0x44, 0x16, 0x1C, 0xD1, 0x4E, 0x67,
    0xCD, 0x39, 0xED, 0x05, 0xD0, 0x74, 0xE3, 0x99, 0xC3, 0xFD, 0xFA, 0x6D, 0x3B, 0xD8, 0x9F, 0x7F,
    0xB6, 0x17, 0xF0, 0xB2, 0x4D, 0x77, 0x8E, 0xFE, 0xF9, 0xF3, 0xED, 0xD0, 0x3F, 0x7F, 0xDD, 0x5E,
    0x10, 0x6F, 0xBC, 0x34, 0x7B, 0x81, 0xBD, 0xF5, 0xDA, 0xEC, 0xE0, 0x52, 0x8D, 0x65, 0x4E, 0xBE,
    0xF9, 0xF2, 0xEC, 0x05, 0xD4, 0x8F, 0x5F, 0xB6, 0x17, 0xD4, 0x5A, 0xAD, 0xC5, 0x5E, 0x50, 0x5B,
    0x75, 0x56, 0x3B, 0xD9, 0xA6, 0xCB, 0xB2, 0x17, 0x40, 0xFF, 0xFD, 0xD7, 0x5E, 0x60, 0x7F, 0xFD,
    0x76, 0x3B, 0xDF, 0xBE, 0xFB, 0xB2, 0x17, 0xC0, 0xFB, 0xEE, 0xCB, 0x8E, 0x3D, 0xF7, 0xDC, 0xE7,
    0x05, 0x96, 0x17, 0x6F, 0xB4, 0x17, 0x70, 0xD2, 0x8C, 0x63, 0x5E, 0x00, 0x51, 0x3F, 0xBE, 0x39,
    0xBD, 0x75, 0xE7, 0xB5, 0xD3, 0x69, 0xB3, 0x0E, 0x7B, 0x01, 0x35, 0xE5, 0x98, 0xE6, 0x05, 0xD9,
    0xA5, 0xC7, 0xB6, 0x33, 0xD9, 0x70, 0x45, 0x3B, 0xDC, 0xAC, 0xD3, 0x9E, 0xC3, 0x4D, 0x3B, 0xAE,
    0x79, 0x01, 0xF6, 0xE7, 0x9F, 0xED, 0xD8, 0x5A, 0xAD, 0xC5, 0x0E, 0x26, 0xC9, 0x30, 0xE5, 0x05,
    0xF0, 0xBC, 0xF3, 0x9E, 0xC3, 0xFD, 0xFA, 0x6D, 0x7B, 0x81, 0xEE, 0xD9, 0x73, 0xED, 0xE8, 0x9B,
    0x2F, 0xCF, 0xCE, 0xAD, 0xD7, 0x5E, 0xEC, 0x05, 0x9E, 0x37, 0xEF, 0xB4, 0xF3, 0xDB, 0x77, 0x5F,
    0x7B, 0x01, 0xA7, 0xCB, 0x36, 0xEC, 0xF0, 0xBF, 0x7F, 0xDF, 0x5E, 0x40, 0xED, 0xB8, 0x25, 0x3B,
    0xB5, 0x55, 0x67, 0xB5, 0x17, 0xF8, 0xDF, 0xBF, 0xDF, 0x4E, 0x77, 0xED, 0xB9, 0xED, 0x05, 0x94,
    0x0F, 0x5F, 0xB4, 0x17, 0x44, 0x1A, 0x2C, 0xC1, 0x5E, 0xA0, 0x7F, 0xFE, 0x7C, 0x7B, 0xC1, 0x67,
    0xCF, 0x3D, 0xED, 0xD8, 0x72, 0xCD, 0x75, 0x5E, 0xA0, 0x7B, 0xF6, 0x5C, 0x7B, 0xC1, 0x76, 0xEB,
    0xB5, 0xED, 0xE4, 0x97, 0x1F, 0xDF, 0x5E, 0x00, 0xED, 0xB7, 0x1F, 0x3B, 0xF7, 0xDE, 0x7B, 0xB3,
    0x17, 0xDC, 0x77, 0xDF, 0xDD, 0xCE, 0x66, 0xCB, 0x35, 0xED, 0x05, 0xD2, 0x8C, 0x53, 0x9E, 0x17,
    0xC0, 0x93, 0x0E, 0x5B, 0x4E, 0xB4, 0xE1, 0x92, 0xEC, 0x05, 0x9D, 0x35, 0xE7, 0xB4, 0x03, 0x4B,
    0x32, 0x4C, 0x39, 0xD2, 0x87, 0x4F, 0xB6, 0x03, 0xF1, 0xBF, 0x3F, 0x3B, 0xFD, 0xF6, 0xEB, 0xB3,
    0x17, 0xFC, 0xF7, 0xDF, 0xDF, 0x8E, 0xA5, 0xC5, 0x1A, 0xEC, 0x40, 0x14, 0x0F, 0x4D, 0x8E, 0xEC,
    0xD1, 0x53, 0xED, 0x05, 0x96, 0x1C, 0x73, 0x9C, 0x17, 0x54, 0x57, 0x9E, 0xD9, 0x0E, 0x24, 0xC1,
    0x10, 0xDE, 0x05, 0xB4, 0x4C, 0x53, 0x9D, 0x83, 0xFB, 0xF5, 0x57, 0x3B, 0xF3, 0xCD, 0x57, 0xB7,
    0x17, 0x48, 0x1A, 0x2C, 0xC1, 0x8E, 0xE7, 0xCD, 0x3B, 0xED, 0x05, 0xD6, 0x96, 0x6B, 0xB2, 0x83,
    0xFB, 0xF5, 0x57, 0x7B, 0x01, 0x26, 0xC7, 0x1C, 0xE7, 0x44, 0x17, 0x1E, 0xD9, 0x5E, 0x40, 0x49,
    0x31, 0x86, 0x79, 0x41, 0xB5, 0xE5, 0x9A, 0xEC, 0x05, 0xB6, 0x57, 0x6F, 0xB5, 0x83, 0xCD, 0x39,
    0xE7, 0x39, 0xFE, 0xF6, 0xEB, 0xB3, 0xA3, 0xCF, 0x3E, 0xFD, 0x79, 0x41, 0x75, 0xE5, 0x99, 0xED,
    0x05, 0x94, 0x0F, 0x5F, 0xB4, 0x93, 0x6B, 0xB6, 0x1C, 0x7B, 0x81, 0xF7, 0xED, 0xBB, 0xED, 0x48,
    0x1E, 0x3C, 0xD1, 0x8E, 0x37, 0xEF, 0xBC, 0xE7, 0x05, 0xF5, 0xD5, 0x67, 0xB7, 0xC3, 0x4F, 0x3F,
    0xBE, 0x79, 0x41, 0xAC, 0xD1, 0x52, 0xEC, 0x05, 0xDD, 0xB5, 0xE7, 0xB6, 0xE3, 0x6D, 0xBB, 0x2E,
    0x3B, 0xF1, 0xC5, 0x47, 0xB7, 0x17, 0x5C, 0x76, 0xDC, 0xD1, 0x5E, 0x40, 0xFF, 0xFC, 0x75, 0x3B,
    0xD7, 0x9E, 0x7B, 0xB2, 0x17, 0xD4, 0x57, 0x9F, 0xDD, 0x5E, 0xA0, 0x6B, 0xB6, 0x1C, 0x3B, 0x91,
    0x05, 0x47, 0xB4, 0x17, 0xDC, 0x76, 0xDD, 0xD5, 0x5E, 0xC0, 0x4B, 0x37, 0x9E, 0x79, 0xC1, 0x74,
    0xE3, 0x95, 0xED, 0x05, 0xB8, 0x5C, 0x73, 0x9D, 0x03, 0x41, 0x10, 0x84, 0x7B, 0x01, 0xAE, 0xD7,
    0x5E, 0xEC, 0x68, 0x9F, 0x3E, 0xDB, 0x5E, 0xC0, 0xF9, 0xF2, 0x4D, 0x3B, 0xF8, 0xDC, 0x73, 0x9F,
    0x23, 0xCF, 0x3C, 0xF5, 0x79, 0x01, 0x36, 0xE5, 0x98, 0xE6, 0x48, 0x1F, 0x3E, 0xD9, 0x5E, 0xB0,
    0xD9, 0x72, 0x4D, 0x3B, 0xD0, 0x64, 0xC3, 0x95, 0xC3, 0xFF, 0xFE, 0x7D, 0x3B, 0xBC, 0x6F, 0xDF,
    0xB5, 0xA3, 0x69, 0xB2, 0x0C, 0x3B, 0x10, 0xE5, 0xC3, 0x97, 0x33, 0xDB, 0x74, 0x55, 0x3B, 0x9B,
    0x2E, 0xDB, 0xB0, 0x17, 0xFC, 0xFB, 0xEF, 0xCF, 0x5E, 0x70, 0xDB, 0x75, 0x57, 0x3B, 0xF8, 0xD4,
    0x63, 0x9B, 0x33, 0xED, 0xB8, 0x25, 0x7B, 0x41, 0x6E, 0xD9, 0x71, 0xED, 0x05, 0xD0, 0x7F, 0xFF,
    0xB5, 0x23, 0x6F, 0xBC, 0x34, 0x3B, 0xBE, 0x7C, 0xF3, 0x9D, 0x17, 0x60, 0x7A, 0xEC, 0xC1, 0x8E,
    0xE6, 0xC9, 0x33, 0xED, 0x05, 0x92, 0x0C, 0x53, 0x9C, 0x17, 0x64, 0x9A, 0x2C, 0xC3, 0x5E, 0x70,
    0xDF, 0x7D, 0x77, 0x7B, 0x41, 0x7C, 0xF1, 0xD1, 0xED, 0x70, 0xBE, 0x7C, 0xD3, 0x5E, 0x20, 0x6D,
    0xB8, 0x24, 0x3B, 0xD7, 0x9D, 0x77, 0xB6, 0x83, 0x4F, 0x3E, 0x7C, 0x79, 0x01, 0xEC, 0xCF, 0x3F,
    0xED, 0x05, 0xF8, 0xDF, 0x7F, 0xB7, 0x03, 0x51, 0x38, 0xE4, 0x37, 0xFE, 0xF7, 0xEF, 0xB7, 0x17,
    0xC8, 0x1F, 0x3F, 0xDD, 0x4E, 0xAF, 0xDD, 0x7A, 0xEC, 0x05, 0xD6, 0x97, 0x6F, 0xB6, 0x03, 0xFF,
    0xFB, 0x6F, 0x7B, 0x41, 0x6C, 0xD1, 0x51, 0xED, 0xC0, 0xD3, 0x8E, 0x6B, 0x4E, 0x65, 0xC5, 0x19,
    0xED, 0xFC, 0xFA, 0xED, 0xC7, 0x5E, 0xB0, 0xDD, 0x7A, 0x6D, 0x7B, 0x81, 0x2C, 0xD3, 0x54, 0xE7,
    0x05, 0x10, 0xFD, 0xF3, 0x9F, 0x63, 0x7F, 0xFD, 0x76, 0x7B, 0x01, 0xBF, 0xFB, 0xF6, 0xEC, 0xE8,
    0xB2, 0x4D, 0x77, 0x5E, 0xC0, 0xEB, 0xB6, 0x1D, 0x3B, 0x93, 0x0D, 0x57, 0xB4, 0x17, 0x5C, 0x77,
    0xDE, 0xD9, 0x5E, 0x00, 0x4D, 0x38, 0xE4, 0x77, 0x01, 0xED, 0xD3, 0x57, 0xED, 0x05, 0xDA, 0xA6,
    0xCB, 0xB2, 0x53, 0x6F, 0xBD, 0x36, 0x7B, 0x81, 0xEF, 0xDD, 0x7B, 0xED, 0x05, 0xB0, 0x3E, 0xFB,
    0xB0, 0x83, 0x4B, 0x36, 0x5C, 0x79, 0x01, 0xBE, 0xF7, 0xDE, 0xEC, 0x40, 0x10, 0x04, 0xE1, 0x0E,
    0xEF, 0xDB, 0x77, 0xED, 0x05, 0xB3, 0x4E, 0x5B, 0xB1, 0x17, 0x4C, 0x37, 0x5E, 0xD9, 0xCE, 0xB6,
    0xEB, 0xB6, 0xEC, 0x05, 0xB2, 0x47, 0x4F, 0xB5, 0x43, 0xC9, 0x30, 0xC5, 0x39, 0xD4, 0x8F, 0x5F,
    0xB6, 0xA3, 0x79, 0xF2, 0x4C, 0x3B, 0xD0, 0x7C, 0xF3, 0x9D, 0x63, 0xCD, 0x39, 0xE7, 0x79, 0x41,
    0x7F, 0xFD, 0xF9, 0xED, 0xEC, 0xB6, 0x5D, 0xD7, 0x4E, 0x66, 0xC9, 0x31, 0xED, 0x05, 0xDA, 0xA7,
    0xCF, 0xB6, 0x33, 0xEF, 0xBC, 0x35, 0x7B, 0x01, 0x2C, 0xCD, 0x38, 0xE6, 0x5C, 0x76, 0xDC, 0xD1,
    0x0E, 0x3C, 0xF1, 0xD0, 0xE4, 0x05, 0x9C, 0x2C, 0xD3, 0x9C, 0xF3, 0xDD, 0x7B, 0x6F, 0x7B, 0xC1,
    0x6C, 0xD3, 0x55, 0xED, 0x05, 0x93, 0x0E, 0x5B, 0xB0, 0x17, 0xD0, 0x52, 0x8D, 0x65, 0x5E, 0xB0,
    0xDF, 0x7E, 0x7D, 0x7B, 0x41, 0xB7, 0xED, 0xBA, 0xEC, 0x05, 0xB4, 0x4E, 0x5B, 0xB1, 0x03, 0x51,
    0x30, 0x84, 0x37, 0xFD, 0xF5, 0xE7, 0xB7, 0x17, 0xD0, 0x53, 0x8F, 0x6D, 0x5E, 0x40, 0xCD, 0x38,
    0xE5, 0x39, 0xF2, 0xC7, 0x4F, 0xB7, 0x17, 0x68, 0xB3, 0x4E, 0x7B, 0x5E, 0x10, 0x5B, 0x74, 0x54,
    0x7B, 0x01, 0xFC, 0xEF, 0xBF, 0xED, 0xEC, 0xBB, 0x6F, 0xCF, 0x5E, 0xC0, 0xED, 0xBA, 0x2D, 0x3B,
    0xF9, 0xE5, 0xC7, 0xB7, 0xC3, 0xCF, 0x3E, 0xFD, 0x39, 0xEA, 0xC6, 0x12, 0x34, 0x01, 0x00, 0x00,
    0x00, 0xB1, 0x18, 0x00, 0x00, 0xA5, 0x00, 0x00, 0x00, 0x33, 0x08, 0x80, 0x1C, 0xC4, 0xE1, 0x1C,
    0x66, 0x14, 0x01, 0x3D, 0x88, 0x43, 0x38, 0x84, 0xC3, 0x8C, 0x42, 0x80, 0x07, 0x79, 0x78, 0x07,
    0x73, 0x98, 0x71, 0x0C, 0xE6, 0x00, 0x0F, 0xED, 0x10, 0x0E, 0xF4, 0x80, 0x0E, 0x33, 0x0C, 0x42,
    0x1E, 0xC2, 0xC1, 0x1D, 0xCE, 0xA1, 0x1C, 0x66, 0x30, 0x05, 0x3D, 0x88, 0x43, 0x38, 0x84, 0x83,
    0x1B, 0xCC, 0x03, 0x3D, 0xC8, 0x43, 0x3D, 0x8C, 0x03, 0x3D, 0xCC, 0x78, 0x8C, 0x74, 0x70, 0x07,
    0x7B, 0x08, 0x07, 0x79, 0x48, 0x87, 0x70, 0x70, 0x07, 0x7A, 0x70, 0x03, 0x76, 0x78, 0x87, 0x70,
    0x20, 0x87, 0x19, 0xCC, 0x11, 0x0E, 0xEC, 0x90, 0x0E, 0xE1, 0x30, 0x0F, 0x6E, 0x30, 0x0F, 0xE3,
    0xF0, 0x0E, 0xF0, 0x50, 0x0E, 0x33, 0x10, 0xC4, 0x1D, 0xDE, 0x21, 0x1C, 0xD8, 0x21, 0x1D, 0xC2,
    0x61, 0x1E, 0x66, 0x30, 0x89, 0x3B, 0xBC, 0x83, 0x3B, 0xD0, 0x43, 0x39, 0xB4, 0x03, 0x3C, 0xBC,
    0x83, 0x3C, 0x84, 0x03, 0x3B, 0xCC, 0xF0, 0x14, 0x76, 0x60, 0x07, 0x7B, 0x68, 0x07, 0x37, 0x68,
    0x87, 0x72, 0x68, 0x07, 0x37, 0x80, 0x87, 0x70, 0x90, 0x87, 0x70, 0x60, 0x07, 0x76, 0x28, 0x07,
    0x76, 0xF8, 0x05, 0x76, 0x78, 0x87, 0x77, 0x80, 0x87, 0x5F, 0x08, 0x87, 0x71, 0x18, 0x87, 0x72,
    0x98, 0x87, 0x79, 0x98, 0x81, 0x2C, 0xEE, 0xF0, 0x0E, 0xEE, 0xE0, 0x0E, 0xF5, 0xC0, 0x0E, 0xEC,
    0x30, 0x03, 0x62, 0xC8, 0xA1, 0x1C, 0xE4, 0xA1, 0x1C, 0xCC, 0xA1, 0x1C, 0xE4, 0xA1, 0x1C, 0xDC,
    0x61, 0x1C, 0xCA, 0x21, 0x1C, 0xC4, 0x81, 0x1D, 0xCA, 0x61, 0x06, 0xD6, 0x90, 0x43, 0x39, 0xC8,
    0x43, 0x39, 0x98, 0x43, 0x39, 0xC8, 0x43, 0x39, 0xB8, 0xC3, 0x38, 0x94, 0x43, 0x38, 0x88, 0x03,
    0x3B, 0x94, 0xC3, 0x2F, 0xBC, 0x83, 0x3C, 0xFC, 0x82, 0x3B, 0xD4, 0x03, 0x3B, 0xB0, 0xC3, 0x0C,
    0xC7, 0x69, 0x87, 0x70, 0x58, 0x87, 0x72, 0x70, 0x83, 0x74, 0x68, 0x07, 0x78, 0x60, 0x87, 0x74,
    0x18, 0x87, 0x74, 0xA0, 0x87, 0x19, 0xCE, 0x53, 0x0F, 0xEE, 0x00, 0x0F, 0xF2, 0x50, 0x0E, 0xE4,
    0x90, 0x0E, 0xE3, 0x40, 0x0F, 0xE1, 0x20, 0x0E, 0xEC, 0x50, 0x0E, 0x33, 0x20, 0x28, 0x1D, 0xDC,
    0xC1, 0x1E, 0xC2, 0x41, 0x1E, 0xD2, 0x21, 0x1C, 0xDC, 0x81, 0x1E, 0xDC, 0xE0, 0x1C, 0xE4, 0xE1,
    0x1D, 0xEA, 0x01, 0x1E, 0x66, 0x18, 0x51, 0x38, 0xB0, 0x43, 0x3A, 0x9C, 0x83, 0x3B, 0xCC, 0x50,
    0x24, 0x76, 0x60, 0x07, 0x7B, 0x68, 0x07, 0x37, 0x60, 0x87, 0x77, 0x78, 0x07, 0x78, 0x98, 0x51,
    0x4C, 0xF4, 0x90, 0x0F, 0xF0, 0x50, 0x0E, 0x33, 0x1E, 0x6A, 0x1E, 0xCA, 0x61, 0x1C, 0xE8, 0x21,
    0x1D, 0xDE, 0xC1, 0x1D, 0x7E, 0x01, 0x1E, 0xE4, 0xA1, 0x1C, 0xCC, 0x21, 0x1D, 0xF0, 0x61, 0x06,
    0x54, 0x85, 0x83, 0x38, 0xCC, 0xC3, 0x3B, 0xB0, 0x43, 0x3D, 0xD0, 0x43, 0x39, 0xFC, 0xC2, 0x3C,
    0xE4, 0x43, 0x3B, 0x88, 0xC3, 0x3B, 0xB0, 0xC3, 0x8C, 0xC5, 0x0A, 0x87, 0x79, 0x98, 0x87, 0x77,
    0x18, 0x87, 0x74, 0x08, 0x07, 0x7A, 0x28, 0x07, 0x72, 0x98, 0x81, 0x5C, 0xE3, 0x10, 0x0E, 0xEC,
    0xC0, 0x0E, 0xE5, 0x50, 0x0E, 0xF3, 0x30, 0x23, 0xC1, 0xD2, 0x41, 0x1E, 0xE4, 0xE1, 0x17, 0xD8,
    0xE1, 0x1D, 0xDE, 0x01, 0x1E, 0x66, 0x48, 0x19, 0x3B, 0xB0, 0x83, 0x3D, 0xB4, 0x83, 0x1B, 0x84,
    0xC3, 0x38, 0x8C, 0x43, 0x39, 0xCC, 0xC3, 0x3C, 0xB8, 0xC1, 0x39, 0xC8, 0xC3, 0x3B, 0xD4, 0x03,
    0x3C, 0xCC, 0x48, 0xB4, 0x71, 0x08, 0x07, 0x76, 0x60, 0x07, 0x71, 0x08, 0x87, 0x71, 0x58, 0x87,
    0x19, 0xDB, 0xC6, 0x0E, 0xEC, 0x60, 0x0F, 0xED, 0xE0, 0x06, 0xF0, 0x20, 0x0F, 0xE5, 0x30, 0x0F,
    0xE5, 0x20, 0x0F, 0xF6, 0x50, 0x0E, 0x6E, 0x10, 0x0E, 0xE3, 0x30, 0x0E, 0xE5, 0x30, 0x0F, 0xF3,
    0xE0, 0x06, 0xE9, 0xE0, 0x0E, 0xE4, 0x50, 0x0E, 0xF8, 0x30, 0x23, 0xE2, 0xEC, 0x61, 0x1C, 0xC2,
    0x81, 0x1D, 0xD8, 0xE1, 0x17, 0xEC, 0x21, 0x1D, 0xE6, 0x21, 0x1D, 0xC4, 0x21, 0x1D, 0xD8, 0x21,
    0x1D, 0xE8, 0x21, 0x1F, 0x66, 0x20, 0x9D, 0x3B, 0xBC, 0x43, 0x3D, 0xB8, 0x03, 0x39, 0x94, 0x83,
    0x39, 0xCC, 0x58, 0xBC, 0x70, 0x70, 0x07, 0x77, 0x78, 0x07, 0x7A, 0x08, 0x07, 0x7A, 0x48, 0x87,
    0x77, 0x70, 0x87, 0x19, 0xCE, 0x87, 0x0E, 0xE5, 0x10, 0x0E, 0xF0, 0x10, 0x0E, 0xEC, 0xC0, 0x0E,
    0xEF, 0x30, 0x0E, 0xF3, 0x90, 0x0E, 0xF4, 0x50, 0x0E, 0x33, 0x28, 0x30, 0x08, 0x87, 0x74, 0x90,
    0x07, 0x37, 0x30, 0x87, 0x7A, 0x70, 0x87, 0x71, 0xA0, 0x87, 0x74, 0x78, 0x07, 0x77, 0xF8, 0x85,
    0x73, 0x90, 0x87, 0x77, 0xA8, 0x07, 0x78, 0x98, 0x07, 0x00, 0x00, 0x00, 0x00, 0x79, 0x20, 0x00,
    0x00, 0xE5, 0x01, 0x00, 0x00, 0x72, 0x1E, 0x48, 0x20, 0x43, 0x88, 0x0C, 0x19, 0x09, 0x72, 0x32,
    0x48, 0x20, 0x23, 0x81, 0x8C, 0x91, 0x91, 0xD1, 0x44, 0xA0, 0x10, 0x28, 0x64, 0x3C, 0x31, 0x32,
    0x42, 0x8E, 0x90, 0x21, 0xA3, 0x88, 0x07, 0x70, 0x30, 0xAA, 0x01, 0x00, 0x00, 0x79, 0x70, 0x0A,
    0x74, 0xB0, 0x5C, 0x6B, 0xA1, 0x30, 0x9F, 0x38, 0x38, 0x4B, 0x23, 0x29, 0x8D, 0x85, 0x6D, 0xD0,
    0x06, 0x15, 0x1B, 0x47, 0x06, 0x51, 0x64, 0x30, 0x91, 0xF2, 0x48, 0x48, 0x44, 0x11, 0x99, 0xB1,
    0x45, 0x57, 0x26, 0x2D, 0x0A, 0x26, 0x2D, 0xC7, 0xC4, 0x28, 0x92, 0x03, 0x00, 0x73, 0x72, 0x63,
    0x2F, 0x78, 0x65, 0x6E, 0x69, 0x61, 0x2F, 0x75, 0x69, 0x2F, 0x73, 0x68, 0x61, 0x64, 0x65, 0x72,
    0x73, 0x2F, 0x67, 0x75, 0x65, 0x73, 0x74, 0x5F, 0x6F, 0x75, 0x74, 0x70, 0x75, 0x74, 0x5F, 0x62,
    0x69, 0x6C, 0x69, 0x6E, 0x65, 0x61, 0x72, 0x5F, 0x64, 0x69, 0x74, 0x68, 0x65, 0x72, 0x2E, 0x70,
    0x73, 0x2E, 0x78, 0x65, 0x73, 0x6C, 0x2F, 0x55, 0x73, 0x65, 0x72, 0x73, 0x2F, 0x77, 0x6D, 0x61,
    0x72, 0x74, 0x69, 0x2F, 0x44, 0x6F, 0x63, 0x75, 0x6D, 0x65, 0x6E, 0x74, 0x73, 0x2F, 0x78, 0x65,
    0x6E, 0x69, 0x61, 0x2D, 0x6D, 0x61, 0x63, 0x2F, 0x73, 0x63, 0x72, 0x61, 0x74, 0x63, 0x68, 0x2F,
    0x77, 0x6F, 0x72, 0x6B, 0x74, 0x72, 0x65, 0x65, 0x73, 0x2F, 0x78, 0x65, 0x6E, 0x69, 0x61, 0x2D,
    0x63, 0x61, 0x6E, 0x61, 0x72, 0x79, 0x2D, 0x72, 0x65, 0x62, 0x61, 0x73, 0x65, 0x41, 0x70, 0x70,
    0x6C, 0x65, 0x20, 0x6D, 0x65, 0x74, 0x61, 0x6C, 0x20, 0x76, 0x65, 0x72, 0x73, 0x69, 0x6F, 0x6E,
    0x20, 0x33, 0x32, 0x30, 0x32, 0x33, 0x2E, 0x38, 0x35, 0x30, 0x20, 0x28, 0x6D, 0x65, 0x74, 0x61,
    0x6C, 0x66, 0x65, 0x2D, 0x33, 0x32, 0x30, 0x32, 0x33, 0x2E, 0x38, 0x35, 0x30, 0x2E, 0x31, 0x30,
    0x29, 0x6D, 0x65, 0x74, 0x61, 0x6C, 0x5F, 0x74, 0x79, 0x70, 0x65, 0x73, 0x22, 0x2D, 0x44, 0x58,
    0x45, 0x53, 0x4C, 0x5F, 0x4C, 0x41, 0x4E, 0x47, 0x55, 0x41, 0x47, 0x45, 0x5F, 0x4D, 0x53, 0x4C,
    0x3D, 0x31, 0x22, 0x2F, 0x70, 0x72, 0x69, 0x76, 0x61, 0x74, 0x65, 0x2F, 0x76, 0x61, 0x72, 0x2F,
    0x72, 0x75, 0x6E, 0x2F, 0x63, 0x6F, 0x6D, 0x2E, 0x61, 0x70, 0x70, 0x6C, 0x65, 0x2E, 0x73, 0x65,
    0x63, 0x75, 0x72, 0x69, 0x74, 0x79, 0x2E, 0x63, 0x72, 0x79, 0x70, 0x74, 0x65, 0x78, 0x64, 0x2F,
    0x6D, 0x6E, 0x74, 0x2F, 0x63, 0x6F, 0x6D, 0x2E, 0x61, 0x70, 0x70, 0x6C, 0x65, 0x2E, 0x4D, 0x6F,
    0x62, 0x69, 0x6C, 0x65, 0x41, 0x73, 0x73, 0x65, 0x74, 0x2E, 0x4D, 0x65, 0x74, 0x61, 0x6C, 0x54,
    0x6F, 0x6F, 0x6C, 0x63, 0x68, 0x61, 0x69, 0x6E, 0x2D, 0x76, 0x31, 0x37, 0x2E, 0x33, 0x2E, 0x34,
    0x38, 0x2E, 0x30, 0x2E, 0x35, 0x33, 0x73, 0x38, 0x75, 0x67, 0x2F, 0x4D, 0x65, 0x74, 0x61, 0x6C,
    0x2E, 0x78, 0x63, 0x74, 0x6F, 0x6F, 0x6C, 0x63, 0x68, 0x61, 0x69, 0x6E, 0x2F, 0x75, 0x73, 0x72,
    0x2F, 0x6D, 0x65, 0x74, 0x61, 0x6C, 0x2F, 0x33, 0x32, 0x30, 0x32, 0x33, 0x2F, 0x6C, 0x69, 0x62,
    0x2F, 0x63, 0x6C, 0x61, 0x6E, 0x67, 0x2F, 0x33, 0x32, 0x30, 0x32, 0x33, 0x2E, 0x38, 0x35, 0x30,
    0x2F, 0x69, 0x6E, 0x63, 0x6C, 0x75, 0x64, 0x65, 0x2F, 0x6D, 0x65, 0x74, 0x61, 0x6C, 0x3C, 0x62,
    0x75, 0x69, 0x6C, 0x74, 0x2D, 0x69, 0x6E, 0x3E, 0x6D, 0x65, 0x74, 0x61, 0x6C, 0x5F, 0x73, 0x74,
    0x64, 0x6C, 0x69, 0x62, 0x73, 0x72, 0x63, 0x2F, 0x78, 0x65, 0x6E, 0x69, 0x61, 0x2F, 0x75, 0x69,
    0x2F, 0x73, 0x68, 0x61, 0x64, 0x65, 0x72, 0x73, 0x2F, 0x78, 0x65, 0x73, 0x6C, 0x2E, 0x78, 0x65,
    0x73, 0x6C, 0x69, 0x2F, 0x41, 0x70, 0x70, 0x6C, 0x69, 0x63, 0x61, 0x74, 0x69, 0x6F, 0x6E, 0x73,
    0x2F, 0x58, 0x63, 0x6F, 0x64, 0x65, 0x2E, 0x61, 0x70, 0x70, 0x2F, 0x43, 0x6F, 0x6E, 0x74, 0x65,
    0x6E, 0x74, 0x73, 0x2F, 0x44, 0x65, 0x76, 0x65, 0x6C, 0x6F, 0x70, 0x65, 0x72, 0x2F, 0x50, 0x6C,
    0x61, 0x74, 0x66, 0x6F, 0x72, 0x6D, 0x73, 0x2F, 0x4D, 0x61, 0x63, 0x4F, 0x53, 0x58, 0x2E, 0x70,
    0x6C, 0x61, 0x74, 0x66, 0x6F, 0x72, 0x6D, 0x2F, 0x44, 0x65, 0x76, 0x65, 0x6C, 0x6F, 0x70, 0x65,
    0x72, 0x2F, 0x53, 0x44, 0x4B, 0x73, 0x2F, 0x4D, 0x61, 0x63, 0x4F, 0x53, 0x58, 0x32, 0x36, 0x2E,
    0x32, 0x2E, 0x73, 0x64, 0x6B, 0x4D, 0x61, 0x63, 0x4F, 0x53, 0x58, 0x32, 0x36, 0x2E, 0x32, 0x2E,
    0x73, 0x64, 0x6B, 0x53, 0x44, 0x4B, 0x20, 0x56, 0x65, 0x72, 0x73, 0x69, 0x6F, 0x6E, 0x44, 0x77,
    0x61, 0x72, 0x66, 0x20, 0x56, 0x65, 0x72, 0x73, 0x69, 0x6F, 0x6E, 0x44, 0x65, 0x62, 0x75, 0x67,
    0x20, 0x49, 0x6E, 0x66, 0x6F, 0x20, 0x56, 0x65, 0x72, 0x73, 0x69, 0x6F, 0x6E, 0x77, 0x63, 0x68,
    0x61, 0x72, 0x5F, 0x73, 0x69, 0x7A, 0x65, 0x66, 0x72, 0x61, 0x6D, 0x65, 0x2D, 0x70, 0x6F, 0x69,
    0x6E, 0x74, 0x65, 0x72, 0x61, 0x69, 0x72, 0x2E, 0x6D, 0x61, 0x78, 0x5F, 0x64, 0x65, 0x76, 0x69,
    0x63, 0x65, 0x5F, 0x62, 0x75, 0x66, 0x66, 0x65, 0x72, 0x73, 0x61, 0x69, 0x72, 0x2E, 0x6D, 0x61,
    0x78, 0x5F, 0x63, 0x6F, 0x6E, 0x73, 0x74, 0x61, 0x6E, 0x74, 0x5F, 0x62, 0x75, 0x66, 0x66, 0x65,
    0x72, 0x73, 0x61, 0x69, 0x72, 0x2E, 0x6D, 0x61, 0x78, 0x5F, 0x74, 0x68, 0x72, 0x65, 0x61, 0x64,
    0x67, 0x72, 0x6F, 0x75, 0x70, 0x5F, 0x62, 0x75, 0x66, 0x66, 0x65, 0x72, 0x73, 0x61, 0x69, 0x72,
    0x2E, 0x6D, 0x61, 0x78, 0x5F, 0x74, 0x65, 0x78, 0x74, 0x75, 0x72, 0x65, 0x73, 0x61, 0x69, 0x72,
    0x2E, 0x6D, 0x61, 0x78, 0x5F, 0x72, 0x65, 0x61, 0x64, 0x5F, 0x77, 0x72, 0x69, 0x74, 0x65, 0x5F,
    0x74, 0x65, 0x78, 0x74, 0x75, 0x72, 0x65, 0x73, 0x61, 0x69, 0x72, 0x2E, 0x6D, 0x61, 0x78, 0x5F,
    0x73, 0x61, 0x6D, 0x70, 0x6C, 0x65, 0x72, 0x73, 0x4D, 0x65, 0x74, 0x61, 0x6C, 0x61, 0x69, 0x72,
    0x2E, 0x63, 0x6F, 0x6D, 0x70, 0x69, 0x6C, 0x65, 0x2E, 0x64, 0x65, 0x6E, 0x6F, 0x72, 0x6D, 0x73,
    0x5F, 0x64, 0x69, 0x73, 0x61, 0x62, 0x6C, 0x65, 0x61, 0x69, 0x72, 0x2E, 0x63, 0x6F, 0x6D, 0x70,
    0x69, 0x6C, 0x65, 0x2E, 0x66, 0x61, 0x73, 0x74, 0x5F, 0x6D, 0x61, 0x74, 0x68, 0x5F, 0x65, 0x6E,
    0x61, 0x62, 0x6C, 0x65, 0x61, 0x69, 0x72, 0x2E, 0x63, 0x6F, 0x6D, 0x70, 0x69, 0x6C, 0x65, 0x2E,
    0x66, 0x72, 0x61, 0x6D, 0x65, 0x62, 0x75, 0x66, 0x66, 0x65, 0x72, 0x5F, 0x66, 0x65, 0x74, 0x63,
    0x68, 0x5F, 0x65, 0x6E, 0x61, 0x62, 0x6C, 0x65, 0x61, 0x69, 0x72, 0x2E, 0x72, 0x65, 0x6E, 0x64,
    0x65, 0x72, 0x5F, 0x74, 0x61, 0x72, 0x67, 0x65, 0x74, 0x61, 0x69, 0x72, 0x2E, 0x61, 0x72, 0x67,
    0x5F, 0x74, 0x79, 0x70, 0x65, 0x5F, 0x6E, 0x61, 0x6D, 0x65, 0x66, 0x6C, 0x6F, 0x61, 0x74, 0x34,
    0x61, 0x69, 0x72, 0x2E, 0x61, 0x72, 0x67, 0x5F, 0x6E, 0x61, 0x6D, 0x65, 0x78, 0x65, 0x5F, 0x62,
    0x69, 0x6C, 0x69, 0x6E, 0x65, 0x61, 0x72, 0x5F, 0x63, 0x6F, 0x6C, 0x6F, 0x72, 0x61, 0x69, 0x72,
    0x2E, 0x62, 0x75, 0x66, 0x66, 0x65, 0x72, 0x61, 0x69, 0x72, 0x2E, 0x62, 0x75, 0x66, 0x66, 0x65,
    0x72, 0x5F, 0x73, 0x69, 0x7A, 0x65, 0x61, 0x69, 0x72, 0x2E, 0x6C, 0x6F, 0x63, 0x61, 0x74, 0x69,
    0x6F, 0x6E, 0x5F, 0x69, 0x6E, 0x64, 0x65, 0x78, 0x61, 0x69, 0x72, 0x2E, 0x72, 0x65, 0x61, 0x64,
    0x61, 0x69, 0x72, 0x2E, 0x61, 0x64, 0x64, 0x72, 0x65, 0x73, 0x73, 0x5F, 0x73, 0x70, 0x61, 0x63,
    0x65, 0x61, 0x69, 0x72, 0x2E, 0x73, 0x74, 0x72, 0x75, 0x63, 0x74, 0x5F, 0x74, 0x79, 0x70, 0x65,
    0x5F, 0x69, 0x6E, 0x66, 0x6F, 0x69, 0x6E, 0x74, 0x32, 0x78, 0x65, 0x5F, 0x62, 0x69, 0x6C, 0x69,
    0x6E, 0x65, 0x61, 0x72, 0x5F, 0x6F, 0x75, 0x74, 0x70, 0x75, 0x74, 0x5F, 0x6F, 0x66, 0x66, 0x73,
    0x65, 0x74, 0x66, 0x6C, 0x6F, 0x61, 0x74, 0x32, 0x78, 0x65, 0x5F, 0x62, 0x69, 0x6C, 0x69, 0x6E,
    0x65, 0x61, 0x72, 0x5F, 0x6F, 0x75, 0x74, 0x70, 0x75, 0x74, 0x5F, 0x73, 0x69, 0x7A, 0x65, 0x5F,
    0x69, 0x6E, 0x76, 0x61, 0x69, 0x72, 0x2E, 0x61, 0x72, 0x67, 0x5F, 0x74, 0x79, 0x70, 0x65, 0x5F,
    0x73, 0x69, 0x7A, 0x65, 0x61, 0x69, 0x72, 0x2E, 0x61, 0x72, 0x67, 0x5F, 0x74, 0x79, 0x70, 0x65,
    0x5F, 0x61, 0x6C, 0x69, 0x67, 0x6E, 0x5F, 0x73, 0x69, 0x7A, 0x65, 0x78, 0x65, 0x73, 0x6C, 0x5F,
    0x70, 0x75, 0x73, 0x68, 0x43, 0x6F, 0x6E, 0x73, 0x74, 0x61, 0x6E, 0x74, 0x73, 0x5F, 0x73, 0x74,
    0x72, 0x75, 0x63, 0x74, 0x78, 0x65, 0x73, 0x6C, 0x5F, 0x70, 0x75, 0x73, 0x68, 0x43, 0x6F, 0x6E,
    0x73, 0x74, 0x61, 0x6E, 0x74, 0x73, 0x61, 0x69, 0x72, 0x2E, 0x74, 0x65, 0x78, 0x74, 0x75, 0x72,
    0x65, 0x61, 0x69, 0x72, 0x2E, 0x73, 0x61, 0x6D, 0x70, 0x6C, 0x65, 0x74, 0x65, 0x78, 0x74, 0x75,
    0x72, 0x65, 0x32, 0x64, 0x3C, 0x66, 0x6C, 0x6F, 0x61, 0x74, 0x2C, 0x20, 0x73, 0x61, 0x6D, 0x70,
    0x6C, 0x65, 0x3E, 0x78, 0x65, 0x5F, 0x62, 0x69, 0x6C, 0x69, 0x6E, 0x65, 0x61, 0x72, 0x5F, 0x73,
    0x6F, 0x75, 0x72, 0x63, 0x65, 0x61, 0x69, 0x72, 0x2E, 0x73, 0x61, 0x6D, 0x70, 0x6C, 0x65, 0x72,
    0x73, 0x61, 0x6D, 0x70, 0x6C, 0x65, 0x72, 0x78, 0x65, 0x5F, 0x62, 0x69, 0x6C, 0x69, 0x6E, 0x65,
    0x61, 0x72, 0x5F, 0x73, 0x61, 0x6D, 0x70, 0x6C, 0x65, 0x72, 0x61, 0x69, 0x72, 0x2E, 0x70, 0x6F,
    0x73, 0x69, 0x74, 0x69, 0x6F, 0x6E, 0x61, 0x69, 0x72, 0x2E, 0x63, 0x65, 0x6E, 0x74, 0x65, 0x72,
    0x61, 0x69, 0x72, 0x2E, 0x6E, 0x6F, 0x5F, 0x70, 0x65, 0x72, 0x73, 0x70, 0x65, 0x63, 0x74, 0x69,
    0x76, 0x65, 0x78, 0x65, 0x73, 0x6C, 0x5F, 0x46, 0x72, 0x61, 0x67, 0x43, 0x6F, 0x6F, 0x72, 0x64,
    0x00, 0x66, 0xA4, 0x00, 0x00, 0x00, 0x00, 0x00, 0x00, 0x30, 0x82, 0x50, 0x18, 0x23, 0x08, 0x9D,
    0x34, 0x82, 0x50, 0x1C, 0x23, 0x08, 0x05, 0x32, 0x82, 0x50, 0x24, 0x23, 0x08, 0x85, 0x32, 0x82,
    0x50, 0x2C, 0x23, 0x08, 0x05, 0x33, 0x82, 0x50, 0x34, 0x23, 0x08, 0x85, 0x33, 0x82, 0x50, 0x3C,
    0x23, 0x08, 0x4F, 0x30, 0x94, 0x15, 0xF4, 0x81, 0x29, 0x0C, 0x01, 0x00, 0x00, 0x02, 0x00, 0x00,
    0x40, 0x2B, 0x00, 0x00, 0x00, 0x08, 0x80, 0xB2, 0x0C, 0x54, 0x00, 0x81, 0x00, 0x00, 0x03, 0x06,
    0x09, 0x00, 0x00, 0x44, 0x61, 0x00, 0x00, 0x30, 0x50, 0x01, 0x1C, 0x02, 0x00, 0xCC, 0x87, 0x00,
    0x48, 0x29, 0x9C, 0x42, 0x00, 0xA0, 0x02, 0x30, 0x60, 0x90, 0x00, 0x00, 0x80, 0x14, 0x06, 0x00,
    0x00, 0x03, 0x15, 0x40, 0x22, 0x00, 0xC0, 0x7C, 0x08, 0x80, 0x94, 0x82, 0x2A, 0x8C, 0x01, 0xB0,
    0x0A, 0xC0, 0x0C, 0x42, 0x2A, 0xB0, 0xC2, 0x0C, 0x43, 0x1E, 0x30, 0x7A, 0x30, 0xC3, 0xB0, 0x07,
    0x0D, 0x1F, 0xCC, 0x30, 0xE4, 0x81, 0xD3, 0x07, 0x33, 0x0C, 0x7E, 0xF0, 0xF0, 0xC1, 0x0C, 0xC3,
    0x1E, 0x40, 0x79, 0x30, 0xC3, 0xB0, 0x07, 0xD1, 0x1F, 0xCC, 0x30, 0xEC, 0x81, 0xF4, 0x07, 0x33,
    0x0C, 0x7B, 0x30, 0xFD, 0xC1, 0x0C, 0xC3, 0x1E, 0x50, 0xA0, 0x30, 0xC3, 0xB0, 0x07, 0x55, 0x28,
    0xCC, 0x30, 0xEC, 0x81, 0x25, 0x0A, 0x33, 0x04, 0xC3, 0x0C, 0x43, 0x1E, 0x84, 0xC2, 0x28, 0xCC,
    0x40, 0x5C, 0x7D, 0x30, 0x0A, 0xA3, 0x30, 0x43, 0x80, 0xCD, 0x10, 0x64, 0x33, 0x04, 0xDA, 0x0C,
    0xC7, 0x36, 0x0A, 0xA3, 0xC0, 0x75, 0xDE, 0x37, 0x43, 0xF0, 0x0B, 0x33, 0x28, 0xA3, 0x10, 0x0A,
    0xA3, 0x60, 0x06, 0x67, 0x10, 0x0A, 0xA1, 0x30, 0x0A, 0x68, 0x90, 0x06, 0x33, 0x50, 0xA3, 0x00,
    0x06, 0x61, 0x20, 0x0A, 0x62, 0x30, 0x0A, 0x7E, 0x30, 0x06, 0x64, 0x90, 0x07, 0x65, 0x10, 0x0E,
    0x6A, 0x20, 0x0A, 0x6B, 0x10, 0x0A, 0x1C, 0x1B, 0x78, 0x6D, 0x30, 0x83, 0xE2, 0x07, 0x6E, 0x20,
    0x06, 0xA3, 0xE0, 0x07, 0x6F, 0xC0, 0xC1, 0x81, 0x17, 0x07, 0x33, 0x24, 0x79, 0x20, 0x07, 0x62,
    0x30, 0x0A, 0x7E, 0xC0, 0xCD, 0x81, 0x47, 0x07, 0x33, 0x20, 0x7D, 0x50, 0x07, 0x76, 0x70, 0x07,
    0x5C, 0xE7, 0xE1, 0xC1, 0x0C, 0x84, 0x38, 0x8C, 0x03, 0x39, 0x94, 0xC3, 0x0C, 0x03, 0x29, 0x80,
    0x83, 0x39, 0xDC, 0x1B, 0x00, 0x1C, 0xC7, 0x71, 0x1C, 0xC7, 0x71, 0x1C, 0xC7, 0x71, 0x66, 0xE1,
    0x06, 0xAC, 0xE0, 0x06, 0xB2, 0xC0, 0x0A, 0x6E, 0x80, 0x0B, 0x68, 0xE0, 0x06, 0x6E, 0xE0, 0x06,
    0x6E, 0xE0, 0x06, 0x6E, 0xE0, 0x06, 0x6E, 0xE0, 0x06, 0x6E, 0xE0, 0x06, 0x16, 0x1D, 0xE8, 0x81,
    0x65, 0x59, 0xA6, 0xC0, 0xA1, 0x04, 0x7D, 0xF0, 0x03, 0x3C, 0xF8, 0x02, 0x28, 0xC8, 0x48, 0x60,
    0x82, 0x72, 0x61, 0x63, 0xB3, 0x6B, 0x73, 0x21, 0x13, 0x3B, 0x73, 0x19, 0xAB, 0x1B, 0x25, 0x20,
    0x85, 0x8C, 0xD8, 0xD8, 0xEC, 0xDA, 0x5C, 0xDA, 0xDE, 0xC8, 0xEA, 0xD8, 0xCA, 0x5C, 0xCC, 0xD8,
    0xC2, 0xCE, 0xE6, 0x46, 0x59, 0x5A, 0xC1, 0x15, 0x5E, 0x01, 0x16, 0x62, 0x41, 0x16, 0x66, 0x81,
    0x16, 0x6A, 0xC1, 0x16, 0x6E, 0x21, 0x15, 0x36, 0x36, 0xBB, 0x36, 0x97, 0x34, 0xB2, 0x32, 0x37,
    0xBA, 0x51, 0x02, 0x5C, 0xC8, 0x25, 0x2C, 0x4D, 0xCE, 0xC5, 0xAE, 0x4C, 0x6E, 0x2E, 0xED, 0xCD,
    0x6D, 0x94, 0x20, 0x17, 0x92, 0x0A, 0x4B, 0x93, 0x73, 0x61, 0x0B, 0x73, 0x3B, 0xAB, 0x0B, 0x3B,
    0x2B, 0xFB, 0xB2, 0x2B, 0x93, 0x9B, 0x4B, 0x7B, 0x73, 0x1B, 0x25, 0xD0, 0x85, 0x9C, 0xC2, 0xD2,
    0xE4, 0x5C, 0xC6, 0xDE, 0xDA, 0xE0, 0xD2, 0xD8, 0xCA, 0xBE, 0xDE, 0xE0, 0xE8, 0xD2, 0xDE, 0xDC,
    0xE6, 0x46, 0x19, 0x76, 0x81, 0x17, 0x7A, 0x21, 0x99, 0xB0, 0x34, 0x39, 0x17, 0x33, 0xB9, 0xB0,
    0xB3, 0xB6, 0x32, 0x37, 0xBA, 0x51, 0x02, 0x73, 0x00, 0xA9, 0x18, 0x00, 0x00, 0x25, 0x00, 0x00,
    0x00, 0x0B, 0x0A, 0x72, 0x28, 0x87, 0x77, 0x80, 0x07, 0x7A, 0x58, 0x70, 0x98, 0x43, 0x3D, 0xB8,
    0xC3, 0x38, 0xB0, 0x43, 0x39, 0xD0, 0xC3, 0x82, 0xE6, 0x1C, 0xC6, 0xA1, 0x0D, 0xE8, 0x41, 0x1E,
    0xC2, 0xC1, 0x1D, 0xE6, 0x21, 0x1D, 0xE8, 0x21, 0x1D, 0xDE, 0xC1, 0x1D, 0x16, 0x34, 0xE3, 0x60,
    0x0E, 0xE7, 0x50, 0x0F, 0xE1, 0x20, 0x0F, 0xE4, 0x40, 0x0F, 0xE1, 0x20, 0x0F, 0xE7, 0x50, 0x0E,
    0xF4, 0xB0, 0x80, 0x81, 0x07, 0x79, 0x28, 0x87, 0x70, 0x60, 0x07, 0x76, 0x78, 0x87, 0x71, 0x08,
    0x07, 0x7A, 0x28, 0x07, 0x72, 0x58, 0x70, 0x9C, 0xC3, 0x38, 0xB4, 0x01, 0x3B, 0xA4, 0x83, 0x3D,
    0x94, 0xC3, 0x02, 0x6B, 0x1C, 0xD8, 0x21, 0x1C, 0xDC, 0xE1, 0x1C, 0xDC, 0x20, 0x1C, 0xE4, 0x61,
    0x1C, 0xDC, 0x20, 0x1C, 0xE8, 0x81, 0x1E, 0xC2, 0x61, 0x1C, 0xD0, 0xA1, 0x1C, 0xC8, 0x61, 0x1C,
    0xC2, 0x81, 0x1D, 0xD8, 0x61, 0xC1, 0x01, 0x0F, 0xF4, 0x20, 0x0F, 0xE1, 0x50, 0x0F, 0xF4, 0x80,
    0x0E, 0x00, 0x00, 0x00, 0x00, 0xD1, 0x10, 0x00, 0x00, 0x06, 0x00, 0x00, 0x00, 0x07, 0xCC, 0x3C,
    0xA4, 0x83, 0x3B, 0x9C, 0x03, 0x3B, 0x94, 0x03, 0x3D, 0xA0, 0x83, 0x3C, 0x94, 0x43, 0x38, 0x90,
    0xC3, 0x01, 0x00, 0x00, 0x00, 0x61, 0x20, 0x00, 0x00, 0x57, 0x01, 0x00, 0x00, 0x13, 0x04, 0x41,
    0x2C, 0x10, 0x00, 0x00, 0x00, 0x12, 0x00, 0x00, 0x00, 0x54, 0xCC, 0x00, 0x90, 0x31, 0x96, 0x00,
    0x04, 0x23, 0x00, 0x63, 0x09, 0xCF, 0x43, 0x55, 0x0D, 0x90, 0x57, 0x02, 0x65, 0x40, 0xE1, 0x58,
    0x03, 0x10, 0x08, 0x23, 0x00, 0x34, 0xCE, 0x41, 0x3C, 0x8A, 0x71, 0x11, 0x30, 0x02, 0x30, 0x46,
    0x00, 0x82, 0x20, 0x88, 0x7F, 0x34, 0x8C, 0x06, 0xCC, 0x00, 0x10, 0x31, 0x03, 0x40, 0xC7, 0x58,
    0x02, 0x08, 0x82, 0x20, 0xFC, 0x81, 0x20, 0x08, 0xC2, 0x1F, 0x41, 0xA3, 0x01, 0x00, 0x00, 0x00,
    0x00, 0xF1, 0x30, 0x00, 0x00, 0xE1, 0x00, 0x00, 0x00, 0x22, 0x47, 0xC8, 0x90, 0x51, 0x3E, 0xD0,
    0x4B, 0x01, 0x00, 0x00, 0x00, 0x70, 0xA0, 0x3C, 0x0F, 0x67, 0x61, 0x98, 0x68, 0x18, 0x66, 0x20,
    0x15, 0x78, 0x81, 0x00, 0x00, 0x73, 0x72, 0x63, 0x2F, 0x78, 0x65, 0x6E, 0x69, 0x61, 0x2F, 0x75,
    0x69, 0x2F, 0x73, 0x68, 0x61, 0x64, 0x65, 0x72, 0x73, 0x2F, 0x67, 0x75, 0x65, 0x73, 0x74, 0x5F,
    0x6F, 0x75, 0x74, 0x70, 0x75, 0x74, 0x5F, 0x62, 0x69, 0x6C, 0x69, 0x6E, 0x65, 0x61, 0x72, 0x2E,
    0x78, 0x65, 0x73, 0x6C, 0x69, 0x78, 0x65, 0x73, 0x6C, 0x5F, 0x65, 0x6E, 0x74, 0x72, 0x79, 0x6F,
    0x6D, 0x6E, 0x69, 0x70, 0x6F, 0x74, 0x65, 0x6E, 0x74, 0x20, 0x63, 0x68, 0x61, 0x72, 0x53, 0x69,
    0x6D, 0x70, 0x6C, 0x65, 0x20, 0x43, 0x2B, 0x2B, 0x20, 0x54, 0x42, 0x41, 0x41, 0x61, 0x69, 0x72,
    0x2D, 0x61, 0x6C, 0x69, 0x61, 0x73, 0x2D, 0x73, 0x63, 0x6F, 0x70, 0x65, 0x73, 0x28, 0x78, 0x65,
    0x73, 0x6C, 0x5F, 0x65, 0x6E, 0x74, 0x72, 0x79, 0x29, 0x61, 0x69, 0x72, 0x2D, 0x61, 0x6C, 0x69,
    0x61, 0x73, 0x2D, 0x73, 0x63, 0x6F, 0x70, 0x65, 0x2D, 0x61, 0x72, 0x67, 0x28, 0x30, 0x29, 0x61,
    0x69, 0x72, 0x2D, 0x61, 0x6C, 0x69, 0x61, 0x73, 0x2D, 0x73, 0x63, 0x6F, 0x70, 0x65, 0x2D, 0x73,
    0x61, 0x6D, 0x70, 0x6C, 0x65, 0x72, 0x73, 0x61, 0x69, 0x72, 0x2D, 0x61, 0x6C, 0x69, 0x61, 0x73,
    0x2D, 0x73, 0x63, 0x6F, 0x70, 0x65, 0x2D, 0x74, 0x65, 0x78, 0x74, 0x75, 0x72, 0x65, 0x73, 0x2F,
    0x70, 0x72, 0x69, 0x76, 0x61, 0x74, 0x65, 0x2F, 0x76, 0x61, 0x72, 0x2F, 0x72, 0x75, 0x6E, 0x2F,
    0x63, 0x6F, 0x6D, 0x2E, 0x61, 0x70, 0x70, 0x6C, 0x65, 0x2E, 0x73, 0x65, 0x63, 0x75, 0x72, 0x69,
    0x74, 0x79, 0x2E, 0x63, 0x72, 0x79, 0x70, 0x74, 0x65, 0x78, 0x64, 0x2F, 0x6D, 0x6E, 0x74, 0x2F,
    0x63, 0x6F, 0x6D, 0x2E, 0x61, 0x70, 0x70, 0x6C, 0x65, 0x2E, 0x4D, 0x6F, 0x62, 0x69, 0x6C, 0x65,
    0x41, 0x73, 0x73, 0x65, 0x74, 0x2E, 0x4D, 0x65, 0x74, 0x61, 0x6C, 0x54, 0x6F, 0x6F, 0x6C, 0x63,
    0x68, 0x61, 0x69, 0x6E, 0x2D, 0x76, 0x31, 0x37, 0x2E, 0x33, 0x2E, 0x34, 0x38, 0x2E, 0x30, 0x2E,
    0x35, 0x33, 0x73, 0x38, 0x75, 0x67, 0x2F, 0x4D, 0x65, 0x74, 0x61, 0x6C, 0x2E, 0x78, 0x63, 0x74,
    0x6F, 0x6F, 0x6C, 0x63, 0x68, 0x61, 0x69, 0x6E, 0x2F, 0x75, 0x73, 0x72, 0x2F, 0x6D, 0x65, 0x74,
    0x61, 0x6C, 0x2F, 0x33, 0x32, 0x30, 0x32, 0x33, 0x2F, 0x6C, 0x69, 0x62, 0x2F, 0x63, 0x6C, 0x61,
    0x6E, 0x67, 0x2F, 0x33, 0x32, 0x30, 0x32, 0x33, 0x2E, 0x38, 0x35, 0x30, 0x2F, 0x69, 0x6E, 0x63,
    0x6C, 0x75, 0x64, 0x65, 0x2F, 0x6D, 0x65, 0x74, 0x61, 0x6C, 0x2F, 0x5F, 0x5F, 0x62, 0x69, 0x74,
    0x73, 0x2F, 0x6D, 0x65, 0x74, 0x61, 0x6C, 0x5F, 0x74, 0x65, 0x78, 0x74, 0x75, 0x72, 0x65, 0x32,
    0x64, 0x73, 0x61, 0x6D, 0x70, 0x6C, 0x65, 0x73, 0x72, 0x63, 0x2F, 0x78, 0x65, 0x6E, 0x69, 0x61,
    0x2F, 0x75, 0x69, 0x2F, 0x73, 0x68, 0x61, 0x64, 0x65, 0x72, 0x73, 0x2F, 0x64, 0x69, 0x74, 0x68,
    0x65, 0x72, 0x5F, 0x38, 0x62, 0x70, 0x63, 0x2E, 0x78, 0x65, 0x73, 0x6C, 0x69, 0x58, 0x65, 0x44,
    0x69, 0x74, 0x68, 0x65, 0x72, 0x4F, 0x66, 0x66, 0x73, 0x65, 0x74, 0x38, 0x62, 0x70, 0x63, 0x66,
    0x6C, 0x6F, 0x61, 0x74, 0x2F, 0x70, 0x72, 0x69, 0x76, 0x61, 0x74, 0x65, 0x2F, 0x76, 0x61, 0x72,
    0x2F, 0x72, 0x75, 0x6E, 0x2F, 0x63, 0x6F, 0x6D, 0x2E, 0x61, 0x70, 0x70, 0x6C, 0x65, 0x2E, 0x73,
    0x65, 0x63, 0x75, 0x72, 0x69, 0x74, 0x79, 0x2E, 0x63, 0x72, 0x79, 0x70, 0x74, 0x65, 0x78, 0x64,
    0x2F, 0x6D, 0x6E, 0x74, 0x2F, 0x63, 0x6F, 0x6D, 0x2E, 0x61, 0x70, 0x70, 0x6C, 0x65, 0x2E, 0x4D,
    0x6F, 0x62, 0x69, 0x6C, 0x65, 0x41, 0x73, 0x73, 0x65, 0x74, 0x2E, 0x4D, 0x65, 0x74, 0x61, 0x6C,
    0x54, 0x6F, 0x6F, 0x6C, 0x63, 0x68, 0x61, 0x69, 0x6E, 0x2D, 0x76, 0x31, 0x37, 0x2E, 0x33, 0x2E,
    0x34, 0x38, 0x2E, 0x30, 0x2E, 0x35, 0x33, 0x73, 0x38, 0x75, 0x67, 0x2F, 0x4D, 0x65, 0x74, 0x61,
    0x6C, 0x2E, 0x78, 0x63, 0x74, 0x6F, 0x6F, 0x6C, 0x63, 0x68, 0x61, 0x69, 0x6E, 0x2F, 0x75, 0x73,
    0x72, 0x2F, 0x6D, 0x65, 0x74, 0x61, 0x6C, 0x2F, 0x33, 0x32, 0x30, 0x32, 0x33, 0x2F, 0x6C, 0x69,
    0x62, 0x2F, 0x63, 0x6C, 0x61, 0x6E, 0x67, 0x2F, 0x33, 0x32, 0x30, 0x32, 0x33, 0x2E, 0x38, 0x35,
    0x30, 0x2F, 0x69, 0x6E, 0x63, 0x6C, 0x75, 0x64, 0x65, 0x2F, 0x6D, 0x65, 0x74, 0x61, 0x6C, 0x2F,
    0x6D, 0x65, 0x74, 0x61, 0x6C, 0x5F, 0x63, 0x6F, 0x6D, 0x6D, 0x6F, 0x6E, 0x73, 0x61, 0x74, 0x75,
    0x72, 0x61, 0x74, 0x65, 0x00, 0x13, 0x04, 0x0F, 0x5A, 0x45, 0x1D, 0x23, 0x91, 0x0E, 0xC0, 0x48,
    0x68, 0x25, 0x41, 0x06, 0x00, 0x06, 0x80, 0x28, 0x08, 0x82, 0x50, 0x29, 0x00, 0x00, 0x49, 0x00,
    0x00, 0x00, 0xAC, 0x10, 0xF2, 0x81, 0x1D, 0x56, 0x0C, 0xFA, 0x90, 0x0F, 0xED, 0xB0, 0x62, 0xD8,
    0x87, 0x7C, 0x70, 0x87, 0x15, 0x03, 0x3F, 0xE4, 0xC3, 0x3B, 0xAC, 0xA2, 0x8E, 0x95, 0x88, 0x07,
    0x60, 0x25, 0xEC, 0xA0, 0x24, 0xEE, 0x00, 0xC0, 0x00, 0x10, 0x05, 0x41, 0x10, 0x2A, 0x05, 0x00,
    0x20, 0x09, 0x00, 0x00, 0x00, 0x9D, 0x07, 0x12, 0xC8, 0x10, 0x22, 0x43, 0x46, 0x42, 0xC7, 0xC1,
    0xC1, 0x3D, 0x00, 0x56, 0x51, 0x07, 0x4B, 0xCC, 0x03, 0xC0, 0x12, 0x66, 0x50, 0x12, 0x66, 0x00,
    0x60, 0x00, 0x88, 0x82, 0x20, 0x08, 0x95, 0x02, 0x00, 0x90, 0x04, 0x00, 0x00, 0x40, 0xEB, 0x01,
    0xCB, 0x3D, 0x00, 0x56, 0x51, 0xC7, 0x4B, 0xD8, 0x03, 0xF0, 0x12, 0xAB, 0x51, 0x12, 0xAC, 0x01,
    0x60, 0x00, 0x88, 0x82, 0x20, 0x08, 0x95, 0x02, 0x00, 0x90, 0x04, 0x00, 0x00, 0x40, 0xEB, 0x41,
    0xC2, 0x3D, 0x00, 0x06, 0x15, 0x00, 0x3A, 0x08, 0x00, 0xB0, 0x01, 0xD8, 0x44, 0x08, 0x00, 0x49,
    0x00, 0x1B, 0x82, 0x75, 0xD8, 0x30, 0xA8, 0x83, 0x49, 0xDC, 0xC3, 0x86, 0xE1, 0x24, 0x4E, 0xE2,
    0x1E, 0x36, 0x04, 0xFA, 0xB0, 0x41, 0xE0, 0x87, 0x7D, 0x18, 0x54, 0x00, 0xF0, 0x00, 0x00, 0xC0,
    0xA0, 0x02, 0x90, 0x07, 0x01, 0x00, 0x36, 0x0C, 0xF4, 0x70, 0x12, 0xF7, 0xB0, 0x61, 0x68, 0x89,
    0x96, 0xB8, 0x87, 0x41, 0x05, 0x50, 0x0F, 0x00, 0x00, 0x00, 0x00, 0x00, 0x00, 0x83, 0x0C, 0x52,
    0x01, 0xCD, 0x18, 0x14, 0x66, 0xC0, 0xE1, 0x03, 0x00, 0x8C, 0x18, 0x14, 0x44, 0x08, 0x82, 0x81,
    0x46, 0x06, 0xC1, 0x8C, 0x41, 0x61, 0x06, 0x12, 0x3E, 0x00, 0x40, 0x47, 0x86, 0x4B, 0xDB, 0x66,
    0x0C, 0x8A, 0x33, 0x90, 0xF0, 0x01, 0x00, 0x28, 0x30, 0xC8, 0x84, 0x01, 0x70, 0x43, 0x10, 0x33,
    0x06, 0x85, 0x19, 0xBC, 0x01, 0x3E, 0x00, 0xC0, 0x88, 0x81, 0x41, 0x84, 0x20, 0x58, 0xF8, 0x07,
    0x96, 0x06, 0xC1, 0x8C, 0x41, 0x11, 0x07, 0x07, 0x3E, 0x00, 0x00, 0x06, 0x08, 0xF8, 0x4F, 0x18,
    0x00, 0x1D, 0x19, 0xB8, 0xAF, 0x0C, 0x26, 0x0C, 0x00, 0x0A, 0x0E, 0x32, 0x61, 0x00, 0xE0, 0x10,
    0x88, 0xFF, 0x84, 0x01, 0x30, 0x62, 0xD0, 0x14, 0x21, 0x08, 0x06, 0xD6, 0x1B, 0x78, 0x5D, 0x70,
    0x65, 0x57, 0x14, 0x8D, 0xC1, 0x8C, 0x41, 0x91, 0x07, 0x4C, 0x3F, 0xF8, 0x03, 0x30, 0x9A, 0x10,
    0x00, 0x13, 0x06, 0xC0, 0x20, 0x43, 0x00, 0x59, 0x33, 0x06, 0x85, 0x1E, 0x5C, 0xF8, 0x00, 0x00,
    0x97, 0x6C, 0x3A, 0x63, 0x50, 0x9C, 0xC1, 0xF3, 0x0F, 0x20, 0x01, 0x8C, 0x21, 0x04, 0xDA, 0x8C,
    0x41, 0x81, 0x06, 0xDF, 0x3F, 0x80, 0x04, 0x80, 0xC1, 0x1B, 0xDC, 0xC0, 0x8C, 0x41, 0x81, 0x06,
    0x6D, 0xF0, 0x0F, 0x20, 0x01, 0x8C, 0x21, 0x0C, 0x68, 0x30, 0x63, 0x50, 0xA0, 0x41, 0x1D, 0xFC,
    0x03, 0x48, 0x00, 0x27, 0x04, 0x3B, 0x63, 0x50, 0xA0, 0xC1, 0x1C, 0xFC, 0x03, 0x48, 0x00, 0x19,
    0x78, 0x31, 0x63, 0x50, 0xA0, 0x81, 0xF2, 0x0F, 0x20, 0x01, 0xF4, 0x60, 0xD8, 0x83, 0x35, 0x08,
    0x26, 0x0C, 0x00, 0x0A, 0x80, 0x31, 0x61, 0x00, 0xCC, 0x31, 0x58, 0x41, 0x1B, 0xCC, 0x18, 0x14,
    0x7A, 0xC0, 0x06, 0xF8, 0x00, 0x00, 0x83, 0x0C, 0xC1, 0xF5, 0x4D, 0x18, 0x00, 0x18, 0x2C, 0xE0,
    0x3F, 0x63, 0x50, 0xE8, 0x81, 0x1A, 0xE0, 0x03, 0x00, 0x8C, 0x18, 0x18, 0x44, 0x08, 0x82, 0x85,
    0x7F, 0x44, 0x7E, 0x10, 0xCC, 0x18, 0x14, 0xAD, 0xA1, 0x84, 0x84, 0x48, 0x00, 0x83, 0x0C, 0x81,
    0x16, 0x06, 0x33, 0x06, 0x45, 0x1E, 0x60, 0xF8, 0x00, 0x00, 0x73, 0x0C, 0x01, 0x18, 0x94, 0xC1,
    0x8C, 0x41, 0xC1, 0x07, 0x14, 0x3E, 0x00, 0xC0, 0x6C, 0x83, 0x17, 0x00, 0x33, 0x06, 0x85, 0x1F,
    0x04, 0xF8, 0x00, 0x00, 0x1B, 0x4C, 0x18, 0x00, 0x01, 0x31, 0x00, 0x00, 0x00, 0x09, 0x00, 0x00,
    0x00, 0x5B, 0x04, 0xE0, 0x1E, 0xB6, 0x1C, 0x43, 0x70, 0x12, 0x07, 0x4A, 0x20, 0x29, 0xB1, 0xE5,
    0x40, 0x82, 0x93, 0x38, 0x50, 0x02, 0x49, 0x89, 0x2D, 0x85, 0x72, 0xA4, 0x04, 0x82, 0x12, 0x5B,
    0x06, 0x2A, 0x68, 0x09, 0x00, 0x00, 0x00, 0x00, 0x00, 0x71, 0x20, 0x00, 0x00, 0x03, 0x00, 0x00,
    0x00, 0x32, 0x0E, 0x10, 0x22, 0x84, 0x01, 0xDB, 0x0A, 0x00, 0x00, 0x00, 0x00, 0x00, 0x00, 0x00,
    0x00, 0x65, 0x0C, 0x00, 0x00, 0x3D, 0x00, 0x00, 0x00, 0x12, 0x03, 0x94, 0xE8, 0x01, 0x00, 0x00,
    0x00, 0x03, 0x00, 0x00, 0x00, 0x8B, 0x00, 0x00, 0x00, 0x0C, 0x00, 0x00, 0x00, 0x4C, 0x00, 0x00,
    0x00, 0x01, 0x00, 0x00, 0x00, 0x58, 0x00, 0x00, 0x00, 0x00, 0x00, 0x00, 0x00, 0x58, 0x00, 0x00,
    0x00, 0x06, 0x00, 0x00, 0x00, 0xE8, 0x00, 0x00, 0x00, 0x00, 0x00, 0x00, 0x00, 0x97, 0x00, 0x00,
    0x00, 0x1C, 0x00, 0x00, 0x00, 0x19, 0x00, 0x00, 0x00, 0x0A, 0x00, 0x00, 0x00, 0x19, 0x00, 0x00,
    0x00, 0x00, 0x00, 0x00, 0x00, 0xE8, 0x00, 0x00, 0x00, 0x00, 0x00, 0x00, 0x00, 0x00, 0x00, 0x00,
    0x00, 0x06, 0x00, 0x00, 0x00, 0x00, 0x00, 0x00, 0x00, 0x19, 0x00, 0x00, 0x00, 0x0A, 0x00, 0x00,
    0x00, 0x19, 0x00, 0x00, 0x00, 0x0A, 0x00, 0x00, 0x00, 0xFF, 0xFF, 0xFF, 0xFF, 0x00, 0x24, 0x00,
    0x00, 0x23, 0x00, 0x00, 0x00, 0x17, 0x00, 0x00, 0x00, 0x23, 0x00, 0x00, 0x00, 0x17, 0x00, 0x00,
    0x00, 0xFF, 0xFF, 0xFF, 0xFF, 0x08, 0x24, 0x00, 0x00, 0x3A, 0x00, 0x00, 0x00, 0x1B, 0x00, 0x00,
    0x00, 0x3A, 0x00, 0x00, 0x00, 0x1B, 0x00, 0x00, 0x00, 0xFF, 0xFF, 0xFF, 0xFF, 0x08, 0x24, 0x00,
    0x00, 0x55, 0x00, 0x00, 0x00, 0x1B, 0x00, 0x00, 0x00, 0x55, 0x00, 0x00, 0x00, 0x1B, 0x00, 0x00,
    0x00, 0xFF, 0xFF, 0xFF, 0xFF, 0x08, 0x24, 0x00, 0x00, 0x70, 0x00, 0x00, 0x00, 0x1B, 0x00, 0x00,
    0x00, 0x70, 0x00, 0x00, 0x00, 0x1B, 0x00, 0x00, 0x00, 0xFF, 0xFF, 0xFF, 0xFF, 0x08, 0x24, 0x00,
    0x00, 0x00, 0x00, 0x00, 0x00, 0x19, 0x00, 0x00, 0x00, 0x00, 0x00, 0x00, 0x00, 0x19, 0x00, 0x00,
    0x00, 0xFF, 0xFF, 0xFF, 0xFF, 0x00, 0x10, 0x00, 0x00, 0x00, 0x00, 0x00, 0x00, 0x5D, 0x0C, 0x00,
    0x00, 0x30, 0x00, 0x00, 0x00, 0x12, 0x03, 0x94, 0x73, 0x01, 0x00, 0x00, 0x00, 0x5F, 0x5A, 0x4C,
    0x32, 0x30, 0x78, 0x65, 0x5F, 0x64, 0x69, 0x74, 0x68, 0x65, 0x72, 0x5F, 0x38, 0x62, 0x70, 0x63,
    0x5F, 0x6E, 0x6F, 0x69, 0x73, 0x65, 0x78, 0x65, 0x73, 0x6C, 0x5F, 0x65, 0x6E, 0x74, 0x72, 0x79,
    0x61, 0x69, 0x72, 0x2E, 0x66, 0x61, 0x73, 0x74, 0x5F, 0x73, 0x61, 0x74, 0x75, 0x72, 0x61, 0x74,
    0x65, 0x2E, 0x76, 0x33, 0x66, 0x33, 0x32, 0x61, 0x69, 0x72, 0x2E, 0x73, 0x61, 0x6D, 0x70, 0x6C,
    0x65, 0x5F, 0x74, 0x65, 0x78, 0x74, 0x75, 0x72, 0x65, 0x5F, 0x32, 0x64, 0x2E, 0x76, 0x34, 0x66,
    0x33, 0x32, 0x61, 0x69, 0x72, 0x2E, 0x63, 0x6F, 0x6E, 0x76, 0x65, 0x72, 0x74, 0x2E, 0x66, 0x2E,
    0x76, 0x32, 0x66, 0x33, 0x32, 0x2E, 0x75, 0x2E, 0x76, 0x32, 0x69, 0x33, 0x32, 0x61, 0x69, 0x72,
    0x2E, 0x63, 0x6F, 0x6E, 0x76, 0x65, 0x72, 0x74, 0x2E, 0x73, 0x2E, 0x76, 0x32, 0x69, 0x33, 0x32,
    0x2E, 0x66, 0x2E, 0x76, 0x32, 0x66, 0x33, 0x32, 0x33, 0x32, 0x30, 0x32, 0x33, 0x2E, 0x38, 0x35,
    0x30, 0x2E, 0x31, 0x30, 0x61, 0x69, 0x72, 0x36, 0x34, 0x5F, 0x76, 0x32, 0x38, 0x2D, 0x61, 0x70,
    0x70, 0x6C, 0x65, 0x2D, 0x6D, 0x61, 0x63, 0x6F, 0x73, 0x78, 0x32, 0x36, 0x2E, 0x30, 0x2E, 0x30,
    0x00, 0x00, 0x00, 0x00, 0x00, 0x01, 0x00, 0x00, 0x00, 0x2F, 0x70, 0x72, 0x69, 0x76, 0x61, 0x74,
    0x65, 0x2F, 0x76, 0x61, 0x72, 0x2F, 0x72, 0x75, 0x6E, 0x2F, 0x63, 0x6F, 0x6D, 0x2E, 0x61, 0x70,
    0x70, 0x6C, 0x65, 0x2E, 0x73, 0x65, 0x63, 0x75, 0x72, 0x69, 0x74, 0x79, 0x2E, 0x63, 0x72, 0x79,
    0x70, 0x74, 0x65, 0x78, 0x64, 0x2F, 0x6D, 0x6E, 0x74, 0x2F, 0x63, 0x6F, 0x6D, 0x2E, 0x61, 0x70,
    0x70, 0x6C, 0x65, 0x2E, 0x4D, 0x6F, 0x62, 0x69, 0x6C, 0x65, 0x41, 0x73, 0x73, 0x65, 0x74, 0x2E,
    0x4D, 0x65, 0x74, 0x61, 0x6C, 0x54, 0x6F, 0x6F, 0x6C, 0x63, 0x68, 0x61, 0x69, 0x6E, 0x2D, 0x76,
    0x31, 0x37, 0x2E, 0x33, 0x2E, 0x34, 0x38, 0x2E, 0x30, 0x2E, 0x35, 0x33, 0x73, 0x38, 0x75, 0x67,
    0x2F, 0x4D, 0x65, 0x74, 0x61, 0x6C, 0x2E, 0x78, 0x63, 0x74, 0x6F, 0x6F, 0x6C, 0x63, 0x68, 0x61,
    0x69, 0x6E, 0x2F, 0x75, 0x73, 0x72, 0x2F, 0x6D, 0x65, 0x74, 0x61, 0x6C, 0x2F, 0x33, 0x32, 0x30,
    0x32, 0x33, 0x2F, 0x62, 0x69, 0x6E, 0x2F, 0x6D, 0x65, 0x74, 0x61, 0x6C, 0x6C, 0x69, 0x62, 0x20,
    0x73, 0x72, 0x63, 0x2F, 0x78, 0x65, 0x6E, 0x69, 0x61, 0x2F, 0x75, 0x69, 0x2F, 0x73, 0x68, 0x61,
    0x64, 0x65, 0x72, 0x73, 0x2F, 0x62, 0x79, 0x74, 0x65, 0x63, 0x6F, 0x64, 0x65, 0x2F, 0x6D, 0x65,
    0x74, 0x61, 0x6C, 0x2F, 0x67, 0x75, 0x65, 0x73, 0x74, 0x5F, 0x6F, 0x75, 0x74, 0x70, 0x75, 0x74,
    0x5F, 0x62, 0x69, 0x6C, 0x69, 0x6E, 0x65, 0x61, 0x72, 0x5F, 0x64, 0x69, 0x74, 0x68, 0x65, 0x72,
    0x5F, 0x70, 0x73, 0x2E, 0x61, 0x69, 0x72, 0x20, 0x2D, 0x6F, 0x20, 0x73, 0x72, 0x63, 0x2F, 0x78,
    0x65, 0x6E, 0x69, 0x61, 0x2F, 0x75, 0x69, 0x2F, 0x73, 0x68, 0x61, 0x64, 0x65, 0x72, 0x73, 0x2F,
    0x62, 0x79, 0x74, 0x65, 0x63, 0x6F, 0x64, 0x65, 0x2F, 0x6D, 0x65, 0x74, 0x61, 0x6C, 0x2F, 0x67,
    0x75, 0x65, 0x73, 0x74, 0x5F, 0x6F, 0x75, 0x74, 0x70, 0x75, 0x74, 0x5F, 0x62, 0x69, 0x6C, 0x69,
    0x6E, 0x65, 0x61, 0x72, 0x5F, 0x64, 0x69, 0x74, 0x68, 0x65, 0x72, 0x5F, 0x70, 0x73, 0x2E, 0x6D,
    0x65, 0x74, 0x61, 0x6C, 0x6C, 0x69, 0x62, 0x00, 0x2F, 0x55, 0x73, 0x65, 0x72, 0x73, 0x2F, 0x77,
    0x6D, 0x61, 0x72, 0x74, 0x69, 0x2F, 0x44, 0x6F, 0x63, 0x75, 0x6D, 0x65, 0x6E, 0x74, 0x73, 0x2F,
    0x78, 0x65, 0x6E, 0x69, 0x61, 0x2D, 0x6D, 0x61, 0x63, 0x2F, 0x73, 0x63, 0x72, 0x61, 0x74, 0x63,
    0x68, 0x2F, 0x77, 0x6F, 0x72, 0x6B, 0x74, 0x72, 0x65, 0x65, 0x73, 0x2F, 0x78, 0x65, 0x6E, 0x69,
    0x61, 0x2D, 0x63, 0x61, 0x6E, 0x61, 0x72, 0x79, 0x2D, 0x72, 0x65, 0x62, 0x61, 0x73, 0x65, 0x00,
    0x2C, 0x50, 0x00, 0x00, 0x53, 0x41, 0x52, 0x43, 0x20, 0x50, 0x00, 0x00, 0x67, 0x75, 0x65, 0x73,
    0x74, 0x5F, 0x6F, 0x75, 0x74, 0x70, 0x75, 0x74, 0x5F, 0x62, 0x69, 0x6C, 0x69, 0x6E, 0x65, 0x61,
    0x72, 0x5F, 0x64, 0x69, 0x74, 0x68, 0x65, 0x72, 0x5F, 0x70, 0x73, 0x00, 0x42, 0x5A, 0x68, 0x39,
    0x31, 0x41, 0x59, 0x26, 0x53, 0x59, 0xF0, 0x7F, 0xF7, 0x3B, 0x00, 0x56, 0xA1, 0x7F, 0xFD, 0xFF,
    0xFA, 0xEB, 0x7F, 0xFF, 0xFF, 0xFF, 0xFF, 0xBF, 0xFF, 0xDF, 0xEE, 0xFF, 0xFF, 0xFF, 0xFF, 0x10,
    0x04, 0x01, 0x02, 0x04, 0x00, 0x02, 0x00, 0x00, 0x04, 0x10, 0x00, 0x00, 0x08, 0x60, 0x3E, 0xFE,
    0x2E, 0xB8, 0x8F, 0x9B, 0x0B, 0x3D, 0x2F, 0xB7, 0x81, 0x4F, 0x3E, 0xE7, 0xDC, 0x3D, 0x0A, 0x94,
    0x82, 0xBA, 0xD0, 0x29, 0xBD, 0xED, 0xDF, 0x5D, 0xAF, 0x79, 0xB9, 0x7B, 0xD3, 0x11, 0xEC, 0xCA,
    0xFB, 0xBE, 0xF3, 0xBC, 0x0B, 0xCE, 0xDA, 0x70, 0xDE, 0x3C, 0xEF, 0x7B, 0x68, 0xDB, 0x6F, 0xAE,
    0xE1, 0x76, 0x18, 0xF5, 0x7B, 0xEB, 0x52, 0x3E, 0xCE, 0x84, 0xEC, 0x38, 0x1B, 0x74, 0x59, 0x36,
    0xEB, 0x9C, 0x59, 0x7D, 0xB9, 0x65, 0xA1, 0xE9, 0xA5, 0x53, 0x43, 0x4B, 0x9F, 0x41, 0xDD, 0x35,
    0xA4, 0xCD, 0x85, 0xBD, 0x9B, 0xA8, 0xFA, 0xEB, 0x7B, 0x87, 0x42, 0x8A, 0x53, 0xD7, 0xBD, 0x1B,
    0xDF, 0x6C, 0xFB, 0xEE, 0xF9, 0x75, 0xEB, 0xB3, 0x2B, 0xAF, 0x08, 0x0E, 0x8F, 0x5D, 0xB3, 0xBB,
    0x9B, 0xB5, 0x46, 0x7A, 0x0D, 0xF7, 0x9A, 0x2B, 0x9F, 0x4F, 0xAF, 0x51, 0x87, 0x6E, 0xD6, 0x55,
    0xED, 0xD7, 0x3C, 0x3D, 0xCC, 0xC6, 0x5D, 0xBA, 0xD1, 0xDD, 0x9D, 0x13, 0xA0, 0xB3, 0xB9, 0x97,
    0x1A, 0xBD, 0xA7, 0x3C, 0xEC, 0x18, 0x89, 0x31, 0x1A, 0x01, 0x02, 0x9E, 0x04, 0xA7, 0xE4, 0x20,
    0x49, 0xB5, 0x36, 0xD4, 0x46, 0x41, 0xA6, 0xD4, 0x68, 0xC8, 0xD0, 0x00, 0x07, 0xA8, 0x00, 0xD0,
    0x00, 0x00, 0x00, 0x4A, 0x68, 0x20, 0x42, 0x11, 0xA2, 0x9B, 0x23, 0x48, 0xD4, 0xCD, 0x1A, 0x4D,
    0x0D, 0x32, 0x40, 0xDA, 0x99, 0x00, 0x00, 0x07, 0xA8, 0xD3, 0x40, 0x06, 0x80, 0x01, 0xA0, 0x00,
    0x01, 0x26, 0x92, 0x44, 0x81, 0x34, 0xA7, 0x94, 0xF2, 0x69, 0x36, 0x49, 0xA0, 0x3D, 0x43, 0xD2,
    0x34, 0x68, 0x1A, 0x32, 0x67, 0xAA, 0x1E, 0x93, 0x21, 0x90, 0xD0, 0xD1, 0x91, 0xA0, 0x00, 0x06,
    0x9E, 0xA3, 0x4F, 0x49, 0xEA, 0x00, 0x12, 0x7A, 0xA9, 0x22, 0x24, 0xD0, 0x9B, 0x46, 0x92, 0x34,
    0xF5, 0x1B, 0x42, 0x01, 0xA1, 0xE8, 0x4D, 0x1A, 0x62, 0x30, 0x8C, 0x83, 0x20, 0x0F, 0x44, 0x00,
    0xD3, 0x4D, 0x0C, 0x4D, 0x0D, 0x00, 0x0C, 0x01, 0x12, 0x51, 0xA2, 0x62, 0x04, 0xD3, 0x41, 0x1A,
    0x4F, 0x12, 0x7A, 0x21, 0x36, 0x93, 0x65, 0x08, 0xF1, 0x3D, 0x53, 0x62, 0x68, 0xD1, 0xA3, 0x44,
    0xF5, 0x0D, 0x1A, 0x3D, 0x4C, 0x8C, 0xF5, 0x35, 0x00, 0x3D, 0x46, 0x81, 0xA7, 0xA9, 0xA1, 0x90,
    0x44, 0x89, 0x02, 0x00, 0x44, 0x6A, 0x6C, 0x88, 0xC4, 0x8D, 0x34, 0xD3, 0x02, 0x8D, 0x8A, 0x9E,
    0x99, 0x4C, 0x64, 0x43, 0x10, 0x1E, 0xA1, 0xEA, 0x1E, 0xA6, 0x4F, 0x48, 0xC0, 0x11, 0xA6, 0x4C,
    0xD2, 0x06, 0x8C, 0xF4, 0x3F, 0xD5, 0xFB, 0x6E, 0x67, 0xB2, 0x07, 0xCE, 0xD5, 0x01, 0x3F, 0x37,
    0xCF, 0x8C, 0x3D, 0x36, 0xF7, 0x84, 0x83, 0x19, 0xA9, 0x2D, 0x10, 0x07, 0xEB, 0x1E, 0xD7, 0xB6,
    0x7B, 0x9E, 0xDD, 0x5B, 0x21, 0x7E, 0x70, 0x20, 0x01, 0x49, 0xF5, 0x20, 0x34, 0xA4, 0x02, 0x20,
    0xA4, 0x41, 0xDB, 0x43, 0x00, 0x08, 0xA2, 0x04, 0x48, 0xC2, 0x28, 0x10, 0x08, 0x01, 0x6F, 0xE9,
    0x3F, 0x47, 0xCD, 0xAB, 0xD9, 0xBF, 0xCF, 0xC6, 0xBF, 0x55, 0xBE, 0xE8, 0xFC, 0xBE, 0xC3, 0x2F,
    0xA8, 0xCC, 0x1A, 0xBA, 0xCA, 0x53, 0xB3, 0xF3, 0x44, 0x2B, 0x36, 0xFE, 0xA8, 0x7D, 0xBA, 0x30,
    0xA2, 0x6B, 0x6C, 0xC3, 0xDC, 0x8E, 0x53, 0xC2, 0xFF, 0xA3, 0xEF, 0x11, 0x0C, 0x6E, 0xEF, 0x81,
    0x21, 0xFA, 0xA1, 0x21, 0x3E, 0xC2, 0x2C, 0x80, 0x29, 0x3B, 0xBE, 0x81, 0x65, 0x4F, 0x6D, 0xF4,
    0x10, 0x0D, 0x7D, 0x54, 0x29, 0x09, 0x00, 0x0A, 0x44, 0x93, 0x8E, 0xEF, 0x7B, 0x4B, 0xFB, 0xB9,
    0x1D, 0x46, 0x08, 0xEE, 0x8B, 0xEB, 0x90, 0xC9, 0xDB, 0xB4, 0x75, 0x89, 0xC9, 0x40, 0xE9, 0x6D,
    0x27, 0x85, 0x1F, 0x12, 0x3D, 0x5E, 0xD6, 0xCA, 0x92, 0xEB, 0x89, 0x97, 0x8E, 0x52, 0xBA, 0x76,
    0x23, 0x28, 0x5F, 0xE6, 0xEF, 0xAC, 0xE3, 0xB5, 0x15, 0x91, 0x5B, 0x6C, 0x3A, 0xD8, 0xE3, 0x9A,
    0x2A, 0xE4, 0xB3, 0xC8, 0x9A, 0x59, 0x22, 0x2B, 0x96, 0xD1, 0x08, 0x8E, 0xA5, 0xB2, 0x7E, 0x89,
    0xD4, 0xEA, 0x6D, 0xD3, 0xCB, 0xBD, 0x67, 0xB4, 0x77, 0x7E, 0xD8, 0x4A, 0x7B, 0x07, 0x52, 0x3B,
    0x97, 0x8A, 0x95, 0xC5, 0xCE, 0x11, 0xF3, 0xF5, 0x5D, 0xEE, 0x6F, 0xCF, 0x9D, 0x99, 0xC7, 0x39,
    0x93, 0xC3, 0x66, 0xC6, 0x90, 0x90, 0x7C, 0x86, 0x58, 0x9D, 0x6F, 0xA8, 0xAC, 0xBF, 0x0B, 0x08,
    0xC6, 0x74, 0x5A, 0x6C, 0x4C, 0x0A, 0x07, 0x3A, 0xD0, 0xC9, 0x39, 0x80, 0x04, 0x22, 0x8D, 0xAD,
    0x34, 0x32, 0x19, 0x0C, 0x85, 0x24, 0x01, 0x95, 0xB3, 0xB8, 0x76, 0xE5, 0x80, 0xC2, 0xF0, 0xAA,
    0x92, 0x9B, 0x4D, 0xC5, 0x78, 0x22, 0x19, 0xC1, 0x09, 0xF9, 0x75, 0x01, 0x36, 0xB3, 0x64, 0x67,
    0xD3, 0x3C, 0x62, 0x7B, 0xCA, 0x37, 0x2E, 0xC7, 0x4B, 0x54, 0x21, 0x08, 0x6C, 0xA9, 0xB8, 0x23,
    0xFB, 0xBF, 0x5D, 0xE2, 0x9A, 0xE1, 0xBF, 0x57, 0xF4, 0xC1, 0x9B, 0x64, 0xA7, 0x0F, 0x55, 0x57,
    0x1F, 0x58, 0x07, 0x9E, 0xBA, 0x9C, 0xE1, 0x47, 0x5E, 0xD0, 0x1B, 0xB2, 0x38, 0x62, 0x43, 0xC7,
    0x41, 0xCF, 0x2F, 0x07, 0xA1, 0xA0, 0x38, 0x8A, 0x76, 0xE4, 0x62, 0xC4, 0x4C, 0x00, 0xA7, 0xE6,
    0x4F, 0x7D, 0x22, 0x45, 0x62, 0x7D, 0xA7, 0xE7, 0x77, 0x6B, 0xB4, 0xD3, 0xA4, 0xDF, 0xE2, 0xA5,
    0x2D, 0xBD, 0xCB, 0x5A, 0xA9, 0x3A, 0xA6, 0xFA, 0x7E, 0x56, 0x82, 0x47, 0x77, 0xA1, 0xED, 0xA8,
    0xF7, 0x2B, 0xA6, 0xF6, 0xC4, 0x0B, 0x07, 0x9B, 0xD4, 0x7A, 0xED, 0xE3, 0x02, 0x46, 0xBA, 0xE2,
    0xEF, 0xCE, 0x29, 0x30, 0x66, 0x49, 0x81, 0xA9, 0x0C, 0xCD, 0xE0, 0x71, 0x47, 0x42, 0xCF, 0x0C,
    0xD7, 0x8A, 0x00, 0x4B, 0x06, 0xBD, 0xC0, 0x64, 0x12, 0x27, 0xC7, 0x85, 0xD3, 0x4D, 0x25, 0x2C,
    0xB2, 0x02, 0x35, 0x63, 0x08, 0xCD, 0x09, 0x09, 0xD9, 0x94, 0x90, 0x4C, 0xCC, 0x82, 0xE5, 0x64,
    0xD3, 0x32, 0x6E, 0x97, 0x16, 0x95, 0x10, 0x01, 0x21, 0x40, 0x82, 0x76, 0x37, 0x3F, 0xD7, 0x60,
    0x83, 0xE9, 0xA8, 0x37, 0x40, 0x3A, 0x55, 0x75, 0xF5, 0xE5, 0xAE, 0x71, 0x8D, 0x19, 0xCF, 0x66,
    0x72, 0xC3, 0xDF, 0x05, 0x46, 0x60, 0x71, 0x85, 0xBA, 0x2B, 0x11, 0x8A, 0x40, 0x25, 0x14, 0x18,
    0xA3, 0x6E, 0x13, 0xEA, 0xB2, 0x4F, 0xDA, 0xF5, 0x65, 0x9D, 0xD1, 0x93, 0xD6, 0x87, 0x5F, 0x75,
    0x67, 0x11, 0x87, 0xAB, 0xDD, 0x75, 0x9C, 0x13, 0xFD, 0xAF, 0xCB, 0x7B, 0xDF, 0xFB, 0xB8, 0x93,
    0xC3, 0x68, 0xAD, 0xB3, 0x6D, 0x8A, 0xF3, 0x44, 0x5F, 0xC6, 0xF8, 0xCD, 0x7F, 0xAF, 0x78, 0xFB,
    0x90, 0xE6, 0x79, 0x8F, 0x78, 0xE3, 0xEC, 0xE3, 0x8B, 0xE7, 0x90, 0xFD, 0x18, 0xC4, 0xB7, 0x34,
    0x6F, 0x08, 0xA3, 0xF7, 0x98, 0x84, 0x57, 0xD6, 0x04, 0x16, 0x91, 0x51, 0x43, 0x34, 0x30, 0x1C,
    0xD6, 0x90, 0x53, 0x5A, 0x0D, 0xD6, 0xA2, 0x05, 0x31, 0x03, 0x53, 0x4D, 0x10, 0x22, 0xCB, 0x0C,
    0x5A, 0x10, 0xA2, 0x9A, 0x39, 0x68, 0x29, 0x64, 0x7C, 0xAC, 0x4C, 0x18, 0x81, 0x44, 0x18, 0x8F,
    0x14, 0xFB, 0x94, 0x16, 0x1E, 0x09, 0x65, 0xDA, 0x51, 0xA1, 0x6C, 0x08, 0xB1, 0x21, 0x22, 0xD9,
    0x1D, 0x6C, 0xA6, 0x8C, 0x37, 0x59, 0x60, 0x68, 0x39, 0x1C, 0x14, 0x1D, 0xEA, 0x10, 0x60, 0x66,
    0x14, 0xB4, 0x10, 0x91, 0x02, 0xC0, 0x28, 0x90, 0x54, 0xEC, 0x44, 0x68, 0x56, 0x02, 0x40, 0x4A,
    0xA9, 0xAA, 0x5D, 0xB1, 0x35, 0xCD, 0x99, 0x28, 0x9A, 0xC5, 0x56, 0x4A, 0xDA, 0x0D, 0x8C, 0xB2,
    0xC0, 0xD2, 0x21, 0x22, 0xB3, 0x79, 0x19, 0x08, 0x45, 0xB2, 0x02, 0xA9, 0x71, 0x51, 0x03, 0x52,
    0x27, 0x24, 0x08, 0x89, 0x00, 0x53, 0x4E, 0xC8, 0x30, 0xAA, 0x43, 0x58, 0xEE, 0x87, 0x76, 0xCF,
    0x48, 0x6B, 0xA4, 0xA7, 0x21, 0x68, 0xE2, 0xEF, 0x77, 0x9F, 0xB1, 0xEE, 0x2B, 0xC3, 0xE1, 0xEA,
    0x9D, 0x40, 0x79, 0x07, 0x9C, 0x30, 0x1B, 0x05, 0xDC, 0x48, 0xBD, 0xB6, 0x92, 0x76, 0xF7, 0x7A,
    0xDF, 0x73, 0xC9, 0x5E, 0x1E, 0x97, 0xAB, 0xDF, 0xF4, 0xFD, 0x7F, 0x3F, 0xA3, 0xF1, 0x7A, 0xF1,
    0x00, 0x8E, 0xCC, 0x3B, 0xDA, 0x2F, 0xE6, 0x0E, 0x59, 0x00, 0x07, 0xF3, 0x98, 0x3C, 0x75, 0xD7,
    0xD2, 0x72, 0x61, 0xCE, 0x29, 0x21, 0x49, 0x89, 0x14, 0x0A, 0x45, 0x46, 0xB8, 0x14, 0x8C, 0x09,
    0x72, 0x3A, 0xE7, 0x38, 0x48, 0xFA, 0x9E, 0xF7, 0x8B, 0x0D, 0xD7, 0x8E, 0xE5, 0x5E, 0x06, 0x85,
    0xF9, 0x5F, 0xAA, 0x3E, 0x0D, 0x13, 0xB2, 0x10, 0x23, 0xB9, 0x41, 0xE0, 0xD5, 0xFF, 0x1C, 0x4D,
    0x59, 0x8A, 0x69, 0xC7, 0xC0, 0x17, 0x7B, 0x58, 0x96, 0x39, 0x86, 0x9A, 0xAC, 0x90, 0x49, 0x75,
    0xEC, 0x00, 0x18, 0x6A, 0x02, 0x0B, 0xEF, 0xBA, 0x39, 0xBF, 0x65, 0xA3, 0x42, 0xF4, 0x03, 0x7B,
    0x60, 0x0F, 0x5C, 0x7B, 0x03, 0xC5, 0x33, 0xC6, 0xE6, 0x0F, 0xE5, 0x77, 0x24, 0x76, 0x22, 0x47,
    0x91, 0x00, 0x34, 0xFA, 0x2D, 0xCD, 0x12, 0x4C, 0xFA, 0x36, 0x94, 0x08, 0xFB, 0xD0, 0xF9, 0x08,
    0x2B, 0x7E, 0x76, 0x8B, 0x09, 0xEC, 0x81, 0x84, 0x88, 0x8F, 0xD8, 0xCE, 0x68, 0x5E, 0x52, 0x82,
    0x06, 0x84, 0x0F, 0x41, 0x7C, 0x38, 0x6E, 0x6A, 0xA1, 0x83, 0xE5, 0x03, 0xEF, 0xC8, 0x46, 0xBB,
    0x18, 0x02, 0x42, 0xB8, 0xB0, 0x23, 0x45, 0xCC, 0x08, 0xE7, 0xA4, 0x4D, 0x53, 0x0C, 0x1E, 0xF2,
    0x2C, 0x7B, 0x90, 0x02, 0x60, 0x85, 0xE0, 0x9A, 0xE8, 0x07, 0x39, 0xC5, 0xD0, 0xE6, 0x89, 0xF4,
    0x3A, 0xF7, 0x13, 0xAA, 0x84, 0x40, 0x86, 0x27, 0x4A, 0x1E, 0xC8, 0xED, 0x82, 0x19, 0xD4, 0x21,
    0xFC, 0x18, 0xEF, 0x82, 0xFD, 0x73, 0xEE, 0xB1, 0x90, 0xA0, 0xC4, 0xBA, 0x15, 0x79, 0x2E, 0xD8,
    0xC7, 0x54, 0xF2, 0xDB, 0x8B, 0xDB, 0x80, 0xF0, 0x50, 0xAF, 0x68, 0xD2, 0xFA, 0x7B, 0x59, 0x20,
    0xA6, 0x32, 0x0E, 0x18, 0xB7, 0x25, 0x24, 0xB2, 0xAD, 0xD8, 0x86, 0xF0, 0xE8, 0xC3, 0xF2, 0xC1,
    0x9F, 0x24, 0x07, 0x94, 0xCB, 0xC4, 0x2E, 0xFD, 0x18, 0x6C, 0x03, 0x27, 0x24, 0x1D, 0xB9, 0x32,
    0x73, 0x6B, 0x3B, 0x96, 0xDB, 0x6B, 0x1A, 0x46, 0x0B, 0x22, 0x92, 0x23, 0xAD, 0x96, 0x59, 0x2A,
    0x6E, 0x4E, 0xD7, 0xEE, 0xFA, 0x6C, 0x02, 0xF6, 0xE4, 0x94, 0x57, 0x84, 0xAF, 0x34, 0x1E, 0xFB,
    0xBF, 0x57, 0x17, 0x3C, 0xCA, 0xC8, 0xB3, 0xD0, 0x23, 0x44, 0x1C, 0xE1, 0x50, 0x57, 0x33, 0xC6,
    0xEF, 0x05, 0x53, 0x9A, 0x4D, 0x50, 0x85, 0xC6, 0x38, 0xDD, 0x7E, 0xFD, 0x06, 0x43, 0xDC, 0x69,
    0x42, 0xA0, 0x30, 0x34, 0x2D, 0x12, 0x67, 0xD9, 0xCF, 0xA5, 0xC7, 0x92, 0x7D, 0x01, 0x42, 0xEE,
    0xC5, 0x8F, 0x19, 0x31, 0x6E, 0xAF, 0xBE, 0x69, 0xEA, 0x9F, 0x2B, 0x26, 0xDD, 0x1C, 0xD9, 0x1E,
    0x75, 0x7C, 0x5B, 0x17, 0xA2, 0xF8, 0xE2, 0x34, 0xB3, 0x87, 0xCD, 0x5B, 0xA7, 0xAB, 0x1F, 0xE5,
    0x3F, 0x2C, 0xFD, 0x98, 0x0D, 0x95, 0xB2, 0xB5, 0xBD, 0x42, 0x77, 0xAE, 0x75, 0x5D, 0x06, 0x53,
    0x47, 0xA3, 0x10, 0x76, 0x57, 0x6E, 0x6D, 0xD4, 0x8D, 0x19, 0x3E, 0x2C, 0xBB, 0x46, 0x30, 0x9E,
    0x3E, 0x38, 0x23, 0x6E, 0x37, 0xEF, 0x27, 0xBF, 0x83, 0x68, 0x5A, 0x97, 0x46, 0x01, 0x99, 0x43,
    0x86, 0x63, 0xD7, 0x3E, 0x37, 0xE6, 0x71, 0x31, 0x17, 0x36, 0x77, 0xC2, 0x19, 0xE3, 0x94, 0xC4,
    0x92, 0x88, 0x7D, 0x54, 0x85, 0x3A, 0x72, 0x15, 0xBB, 0x35, 0x19, 0xE5, 0xAE, 0xAE, 0xF0, 0x56,
    0x34, 0xFB, 0xC3, 0x57, 0x85, 0xE0, 0xAB, 0x57, 0xE8, 0xCC, 0x2A, 0x28, 0x5F, 0x8B, 0x89, 0xAE,
    0xFD, 0x59, 0x57, 0xA3, 0xD4, 0xBE, 0x95, 0xAD, 0x97, 0x57, 0x05, 0x7E, 0x76, 0xBA, 0x7E, 0xD6,
    0xDE, 0xD1, 0x4E, 0xCA, 0xE7, 0xBA, 0x83, 0x8E, 0x38, 0xBF, 0x24, 0x6E, 0x9A, 0xC6, 0x73, 0xE8,
    0xA3, 0xBE, 0xF5, 0x54, 0x74, 0xE2, 0x28, 0x17, 0x00, 0x39, 0x63, 0xB1, 0x4B, 0xBF, 0x43, 0xA4,
    0xBA, 0xAD, 0xC7, 0xE4, 0x28, 0xAB, 0x7D, 0x6D, 0xD3, 0xE7, 0x1D, 0xB1, 0x8D, 0x1E, 0x2C, 0xB1,
    0x66, 0x80, 0xAB, 0xBD, 0xA1, 0x95, 0x3F, 0x2E, 0xE7, 0xDC, 0x23, 0x5A, 0xD0, 0x45, 0x76, 0x6D,
    0xDE, 0xCD, 0xCB, 0x76, 0x20, 0x7A, 0x18, 0x88, 0xB7, 0x5E, 0xD8, 0xB5, 0x0D, 0x61, 0x9E, 0xB7,
    0xCE, 0x15, 0xB8, 0xBF, 0x58, 0x9B, 0x5B, 0xC7, 0x33, 0x5C, 0x6E, 0xBA, 0x6F, 0xC5, 0x6B, 0x71,
    0xF3, 0x8E, 0x50, 0x16, 0x14, 0x64, 0xC2, 0x2D, 0xE9, 0x9D, 0xBF, 0xD7, 0x06, 0xB1, 0xB5, 0x8C,
    0x86, 0x0E, 0x28, 0x5B, 0xF1, 0xE9, 0xAA, 0x10, 0xA8, 0x00, 0xFB, 0x75, 0x57, 0x84, 0xF5, 0x3E,
    0xF2, 0x23, 0xBB, 0x39, 0xED, 0x88, 0xCF, 0x66, 0x59, 0x8B, 0xD3, 0xF0, 0x8C, 0x3C, 0x63, 0xAE,
    0x2A, 0x87, 0xBC, 0x96, 0x13, 0x3C, 0x5E, 0x69, 0x88, 0x7E, 0xC5, 0x19, 0x06, 0x8B, 0xB4, 0xD9,
    0x35, 0xAE, 0xE7, 0xD6, 0xBF, 0xAA, 0x2D, 0xDC, 0x78, 0xC7, 0x8C, 0xEA, 0xE7, 0x50, 0xAB, 0x2E,
    0x31, 0x7B, 0x3A, 0xC6, 0x54, 0x68, 0x11, 0x81, 0x00, 0x9C, 0xA1, 0x75, 0xCA, 0x71, 0x0B, 0x6E,
    0xE0, 0xF9, 0xCE, 0x69, 0xDF, 0x00, 0x13, 0x0B, 0x0E, 0xD2, 0x89, 0x04, 0x3A, 0x73, 0xAB, 0xF7,
    0xC3, 0x5C, 0xEB, 0xAA, 0xDC, 0x15, 0x79, 0x08, 0xCE, 0xC4, 0xAB, 0x63, 0x94, 0x1E, 0x12, 0x0C,
    0xFD, 0xE8, 0x4E, 0xA6, 0x39, 0xFA, 0x9E, 0x2C, 0x3E, 0x47, 0xF9, 0x18, 0xF5, 0x7B, 0xA3, 0x2C,
    0xF7, 0xDD, 0xC1, 0xBC, 0x36, 0xAE, 0x76, 0xDA, 0xEB, 0x87, 0x04, 0x58, 0xA0, 0xDC, 0xED, 0x51,
    0xC7, 0x70, 0xB4, 0x0A, 0xF9, 0x72, 0xE5, 0x19, 0x2A, 0x95, 0xB2, 0x0E, 0xFA, 0xF8, 0x6A, 0x11,
    0xF4, 0xFA, 0x62, 0x5C, 0x63, 0x8B, 0x86, 0xAC, 0x6F, 0xB8, 0x3B, 0xD5, 0x5B, 0x46, 0x22, 0x28,
    0x25, 0xCA, 0xF5, 0x29, 0x8C, 0xB2, 0xCA, 0x16, 0x89, 0xCA, 0x84, 0x17, 0x7A, 0x04, 0xCF, 0x98,
    0x16, 0x72, 0xB7, 0x81, 0x12, 0x9D, 0xFC, 0xB1, 0xB0, 0xD2, 0xA9, 0x92, 0x2B, 0x90, 0xEF, 0x68,
    0x3C, 0x62, 0xD9, 0x46, 0xB9, 0xF8, 0x69, 0xFC, 0x69, 0xEF, 0xBF, 0xA6, 0x4E, 0x16, 0xB0, 0x35,
    0xE3, 0x76, 0x18, 0x98, 0xDD, 0x6B, 0x75, 0x3B, 0x13, 0x6D, 0x9C, 0xC0, 0x64, 0x8B, 0xC4, 0xDA,
    0x08, 0xFB, 0x87, 0xD1, 0x87, 0x82, 0xE8, 0xF9, 0x9D, 0x0E, 0x11, 0x4D, 0x31, 0x28, 0xD7, 0xAD,
    0xCD, 0x99, 0x80, 0x5F, 0x65, 0x16, 0x4E, 0x92, 0x49, 0xBD, 0x9C, 0x9E, 0x53, 0xDA, 0xF0, 0x7C,
    0x10, 0x75, 0x0E, 0x72, 0x93, 0x1C, 0xDF, 0xA3, 0x8F, 0xF2, 0x3B, 0xE7, 0x4E, 0xD5, 0x36, 0xE2,
    0x59, 0xFA, 0xBF, 0x79, 0x87, 0xF5, 0x22, 0xB9, 0x15, 0x11, 0x85, 0xE3, 0x1F, 0x52, 0x6D, 0xA8,
    0x61, 0x00, 0x74, 0x4E, 0x31, 0x37, 0xE2, 0x5F, 0xDA, 0x93, 0x7C, 0xD3, 0xBE, 0x63, 0x55, 0x7A,
    0xAB, 0x5B, 0xDB, 0xF3, 0xA6, 0xE9, 0x04, 0xD2, 0x07, 0xC6, 0x29, 0x07, 0xB3, 0x66, 0xF7, 0xF1,
    0xEE, 0x2E, 0x2D, 0xEF, 0xC3, 0x8B, 0xB7, 0x9B, 0xD3, 0x5D, 0xB1, 0x81, 0xC7, 0xC9, 0x10, 0xE2,
    0xC6, 0x62, 0x36, 0x21, 0x8F, 0x4E, 0xB1, 0xB2, 0x02, 0x84, 0xA8, 0x54, 0x08, 0x22, 0x3D, 0x18,
    0x80, 0x1D, 0x00, 0x3C, 0xAB, 0x5E, 0x0F, 0xC9, 0xFE, 0x8B, 0x3D, 0xBD, 0xE5, 0xCA, 0xBA, 0xF6,
    0x7A, 0x23, 0x33, 0x59, 0x55, 0x9B, 0x16, 0x65, 0x36, 0xED, 0x03, 0x6B, 0x7D, 0x14, 0x7B, 0x57,
    0xBE, 0xC1, 0x49, 0xB1, 0xDA, 0x74, 0x0D, 0x88, 0x84, 0xDF, 0xDF, 0xD3, 0xB9, 0x38, 0xE8, 0x9E,
    0x1E, 0x5D, 0x6F, 0xBA, 0x41, 0xEB, 0xBB, 0xAE, 0x2E, 0x7D, 0x9C, 0xF3, 0x04, 0xAA, 0x2B, 0xD6,
    0x01, 0xB0, 0x5B, 0xD0, 0xC5, 0xD8, 0x3B, 0xCE, 0x57, 0xF3, 0x59, 0x76, 0xF7, 0x48, 0x73, 0x0C,
    0x1E, 0x10, 0x12, 0xAE, 0xB6, 0x53, 0xC3, 0xE9, 0xD4, 0xF5, 0xAA, 0x4D, 0x7A, 0x12, 0x4B, 0x26,
    0x8C, 0xA5, 0xCE, 0x37, 0x11, 0xCD, 0x08, 0x62, 0xB5, 0xE1, 0x75, 0x46, 0x4C, 0xB1, 0x56, 0x6F,
    0x52, 0x7F, 0xD0, 0xDB, 0x76, 0xC1, 0x2E, 0xC7, 0x5B, 0xEB, 0xC8, 0xD8, 0xB5, 0x9F, 0xAB, 0x96,
    0x43, 0x47, 0x71, 0x15, 0x13, 0x75, 0x99, 0xE4, 0x79, 0x3B, 0x68, 0x45, 0x1E, 0xCA, 0xE3, 0x35,
    0x91, 0x69, 0x33, 0x1B, 0xE7, 0x24, 0x18, 0x65, 0xE5, 0xF2, 0xA1, 0x61, 0xB9, 0xE6, 0xF0, 0x68,
    0xCA, 0x16, 0x09, 0x99, 0xDA, 0x4A, 0x88, 0xEE, 0x87, 0x51, 0xE6, 0xF2, 0xBB, 0x19, 0xB0, 0xB3,
    0xE1, 0xAD, 0x61, 0xE3, 0xAD, 0x5B, 0x1D, 0xFC, 0x61, 0xEC, 0xD5, 0x87, 0x53, 0x7D, 0x48, 0x2D,
    0xCA, 0x78, 0x2A, 0xD4, 0x5D, 0x25, 0x14, 0xAA, 0xDA, 0xE8, 0x54, 0xEF, 0xF1, 0xBF, 0x3A, 0x7D,
    0xB7, 0xED, 0x81, 0xB8, 0xD9, 0x56, 0xBC, 0x36, 0x7E, 0x86, 0xA2, 0xA0, 0x62, 0xF3, 0x79, 0x7D,
    0x9F, 0x90, 0xB7, 0xC7, 0x66, 0x9E, 0xB2, 0xD1, 0x38, 0xE7, 0x15, 0x6D, 0xB2, 0xB3, 0xC1, 0xD3,
    0xDE, 0x3E, 0xC1, 0xC5, 0x0B, 0x4F, 0x6B, 0x3F, 0xA7, 0x11, 0x99, 0x73, 0xA2, 0xC1, 0x08, 0x47,
    0x4E, 0x1F, 0xB2, 0xF5, 0xA5, 0x78, 0xC8, 0x74, 0x61, 0xE7, 0x27, 0x25, 0x75, 0xB4, 0x68, 0xBB,
    0x76, 0xF4, 0xD1, 0x9C, 0x64, 0xF6, 0x8F, 0x6C, 0x01, 0xC0, 0xC1, 0x43, 0x9F, 0x7F, 0xB6, 0x78,
    0xDC, 0x45, 0xE4, 0x47, 0xB7, 0x0B, 0xE5, 0x48, 0x50, 0x56, 0x85, 0xD5, 0x68, 0x94, 0x2B, 0xBA,
    0xE9, 0x58, 0x42, 0x44, 0x24, 0x42, 0x42, 0xA9, 0xE6, 0xEF, 0x0C, 0xE1, 0x81, 0x47, 0x59, 0x2C,
    0x98, 0xCE, 0x72, 0x2B, 0x61, 0xDF, 0x06, 0xDC, 0x67, 0x3C, 0xCA, 0xB7, 0x47, 0xDF, 0xEE, 0xFA,
    0x26, 0xF5, 0xB9, 0xB7, 0x34, 0xF0, 0x29, 0x9C, 0xD3, 0xD3, 0xF7, 0x39, 0x41, 0x2B, 0x65, 0x97,
    0x0B, 0x6D, 0x8D, 0x55, 0x98, 0x51, 0x1E, 0x3D, 0x1B, 0x5D, 0x19, 0x26, 0x54, 0xC8, 0x39, 0xE2,
    0x86, 0xE4, 0x30, 0xD7, 0x27, 0x22, 0x87, 0x48, 0x48, 0x4E, 0xB9, 0x69, 0x85, 0xE7, 0x12, 0x46,
    0x47, 0x4E, 0x5B, 0x18, 0xD8, 0xD8, 0xE4, 0x32, 0xF4, 0xDA, 0x9C, 0x2D, 0xC4, 0xAD, 0x65, 0xB6,
    0xDB, 0xC3, 0x2E, 0xE9, 0x58, 0xB1, 0x62, 0xCD, 0xCB, 0x5E, 0xFD, 0x53, 0x23, 0x84, 0x64, 0x5A,
    0x83, 0x6E, 0x63, 0x61, 0x99, 0x0B, 0x5B, 0x08, 0x54, 0xA8, 0x5D, 0x7F, 0x4C, 0x2E, 0x1B, 0x42,
    0x8C, 0xCC, 0xF1, 0x86, 0x47, 0x04, 0x60, 0xF2, 0x79, 0x3C, 0x9A, 0x69, 0xA6, 0xC6, 0xDB, 0x6D,
    0xA6, 0x9A, 0x72, 0xC8, 0x77, 0x2D, 0xA3, 0xA4, 0x10, 0xC4, 0x27, 0x1F, 0x91, 0x99, 0x62, 0x26,
    0x0C, 0x99, 0x32, 0x77, 0x55, 0x14, 0x51, 0x46, 0x48, 0x44, 0x22, 0x35, 0xE1, 0x11, 0x11, 0x11,
    0x44, 0x45, 0x11, 0x57, 0x9B, 0x7A, 0xBE, 0x4D, 0xD4, 0xEF, 0x7A, 0x26, 0x73, 0x14, 0xCC, 0xD2,
    0x65, 0x9B, 0x65, 0x04, 0x10, 0xE3, 0x8E, 0xF7, 0x2E, 0x5C, 0xB8, 0xEE, 0xFF, 0x89, 0x4C, 0xD8,
    0x34, 0xE3, 0x25, 0x72, 0x35, 0xC7, 0xD8, 0xA9, 0xC8, 0x79, 0x2C, 0xEE, 0xDB, 0x46, 0xE8, 0xE4,
    0xDF, 0xC6, 0xE2, 0xA3, 0x51, 0xB4, 0xBF, 0x76, 0xED, 0xD7, 0xA6, 0xB8, 0x26, 0x31, 0xC7, 0xD8,
    0xE6, 0xAF, 0x41, 0xA3, 0x46, 0x8D, 0x1A, 0xF5, 0xD6, 0xE2, 0x2B, 0xB2, 0x5B, 0x7E, 0x75, 0xE7,
    0xAB, 0xD6, 0x97, 0x91, 0xC6, 0xC2, 0xD2, 0x17, 0x14, 0x2D, 0x21, 0x5B, 0x0D, 0x86, 0xC3, 0x61,
    0xA5, 0x81, 0xD2, 0x12, 0x38, 0x98, 0x43, 0x04, 0xDF, 0x5A, 0x36, 0xB2, 0x70, 0x81, 0x86, 0xE6,
    0xC5, 0xB6, 0xDA, 0x61, 0x86, 0x18, 0x66, 0x66, 0x66, 0x65, 0xB7, 0x0C, 0xCC, 0xAA, 0x92, 0xAC,
    0xBB, 0xB9, 0x40, 0x45, 0xA5, 0xB5, 0xA2, 0x8A, 0x3D, 0xC7, 0x08, 0x6F, 0x04, 0xE5, 0xA3, 0xAC,
    0x24, 0x6C, 0x5B, 0xEA, 0x02, 0x97, 0x24, 0xC8, 0x8C, 0x3E, 0x3A, 0xAF, 0xA2, 0x91, 0xC3, 0x17,
    0x90, 0x0A, 0x56, 0xDE, 0x8F, 0xD0, 0x30, 0x87, 0x9E, 0x0A, 0x3F, 0x12, 0x44, 0x72, 0xFB, 0x8A,
    0x1E, 0xF3, 0x72, 0x46, 0x02, 0x48, 0xA8, 0x32, 0x0A, 0x32, 0x6A, 0xAE, 0xE2, 0xAA, 0x28, 0xA2,
    0x8D, 0x16, 0xDC, 0x55, 0xA5, 0x6D, 0x4D, 0x9A, 0xB0, 0xB4, 0xB5, 0x16, 0xB4, 0xD9, 0xB1, 0x4F,
    0xED, 0xAD, 0x2A, 0xF2, 0xD7, 0x85, 0xF8, 0xDB, 0x94, 0xF1, 0x97, 0x17, 0x90, 0x39, 0xC7, 0x9F,
    0xCD, 0x62, 0xE6, 0x59, 0xEF, 0xB8, 0x9F, 0x70, 0x48, 0x76, 0x35, 0x51, 0x02, 0x03, 0x63, 0x1E,
    0x7F, 0x3F, 0xF0, 0xE7, 0xC4, 0xA6, 0x2A, 0x9C, 0xF8, 0x54, 0x44, 0x91, 0x10, 0xEE, 0xF8, 0x60,
    0x8E, 0x46, 0x60, 0xC4, 0xDA, 0xDF, 0x0D, 0xDA, 0xBD, 0xA7, 0x69, 0x77, 0xDF, 0x86, 0xEC, 0xEC,
    0x6D, 0xB8, 0x9B, 0x9B, 0x96, 0xDC, 0xCC, 0xCC, 0xCC, 0xCC, 0x33, 0x32, 0x86, 0xF9, 0x9A, 0xDC,
    0x36, 0x5E, 0x48, 0xCE, 0x66, 0xCD, 0x04, 0x21, 0xA5, 0x63, 0xD9, 0x27, 0xD4, 0x1C, 0x5A, 0xD6,
    0xBE, 0x18, 0x88, 0x8C, 0x97, 0x1B, 0xD1, 0xCC, 0x83, 0x66, 0x6A, 0x65, 0x4C, 0x1C, 0xD8, 0x0E,
    0x1B, 0x81, 0xAE, 0x1B, 0x6D, 0xB6, 0x7E, 0x9A, 0x53, 0x33, 0x33, 0x33, 0x3F, 0xCC, 0xD7, 0x09,
    0x99, 0xD6, 0xE4, 0xFC, 0x90, 0x30, 0xE0, 0x26, 0x4B, 0x40, 0xD8, 0x19, 0xF9, 0x32, 0xD9, 0x75,
    0x6E, 0xB0, 0x54, 0x78, 0x88, 0x43, 0x10, 0xD3, 0x78, 0x07, 0x0B, 0xDF, 0x51, 0xF2, 0xB1, 0x3A,
    0x95, 0xBC, 0x89, 0xEF, 0x81, 0x60, 0xD7, 0x46, 0x8E, 0x44, 0x73, 0x53, 0xA6, 0x12, 0x6A, 0x87,
    0x46, 0xCB, 0xA8, 0x95, 0xC3, 0x87, 0x1F, 0x83, 0x3C, 0xDD, 0x7E, 0xEE, 0x5F, 0x7A, 0xDD, 0x51,
    0xC0, 0x7A, 0x82, 0x83, 0x98, 0xDC, 0x41, 0x3E, 0x63, 0xA0, 0xE9, 0x20, 0x42, 0x17, 0xB8, 0xEF,
    0xA0, 0xAE, 0x43, 0xF1, 0x5C, 0x11, 0x97, 0x07, 0x49, 0x1D, 0x4E, 0x42, 0x5D, 0x31, 0x24, 0x92,
    0x25, 0x30, 0x41, 0x02, 0x5F, 0x47, 0xE5, 0x45, 0xFD, 0x36, 0x2D, 0x64, 0x22, 0xE7, 0x57, 0xEB,
    0x45, 0x42, 0x11, 0x2A, 0x64, 0x98, 0x42, 0x69, 0x9D, 0x37, 0x79, 0x61, 0xCF, 0x68, 0xA9, 0xAB,
    0xC5, 0x94, 0x28, 0x56, 0x50, 0xA1, 0x59, 0x42, 0x84, 0x2E, 0xFB, 0x25, 0x2E, 0xE9, 0x24, 0x92,
    0x49, 0x24, 0x92, 0x49, 0x62, 0x09, 0x99, 0x99, 0x26, 0x66, 0x64, 0xC6, 0x30, 0x63, 0x17, 0xE2,
    0x1A, 0x86, 0xA1, 0xB0, 0x75, 0xF9, 0x24, 0xEA, 0x0F, 0xDC, 0xFA, 0x63, 0xD4, 0x83, 0xA4, 0x17,
    0x58, 0x4F, 0x6D, 0x13, 0xDF, 0xA2, 0x5F, 0x47, 0x02, 0x3F, 0x03, 0x19, 0x24, 0x1E, 0xDE, 0xF8,
    0x5F, 0x87, 0x2D, 0x8B, 0xE7, 0x74, 0x0A, 0x98, 0x74, 0x6B, 0x0A, 0x24, 0x92, 0x75, 0x7A, 0xD6,
    0xCB, 0xF5, 0x4D, 0x41, 0x8B, 0x1C, 0x57, 0x38, 0x3D, 0xB2, 0x72, 0xEC, 0x28, 0x98, 0x1E, 0x98,
    0x62, 0xE8, 0x0E, 0x27, 0xD8, 0xB6, 0x17, 0xFC, 0x43, 0xA6, 0xD9, 0x27, 0x8D, 0x04, 0x18, 0x43,
    0x68, 0x8B, 0x20, 0xE9, 0x0E, 0x21, 0xDD, 0x89, 0xD3, 0xB0, 0x9E, 0x4B, 0x09, 0x35, 0x74, 0x95,
    0x7A, 0x10, 0xAF, 0x7A, 0x70, 0x1D, 0xE8, 0x48, 0xA1, 0x4B, 0x53, 0x54, 0xFA, 0xA1, 0x8E, 0x57,
    0xD4, 0x72, 0x97, 0xA4, 0xC5, 0x08, 0xCC, 0x48, 0x63, 0x7A, 0xAA, 0x77, 0x74, 0x92, 0xB3, 0x80,
    0xFA, 0xE6, 0xB7, 0x5E, 0x92, 0x6E, 0x1E, 0xDB, 0xE8, 0x6E, 0x2F, 0x2E, 0x86, 0x35, 0xD9, 0x2D,
    0x2D, 0x34, 0xCF, 0x86, 0xF3, 0xC2, 0xA7, 0x77, 0xEA, 0x2E, 0x23, 0xB6, 0x8A, 0x5A, 0x45, 0x8C,
    0xB6, 0x4F, 0x02, 0x16, 0xD1, 0xDF, 0xB8, 0x16, 0xDD, 0xCC, 0x08, 0xD8, 0x18, 0x30, 0x28, 0x20,
    0x50, 0x44, 0xD4, 0xFB, 0x10, 0x17, 0x7B, 0x9C, 0xB6, 0x70, 0x4D, 0xC2, 0x0D, 0x54, 0x7E, 0x5F,
    0x21, 0x8E, 0x03, 0x76, 0x80, 0x33, 0xC4, 0x8E, 0xD6, 0x6C, 0xFA, 0x6E, 0x63, 0x33, 0x26, 0x1F,
    0xE1, 0xC7, 0x4C, 0x94, 0x34, 0x89, 0xF8, 0x60, 0x79, 0xA1, 0x08, 0x30, 0x60, 0x5C, 0x3C, 0xC2,
    0xE9, 0x45, 0x4C, 0x19, 0x13, 0x06, 0x44, 0xC1, 0x91, 0x14, 0x21, 0x9C, 0x07, 0x9D, 0x88, 0x68,
    0x1D, 0x10, 0x0D, 0x9D, 0x64, 0xF4, 0xBF, 0x32, 0x7C, 0xC9, 0xB1, 0x2E, 0x4F, 0x6A, 0x20, 0x69,
    0x99, 0x28, 0x02, 0xEF, 0x3A, 0x52, 0xB6, 0x15, 0x89, 0xD3, 0xD5, 0xDF, 0xBD, 0x5B, 0xFC, 0x2C,
    0x05, 0xF5, 0xC8, 0x31, 0x8F, 0x3F, 0x2F, 0x36, 0xC8, 0x8A, 0x80, 0x23, 0xCC, 0xAF, 0xDB, 0x2D,
    0xEF, 0xC3, 0x97, 0x57, 0x0A, 0x0E, 0xCF, 0x06, 0x6A, 0x7C, 0x8A, 0x3C, 0x8E, 0x40, 0x31, 0x0C,
    0x64, 0x43, 0x92, 0x72, 0x2D, 0x4C, 0x28, 0x38, 0xF4, 0x9C, 0xFE, 0x85, 0xF5, 0x27, 0x3B, 0xCD,
    0x79, 0xB5, 0x4E, 0xF1, 0xCA, 0x5D, 0xDA, 0x09, 0x51, 0x38, 0xEC, 0x78, 0xC6, 0xEA, 0x6D, 0xD8,
    0xF5, 0x51, 0xE1, 0x85, 0x9B, 0xBE, 0x35, 0xA8, 0xB6, 0xAC, 0xB5, 0x78, 0xD4, 0x5A, 0xD7, 0xC9,
    0x65, 0x4B, 0x0E, 0xF9, 0x92, 0x20, 0x77, 0x7E, 0xC2, 0x6C, 0x6D, 0x8D, 0x6B, 0x32, 0xEF, 0x61,
    0xE9, 0x59, 0x3E, 0xD9, 0x2F, 0x82, 0x95, 0xB6, 0x8E, 0x0D, 0xEC, 0xAD, 0x8A, 0x8D, 0xB6, 0x14,
    0xDA, 0x16, 0xD3, 0x9C, 0x5B, 0x1A, 0x36, 0x2F, 0xAB, 0xD6, 0xA6, 0xF7, 0xC6, 0x89, 0xC4, 0x66,
    0x48, 0x9C, 0xD6, 0x5C, 0xBE, 0x2B, 0x39, 0xB2, 0xCE, 0x26, 0xD8, 0x82, 0x2D, 0xB1, 0x35, 0x6C,
    0x2D, 0x46, 0x31, 0x6A, 0x59, 0xDA, 0xA9, 0x6C, 0x5E, 0x21, 0xF6, 0x51, 0x6B, 0xC6, 0x89, 0xCE,
    0xAD, 0x37, 0xCC, 0xE2, 0xD8, 0xD6, 0x2F, 0x26, 0x5E, 0x2E, 0xF4, 0xF3, 0x82, 0xD8, 0x22, 0xD3,
    0x84, 0x93, 0xAA, 0xA9, 0xC6, 0xB8, 0xEB, 0xF9, 0x9D, 0xB8, 0xDF, 0x93, 0x1D, 0x1A, 0xCD, 0x76,
    0xF9, 0x19, 0x1D, 0x8C, 0x8A, 0x1A, 0x5D, 0xCE, 0xBD, 0x75, 0x3F, 0x62, 0xD3, 0xD8, 0xC2, 0x0B,
    0xB2, 0x32, 0x59, 0x09, 0x55, 0xDC, 0xB0, 0x54, 0xD7, 0xB1, 0x85, 0xF6, 0x9B, 0x18, 0xBD, 0x7E,
    0x8B, 0x4D, 0xD8, 0x06, 0x16, 0x6E, 0xF8, 0xD8, 0x58, 0x62, 0x48, 0x30, 0x79, 0x05, 0x52, 0x86,
    0x4F, 0x64, 0xD5, 0xA6, 0xCA, 0x0A, 0x07, 0x03, 0x07, 0xB8, 0xBE, 0xB3, 0x19, 0x03, 0xCA, 0x42,
    0x59, 0xCA, 0xE0, 0x96, 0xA9, 0xF8, 0xA0, 0x06, 0x4C, 0x00, 0xCA, 0x08, 0x77, 0x7B, 0xF8, 0xE1,
    0x93, 0xF0, 0x66, 0xA2, 0x6D, 0x24, 0x92, 0x40, 0x24, 0x00, 0xDB, 0x3C, 0x1A, 0x34, 0xA9, 0x64,
    0x27, 0x0C, 0x4F, 0x56, 0xEA, 0xE9, 0xAC, 0xDC, 0xEA, 0xB0, 0x73, 0xC3, 0x22, 0x51, 0x40, 0xE5,
    0x19, 0x04, 0x62, 0xA9, 0xC9, 0xB8, 0xAE, 0xF6, 0xE6, 0xDC, 0xB8, 0xF2, 0x6A, 0x15, 0xE3, 0xDC,
    0xDA, 0x16, 0xBD, 0x19, 0xE8, 0x80, 0x0E, 0xAE, 0xC0, 0x3F, 0x0F, 0x13, 0x69, 0x92, 0x4E, 0x21,
    0x4F, 0x81, 0xE3, 0xCE, 0xC1, 0x2D, 0x1B, 0xF6, 0x8A, 0x9F, 0x66, 0x07, 0xEC, 0xC0, 0x4E, 0x39,
    0xF4, 0xDB, 0xAF, 0xAF, 0xBF, 0xA4, 0x82, 0x43, 0x4E, 0xB7, 0xB3, 0xB7, 0x10, 0x58, 0x8E, 0x9A,
    0xA9, 0xD3, 0x01, 0x6D, 0xFD, 0x70, 0x9F, 0x9A, 0xBA, 0x46, 0x4C, 0x67, 0xB4, 0x85, 0x63, 0xB4,
    0x27, 0xD9, 0x53, 0x49, 0x46, 0x5D, 0x20, 0xE3, 0x4B, 0x5B, 0x55, 0x29, 0x3C, 0x5B, 0x4E, 0x40,
    0xB4, 0xED, 0xA4, 0x8D, 0x61, 0x30, 0xE1, 0x65, 0x34, 0xF7, 0x55, 0xB4, 0x14, 0x2D, 0xA5, 0xB6,
    0x7B, 0x38, 0xDF, 0x42, 0x37, 0xE1, 0xCA, 0xE7, 0x36, 0xF2, 0x2E, 0xB5, 0x02, 0xF5, 0xB9, 0xAD,
    0xF6, 0x68, 0x19, 0x32, 0x6B, 0xCD, 0xC7, 0x1C, 0x7E, 0x6E, 0x31, 0x38, 0x8D, 0xA3, 0x9A, 0x26,
    0xAD, 0x0F, 0x0E, 0x5D, 0x19, 0x54, 0x92, 0x55, 0x75, 0x59, 0xA6, 0x81, 0x35, 0x59, 0x87, 0x62,
    0xAF, 0xDC, 0xC5, 0xA7, 0x6B, 0xC5, 0xED, 0xEB, 0x9C, 0x6B, 0x1A, 0x9B, 0x67, 0x3E, 0xB3, 0xDE,
    0xF5, 0xFB, 0x70, 0xD0, 0x3B, 0xB6, 0xE0, 0xA1, 0xDF, 0xC5, 0x3C, 0xFA, 0xED, 0x0C, 0x16, 0x5A,
    0x66, 0x35, 0x97, 0xEA, 0x72, 0xE4, 0x4F, 0x90, 0x8E, 0xEB, 0x04, 0x8D, 0xFE, 0x36, 0x21, 0x93,
    0x23, 0xE8, 0x58, 0x8A, 0xEE, 0xA9, 0x36, 0x8F, 0x35, 0x14, 0xD4, 0xC0, 0xE4, 0x7A, 0x6F, 0x2A,
    0x0A, 0xBC, 0xCF, 0x39, 0x65, 0x1A, 0xFD, 0xC4, 0xF8, 0xD0, 0xE7, 0x11, 0x06, 0x0C, 0x15, 0x90,
    0x19, 0x15, 0x19, 0x16, 0xA5, 0x35, 0x26, 0xB6, 0xBF, 0xF7, 0xFF, 0xFE, 0xD5, 0xF6, 0xBE, 0x6D,
    0x5A, 0xF0, 0xD6, 0xB3, 0x11, 0xA8, 0xA5, 0x98, 0xFD, 0x76, 0xB9, 0x49, 0x20, 0xA5, 0x31, 0x69,
    0xA2, 0x2A, 0x83, 0x34, 0x54, 0x73, 0x9C, 0xB1, 0x84, 0x22, 0x8A, 0x99, 0xA4, 0x2B, 0x49, 0x24,
    0x22, 0x87, 0x57, 0x48, 0xEF, 0xE3, 0x6F, 0xAF, 0xC7, 0xA7, 0xB9, 0x28, 0xED, 0xE8, 0x35, 0xA7,
    0xFE, 0xEB, 0xB6, 0x5E, 0x95, 0x1E, 0x97, 0x7A, 0x83, 0x69, 0x59, 0x77, 0x8E, 0xF5, 0xB3, 0xBF,
    0xBE, 0x9B, 0x50, 0xC1, 0x3C, 0x68, 0x6A, 0xAC, 0x43, 0xD4, 0x18, 0xA6, 0x08, 0x4F, 0x00, 0x1B,
    0x40, 0x80, 0x0F, 0xF0, 0x1F, 0x4F, 0xEB, 0xB8, 0x76, 0x91, 0xEB, 0x62, 0xC4, 0xB2, 0x34, 0x9C,
    0xFA, 0xAC, 0x99, 0x07, 0x73, 0xB1, 0x22, 0x9F, 0x3E, 0xBE, 0x3C, 0x55, 0xFE, 0x03, 0x5B, 0x47,
    0xB3, 0xD2, 0xF6, 0x7F, 0x88, 0xD2, 0xAB, 0x1E, 0xA9, 0x42, 0x54, 0xF5, 0x84, 0x6C, 0x36, 0xF9,
    0x38, 0x68, 0x8E, 0x8C, 0xB4, 0x1F, 0x65, 0xAB, 0xF2, 0xB1, 0x3A, 0x29, 0xAC, 0x75, 0x00, 0x35,
    0x00, 0x01, 0xCB, 0x3A, 0x00, 0x6C, 0x4F, 0xC6, 0x04, 0x14, 0xD4, 0x09, 0xF9, 0x7F, 0x3D, 0x3F,
    0xD7, 0xF7, 0xF4, 0x03, 0x5D, 0xBC, 0xFB, 0x3C, 0xF1, 0x88, 0x32, 0x58, 0x27, 0x74, 0xE2, 0x28,
    0x04, 0xF5, 0x4F, 0x09, 0x77, 0xF2, 0xEF, 0x21, 0x8E, 0xA6, 0x43, 0xBB, 0xBC, 0xB5, 0x79, 0xEB,
    0xE7, 0xF5, 0xB3, 0x90, 0x6D, 0xE4, 0xB9, 0x5E, 0xF8, 0x35, 0x7C, 0x6A, 0xA9, 0xB8, 0x8A, 0xA3,
    0xC6, 0x36, 0x4D, 0xD5, 0x77, 0xE1, 0x56, 0xFC, 0x93, 0x31, 0x44, 0x44, 0x25, 0x16, 0x27, 0xEE,
    0xA3, 0xC8, 0x05, 0x6A, 0x85, 0x7E, 0xF9, 0x03, 0x70, 0x86, 0x99, 0x7F, 0xB8, 0x8D, 0xD1, 0x49,
    0x9A, 0x69, 0xDA, 0xA5, 0xD9, 0xA5, 0x4F, 0x57, 0x48, 0x25, 0x14, 0x9A, 0x69, 0xD8, 0x21, 0x4C,
    0x7C, 0xCC, 0x47, 0xE4, 0x30, 0x0E, 0x1F, 0x94, 0x5E, 0x6B, 0x93, 0x8D, 0xEE, 0x26, 0x2C, 0x7B,
    0x02, 0xF0, 0xC7, 0xBE, 0x61, 0xF1, 0xD5, 0xF7, 0x4C, 0x78, 0x27, 0x52, 0xA9, 0x0C, 0x24, 0xE8,
    0x08, 0x47, 0x60, 0x09, 0xAA, 0xBE, 0x97, 0xAF, 0xDC, 0x5B, 0xBB, 0xA5, 0xAC, 0x6A, 0xEC, 0x71,
    0x83, 0x1A, 0xA4, 0x92, 0x15, 0x00, 0x5B, 0x84, 0x64, 0x8B, 0x0E, 0xC1, 0x42, 0x54, 0x34, 0xA2,
    0x9C, 0x47, 0x78, 0xFA, 0x63, 0x6F, 0xD3, 0xBB, 0x07, 0x5B, 0xF8, 0x4E, 0xFB, 0x60, 0xD5, 0x38,
    0x9D, 0x95, 0xCF, 0x01, 0x35, 0x3C, 0x6D, 0x15, 0x91, 0xCB, 0xD5, 0xB2, 0x52, 0x60, 0x05, 0x48,
    0x0D, 0x28, 0x3A, 0x94, 0x31, 0xC7, 0x0C, 0x44, 0x4A, 0x18, 0xB3, 0xC4, 0x4D, 0xA1, 0x43, 0x32,
    0x53, 0x1E, 0x10, 0x1E, 0x9A, 0x73, 0x84, 0x15, 0x67, 0x30, 0xA2, 0x1B, 0x98, 0xA7, 0x62, 0xA8,
    0x87, 0x95, 0x63, 0x3F, 0xAF, 0x4B, 0xC6, 0x28, 0x92, 0xA4, 0xAA, 0xF1, 0xE8, 0x1F, 0x19, 0xE4,
    0x12, 0x32, 0x33, 0xE2, 0x8C, 0x29, 0x2C, 0x43, 0xB2, 0xF8, 0xFD, 0xA2, 0xDA, 0x61, 0x99, 0x83,
    0x73, 0x23, 0x73, 0x0B, 0x99, 0x8E, 0x66, 0x05, 0xB9, 0x6D, 0xBB, 0xCD, 0xE6, 0xC8, 0x52, 0x6C,
    0xEF, 0xE7, 0xEA, 0xB9, 0x24, 0x9E, 0xE5, 0x96, 0xE9, 0x07, 0xD4, 0x44, 0x2E, 0x2A, 0x94, 0x84,
    0x4A, 0x16, 0x00, 0xC1, 0x91, 0x74, 0x60, 0x24, 0xDB, 0xF6, 0xC3, 0x6E, 0x62, 0x2C, 0xD6, 0xBE,
    0xF8, 0x8D, 0x93, 0xE3, 0x17, 0xE2, 0x22, 0xEF, 0x0C, 0x2E, 0xE3, 0x66, 0xCB, 0x8B, 0xB3, 0xE3,
    0x79, 0x8A, 0xA8, 0x3D, 0x23, 0x3F, 0x5A, 0xAF, 0x2B, 0x31, 0xE5, 0xCE, 0x7B, 0x2E, 0x50, 0xD1,
    0x79, 0x87, 0x8E, 0x93, 0x9A, 0x9A, 0x16, 0x61, 0x8A, 0x89, 0x81, 0x3B, 0xA7, 0xED, 0x1B, 0xB8,
    0xE2, 0x9E, 0x3B, 0xD7, 0x63, 0xBA, 0x49, 0x68, 0x0E, 0xDE, 0xF8, 0xA2, 0xF6, 0x86, 0x69, 0x41,
    0x29, 0x80, 0x67, 0x61, 0x33, 0x22, 0xE0, 0xEE, 0x98, 0x85, 0x9E, 0xFC, 0xC6, 0xFB, 0x9D, 0xFC,
    0x52, 0xBF, 0x65, 0x3E, 0x26, 0xFD, 0xDC, 0xB1, 0x9E, 0xCD, 0x2A, 0x33, 0xD3, 0x7E, 0xBC, 0x56,
    0x9E, 0xCB, 0x69, 0x98, 0x91, 0xDF, 0xD2, 0x9E, 0x3B, 0x1B, 0x67, 0xE1, 0xC0, 0xA8, 0xA7, 0x1D,
    0xC7, 0x71, 0xD3, 0xA4, 0xFE, 0xD3, 0xBB, 0xD0, 0x01, 0xAF, 0xC1, 0x58, 0xA5, 0xF5, 0x8C, 0x82,
    0x29, 0xEC, 0x77, 0xB1, 0xEF, 0x60, 0xF5, 0x65, 0x53, 0xB3, 0xDD, 0x7C, 0x9B, 0x3C, 0xE1, 0x8B,
    0xB3, 0xCE, 0xD4, 0x4E, 0x61, 0x57, 0x7E, 0x5E, 0x66, 0xDE, 0xA3, 0x99, 0x45, 0xBD, 0x1B, 0x6B,
    0x35, 0x06, 0xD2, 0x1C, 0xA9, 0x5C, 0x42, 0xD1, 0x5B, 0x8E, 0x25, 0x08, 0xC7, 0xB1, 0xC2, 0x44,
    0xCC, 0xC2, 0xD7, 0x18, 0x7D, 0xF9, 0xD9, 0xE7, 0x9E, 0xD3, 0xB5, 0xB9, 0xEA, 0x75, 0x57, 0xCD,
    0x45, 0xA6, 0xDB, 0xAA, 0x2A, 0x58, 0xCC, 0xE1, 0xDC, 0x42, 0x85, 0xE0, 0xA4, 0x09, 0x7A, 0x4E,
    0x90, 0x84, 0x8B, 0x08, 0x1B, 0x7C, 0x69, 0xE1, 0x5F, 0x33, 0xBA, 0xCE, 0x5E, 0x60, 0x55, 0xBE,
    0x96, 0xF8, 0x59, 0xD1, 0x5B, 0x39, 0xB0, 0x92, 0x4B, 0xA3, 0xB8, 0x92, 0xCB, 0xBA, 0x49, 0x27,
    0xF1, 0xAD, 0xCB, 0xE7, 0x7C, 0x44, 0x4D, 0xF1, 0xC7, 0x09, 0xE3, 0x88, 0xCD, 0xB8, 0x2D, 0x17,
    0x9B, 0x6D, 0xB0, 0x46, 0x1E, 0xE9, 0x24, 0x90, 0x84, 0x21, 0x24, 0x17, 0x98, 0xAD, 0x61, 0x31,
    0x1E, 0x19, 0x5D, 0x2B, 0xE8, 0xE9, 0xE9, 0x7D, 0xAE, 0xAD, 0x93, 0x42, 0xFB, 0xC5, 0xD3, 0x93,
    0xA8, 0x52, 0x91, 0x80, 0x41, 0x04, 0x16, 0x49, 0x92, 0x49, 0x25, 0xBE, 0xBB, 0xC8, 0xF8, 0x4A,
    0xA2, 0x01, 0xAB, 0x27, 0x47, 0xC4, 0x47, 0xD3, 0xEA, 0xEA, 0xF6, 0xB9, 0xA4, 0xF0, 0x2A, 0x41,
    0x5B, 0x50, 0x82, 0x66, 0x82, 0x85, 0x12, 0x41, 0x04, 0xBC, 0x7D, 0xAC, 0xEB, 0xCD, 0x83, 0x00,
    0x09, 0x1C, 0xEF, 0xB6, 0xC8, 0x3B, 0x76, 0x57, 0x75, 0x44, 0x95, 0x68, 0x49, 0x2A, 0x74, 0xE0,
    0x79, 0x47, 0x58, 0x14, 0x06, 0x8E, 0x96, 0xCF, 0x11, 0xB5, 0x53, 0x08, 0x1F, 0x83, 0xC5, 0x75,
    0xCB, 0x25, 0xEB, 0xF7, 0x8C, 0xCF, 0x8C, 0xF6, 0x0B, 0xC7, 0xD0, 0x43, 0x67, 0xC7, 0xF6, 0xEB,
    0x23, 0x01, 0xF0, 0xFD, 0xAC, 0x9B, 0x60, 0xAC, 0xD4, 0xE9, 0xCC, 0x73, 0x8F, 0x7E, 0xA4, 0x92,
    0x4B, 0x7C, 0xC4, 0x43, 0xAC, 0x87, 0xB4, 0x5C, 0x77, 0xF1, 0x68, 0xA3, 0xC6, 0x55, 0x55, 0x55,
    0x5D, 0x8A, 0x7E, 0x07, 0xFE, 0x10, 0xDD, 0xF4, 0x2A, 0x3F, 0x7D, 0xEA, 0x6E, 0x54, 0x70, 0x3E,
    0x34, 0x36, 0x9F, 0x1D, 0x8F, 0xA5, 0x09, 0xF4, 0xE3, 0xCD, 0xEF, 0xE3, 0x64, 0x0F, 0xCE, 0xFF,
    0x63, 0xF4, 0x38, 0x10, 0xD0, 0x01, 0xEF, 0x11, 0x37, 0x21, 0x45, 0xD5, 0xC9, 0x37, 0x47, 0x38,
    0x08, 0x25, 0xC8, 0xF7, 0x5C, 0xE6, 0x3A, 0xE0, 0x1F, 0x1F, 0x77, 0xDF, 0xC1, 0xFD, 0x1C, 0x33,
    0x72, 0x06, 0x39, 0xAD, 0x4A, 0xA9, 0x50, 0x94, 0x4A, 0x4A, 0x84, 0x91, 0x83, 0x4D, 0x0D, 0xE5,
    0xD1, 0x3E, 0x91, 0xD8, 0xFB, 0x8D, 0x8F, 0xFA, 0x60, 0xF7, 0x79, 0x52, 0x9D, 0x82, 0xA7, 0x1F,
    0x4D, 0x5B, 0x93, 0x9B, 0xAF, 0x5A, 0x90, 0x62, 0x3D, 0x70, 0x28, 0xFC, 0x34, 0x0D, 0x71, 0x48,
    0x14, 0x49, 0x00, 0xC7, 0xA6, 0xBD, 0xE9, 0xFE, 0xC4, 0x3A, 0xA9, 0xA5, 0xA9, 0xBB, 0xAB, 0xEE,
    0xB6, 0x82, 0x59, 0xAF, 0x69, 0x46, 0x3C, 0xE5, 0xCE, 0x70, 0xEA, 0x53, 0x30, 0x3D, 0x8F, 0x6F,
    0x47, 0xFA, 0x18, 0xFD, 0x94, 0x3F, 0x52, 0x6E, 0x7B, 0xBC, 0x44, 0x84, 0x9F, 0x95, 0xFA, 0x88,
    0x53, 0x82, 0x88, 0x73, 0x27, 0xD0, 0xF0, 0x37, 0x08, 0x5E, 0x91, 0x49, 0x15, 0xD1, 0xDC, 0xF2,
    0x8F, 0x13, 0xC3, 0x08, 0xC0, 0xA4, 0xF6, 0x6A, 0xFC, 0x00, 0xDB, 0xF6, 0x89, 0x04, 0x3C, 0x68,
    0x3D, 0x03, 0x92, 0x15, 0xB9, 0xC2, 0xA3, 0x68, 0x17, 0x27, 0xE2, 0x89, 0x22, 0x1E, 0x75, 0x46,
    0xD3, 0x0E, 0x60, 0x7E, 0x28, 0x04, 0x80, 0x48, 0x04, 0x80, 0x5A, 0x7E, 0x7D, 0xE8, 0x7E, 0x4B,
    0x88, 0x49, 0x39, 0xA1, 0xD8, 0x0A, 0x53, 0x70, 0xB8, 0x43, 0xA0, 0x0D, 0x7B, 0x3E, 0x0E, 0x28,
    0x7A, 0x13, 0xBB, 0xFD, 0x53, 0xE1, 0x3E, 0x4B, 0x97, 0x2E, 0x16, 0xB6, 0xB1, 0xA5, 0xAD, 0x4B,
    0x68, 0x54, 0x68, 0xF8, 0x7E, 0x44, 0xE9, 0x4E, 0x79, 0xC9, 0xDA, 0x9E, 0x94, 0xBD, 0xA0, 0x34,
    0x43, 0xC0, 0x86, 0xEE, 0x66, 0x07, 0x1D, 0xBB, 0x22, 0x1B, 0x6C, 0x0A, 0x70, 0xEF, 0x89, 0x8F,
    0x50, 0xAE, 0x3B, 0x7C, 0xCA, 0xF7, 0x6D, 0xE9, 0x00, 0x7D, 0x68, 0x8B, 0xE1, 0xE0, 0xA8, 0xE2,
    0xE6, 0x97, 0xA1, 0xD0, 0x07, 0x68, 0xF8, 0x64, 0x84, 0x84, 0x84, 0x93, 0x26, 0x46, 0x24, 0x0C,
    0xA0, 0x75, 0x93, 0x6D, 0xB7, 0x9B, 0xBD, 0x7B, 0x37, 0xAE, 0xC2, 0x32, 0x32, 0x32, 0x34, 0xE4,
    0x25, 0xEA, 0x70, 0x01, 0xE8, 0x7B, 0x1D, 0xC0, 0x6B, 0x43, 0x01, 0x71, 0x49, 0xE3, 0x28, 0xC6,
    0xB3, 0x35, 0x3B, 0xDC, 0x95, 0x1E, 0xE4, 0x35, 0x31, 0x2E, 0x63, 0xEC, 0x9A, 0xD4, 0x33, 0x93,
    0xA3, 0x8F, 0x63, 0xE3, 0x75, 0x31, 0xD1, 0xF6, 0x0D, 0x13, 0x81, 0xBC, 0x01, 0xA0, 0xED, 0x77,
    0x71, 0x9E, 0x67, 0xC2, 0x9D, 0x06, 0xF3, 0x9B, 0x52, 0x14, 0x87, 0x10, 0x3B, 0xFB, 0xFE, 0x87,
    0x7B, 0x4F, 0x23, 0xE1, 0x7B, 0xEE, 0x20, 0xF9, 0x72, 0xA7, 0x95, 0x0A, 0x47, 0xA5, 0x03, 0x78,
    0x1B, 0x18, 0x9D, 0xC4, 0x84, 0x84, 0x83, 0x9B, 0xD7, 0xD7, 0x9B, 0xDF, 0xDE, 0xEB, 0x4F, 0x53,
    0x77, 0xD5, 0xE3, 0xE2, 0xD4, 0x11, 0x04, 0x91, 0x09, 0x18, 0xBC, 0x8B, 0x8B, 0x62, 0xA1, 0x1E,
    0x8E, 0xD6, 0xAF, 0x2B, 0x4A, 0xBC, 0xD7, 0x93, 0x79, 0x32, 0xDE, 0x9D, 0x50, 0xE5, 0x9F, 0xB5,
    0x61, 0xBD, 0xE6, 0xB5, 0xEE, 0xA0, 0xD3, 0x98, 0x5A, 0x61, 0xD8, 0x0E, 0xE7, 0xB9, 0x3E, 0xCB,
    0x13, 0xC5, 0x28, 0xB7, 0x9B, 0x13, 0x2E, 0xD9, 0x18, 0xC9, 0x18, 0x52, 0x1E, 0x2F, 0x35, 0x17,
    0x88, 0x9B, 0x76, 0x21, 0x73, 0xE0, 0x54, 0x7B, 0xA2, 0x66, 0x87, 0x5B, 0xCC, 0x9E, 0x24, 0xF1,
    0x03, 0xEE, 0x94, 0x6A, 0xF4, 0x86, 0x1F, 0x4B, 0xAD, 0xD7, 0xC9, 0xC4, 0x0F, 0x84, 0xC1, 0x3C,
    0x60, 0xA4, 0x36, 0x8C, 0x0F, 0x57, 0x3A, 0xEB, 0x2F, 0x74, 0x16, 0x26, 0x79, 0x16, 0x42, 0xE4,
    0x3C, 0xE5, 0x08, 0xB4, 0xC4, 0x3C, 0x5E, 0x14, 0xA4, 0xC4, 0x72, 0xA5, 0x1B, 0x3F, 0x9C, 0xA0,
    0x1C, 0xBE, 0xFB, 0xF2, 0x5D, 0x19, 0x24, 0x03, 0xBA, 0xFA, 0x3E, 0x01, 0xC6, 0x92, 0xB0, 0x24,
    0xC2, 0xE0, 0xCC, 0x81, 0x92, 0x07, 0xB0, 0xC8, 0xB3, 0xBD, 0xE8, 0xFF, 0x0F, 0x67, 0x35, 0x03,
    0xB8, 0xFF, 0x4D, 0xBC, 0xAB, 0xB6, 0xA0, 0xF0, 0x69, 0xC4, 0x6F, 0x7C, 0x06, 0xA8, 0x4D, 0x3B,
    0x88, 0x08, 0x9F, 0xDB, 0xAB, 0x7B, 0xE8, 0x1E, 0x8F, 0x1D, 0x87, 0x91, 0x57, 0xBD, 0xEA, 0xA6,
    0xBC, 0x1D, 0x1D, 0x4C, 0x81, 0xD3, 0x9F, 0xA3, 0xF4, 0xBC, 0xFA, 0xF3, 0xBA, 0xDE, 0xFC, 0x33,
    0xBF, 0x3A, 0xC5, 0xE7, 0x34, 0x58, 0xDA, 0x15, 0x85, 0x61, 0x54, 0x67, 0x85, 0x3F, 0x14, 0xB3,
    0xA9, 0x5F, 0xD7, 0x80, 0x7E, 0xCF, 0x12, 0xAC, 0x11, 0x9D, 0x68, 0xCF, 0x62, 0x76, 0xFC, 0x1D,
    0x8D, 0x77, 0xB5, 0xA7, 0x1F, 0x09, 0xA7, 0xDD, 0xF1, 0xBC, 0x1C, 0xF0, 0xF5, 0x83, 0xEB, 0xBE,
    0x5A, 0x4F, 0x35, 0x03, 0xCD, 0xEE, 0x7C, 0xA3, 0xE2, 0x07, 0x71, 0x81, 0xEB, 0x93, 0x8E, 0x70,
    0x87, 0xA5, 0xB4, 0xF3, 0xF5, 0xE5, 0x3C, 0xDC, 0xDA, 0x32, 0xE6, 0xB9, 0x58, 0xBA, 0xE4, 0x59,
    0xE7, 0xC0, 0xC9, 0x3E, 0xD7, 0xA9, 0xEA, 0x5B, 0x70, 0x9E, 0x61, 0xC7, 0xE6, 0x4C, 0x87, 0xD6,
    0x9D, 0xD9, 0xE7, 0x4E, 0xEC, 0x3A, 0x27, 0xA7, 0xB4, 0x38, 0xA0, 0x74, 0x49, 0x06, 0x18, 0xD2,
    0x98, 0x7F, 0xC8, 0xE4, 0xB7, 0x15, 0x4C, 0x84, 0xA5, 0x70, 0xE6, 0x96, 0x19, 0xC5, 0x98, 0x7F,
    0xF6, 0xF4, 0x43, 0x0F, 0xDA, 0x6D, 0xF2, 0x21, 0x2E, 0x4B, 0x98, 0x99, 0x79, 0xF5, 0x12, 0xA5,
    0x56, 0x6C, 0x79, 0xBA, 0x77, 0x9F, 0x70, 0x39, 0x40, 0x72, 0xF4, 0x40, 0x0F, 0x8C, 0xDE, 0xC2,
    0xD1, 0x92, 0xC6, 0xBC, 0x33, 0x6E, 0x29, 0x23, 0x6B, 0xBD, 0xC9, 0x4A, 0xBA, 0xE9, 0x20, 0xC6,
    0x01, 0x78, 0x7B, 0xB1, 0x17, 0xE5, 0x43, 0x28, 0x91, 0x48, 0xA1, 0x6B, 0x90, 0x0C, 0x08, 0x97,
    0xB8, 0x86, 0x60, 0x31, 0xA4, 0x30, 0x43, 0x50, 0x1B, 0x81, 0x2E, 0xB1, 0x20, 0x48, 0x24, 0xC0,
    0x3B, 0xA5, 0xBF, 0xB2, 0x35, 0x2A, 0x35, 0x52, 0x5E, 0x14, 0x27, 0x3C, 0x5C, 0x86, 0xE5, 0x6C,
    0xAE, 0xB8, 0x68, 0xC2, 0xC2, 0x50, 0xEB, 0x49, 0x26, 0x67, 0x5B, 0x9A, 0xD7, 0x2B, 0xD2, 0xE4,
    0x44, 0x9B, 0x6E, 0xD6, 0xAB, 0x6F, 0x18, 0x40, 0x40, 0x0C, 0x18, 0x08, 0xE2, 0x92, 0x87, 0x79,
    0xEC, 0xA0, 0x47, 0x16, 0xDD, 0x0E, 0xDB, 0xCD, 0x51, 0x4A, 0x50, 0x88, 0x66, 0x28, 0x18, 0x22,
    0xEC, 0x3A, 0x89, 0x4B, 0x16, 0x65, 0x43, 0x69, 0x80, 0x08, 0x8C, 0x85, 0x14, 0x9A, 0xD3, 0x33,
    0x29, 0x6D, 0x2F, 0xE3, 0xE9, 0x82, 0x49, 0x77, 0xF1, 0x00, 0x01, 0x0C, 0xFA, 0x19, 0x6E, 0xA5,
    0x7D, 0x1D, 0xBB, 0x5E, 0x85, 0x76, 0xB7, 0x8D, 0xCF, 0x42, 0x49, 0x70, 0x82, 0x06, 0x00, 0x68,
    0x20, 0x59, 0x2F, 0x18, 0x10, 0x7B, 0xB0, 0x28, 0xB0, 0xC8, 0x49, 0x8D, 0x54, 0xAA, 0xAA, 0x8D,
    0x15, 0x11, 0x37, 0x83, 0xA8, 0x68, 0x36, 0x83, 0x91, 0x01, 0xCD, 0x72, 0x41, 0xE7, 0x68, 0x75,
    0x44, 0x90, 0x03, 0x71, 0x9B, 0x94, 0xED, 0xC7, 0xD7, 0x15, 0x45, 0x8D, 0xEA, 0x5A, 0xCA, 0x16,
    0xC4, 0x69, 0xC9, 0x02, 0xC9, 0x18, 0x6E, 0x58, 0x01, 0xA0, 0xE1, 0x5D, 0xC3, 0x42, 0xB9, 0x04,
    0x15, 0x0B, 0xE2, 0x61, 0xDA, 0x09, 0x06, 0x2B, 0xAD, 0xA9, 0x76, 0xAA, 0xD7, 0x8B, 0x55, 0x8A,
    0xB4, 0x6D, 0x76, 0x8F, 0x49, 0x73, 0x9C, 0xDC, 0xB8, 0x35, 0xAE, 0xAC, 0xB6, 0xF1, 0x12, 0x05,
    0x76, 0xB5, 0x5B, 0x2A, 0xB6, 0xDC, 0xF1, 0xD2, 0x10, 0x1A, 0x07, 0x06, 0x82, 0xA2, 0x12, 0x2C,
    0x8D, 0x01, 0xF0, 0xFA, 0x3E, 0x36, 0x57, 0x99, 0x3D, 0xD0, 0x20, 0x7A, 0x23, 0xFD, 0x69, 0xF7,
    0xA9, 0x2A, 0x00, 0x48, 0x1D, 0x59, 0xA5, 0xA5, 0xE0, 0xEC, 0x88, 0x72, 0x86, 0x81, 0x80, 0x16,
    0x57, 0xF4, 0x56, 0xFC, 0x4D, 0xDC, 0x39, 0x26, 0x39, 0xDF, 0xC0, 0x7F, 0x98, 0xDA, 0x3D, 0x27,
    0xCD, 0x14, 0x4B, 0x3D, 0xD4, 0x2E, 0xF8, 0x38, 0xB8, 0x3D, 0x61, 0xB0, 0x85, 0x74, 0x6D, 0xF4,
    0x74, 0x48, 0x6D, 0xBC, 0x16, 0xE5, 0xBA, 0xE9, 0xBD, 0x5E, 0x95, 0x15, 0x9B, 0xB6, 0xE6, 0x72,
    0xD2, 0x63, 0x07, 0x70, 0x0E, 0x8A, 0xF8, 0xED, 0x41, 0x5D, 0x16, 0x5B, 0x01, 0xF5, 0x50, 0x61,
    0x06, 0x0E, 0x01, 0x48, 0x10, 0xC2, 0x49, 0x2C, 0xF3, 0xC0, 0xA4, 0xC7, 0x52, 0x0F, 0x02, 0xEB,
    0xC0, 0x94, 0x70, 0xD4, 0x29, 0xE7, 0xE6, 0xB2, 0x12, 0xE3, 0x57, 0x5C, 0xF6, 0x66, 0xAE, 0xB7,
    0x6A, 0xBA, 0xED, 0x09, 0x01, 0x22, 0xD5, 0xC6, 0x73, 0x9B, 0x55, 0x86, 0xFB, 0x6C, 0x1C, 0xDA,
    0xEB, 0xED, 0x09, 0xB0, 0xDE, 0x6E, 0x4A, 0x0F, 0x61, 0xC3, 0xCE, 0x80, 0x68, 0x2F, 0xE1, 0x89,
    0xC9, 0x91, 0xDC, 0x58, 0x37, 0xAB, 0x0D, 0xA7, 0x50, 0x40, 0x0F, 0x84, 0xDE, 0x0B, 0x92, 0xA1,
    0xE3, 0x15, 0x40, 0x28, 0x3C, 0x53, 0xD1, 0x89, 0xF0, 0x89, 0x48, 0xA4, 0x8A, 0x21, 0xC0, 0xE8,
    0x9B, 0x1D, 0x29, 0xA6, 0x05, 0xCC, 0x02, 0x87, 0x1E, 0x29, 0x96, 0x00, 0xA7, 0x8E, 0xF0, 0x6E,
    0x22, 0x26, 0xB4, 0xBF, 0x9F, 0x01, 0x5F, 0x4A, 0x22, 0x1C, 0xC8, 0xC5, 0x4C, 0x22, 0x25, 0x36,
    0x4E, 0x99, 0x54, 0x55, 0x81, 0x9E, 0x44, 0x3A, 0x90, 0x02, 0x03, 0x02, 0x08, 0x0B, 0xE4, 0x22,
    0x5A, 0x30, 0x2D, 0x3E, 0x06, 0xE4, 0x48, 0xCF, 0x70, 0x64, 0x87, 0x18, 0x49, 0x9A, 0x94, 0x3D,
    0x5C, 0x03, 0xDF, 0x41, 0x60, 0x31, 0xB6, 0x0B, 0xB9, 0xCB, 0xC7, 0xBE, 0xBC, 0xD9, 0xE6, 0x36,
    0x0A, 0x1B, 0x4D, 0xC8, 0x42, 0x46, 0x53, 0x71, 0x1E, 0x30, 0x12, 0x84, 0x20, 0x6C, 0xF5, 0x56,
    0x4C, 0x26, 0x2B, 0x00, 0x67, 0x54, 0x16, 0xEF, 0xD9, 0xFC, 0x98, 0xD4, 0x3D, 0xDA, 0x4F, 0x79,
    0x36, 0x92, 0x9A, 0xA9, 0x09, 0x09, 0x09, 0x12, 0xA9, 0xA8, 0x2C, 0x82, 0x3B, 0x2A, 0x25, 0x28,
    0x24, 0x80, 0x30, 0x62, 0x1B, 0xD1, 0x39, 0xC7, 0x28, 0x6E, 0xD9, 0x5B, 0x3A, 0x14, 0x54, 0x1A,
    0x08, 0xC9, 0xDA, 0x26, 0x30, 0x07, 0x33, 0xE6, 0x0F, 0x84, 0x20, 0x09, 0xA2, 0xFB, 0xB8, 0xE1,
    0x7A, 0x7E, 0x63, 0x67, 0xB2, 0x01, 0x2B, 0x14, 0xDC, 0x42, 0x6F, 0xE1, 0xBC, 0x9B, 0x26, 0x41,
    0xB5, 0x0B, 0xF5, 0x77, 0x77, 0x7A, 0x80, 0xE8, 0x99, 0x8F, 0xAF, 0x82, 0xE5, 0xE6, 0xF2, 0x24,
    0x09, 0x47, 0x8F, 0x83, 0x88, 0xF1, 0xA9, 0x41, 0x5C, 0x50, 0x28, 0x4E, 0x9D, 0x1A, 0x13, 0x90,
    0x17, 0xDE, 0x78, 0xE4, 0x9E, 0x6C, 0x80, 0xA0, 0xDF, 0xCD, 0x59, 0x27, 0x4E, 0x31, 0x3F, 0x72,
    0xC5, 0x0D, 0x48, 0x1F, 0x92, 0x26, 0xA2, 0x01, 0x0E, 0x02, 0x72, 0x6B, 0x03, 0xB5, 0xC9, 0xB8,
    0x67, 0x07, 0xE1, 0xA6, 0x04, 0xDF, 0xD5, 0xA4, 0x30, 0x8C, 0x24, 0x19, 0xEB, 0x58, 0x14, 0x04,
    0x10, 0xDC, 0xD7, 0x10, 0x3C, 0x50, 0x37, 0x6A, 0x06, 0x33, 0x91, 0x72, 0xA6, 0xB7, 0x35, 0x41,
    0x20, 0x48, 0xB8, 0xA7, 0xF2, 0xA7, 0xFC, 0xBE, 0x88, 0x07, 0xA7, 0x07, 0x79, 0x00, 0xF1, 0x81,
    0x36, 0xD8, 0x4B, 0x20, 0x96, 0x94, 0x32, 0x2F, 0x60, 0x8A, 0x6F, 0x37, 0x96, 0x0D, 0x7C, 0xF8,
    0x1D, 0xA4, 0xC2, 0x51, 0x14, 0x97, 0x6E, 0xFD, 0x77, 0x18, 0x27, 0x52, 0x19, 0x9D, 0x28, 0xE5,
    0x92, 0xD8, 0xC1, 0xD4, 0x00, 0x7C, 0x3E, 0xF0, 0x81, 0xC0, 0x07, 0x37, 0x61, 0xD4, 0x65, 0xB3,
    0x31, 0x03, 0x1B, 0x0D, 0xFF, 0xC4, 0xE8, 0xD3, 0xBD, 0x7D, 0x9C, 0x6B, 0x48, 0x5D, 0x32, 0x05,
    0x2A, 0x51, 0x15, 0x97, 0x25, 0x0F, 0xC5, 0xAE, 0x49, 0x9F, 0x63, 0x3C, 0xE5, 0x19, 0xC3, 0x22,
    0xD3, 0xB8, 0xAB, 0x74, 0xA8, 0x65, 0xD8, 0x53, 0x96, 0x60, 0xDF, 0x0C, 0x17, 0x61, 0x26, 0x28,
    0x45, 0x80, 0xC6, 0xC1, 0xDE, 0x1D, 0xE9, 0x9A, 0xA1, 0x2F, 0x44, 0x20, 0x98, 0xC1, 0xD0, 0x42,
    0xC3, 0xC3, 0xA5, 0x97, 0x06, 0x6B, 0xE0, 0x58, 0x25, 0xB9, 0xB0, 0x32, 0xF9, 0x42, 0xF1, 0x0A,
    0xBA, 0x88, 0x62, 0x10, 0x0F, 0x43, 0x38, 0x91, 0xB4, 0x02, 0xD2, 0xE0, 0xA0, 0xA8, 0x2B, 0x3E,
    0x22, 0x09, 0x58, 0x69, 0xA5, 0x9E, 0x70, 0xDA, 0x57, 0x3C, 0x51, 0x12, 0xC6, 0x88, 0x5B, 0x50,
    0xCE, 0x64, 0x90, 0xEE, 0x44, 0xA0, 0xA8, 0x49, 0xD6, 0xBA, 0xA6, 0x20, 0x80, 0x60, 0xB3, 0xCF,
    0x40, 0x8D, 0x60, 0x78, 0x86, 0xA1, 0xA7, 0x41, 0xCE, 0xDE, 0x20, 0xEB, 0xAF, 0x45, 0xAA, 0xA9,
    0x8B, 0x1A, 0x71, 0xF6, 0x78, 0x6B, 0x67, 0x62, 0xDA, 0x93, 0x64, 0xC0, 0xEC, 0x56, 0x5A, 0x98,
    0x83, 0x52, 0x6D, 0x2A, 0x44, 0x6E, 0x51, 0x12, 0x30, 0xB7, 0x26, 0xAD, 0x23, 0x95, 0x54, 0x02,
    0x04, 0xC4, 0x4A, 0x90, 0x0C, 0x10, 0x1B, 0xBC, 0x8C, 0x14, 0xC7, 0x3C, 0xA5, 0x24, 0x1C, 0x44,
    0x91, 0x25, 0xB8, 0xD2, 0xAE, 0x06, 0x55, 0x29, 0x68, 0x78, 0x5B, 0xE0, 0x40, 0xC6, 0x92, 0x42,
    0x31, 0x8C, 0x94, 0x8D, 0xB0, 0xBD, 0xD7, 0x66, 0xA8, 0x18, 0x41, 0xD8, 0x28, 0x18, 0xC4, 0x62,
    0x85, 0xD2, 0x86, 0x56, 0x16, 0x45, 0xB5, 0xC3, 0x43, 0x76, 0x6F, 0x1D, 0x66, 0xF5, 0x6F, 0x4F,
    0x73, 0x70, 0xE2, 0xCD, 0x00, 0x71, 0x53, 0x00, 0x08, 0x1C, 0x21, 0xAA, 0x18, 0x65, 0xEB, 0xC5,
    0x46, 0xFF, 0xEC, 0x00, 0x89, 0x04, 0xA8, 0xC3, 0x01, 0x5B, 0xC7, 0xA4, 0xC2, 0xCA, 0x31, 0x8B,
    0x56, 0x8A, 0x35, 0x8A, 0x79, 0xA6, 0x6A, 0x87, 0x2C, 0xD9, 0x4A, 0x21, 0x67, 0x0D, 0x6C, 0xE3,
    0x04, 0xEE, 0xD1, 0xA4, 0x23, 0xC2, 0x8A, 0x48, 0x54, 0x14, 0xBE, 0x00, 0xDF, 0x7D, 0x08, 0xB9,
    0x9F, 0xA7, 0x2D, 0xC7, 0x7B, 0xF0, 0xD2, 0x5C, 0x67, 0x8A, 0xD4, 0x9D, 0x3C, 0xD4, 0x8E, 0x66,
    0x09, 0xD5, 0x11, 0x58, 0x6E, 0x78, 0x37, 0xE9, 0x7E, 0x82, 0xB3, 0x43, 0x93, 0xDB, 0xA2, 0x6C,
    0x3D, 0x1B, 0xEE, 0xBD, 0xE1, 0x3B, 0x38, 0x0E, 0x99, 0x53, 0x21, 0x8F, 0x88, 0x5E, 0xC9, 0x0A,
    0x64, 0x8A, 0x64, 0x14, 0x13, 0x08, 0x77, 0x83, 0x76, 0x11, 0xE8, 0xEE, 0x00, 0x75, 0x81, 0xA8,
    0x7C, 0x04, 0x46, 0x40, 0xBA, 0x85, 0x08, 0x4D, 0x79, 0x22, 0x24, 0x8D, 0x4E, 0x0D, 0x96, 0x45,
    0xE9, 0x16, 0x65, 0x06, 0x50, 0xF1, 0x28, 0x22, 0xA7, 0x17, 0x1C, 0xC9, 0x4A, 0xB8, 0x4E, 0x9B,
    0x53, 0x69, 0x32, 0xB3, 0x8D, 0xE2, 0xF4, 0xCD, 0x2C, 0x64, 0x79, 0xA4, 0xC4, 0xC2, 0x1F, 0xE5,
    0xD9, 0xA1, 0x66, 0x69, 0x1A, 0xA8, 0x87, 0xC2, 0x76, 0x30, 0xF7, 0x83, 0x7D, 0x9F, 0xD6, 0x55,
    0x71, 0x98, 0x4A, 0x88, 0x0B, 0x70, 0xA5, 0x4E, 0xEA, 0x2C, 0xE6, 0xE2, 0x68, 0x0F, 0xA9, 0xA6,
    0xBA, 0x02, 0x44, 0xC0, 0xA9, 0x71, 0x67, 0x0E, 0x1C, 0x8B, 0xE6, 0xA3, 0x87, 0x63, 0x76, 0xAC,
    0x36, 0x4D, 0xB2, 0xAC, 0x97, 0x27, 0x1E, 0x13, 0x24, 0x0D, 0xBB, 0x40, 0x21, 0xD9, 0x08, 0xCD,
    0xB3, 0x14, 0x22, 0xDB, 0xC5, 0xA3, 0x59, 0xB3, 0x0D, 0xBE, 0x9D, 0x61, 0x41, 0xBE, 0x3A, 0x3D,
    0xF3, 0xAB, 0x49, 0x18, 0xE3, 0x93, 0xA9, 0xAD, 0xAC, 0x58, 0xBB, 0x3E, 0xAC, 0x22, 0x45, 0x9B,
    0x3E, 0xDC, 0xD6, 0xA7, 0x72, 0x58, 0x1B, 0x58, 0x80, 0x19, 0xC5, 0x10, 0xE6, 0x41, 0x54, 0x38,
    0x26, 0xB7, 0x52, 0x6F, 0x23, 0x2C, 0x08, 0xBB, 0x71, 0xA0, 0xDC, 0xD9, 0xA1, 0xB2, 0x4A, 0x1D,
    0x82, 0x52, 0xD1, 0x82, 0x5C, 0x54, 0x62, 0xE5, 0x2F, 0x8E, 0xE8, 0x85, 0x80, 0x53, 0x22, 0x2A,
    0x94, 0x9A, 0xC0, 0x1B, 0x1B, 0x05, 0x69, 0x0D, 0x8A, 0x0C, 0xCB, 0x1A, 0xC1, 0x86, 0xC3, 0x1A,
    0xEF, 0xB7, 0x0C, 0x41, 0xC8, 0x88, 0xE8, 0x6E, 0xA0, 0x2D, 0x1C, 0x00, 0x18, 0x10, 0xB1, 0x40,
    0xBD, 0x17, 0x06, 0x1F, 0x4A, 0xCF, 0x88, 0xCB, 0x53, 0x20, 0x62, 0xFB, 0xEF, 0xAD, 0xA8, 0xD0,
    0xC6, 0xDB, 0xCB, 0xDC, 0x91, 0xF1, 0x19, 0x1D, 0x5C, 0x48, 0x66, 0x51, 0x82, 0x93, 0x7E, 0xF6,
    0x8D, 0x75, 0x64, 0x92, 0x45, 0x33, 0x02, 0x3A, 0x29, 0xB9, 0x12, 0x93, 0x5A, 0x35, 0x19, 0x1A,
    0x00, 0x3E, 0x23, 0x00, 0xCA, 0x04, 0x01, 0xA2, 0x0D, 0x00, 0x96, 0x68, 0x14, 0xB5, 0xC4, 0x43,
    0x63, 0x24, 0x0A, 0xDC, 0x81, 0x58, 0x43, 0x20, 0xCD, 0x0E, 0x33, 0x22, 0xF0, 0x6E, 0x43, 0xD8,
    0x25, 0x11, 0xE0, 0x36, 0x85, 0xE3, 0x61, 0xE4, 0x58, 0x03, 0xBF, 0x50, 0x89, 0x0A, 0x41, 0xB1,
    0x8D, 0x89, 0x18, 0x34, 0x27, 0x2B, 0x37, 0x31, 0x24, 0x1D, 0xC4, 0x71, 0x48, 0x3E, 0xC6, 0x9B,
    0x95, 0x33, 0x49, 0x7F, 0x36, 0x09, 0x48, 0xFD, 0x34, 0x83, 0xBD, 0x1E, 0x2B, 0xCA, 0x0D, 0xC7,
    0x20, 0x79, 0xE0, 0xC8, 0xA3, 0xB4, 0xB1, 0x79, 0xF4, 0x93, 0x20, 0xA3, 0x13, 0x2C, 0x83, 0xEA,
    0x82, 0x90, 0x96, 0xE0, 0xB7, 0x9D, 0x72, 0xF1, 0x79, 0xF1, 0x70, 0xD7, 0x2E, 0x44, 0x62, 0xD6,
    0x9C, 0x0C, 0x52, 0x7B, 0x77, 0x49, 0x67, 0xAD, 0x4D, 0xDB, 0x28, 0x92, 0xC6, 0x12, 0xA7, 0x84,
    0x32, 0x77, 0x80, 0xFC, 0x5E, 0xB1, 0x44, 0xF8, 0xF3, 0x79, 0x76, 0x37, 0xB8, 0x18, 0xD3, 0x03,
    0x69, 0xBB, 0xB6, 0xE6, 0x56, 0x58, 0xE5, 0xC1, 0xDE, 0xE1, 0x5D, 0xEA, 0x8E, 0x25, 0x0E, 0xB4,
    0x2A, 0x89, 0x4B, 0xDE, 0xE6, 0x72, 0x0A, 0x10, 0x0B, 0x12, 0x79, 0xE5, 0x34, 0xEF, 0x12, 0xD3,
    0x79, 0x01, 0x3C, 0x1C, 0x89, 0xB0, 0x34, 0xEC, 0x18, 0x15, 0xE2, 0x44, 0xC4, 0x82, 0xDD, 0x5A,
    0xEF, 0xCE, 0x86, 0x4A, 0x47, 0x4E, 0x40, 0x3D, 0xA9, 0xCD, 0x73, 0x24, 0x52, 0xFC, 0xD3, 0x01,
    0xF4, 0x24, 0x0D, 0x5C, 0x49, 0x99, 0x47, 0x34, 0x02, 0xF7, 0xC7, 0x96, 0x65, 0xC6, 0x4A, 0xAE,
    0x9D, 0x17, 0x9B, 0x94, 0x42, 0xB3, 0x4E, 0xCB, 0xFB, 0x53, 0x8A, 0x27, 0x4A, 0x66, 0x73, 0xD8,
    0xCD, 0x0A, 0x89, 0x02, 0xBA, 0x6E, 0x19, 0x2D, 0x41, 0x95, 0xFA, 0xF9, 0x96, 0x0A, 0x89, 0x80,
    0x9A, 0xA2, 0x74, 0x05, 0x16, 0xE6, 0x04, 0x3D, 0xDD, 0xAF, 0x73, 0xB6, 0xCF, 0xB9, 0x85, 0xF5,
    0x77, 0x40, 0x64, 0x06, 0x69, 0x41, 0xE9, 0xAE, 0xD6, 0x70, 0xCA, 0x98, 0x4B, 0x87, 0x2C, 0x9C,
    0x1E, 0x52, 0x3D, 0x55, 0x4A, 0xF2, 0x72, 0x87, 0x1C, 0xFB, 0x32, 0xCE, 0xD8, 0xA8, 0x61, 0xD9,
    0xE0, 0xBB, 0xFA, 0x14, 0x37, 0x54, 0x93, 0xE1, 0x8B, 0x01, 0x80, 0x6C, 0x06, 0x8E, 0xA9, 0x93,
    0x03, 0x2C, 0x18, 0x30, 0xD5, 0xDE, 0xBC, 0x59, 0xA0, 0xB9, 0xD9, 0xCD, 0x6E, 0x78, 0x65, 0x21,
    0x63, 0x62, 0x14, 0x1B, 0x52, 0x16, 0xAC, 0x52, 0xD6, 0x9D, 0x40, 0xE3, 0x4D, 0xC4, 0x20, 0xE1,
    0x25, 0x28, 0x60, 0x08, 0x03, 0x4A, 0xC6, 0x00, 0x90, 0xB2, 0xC0, 0xB0, 0x80, 0x5F, 0x9F, 0x6D,
    0x43, 0x34, 0x0D, 0x50, 0x47, 0x2B, 0xD1, 0x46, 0x2F, 0x26, 0xDE, 0xA9, 0x86, 0x32, 0xDE, 0x71,
    0x8E, 0x43, 0xF6, 0x65, 0xFA, 0x22, 0xF2, 0x3A, 0x44, 0xF4, 0x78, 0x83, 0x53, 0x6A, 0x5C, 0x42,
    0x06, 0x88, 0x54, 0x43, 0xB2, 0x24, 0x8C, 0x08, 0x49, 0x43, 0xB2, 0x87, 0xC3, 0x8F, 0x1D, 0x7C,
    0x6B, 0x2E, 0x09, 0x5B, 0xB6, 0xDC, 0xD4, 0x2B, 0x4A, 0x75, 0xB3, 0xBF, 0x85, 0x51, 0x3E, 0x8D,
    0x9E, 0xD5, 0x0D, 0x75, 0x6D, 0xED, 0xD1, 0xFA, 0x15, 0xB8, 0x5A, 0xF7, 0xF6, 0xC6, 0xC9, 0xAF,
    0x69, 0xD2, 0x9B, 0x06, 0x8D, 0xAA, 0x80, 0xA1, 0xDC, 0x5F, 0x9F, 0x51, 0x81, 0x8E, 0xD9, 0x50,
    0xEF, 0x55, 0xC8, 0x5D, 0x5C, 0x4D, 0xB5, 0xAC, 0x62, 0xB5, 0xB4, 0x90, 0x59, 0x24, 0x08, 0x08,
    0x94, 0xC5, 0xD8, 0x99, 0xA7, 0x86, 0x24, 0x9F, 0xA1, 0x58, 0x9C, 0xD6, 0x26, 0x0A, 0xA3, 0xB6,
    0x53, 0xB7, 0x67, 0xBD, 0xD8, 0x5C, 0x5B, 0xAC, 0x9A, 0xD7, 0x3E, 0x9A, 0x7A, 0x09, 0x21, 0x08,
    0x90, 0x91, 0x8A, 0x6D, 0x8B, 0x4A, 0xCF, 0x0D, 0xE7, 0x5B, 0xAB, 0x66, 0x9C, 0xAC, 0x51, 0x56,
    0xE7, 0xBD, 0xEA, 0x87, 0xDC, 0x83, 0x20, 0x48, 0x08, 0x87, 0x15, 0xC4, 0xF8, 0xBA, 0x28, 0x44,
    0x21, 0xD5, 0x5C, 0x9D, 0xF6, 0x90, 0x4E, 0x12, 0xCE, 0x64, 0x49, 0x2A, 0x32, 0x4F, 0xD5, 0xA2,
    0xB2, 0x04, 0x72, 0x34, 0xC1, 0xC2, 0xC4, 0xAA, 0xF9, 0x32, 0xEB, 0xCB, 0x0E, 0x1C, 0x5A, 0x7A,
    0xD1, 0x04, 0xA6, 0x11, 0x80, 0x4E, 0xA0, 0x41, 0x33, 0x20, 0x1A, 0x81, 0x4F, 0x41, 0x05, 0xB8,
    0x1C, 0x1C, 0x4A, 0xF2, 0x2A, 0x5E, 0x3A, 0xC6, 0xAB, 0x5A, 0x7E, 0x45, 0x56, 0x75, 0x4A, 0x52,
    0xBA, 0xA2, 0xE8, 0x87, 0x8E, 0x37, 0x03, 0xF7, 0xB8, 0xFF, 0x54, 0x9B, 0x81, 0xE2, 0x81, 0x87,
    0x11, 0xAD, 0xA4, 0x86, 0x4B, 0x6C, 0x64, 0x96, 0x30, 0x3E, 0x78, 0x21, 0xF7, 0x52, 0xE9, 0x09,
    0x09, 0x10, 0x22, 0x68, 0x42, 0xB7, 0xAA, 0x3A, 0x16, 0x81, 0x88, 0xA3, 0x26, 0xE7, 0x03, 0xE1,
    0xA6, 0x59, 0x05, 0x75, 0xA3, 0x10, 0xD4, 0x66, 0xDB, 0x14, 0xBD, 0x41, 0x5F, 0x98, 0x46, 0x92,
    0xE1, 0x90, 0x23, 0x19, 0x17, 0x71, 0xE2, 0x00, 0x27, 0x74, 0x73, 0x56, 0x21, 0xF7, 0x43, 0x91,
    0xC0, 0x1C, 0x0A, 0xE2, 0x0A, 0x27, 0x2C, 0x18, 0x85, 0x98, 0x87, 0xA6, 0x06, 0x11, 0x3F, 0x47,
    0x53, 0x68, 0x45, 0x53, 0x45, 0x19, 0x15, 0x08, 0x11, 0x0C, 0xD3, 0x29, 0x90, 0x6B, 0xA4, 0xD6,
    0x90, 0x07, 0xE4, 0x7C, 0xCD, 0x3F, 0x6F, 0x16, 0x84, 0x8C, 0x04, 0xD8, 0x66, 0x86, 0xB6, 0x6A,
    0xC8, 0xFC, 0x30, 0xF9, 0xEC, 0x3A, 0x3C, 0x04, 0x03, 0xE9, 0xFA, 0x60, 0x73, 0xEC, 0x07, 0xC7,
    0xBA, 0x4F, 0x02, 0x92, 0x30, 0xF1, 0x5A, 0xB9, 0x64, 0xA8, 0x04, 0x89, 0x1A, 0x62, 0x2D, 0xD2,
    0xB0, 0x54, 0x84, 0xF9, 0x44, 0x80, 0x34, 0x75, 0x3C, 0x7E, 0x03, 0x48, 0x48, 0x0F, 0x21, 0xEB,
    0x68, 0x14, 0x6F, 0xA1, 0x0C, 0x44, 0x64, 0x45, 0x24, 0x49, 0x16, 0x44, 0x1C, 0x60, 0xA4, 0xF8,
    0x60, 0x00, 0x4A, 0x18, 0x51, 0x51, 0x37, 0x90, 0x32, 0x86, 0x18, 0x26, 0x0A, 0xD9, 0xB9, 0x0B,
    0xC8, 0x37, 0xB9, 0x24, 0x02, 0x41, 0x9F, 0x35, 0x07, 0xEB, 0x60, 0xB7, 0x33, 0xF3, 0xB1, 0x3F,
    0x3F, 0xE2, 0x8F, 0xE4, 0xB8, 0x72, 0x3D, 0x2D, 0x1A, 0xBB, 0x6F, 0xEA, 0xF0, 0xB2, 0x99, 0x91,
    0x1B, 0x20, 0x9C, 0x91, 0xF8, 0x5A, 0x83, 0xF2, 0xD2, 0x7A, 0xD0, 0xF4, 0x27, 0xC4, 0x44, 0x4F,
    0x73, 0x78, 0x68, 0xD7, 0x96, 0x97, 0x69, 0x47, 0xD8, 0x20, 0x84, 0x92, 0xFE, 0xDE, 0xAB, 0x49,
    0xF2, 0xB1, 0x66, 0x79, 0xE4, 0x3E, 0xBB, 0x20, 0x09, 0xD3, 0x33, 0x4F, 0x1E, 0xAE, 0x2D, 0xDC,
    0x06, 0x95, 0xBD, 0x44, 0x3E, 0xBC, 0xC8, 0x2E, 0xA8, 0xC8, 0x48, 0x48, 0x10, 0xA4, 0xB8, 0xD8,
    0x3A, 0xC2, 0xD5, 0x65, 0x47, 0x68, 0xD5, 0xB6, 0xFC, 0x43, 0x20, 0x32, 0x32, 0x31, 0x73, 0x5F,
    0x54, 0x13, 0x5E, 0x24, 0x1D, 0x52, 0x3B, 0x8F, 0xB1, 0xA7, 0xCF, 0xEC, 0xE9, 0x28, 0x53, 0x01,
    0x32, 0x3D, 0x72, 0x12, 0xD3, 0xA1, 0xDC, 0x87, 0xC5, 0x1C, 0x6E, 0xC0, 0x77, 0x9C, 0x0F, 0xA8,
    0xF4, 0x06, 0x22, 0xB0, 0x26, 0xD2, 0x80, 0x89, 0x02, 0x89, 0x45, 0x53, 0x44, 0x44, 0x84, 0x0A,
    0x4A, 0x5B, 0x56, 0x92, 0xFE, 0xF6, 0x78, 0x20, 0x42, 0x0C, 0x20, 0x1B, 0x49, 0xC7, 0x9C, 0x72,
    0xC7, 0xD2, 0xC1, 0x02, 0xEC, 0xD0, 0x92, 0x1F, 0x0B, 0x4E, 0x45, 0xA1, 0x9D, 0xEF, 0x53, 0xEF,
    0x8C, 0x00, 0x09, 0x14, 0x4C, 0x76, 0xD9, 0x41, 0x13, 0xA0, 0x0E, 0x29, 0x48, 0x4C, 0x6F, 0x03,
    0xC2, 0x3D, 0xBA, 0xD1, 0xE1, 0x2F, 0xBA, 0xC9, 0xE7, 0x70, 0xF9, 0xFC, 0x29, 0x6F, 0x2B, 0x28,
    0x1E, 0x0F, 0x40, 0xEE, 0xD0, 0xEE, 0x4D, 0xD3, 0xDD, 0x7E, 0x0A, 0x09, 0xE4, 0x0E, 0x54, 0x3A,
    0x3E, 0x6D, 0x79, 0x6F, 0xB6, 0xF7, 0xD2, 0x66, 0x6F, 0x89, 0x00, 0x12, 0x6D, 0xC4, 0x6A, 0xE0,
    0x3B, 0xC2, 0x22, 0x9E, 0x27, 0x97, 0x8F, 0x71, 0xD3, 0xEA, 0x91, 0x98, 0xEF, 0xF7, 0x08, 0x19,
    0xD2, 0x2D, 0xCA, 0x95, 0xB3, 0x6B, 0xFB, 0xFD, 0xF7, 0x3C, 0xDD, 0x33, 0xB7, 0x2E, 0xDD, 0x2B,
    0x5D, 0xA5, 0x5F, 0x88, 0x0D, 0x21, 0x45, 0x88, 0x4C, 0x1C, 0x70, 0x2D, 0x95, 0x25, 0x1C, 0x22,
    0x1D, 0x20, 0x61, 0x9B, 0x70, 0x6E, 0x70, 0x12, 0xA4, 0xC0, 0x52, 0x0C, 0x94, 0xDA, 0x52, 0x4A,
    0x24, 0xE3, 0x93, 0x6D, 0x26, 0x02, 0x90, 0x65, 0xA3, 0x11, 0x73, 0x97, 0x2D, 0x93, 0x01, 0x42,
    0x33, 0x58, 0xA3, 0xF3, 0x1D, 0x3A, 0x24, 0xB2, 0xB5, 0x8D, 0x1A, 0x4A, 0x5F, 0x43, 0x0B, 0x3B,
    0x0B, 0xAB, 0x04, 0x91, 0x48, 0x40, 0x55, 0x92, 0x11, 0x24, 0x05, 0x59, 0xE9, 0xD0, 0x72, 0xEC,
    0xC6, 0x43, 0x86, 0x1E, 0xD9, 0x98, 0x1C, 0x04, 0x03, 0x40, 0x79, 0xE4, 0x21, 0x23, 0x18, 0xA4,
    0x70, 0x36, 0x91, 0xC5, 0x12, 0x46, 0xDB, 0xD6, 0xBB, 0xE9, 0x2A, 0xF5, 0x0B, 0x8F, 0x32, 0x06,
    0xE7, 0xB3, 0x55, 0x07, 0x21, 0xD5, 0x5B, 0x24, 0x22, 0xD0, 0x4E, 0x51, 0x09, 0x87, 0xBD, 0x79,
    0x00, 0x3C, 0x45, 0xE5, 0x0E, 0x82, 0x1C, 0x8E, 0x64, 0x43, 0x64, 0x2F, 0x9A, 0x86, 0xD2, 0x62,
    0x86, 0x10, 0x59, 0x04, 0x52, 0x30, 0x42, 0x4B, 0xC0, 0xCC, 0xC8, 0x44, 0xCF, 0x40, 0xCD, 0xE7,
    0x03, 0x1B, 0xDA, 0xBB, 0x53, 0xCB, 0xB2, 0x32, 0x75, 0x81, 0xF1, 0x44, 0x2A, 0xE9, 0x91, 0x59,
    0x0B, 0xF0, 0x32, 0x12, 0x12, 0xE3, 0x67, 0x32, 0x6B, 0xCF, 0x47, 0x68, 0x4F, 0x32, 0x45, 0x87,
    0x00, 0xE9, 0x80, 0x93, 0xCE, 0x29, 0x25, 0x84, 0xD0, 0xF7, 0x82, 0xD2, 0xE0, 0x38, 0xD8, 0xD6,
    0x3C, 0xF6, 0x07, 0x72, 0x5D, 0xD1, 0x4C, 0xD2, 0x58, 0x65, 0xA0, 0x6B, 0x0C, 0xC4, 0x05, 0x2D,
    0x85, 0x0A, 0xD4, 0xAE, 0x4B, 0x28, 0x12, 0xE8, 0x70, 0xC7, 0x09, 0xB1, 0x12, 0xA2, 0x4C, 0x64,
    0x0D, 0x0A, 0x14, 0xE5, 0xEE, 0x40, 0x24, 0x09, 0x08, 0xA8, 0xD6, 0x4A, 0xAB, 0x72, 0x96, 0xBB,
    0x6C, 0xAA, 0xD6, 0xBB, 0xB6, 0xAA, 0xDD, 0x56, 0x6A, 0xC2, 0x46, 0xD5, 0x6E, 0xF9, 0xA2, 0xAA,
    0xD5, 0xC8, 0x95, 0x6B, 0x55, 0xB9, 0xE5, 0xD1, 0xD8, 0x3F, 0x63, 0x5F, 0x0B, 0x53, 0x82, 0x26,
    0xBE, 0x45, 0xAA, 0x19, 0x4D, 0x3B, 0xF2, 0xC9, 0x3B, 0xD1, 0xD3, 0x29, 0xF0, 0x0B, 0x54, 0x53,
    0x08, 0xC0, 0x04, 0x73, 0xE1, 0xC7, 0x6A, 0x7E, 0xA9, 0x0A, 0x86, 0x07, 0x71, 0x53, 0x8C, 0x3A,
    0x1B, 0x01, 0xCF, 0x9B, 0x06, 0xFC, 0xF2, 0xB5, 0x90, 0x2A, 0x89, 0x00, 0xE9, 0x24, 0x14, 0x1F,
    0x54, 0x35, 0x3B, 0xB6, 0xC3, 0x23, 0xDD, 0x5A, 0xEF, 0x07, 0x7A, 0x11, 0xE3, 0x95, 0x92, 0x2E,
    0x66, 0x08, 0x96, 0xFA, 0xD0, 0x6D, 0xE1, 0x26, 0xF9, 0xB4, 0x46, 0x1D, 0x3C, 0xF4, 0x67, 0x89,
    0x69, 0x23, 0xD8, 0x3B, 0x86, 0xEE, 0x82, 0x34, 0x1B, 0xA5, 0x52, 0x43, 0x18, 0x68, 0x46, 0x10,
    0xD6, 0x05, 0xC1, 0xD7, 0xA0, 0xED, 0xD3, 0xCF, 0xF2, 0x05, 0x09, 0x54, 0xAA, 0x5B, 0x55, 0x7A,
    0x7A, 0xF9, 0xCC, 0xC9, 0x7A, 0xBE, 0x17, 0x8E, 0xAB, 0xCD, 0x5F, 0x45, 0x3C, 0xE8, 0xDC, 0xFE,
    0xEB, 0x12, 0xE8, 0x42, 0x79, 0xF3, 0xE6, 0x38, 0x0B, 0xD5, 0xD3, 0xD6, 0x05, 0xB9, 0xD0, 0xE2,
    0x61, 0x0E, 0x84, 0xD4, 0xAD, 0x0F, 0x88, 0x03, 0x95, 0x10, 0x82, 0x11, 0x00, 0x82, 0xA5, 0x07,
    0x40, 0x04, 0xE5, 0xA0, 0xAD, 0x68, 0x44, 0xF5, 0xC1, 0x11, 0x60, 0x90, 0x53, 0x1A, 0x4F, 0x4F,
    0x19, 0x57, 0x29, 0x85, 0x51, 0x45, 0xD4, 0xA2, 0x54, 0x85, 0x19, 0x81, 0xBF, 0x5F, 0x7E, 0x83,
    0xD1, 0xAA, 0x62, 0x89, 0x45, 0x5D, 0xDD, 0xDC, 0x2A, 0xC2, 0xCB, 0xD8, 0x17, 0xC4, 0x7C, 0xBB,
    0xCE, 0x9F, 0x81, 0x82, 0xE2, 0x5C, 0xBC, 0x5C, 0xD1, 0xA6, 0x77, 0x0E, 0x68, 0xDC, 0x25, 0x81,
    0x2F, 0x12, 0x39, 0xAA, 0x12, 0x32, 0x49, 0xBE, 0x8A, 0x44, 0x00, 0xC6, 0x5B, 0xBC, 0xAE, 0x0C,
    0xAD, 0x34, 0x3B, 0xEA, 0xA7, 0x52, 0xE5, 0x09, 0x72, 0x49, 0x23, 0x13, 0x17, 0x39, 0x65, 0x8E,
    0x17, 0xE0, 0x6B, 0xE3, 0xFB, 0x7F, 0xFD, 0x2D, 0x13, 0xF1, 0x59, 0xBA, 0x65, 0xF7, 0x7A, 0x16,
    0xBA, 0x7B, 0xF3, 0x7A, 0x6A, 0x7D, 0x44, 0xB0, 0x7D, 0x5C, 0x86, 0x41, 0x01, 0x33, 0xF3, 0x52,
    0x82, 0xD0, 0x58, 0xEE, 0x48, 0x83, 0xCF, 0x7E, 0xBE, 0xF4, 0x19, 0x3D, 0xE4, 0x81, 0xF5, 0x7D,
    0x77, 0x70, 0x13, 0xC5, 0xEB, 0xFA, 0x70, 0xD0, 0x73, 0x02, 0x48, 0x73, 0x14, 0xE6, 0x11, 0x97,
    0xA4, 0x60, 0x54, 0xC4, 0xA3, 0x2A, 0x0A, 0x62, 0x1D, 0x27, 0x08, 0xB0, 0xA2, 0x59, 0xCE, 0xDD,
    0x5C, 0x4D, 0xA1, 0xA9, 0x69, 0x52, 0x95, 0x58, 0xBA, 0xB8, 0xCD, 0x80, 0x0C, 0x35, 0x8E, 0x05,
    0x36, 0x68, 0x6D, 0x4D, 0xB0, 0x86, 0xC6, 0x65, 0x2A, 0x2B, 0x59, 0x57, 0x26, 0xA8, 0x4C, 0xBA,
    0xC0, 0x29, 0x85, 0x9A, 0x01, 0xCC, 0xC0, 0x44, 0xC6, 0x2C, 0x23, 0x10, 0x1C, 0x37, 0xE4, 0x60,
    0x1C, 0xB0, 0x18, 0x10, 0x59, 0x11, 0xB9, 0x25, 0xC2, 0xE4, 0x8E, 0xD8, 0x30, 0x05, 0xD6, 0x75,
    0x51, 0xF4, 0x6B, 0x5A, 0x01, 0x05, 0x73, 0x8E, 0x55, 0x52, 0x54, 0x01, 0x82, 0x11, 0x56, 0x23,
    0x59, 0xD0, 0xDB, 0x53, 0x63, 0xF0, 0x04, 0x0E, 0xAD, 0x51, 0x20, 0x8F, 0xDD, 0x47, 0xB0, 0x38,
    0x24, 0xBA, 0x63, 0x06, 0x90, 0x91, 0x8C, 0x42, 0x23, 0x11, 0xA1, 0xBB, 0x1A, 0x18, 0xC5, 0x6E,
    0xAA, 0x49, 0x24, 0xA0, 0xA0, 0x62, 0x84, 0x62, 0x91, 0x8A, 0x46, 0x00, 0xC8, 0x1A, 0xFD, 0x63,
    0x6E, 0x01, 0xFC, 0xAC, 0x43, 0x78, 0xEF, 0xAE, 0x36, 0x69, 0x12, 0x61, 0x0E, 0x4A, 0x81, 0x49,
    0x70, 0x8B, 0x02, 0x28, 0x15, 0x29, 0x96, 0x81, 0x4A, 0x0D, 0x93, 0xE0, 0x54, 0x6A, 0xAE, 0x14,
    0x9C, 0xC6, 0xE2, 0x41, 0x24, 0x00, 0xB5, 0x10, 0x8A, 0x5C, 0x02, 0x4A, 0x85, 0x45, 0x41, 0xDA,
    0xB2, 0xE4, 0x8D, 0x45, 0x21, 0x08, 0x4C, 0x20, 0x20, 0x27, 0xD9, 0x00, 0x62, 0xA6, 0xD0, 0x1D,
    0xA1, 0x24, 0x28, 0x3A, 0x66, 0x3A, 0x19, 0x72, 0x01, 0x20, 0x86, 0xA3, 0x14, 0x56, 0x24, 0x04,
    0x84, 0x40, 0x62, 0x25, 0x88, 0xEC, 0x34, 0x96, 0xE6, 0x41, 0x2F, 0x30, 0x2A, 0x1A, 0xBA, 0xAF,
    0xE3, 0x53, 0x84, 0x77, 0x58, 0x78, 0xFD, 0xBB, 0x2F, 0xCB, 0x86, 0xFB, 0x10, 0xC4, 0x61, 0x08,
    0xFD, 0xBE, 0x0E, 0x02, 0x07, 0x45, 0x80, 0x84, 0x25, 0xA5, 0x29, 0x86, 0x48, 0xC4, 0x84, 0x9A,
    0x95, 0x9A, 0x95, 0x48, 0xF1, 0x07, 0x48, 0x01, 0xCD, 0x26, 0x53, 0x17, 0x42, 0x16, 0x90, 0x40,
    0x32, 0x80, 0xA5, 0x04, 0x94, 0xCD, 0xB5, 0x52, 0xED, 0x94, 0x71, 0xB0, 0xA1, 0x74, 0xDD, 0x68,
    0xCC, 0xB4, 0x6E, 0x5C, 0xCA, 0xD8, 0xA4, 0x52, 0xAE, 0x4C, 0x9A, 0xD9, 0x9B, 0x76, 0x15, 0xCC,
    0xB5, 0x2E, 0x70, 0x00, 0xAD, 0xD9, 0xBA, 0x71, 0x25, 0x54, 0x92, 0x8F, 0x7E, 0xC1, 0x41, 0xA0,
    0xC1, 0x4A, 0x98, 0x15, 0xB2, 0x81, 0x48, 0x39, 0x8D, 0x8C, 0x1B, 0x16, 0x59, 0x41, 0x55, 0x4E,
    0x71, 0xBC, 0x0B, 0x80, 0xFA, 0x48, 0x60, 0xC5, 0x2A, 0x29, 0x81, 0x64, 0x58, 0x49, 0x18, 0x90,
    0x83, 0x04, 0x37, 0xC6, 0x83, 0xAA, 0xC5, 0x87, 0x15, 0x5B, 0x35, 0x0E, 0xAE, 0xFF, 0x88, 0x3C,
    0xBC, 0xC3, 0xB7, 0x74, 0x93, 0x37, 0xA4, 0xAE, 0x3B, 0x38, 0x63, 0x53, 0xAB, 0x4F, 0x25, 0x93,
    0x11, 0x37, 0xE9, 0x7C, 0xBE, 0x12, 0x4F, 0x75, 0xED, 0xF9, 0x6D, 0xB1, 0x5B, 0xE3, 0x6D, 0xED,
    0x36, 0x4A, 0x4A, 0x4C, 0xAD, 0x56, 0xFD, 0x8F, 0x4F, 0x9B, 0xA6, 0x64, 0x02, 0x46, 0xB7, 0xB5,
    0xB6, 0xCD, 0x6F, 0x4F, 0xE3, 0x5B, 0xF3, 0xFB, 0xDD, 0xAA, 0x9A, 0xBE, 0x16, 0xBD, 0x85, 0xAA,
    0x6A, 0xE0, 0x7A, 0x42, 0x19, 0x31, 0xF3, 0xF5, 0xD4, 0xAA, 0x14, 0x8C, 0x53, 0xC7, 0x72, 0x94,
    0x69, 0xB0, 0x71, 0x7D, 0xB0, 0x39, 0x57, 0x82, 0x84, 0x3B, 0x93, 0xCE, 0x89, 0x23, 0x82, 0x1F,
    0x5F, 0xD9, 0xC2, 0x3D, 0x50, 0x22, 0xC3, 0x52, 0x2A, 0x7A, 0x18, 0x4E, 0x9C, 0xBE, 0x3A, 0xD6,
    0x22, 0x7B, 0x35, 0xAF, 0x53, 0x4C, 0x56, 0xEE, 0x8B, 0x83, 0x78, 0x36, 0xDB, 0x5D, 0x44, 0x09,
    0x04, 0xE1, 0xC6, 0x52, 0x35, 0x05, 0x53, 0x45, 0xE3, 0x98, 0x41, 0xD3, 0xBB, 0xD7, 0x82, 0xC2,
    0xB3, 0x05, 0xCF, 0x6F, 0x2C, 0xB1, 0x25, 0x01, 0xAC, 0xD2, 0x2B, 0x52, 0xA8, 0xC8, 0x42, 0x4C,
    0x81, 0x95, 0x00, 0xDB, 0x79, 0xE1, 0xF5, 0x2A, 0x79, 0x5D, 0x99, 0x8E, 0x72, 0x40, 0x8C, 0x92,
    0x42, 0x73, 0x5C, 0x76, 0xB0, 0xC8, 0xE0, 0x19, 0x4E, 0x3A, 0x26, 0x9D, 0x71, 0x3B, 0x59, 0x56,
    0x66, 0x92, 0xD2, 0xAD, 0x4B, 0x71, 0x48, 0x54, 0x5A, 0x95, 0x23, 0x11, 0xAA, 0x0D, 0x0B, 0xAF,
    0x3E, 0x44, 0x95, 0x2F, 0x1B, 0xA1, 0xA7, 0x3A, 0x39, 0xA5, 0x94, 0x31, 0x04, 0x39, 0x64, 0x27,
    0x5C, 0x1D, 0xB0, 0x73, 0xE4, 0x95, 0x99, 0x7F, 0x78, 0x6A, 0x6A, 0x5B, 0x07, 0xEC, 0xA5, 0xD4,
    0x7A, 0xD1, 0x8C, 0x92, 0x45, 0xE3, 0x88, 0xBC, 0x83, 0x03, 0x2D, 0x98, 0xAF, 0x30, 0x77, 0x98,
    0xDB, 0x81, 0x4D, 0xBC, 0xF4, 0xC8, 0x48, 0xA4, 0x62, 0x82, 0xC6, 0x21, 0x01, 0xCB, 0x1A, 0x39,
    0xA1, 0x20, 0x64, 0xC2, 0x61, 0xB5, 0xE1, 0xF0, 0x75, 0x3E, 0xBD, 0x75, 0xD3, 0x71, 0x83, 0x9C,
    0x23, 0xB1, 0x32, 0x7C, 0x26, 0xDC, 0x08, 0x89, 0xBF, 0xA8, 0x37, 0x63, 0xF5, 0xB4, 0xD7, 0x1A,
    0x16, 0xBA, 0xC9, 0x73, 0x4C, 0x80, 0x31, 0x20, 0xAC, 0x4D, 0x45, 0xBA, 0x7B, 0x40, 0x77, 0x01,
    0xF7, 0x50, 0x26, 0xF3, 0x0E, 0x7C, 0x7D, 0xEE, 0x44, 0xE2, 0x5B, 0x9E, 0x9E, 0xA4, 0x4E, 0x40,
    0xE9, 0xB8, 0x5B, 0xE3, 0xCA, 0x8A, 0x6F, 0xE1, 0xC0, 0x8C, 0x29, 0x60, 0x7C, 0x35, 0x28, 0x16,
    0x9C, 0x95, 0xCB, 0x29, 0x72, 0x63, 0xA0, 0x99, 0x9C, 0x45, 0x24, 0x05, 0x24, 0x54, 0xB9, 0x7D,
    0x48, 0x1E, 0xF4, 0xB9, 0x47, 0x22, 0xC9, 0x89, 0x70, 0xF2, 0x89, 0x93, 0x9E, 0x96, 0x81, 0x09,
    0x1E, 0xD9, 0x27, 0x92, 0x19, 0x7E, 0xE7, 0xA7, 0xAF, 0x2A, 0x61, 0x91, 0x11, 0x00, 0x90, 0xD9,
    0x08, 0x5F, 0x8A, 0xF8, 0xB8, 0x97, 0x58, 0x70, 0xEB, 0x89, 0x89, 0xA7, 0x15, 0x75, 0xF9, 0xBF,
    0x04, 0xA5, 0x39, 0x84, 0x05, 0xC3, 0x2A, 0x30, 0x18, 0x40, 0x60, 0x0C, 0x82, 0x18, 0xE0, 0x11,
    0x6F, 0x48, 0x8F, 0x4F, 0x68, 0x3A, 0x9E, 0xC1, 0x84, 0x41, 0x18, 0xAB, 0xCA, 0x8F, 0x97, 0x0A,
    0xA0, 0x28, 0x34, 0x0D, 0x3A, 0xE6, 0x35, 0x38, 0xD4, 0x44, 0xB6, 0xF1, 0xB6, 0xD7, 0xAD, 0xEC,
    0x6F, 0x66, 0x22, 0x50, 0x22, 0x2C, 0xAD, 0x9A, 0xCB, 0x29, 0x6D, 0xDF, 0x56, 0x5B, 0x8D, 0x19,
    0x22, 0x54, 0x88, 0x8C, 0x46, 0xCA, 0x22, 0xC4, 0x61, 0x08, 0x6A, 0x9F, 0x53, 0xA9, 0x16, 0x10,
    0xD6, 0x80, 0xE1, 0xD8, 0x0D, 0xF6, 0x0B, 0x9B, 0x50, 0xE1, 0x45, 0xE4, 0xE9, 0xD6, 0xE8, 0x9B,
    0x45, 0x23, 0xA6, 0xBC, 0xFE, 0xA7, 0x2E, 0xD8, 0x4D, 0x37, 0x6E, 0x6E, 0x29, 0x64, 0x54, 0xD4,
    0xC9, 0xBC, 0x1C, 0xE3, 0x6E, 0x34, 0x8A, 0xC5, 0x29, 0x29, 0x65, 0x20, 0x6D, 0x8B, 0x51, 0x5A,
    0x4D, 0x04, 0x9C, 0x6D, 0x49, 0xED, 0xA2, 0xA3, 0x08, 0x47, 0x18, 0x2C, 0xEE, 0xAA, 0x13, 0x04,
    0x01, 0x89, 0x08, 0x04, 0x22, 0xAC, 0xB5, 0xE0, 0xB6, 0xAB, 0xA6, 0xD4, 0xA9, 0xB6, 0x94, 0xD6,
    0xA9, 0x54, 0xB4, 0xA4, 0x30, 0x40, 0x5D, 0x55, 0x85, 0x1E, 0xAF, 0x89, 0x92, 0x30, 0x81, 0x8A,
    0x2D, 0x17, 0x05, 0x8C, 0x15, 0x6E, 0xEB, 0xD8, 0x78, 0xC7, 0x65, 0x99, 0x18, 0x31, 0x35, 0x40,
    0xC4, 0x92, 0x03, 0xD0, 0x6C, 0x42, 0xCD, 0xF2, 0xF4, 0xB2, 0x04, 0x8A, 0x46, 0x0D, 0x1B, 0x2E,
    0x06, 0x49, 0x92, 0x96, 0xE0, 0xA7, 0xE1, 0xD0, 0x60, 0xBA, 0xCA, 0x66, 0xAA, 0xD2, 0xD9, 0xA0,
    0xA0, 0xA1, 0x80, 0x48, 0x5D, 0x19, 0x24, 0x46, 0xE6, 0x2A, 0x21, 0xDD, 0xBA, 0x1D, 0x2C, 0x4D,
    0x23, 0xE7, 0x23, 0xE1, 0xCA, 0xF7, 0x61, 0xF5, 0x40, 0xE6, 0x1C, 0x8B, 0xF9, 0x38, 0x98, 0xF2,
    0x55, 0x3B, 0x37, 0x53, 0x7C, 0x26, 0x1E, 0xFA, 0x1C, 0x47, 0x2B, 0x88, 0x84, 0x53, 0xF9, 0x59,
    0x64, 0x30, 0x39, 0x81, 0xF0, 0xB6, 0x90, 0x2B, 0x49, 0x09, 0x44, 0x0D, 0x5E, 0x63, 0x8C, 0x4B,
    0x79, 0x03, 0x6C, 0xCB, 0xE7, 0x06, 0x18, 0xC0, 0x2E, 0x19, 0x06, 0x2F, 0xCF, 0x54, 0xB5, 0x54,
    0xB5, 0x54, 0x30, 0xBF, 0xE1, 0xD3, 0x67, 0x3B, 0x6D, 0x4D, 0x55, 0x37, 0x64, 0x2B, 0xA7, 0x77,
    0x54, 0xE0, 0x63, 0xD6, 0x9E, 0x46, 0xC9, 0xE8, 0x4D, 0xB2, 0x23, 0x4B, 0xAD, 0xFD, 0xA0, 0x0E,
    0x3B, 0xF3, 0xEB, 0x91, 0xA0, 0x25, 0x91, 0x06, 0xCA, 0xA3, 0x4C, 0x27, 0x91, 0x36, 0x76, 0xA3,
    0xDE, 0x5E, 0xBD, 0x83, 0xA7, 0x38, 0x9B, 0x46, 0xB5, 0x1E, 0x0E, 0x18, 0x30, 0x3C, 0x85, 0x8E,
    0x46, 0x9C, 0x1E, 0x31, 0xE6, 0x46, 0xB9, 0xD0, 0x97, 0x04, 0x90, 0x28, 0x8C, 0x95, 0x12, 0xA1,
    0x02, 0x00, 0xF8, 0x88, 0x05, 0x5C, 0x6E, 0x24, 0x05, 0xA5, 0xA9, 0xD0, 0x40, 0xDD, 0xEF, 0xE4,
    0x39, 0x43, 0x00, 0x48, 0xE4, 0x31, 0x44, 0x4E, 0x56, 0x15, 0xB1, 0xD6, 0x80, 0xBC, 0xB6, 0xE9,
    0xDB, 0x25, 0x32, 0x32, 0xC6, 0x44, 0x9F, 0x7B, 0x2E, 0x7B, 0x53, 0x35, 0xA4, 0x8C, 0x5F, 0xDB,
    0xA8, 0xAA, 0x1F, 0x0D, 0x68, 0xCA, 0x62, 0x65, 0xA7, 0xD4, 0xE5, 0x2E, 0x30, 0x5D, 0x17, 0x7D,
    0xC5, 0xB2, 0x9B, 0xDE, 0xC2, 0xC4, 0x1F, 0x7E, 0x5E, 0x69, 0x1B, 0x56, 0x31, 0x95, 0x61, 0x3B,
    0xC4, 0xC8, 0xF0, 0xEF, 0x26, 0xF2, 0x52, 0x26, 0xE6, 0xE6, 0x48, 0xC6, 0xC5, 0x64, 0x82, 0xF0,
    0x9C, 0x54, 0x89, 0x73, 0x16, 0x2D, 0xD8, 0x8A, 0x29, 0x8A, 0xCC, 0xDE, 0x1C, 0x95, 0x52, 0x93,
    0xCC, 0xEC, 0x60, 0x92, 0xF1, 0x42, 0xD4, 0xB1, 0x73, 0x92, 0xC5, 0x3E, 0xCB, 0x77, 0x7B, 0xD3,
    0xC7, 0x9D, 0xA3, 0x78, 0xE4, 0xFE, 0x7B, 0x66, 0xDD, 0x2F, 0x2D, 0x80, 0xF9, 0x9C, 0xC0, 0xAD,
    0xC9, 0xDA, 0xEF, 0x41, 0xAA, 0xEA, 0x64, 0x62, 0x66, 0x66, 0x34, 0xC4, 0xCE, 0x53, 0x27, 0x34,
    0x1D, 0x75, 0xCA, 0x4D, 0xE9, 0x67, 0xC1, 0xF6, 0x71, 0x92, 0x9A, 0x8E, 0x49, 0x5E, 0x16, 0x7E,
    0x5B, 0x77, 0xE7, 0x3B, 0xF4, 0x4D, 0xAB, 0x49, 0xDE, 0x40, 0x30, 0x02, 0x1C, 0x49, 0x24, 0x92,
    0x04, 0x06, 0x0C, 0x48, 0x83, 0x05, 0x8B, 0xB9, 0x62, 0xB7, 0x62, 0xA1, 0x63, 0x4E, 0xC8, 0xFA,
    0xCE, 0x25, 0x23, 0xDB, 0xB3, 0xFD, 0xE1, 0x0A, 0xAC, 0xD4, 0x3C, 0x4C, 0xCA, 0x92, 0x58, 0x24,
    0x88, 0x44, 0x30, 0x10, 0xB2, 0xD6, 0x25, 0x46, 0xA9, 0x85, 0x40, 0xA0, 0x0A, 0x10, 0x89, 0xE0,
    0x7D, 0xB8, 0x6D, 0x32, 0xD3, 0x98, 0x59, 0xC8, 0x93, 0x30, 0xE3, 0x55, 0xE5, 0x32, 0x98, 0x67,
    0xB9, 0x41, 0x92, 0x44, 0x4C, 0x0E, 0xA9, 0xAE, 0xBD, 0x35, 0x24, 0xD6, 0xA6, 0xA9, 0x6F, 0x04,
    0xE4, 0xF4, 0xEB, 0xC3, 0x08, 0x74, 0x21, 0xF6, 0xB3, 0x44, 0xA5, 0x74, 0x39, 0x8F, 0x0E, 0x43,
    0xC7, 0x1C, 0x38, 0xFB, 0x40, 0xD9, 0x88, 0x91, 0x91, 0x46, 0x0B, 0x68, 0x64, 0x7E, 0x3A, 0x17,
    0x00, 0x31, 0x59, 0x15, 0x4B, 0xD7, 0x84, 0x20, 0x10, 0x69, 0x8E, 0xED, 0x34, 0x9B, 0x70, 0x33,
    0xD6, 0x68, 0x14, 0x1E, 0x0F, 0x49, 0x20, 0x69, 0xAC, 0x79, 0x22, 0x21, 0xB6, 0x83, 0xC8, 0xF9,
    0x46, 0x39, 0x80, 0x3D, 0xE8, 0x0C, 0x54, 0xE9, 0x56, 0x2A, 0x08, 0x14, 0x10, 0x20, 0x41, 0x58,
    0x2C, 0x4A, 0x18, 0xE8, 0xD5, 0xCD, 0x54, 0xD2, 0xDB, 0x36, 0xDC, 0xD4, 0xAD, 0x64, 0xAA, 0xE5,
    0x53, 0x4A, 0xA3, 0xBA, 0x21, 0x98, 0x42, 0x17, 0x24, 0x24, 0x91, 0x77, 0xE2, 0x18, 0xCC, 0xED,
    0x91, 0x76, 0x28, 0x53, 0xDB, 0x3A, 0x68, 0x76, 0x61, 0x72, 0xD7, 0x9D, 0xEF, 0x3D, 0x58, 0xA7,
    0x8D, 0xD3, 0xDC, 0xE5, 0xB5, 0x56, 0x12, 0xC7, 0xE3, 0xDB, 0xC7, 0x7A, 0x85, 0xC3, 0x72, 0x05,
    0xC8, 0x24, 0x24, 0x24, 0xCF, 0xB6, 0x0C, 0xB3, 0x6C, 0x01, 0xB1, 0xDC, 0xBC, 0x90, 0x4E, 0xA5,
    0x1B, 0x02, 0x2E, 0x40, 0x53, 0x7A, 0x60, 0x81, 0x5C, 0xE1, 0xBA, 0xFC, 0x03, 0x62, 0xE8, 0x0D,
    0x60, 0xD6, 0x98, 0x65, 0x7A, 0x98, 0x8C, 0x21, 0xD0, 0x11, 0x71, 0xB9, 0x31, 0x2D, 0x49, 0x97,
    0x1C, 0x87, 0x62, 0xB5, 0x78, 0x1B, 0x71, 0xA7, 0xCA, 0xDA, 0x19, 0x63, 0x30, 0xA3, 0xC5, 0x9D,
    0x8A, 0x33, 0x49, 0xE0, 0x84, 0x3B, 0xF7, 0xDE, 0x2C, 0x2C, 0x61, 0x8B, 0xC4, 0x3B, 0x5F, 0x1E,
    0xD5, 0x5C, 0xC4, 0x94, 0xDF, 0x03, 0x19, 0x1E, 0xCA, 0xC9, 0xEA, 0x08, 0x83, 0xB5, 0xCE, 0x07,
    0xA6, 0xC2, 0x6F, 0x7D, 0x02, 0x4C, 0x25, 0x6E, 0x11, 0x7F, 0x75, 0xD8, 0x7C, 0x5E, 0xEF, 0x37,
    0x25, 0x3B, 0x44, 0x3A, 0x18, 0x81, 0xA0, 0xA8, 0x51, 0x2C, 0x88, 0x62, 0x28, 0xC5, 0x5B, 0x35,
    0x06, 0x53, 0xCB, 0x72, 0x1E, 0x5D, 0x86, 0x7A, 0xA5, 0x83, 0x62, 0xF2, 0xD8, 0x9D, 0x05, 0xEA,
    0x8E, 0x48, 0x31, 0xC4, 0xBC, 0x52, 0xB1, 0x72, 0xD0, 0x55, 0x24, 0xB4, 0x82, 0x22, 0xD6, 0xBB,
    0x44, 0xF6, 0xE6, 0xE5, 0xBC, 0xB4, 0x59, 0x5B, 0xC1, 0x5C, 0x6E, 0xA5, 0xC5, 0xCC, 0xD9, 0x26,
    0x56, 0x64, 0xD2, 0x69, 0x0C, 0xD3, 0x18, 0x4B, 0x64, 0x82, 0x65, 0x23, 0x96, 0x0A, 0x0B, 0x21,
    0x20, 0x42, 0x41, 0x3A, 0xC6, 0x49, 0x23, 0x54, 0xC0, 0x30, 0xC5, 0xC1, 0xA9, 0x58, 0x17, 0x18,
    0x06, 0x82, 0x48, 0x30, 0x65, 0x1C, 0x0B, 0x82, 0x21, 0x3C, 0x5E, 0x5E, 0x4D, 0x2C, 0x40, 0x1A,
    0x4C, 0x34, 0x26, 0x80, 0x13, 0x6F, 0x69, 0xC1, 0x36, 0x76, 0x98, 0x66, 0x19, 0x58, 0x64, 0x15,
    0x24, 0xB3, 0xA6, 0x63, 0x70, 0xB6, 0xF6, 0x16, 0xD6, 0x71, 0xEA, 0x0D, 0xEC, 0xF4, 0x8B, 0xAE,
    0x9B, 0x66, 0x04, 0x86, 0x4A, 0xA8, 0x46, 0x24, 0x93, 0x08, 0xD5, 0xC6, 0xDC, 0x54, 0x6B, 0x14,
    0xC9, 0x48, 0x99, 0x1A, 0xB0, 0x8C, 0xC9, 0x33, 0x56, 0x32, 0x5E, 0x9C, 0xE1, 0x48, 0x9A, 0x55,
    0x31, 0x19, 0x92, 0x65, 0xAC, 0x22, 0x13, 0x22, 0x87, 0x46, 0x82, 0xEE, 0x39, 0x10, 0xA1, 0x48,
    0x29, 0x05, 0x75, 0x0D, 0x40, 0x6A, 0x00, 0xCC, 0xC0, 0x18, 0x0A, 0x6E, 0x37, 0x00, 0xC1, 0xD5,
    0x6C, 0x1A, 0x44, 0xA5, 0xA1, 0xA4, 0x30, 0x31, 0x0F, 0x1B, 0x2F, 0x4B, 0x6C, 0xB5, 0xDA, 0xCB,
    0x6E, 0xAE, 0x45, 0x24, 0x49, 0x13, 0x5A, 0xF3, 0xF7, 0xCF, 0xD5, 0x62, 0x29, 0x8A, 0x5B, 0x61,
    0x4E, 0x90, 0x4B, 0xC1, 0x56, 0xE0, 0x0C, 0x82, 0xB0, 0x58, 0xB8, 0x11, 0x03, 0x27, 0x51, 0x88,
    0x48, 0xD2, 0xEC, 0x37, 0x14, 0x9E, 0x68, 0x95, 0x02, 0x04, 0x36, 0xAA, 0x90, 0xE1, 0x2A, 0x01,
    0x28, 0x87, 0x40, 0xD1, 0x41, 0x07, 0x0D, 0xCA, 0x95, 0x98, 0xBE, 0x41, 0xEE, 0xCD, 0xE4, 0xC3,
    0x23, 0x9A, 0x9B, 0x9E, 0x9C, 0x2B, 0x53, 0x04, 0xCB, 0x40, 0x30, 0x03, 0xD6, 0xD7, 0x8B, 0xC7,
    0x88, 0x43, 0x8A, 0x8F, 0x7F, 0x5F, 0x07, 0xB2, 0x1C, 0x6F, 0x68, 0xDC, 0xFE, 0x2A, 0x16, 0x92,
    0x24, 0x8C, 0x75, 0x4A, 0xA8, 0x43, 0x00, 0x28, 0x00, 0x84, 0x52, 0xE2, 0x74, 0xA2, 0x3F, 0x6D,
    0x22, 0xB8, 0x31, 0x4C, 0x39, 0x9D, 0xBB, 0xE0, 0x42, 0x23, 0x68, 0x06, 0x20, 0x08, 0xDE, 0x01,
    0xC1, 0x14, 0x61, 0x10, 0x8B, 0x6B, 0x0B, 0xA5, 0xA4, 0x39, 0x27, 0x39, 0x63, 0xF2, 0x17, 0x46,
    0x23, 0xE4, 0xEF, 0x25, 0x1E, 0x5D, 0xDD, 0xC3, 0xD7, 0x81, 0x11, 0x89, 0xB5, 0xD8, 0xF4, 0xEC,
    0xEB, 0x3C, 0xF3, 0x1A, 0x19, 0xCE, 0x02, 0xC2, 0x06, 0x55, 0x54, 0xCA, 0xAA, 0x95, 0x55, 0x00,
    0x68, 0xAD, 0x6E, 0x5C, 0xE6, 0xE6, 0xAA, 0x6B, 0x95, 0x66, 0x6D, 0xB1, 0xCD, 0xEB, 0xF2, 0xE6,
    0x10, 0x20, 0x1D, 0x68, 0x10, 0x66, 0xAA, 0x93, 0xB0, 0x5D, 0xDD, 0x63, 0x2C, 0xD2, 0x98, 0x64,
    0x80, 0xE9, 0xF6, 0x8F, 0x9E, 0xA4, 0xB2, 0x46, 0xE1, 0x9F, 0x14, 0x45, 0x30, 0xF9, 0x20, 0x11,
    0x69, 0xC0, 0x65, 0xA9, 0x0E, 0x02, 0x81, 0xE2, 0x79, 0x7C, 0xC6, 0x03, 0xE3, 0x1C, 0x06, 0xDC,
    0xA0, 0x8E, 0xF9, 0xE8, 0xCD, 0x30, 0xA8, 0xA6, 0xC4, 0x19, 0x02, 0x44, 0xC5, 0x05, 0x32, 0x12,
    0x47, 0x8D, 0x56, 0x92, 0xAE, 0x8F, 0x1E, 0x5E, 0xC4, 0xB6, 0xFB, 0x1B, 0xE1, 0x74, 0x60, 0x48,
    0x10, 0x84, 0x18, 0x48, 0x71, 0x11, 0x20, 0x8D, 0x04, 0x58, 0x24, 0x01, 0x23, 0x55, 0x68, 0xEB,
    0x3D, 0x84, 0x66, 0xBA, 0x58, 0x1D, 0x9A, 0x62, 0x21, 0x49, 0x15, 0x40, 0xA8, 0x43, 0x24, 0x05,
    0xE3, 0x19, 0xF0, 0x3B, 0x26, 0x89, 0x67, 0xAB, 0xCA, 0xA9, 0xA8, 0x53, 0x44, 0xA9, 0x39, 0x96,
    0x59, 0x08, 0xF5, 0x5A, 0x06, 0x03, 0x07, 0x04, 0x50, 0xB2, 0x00, 0x47, 0x60, 0x37, 0x8F, 0x47,
    0xE9, 0x02, 0x05, 0x9F, 0x94, 0x89, 0xC9, 0xF9, 0x7E, 0x9E, 0x1E, 0x08, 0x4B, 0x01, 0xF4, 0xD1,
    0x3F, 0xF8, 0x3A, 0xE3, 0xAA, 0x78, 0x08, 0x85, 0x75, 0x49, 0xD9, 0x07, 0xC0, 0x0B, 0x48, 0xE0,
    0x41, 0x45, 0x68, 0x60, 0x85, 0xD0, 0x31, 0x1F, 0x7D, 0x53, 0xB6, 0x2C, 0xB2, 0x42, 0xCD, 0x36,
    0x96, 0x99, 0x4B, 0x69, 0xA4, 0xCD, 0x6D, 0x2A, 0x40, 0xFC, 0x9D, 0x01, 0xE4, 0x43, 0x9F, 0x51,
    0xB6, 0xBA, 0x08, 0x81, 0xED, 0xC3, 0xFB, 0xDE, 0xFA, 0x35, 0x22, 0xC9, 0x03, 0xD4, 0x4A, 0xA7,
    0x10, 0xA7, 0x14, 0x06, 0x41, 0x06, 0x41, 0x13, 0xE4, 0x2A, 0x80, 0x03, 0x94, 0x0D, 0xDE, 0x0F,
    0x55, 0x36, 0xA7, 0x2F, 0xCA, 0x1F, 0x0F, 0xB3, 0xDB, 0xB1, 0x5C, 0x40, 0xEF, 0x05, 0x66, 0xE7,
    0x12, 0x25, 0xD9, 0x7B, 0xBA, 0x85, 0x03, 0x4E, 0xFC, 0xDC, 0x31, 0x81, 0xCD, 0x38, 0x43, 0x91,
    0x1E, 0x52, 0x55, 0x80, 0xE1, 0xE4, 0xA4, 0x4D, 0xC3, 0x3C, 0x00, 0x40, 0x8B, 0x51, 0x15, 0x49,
    0xBA, 0x90, 0x17, 0xBB, 0xEE, 0xDB, 0x56, 0x5C, 0x5A, 0x8C, 0x5D, 0x0A, 0xC0, 0x7F, 0x7A, 0x2A,
    0x9B, 0x3A, 0x4C, 0x0E, 0xAE, 0x84, 0x0F, 0xC9, 0x13, 0xDA, 0x03, 0x75, 0xBB, 0x32, 0xDA, 0xB8,
    0x83, 0x9C, 0xCD, 0x6E, 0x59, 0x69, 0xB5, 0xAD, 0xC3, 0x75, 0xEE, 0x33, 0xBF, 0x7D, 0xFB, 0xB9,
    0x8A, 0xCB, 0x98, 0x08, 0xCC, 0x3E, 0x24, 0x0F, 0xA6, 0x20, 0x7E, 0x4E, 0xBF, 0x25, 0xA6, 0xE2,
    0x30, 0x10, 0x7A, 0xB0, 0x05, 0x68, 0x81, 0xED, 0x28, 0xB1, 0x3B, 0x14, 0x1D, 0xB2, 0x55, 0x16,
    0xBE, 0x32, 0x2E, 0xB5, 0x09, 0x08, 0x92, 0x54, 0xE9, 0x55, 0xF3, 0xC4, 0x44, 0x10, 0xF1, 0x48,
    0x6F, 0x50, 0xDB, 0x04, 0xA3, 0x86, 0x17, 0x31, 0x10, 0xE7, 0x30, 0x94, 0x29, 0xB8, 0xDC, 0x60,
    0xF4, 0xC3, 0x44, 0x4E, 0x9B, 0xCF, 0xB4, 0x1B, 0x4A, 0x0C, 0x57, 0x4D, 0x09, 0x75, 0xF5, 0x5E,
    0xB6, 0xB5, 0x5B, 0xF4, 0xBC, 0xA9, 0x87, 0x96, 0x20, 0x1F, 0xEB, 0x04, 0x37, 0x43, 0xD3, 0x30,
    0xC1, 0x0E, 0xC0, 0xBC, 0x29, 0x37, 0xC1, 0xC2, 0x05, 0x41, 0x78, 0x87, 0xAB, 0xFB, 0x31, 0xCA,
    0xDB, 0xF9, 0x53, 0x8E, 0xA1, 0xBC, 0xC7, 0x2E, 0x59, 0x83, 0xCF, 0x2C, 0x81, 0xED, 0xCD, 0x28,
    0x69, 0x93, 0x6A, 0x1A, 0x87, 0x21, 0x62, 0x1B, 0x4A, 0x36, 0xA6, 0xF6, 0xA0, 0x6A, 0xB0, 0x0C,
    0xF6, 0xFC, 0x68, 0x7D, 0x04, 0xB1, 0x21, 0x00, 0x84, 0x03, 0x39, 0xDD, 0x4A, 0x69, 0x01, 0x93,
    0x4E, 0x04, 0x92, 0x49, 0xE4, 0x8E, 0x8B, 0x7C, 0x48, 0x0C, 0x5D, 0xC8, 0x7E, 0xD8, 0xA5, 0x62,
    0x57, 0xDD, 0x30, 0x4F, 0x9F, 0x2F, 0xAF, 0xC9, 0x78, 0x37, 0x25, 0xB5, 0xFD, 0x6C, 0x62, 0xB7,
    0xCF, 0x68, 0xB1, 0x69, 0xF8, 0xBC, 0xD7, 0x14, 0x6E, 0x9C, 0x68, 0xAE, 0x38, 0x8B, 0x1A, 0x28,
    0xA2, 0x8B, 0x1A, 0x28, 0xB8, 0xB6, 0xE3, 0x6D, 0xC7, 0x1A, 0x38, 0xDF, 0x80, 0xBD, 0x49, 0x77,
    0x6E, 0x95, 0xDD, 0x57, 0x77, 0x14, 0x5D, 0x4D, 0xB4, 0xD4, 0x4B, 0x8B, 0xAA, 0xC9, 0x0F, 0x69,
    0x0B, 0x89, 0x69, 0x2C, 0x85, 0x44, 0xBC, 0xA9, 0x2D, 0x24, 0xC2, 0x56, 0xB6, 0xEE, 0xA3, 0x06,
    0x88, 0xC5, 0x8C, 0x63, 0x44, 0x55, 0xF9, 0x4B, 0x5C, 0x85, 0x86, 0x50, 0xC7, 0x13, 0x2B, 0xD2,
    0x49, 0x22, 0x06, 0xB9, 0x81, 0x4B, 0x3D, 0x92, 0x8D, 0xA0, 0x62, 0xD0, 0xAB, 0x81, 0x98, 0x05,
    0xC6, 0x40, 0xA2, 0xAB, 0x24, 0xFF, 0xDA, 0xA0, 0x2C, 0xE3, 0x61, 0x59, 0x2A, 0x0A, 0x07, 0x28,
    0xD5, 0xD2, 0xB7, 0x15, 0x77, 0x6D, 0xD9, 0xAE, 0x9C, 0x6B, 0x8E, 0x35, 0xC7, 0x1A, 0xE3, 0x8B,
    0xC8, 0xD8, 0x81, 0x8C, 0x58, 0x69, 0x00, 0xD6, 0xD8, 0x05, 0xC9, 0x0A, 0x56, 0x5E, 0x0C, 0xC1,
    0x44, 0x52, 0x47, 0x5A, 0x02, 0xE0, 0x16, 0x3A, 0x40, 0x33, 0x5A, 0x02, 0xE0, 0x16, 0x3A, 0x12,
    0x43, 0x64, 0x14, 0x9B, 0xDF, 0x4A, 0x5D, 0x07, 0x2C, 0x86, 0x98, 0xDE, 0x50, 0x20, 0xC0, 0x04,
    0xF1, 0xD1, 0xF0, 0xC2, 0x43, 0xE7, 0x83, 0x7A, 0x49, 0x24, 0x91, 0x20, 0x31, 0x31, 0x8C, 0x8E,
    0xD4, 0x3A, 0x0E, 0x63, 0xA0, 0xF1, 0xC0, 0x9D, 0xAD, 0x22, 0x0B, 0x6B, 0x78, 0xCF, 0x7D, 0x10,
    0xBE, 0x01, 0x21, 0x1F, 0x2D, 0xAC, 0xDF, 0x4A, 0x5B, 0x08, 0xB2, 0xF8, 0x6D, 0x68, 0x6C, 0xA1,
    0xD1, 0x92, 0x22, 0x45, 0x4A, 0x87, 0x66, 0x78, 0x78, 0x8B, 0xB9, 0x74, 0x88, 0x7A, 0x29, 0x9F,
    0x70, 0x6F, 0xB1, 0x9E, 0x60, 0xDE, 0xFB, 0xFB, 0xBB, 0x3D, 0xDF, 0xD9, 0x38, 0xC8, 0xDC, 0xAF,
    0x6A, 0x91, 0x86, 0xB9, 0xA6, 0xAA, 0xAF, 0x4B, 0xF9, 0xFC, 0xDE, 0x6E, 0xB6, 0xDD, 0xF6, 0xAB,
    0x7B, 0x72, 0x04, 0xA6, 0x4C, 0xF0, 0xF6, 0xB1, 0x7F, 0xD2, 0x3E, 0xCB, 0x24, 0xE2, 0x79, 0xE0,
    0xE5, 0x88, 0x4D, 0xDC, 0x81, 0x9A, 0x49, 0x24, 0x93, 0x86, 0xE3, 0x7C, 0xE8, 0x51, 0xC2, 0x10,
    0x55, 0x7D, 0x77, 0x1E, 0x31, 0xFB, 0x10, 0xEE, 0x2C, 0x77, 0x41, 0x44, 0x92, 0x94, 0xA5, 0x90,
    0xA2, 0x0F, 0xE1, 0x01, 0xFF, 0xF1, 0x77, 0x24, 0x53, 0x85, 0x09, 0x0F, 0x07, 0xFF, 0x73, 0xB0,
    0x00, 0x00, 0x00, 0x00, 0x00, 0x00, 0x00, 0x00, 0x00, 0x00, 0x00, 0x00, 0x00, 0x00, 0x00, 0x00,
    0x00, 0x00, 0x00, 0x00, 0x00, 0x00, 0x00, 0x00, 0x00, 0x00, 0x00, 0x00, 0x00, 0x00, 0x00, 0x00,
    0x00, 0x00, 0x00, 0x00, 0x00, 0x00, 0x00, 0x00, 0x00, 0x00, 0x00, 0x00, 0x00, 0x00, 0x00, 0x00,
    0x00, 0x00, 0x00, 0x00, 0x00, 0x00, 0x00, 0x00, 0x00, 0x00, 0x00, 0x00, 0x00, 0x00, 0x00, 0x00,
    0x00, 0x00, 0x00, 0x00, 0x00, 0x00, 0x00, 0x00, 0x00, 0x00, 0x00, 0x00, 0x00, 0x00, 0x00, 0x00,
    0x00, 0x00, 0x00, 0x00, 0x00, 0x00, 0x00, 0x00, 0x00, 0x00, 0x00, 0x00, 0x00, 0x00, 0x00, 0x00,
    0x00, 0x00, 0x00, 0x00, 0x00, 0x00, 0x00, 0x00, 0x00, 0x00, 0x00, 0x00, 0x00, 0x00, 0x00, 0x00,
    0x00, 0x00, 0x00, 0x00, 0x00, 0x00, 0x00, 0x00, 0x00, 0x00, 0x00, 0x00, 0x00, 0x00, 0x00, 0x00,
    0x00, 0x00, 0x00, 0x00, 0x00, 0x00, 0x00, 0x00, 0x00, 0x00, 0x00, 0x00, 0x00, 0x00, 0x00, 0x00,
    0x00, 0x00, 0x00, 0x00, 0x00, 0x00, 0x00, 0x00, 0x00, 0x00, 0x00, 0x00, 0x00, 0x00, 0x00, 0x00,
    0x00, 0x00, 0x00, 0x00, 0x00, 0x00, 0x00, 0x00, 0x00, 0x00, 0x00, 0x00, 0x00, 0x00, 0x00, 0x00,
    0x00, 0x00, 0x00, 0x00, 0x00, 0x00, 0x00, 0x00, 0x00, 0x00, 0x00, 0x00, 0x00, 0x00, 0x00, 0x00,
    0x00, 0x00, 0x00, 0x00, 0x00, 0x00, 0x00, 0x00, 0x00, 0x00, 0x00, 0x00, 0x00, 0x00, 0x00, 0x00,
    0x00, 0x00, 0x00, 0x00, 0x00, 0x00, 0x00, 0x00, 0x00, 0x00, 0x00, 0x00, 0x00, 0x00, 0x00, 0x00,
    0x00, 0x00, 0x00, 0x00, 0x00, 0x00, 0x00, 0x00, 0x00, 0x00, 0x00, 0x00, 0x00, 0x00, 0x00, 0x00,
    0x00, 0x00, 0x00, 0x00, 0x00, 0x00, 0x00, 0x00, 0x00, 0x00, 0x00, 0x00, 0x00, 0x00, 0x00, 0x00,
    0x00, 0x00, 0x00, 0x00, 0x00, 0x00, 0x00, 0x00, 0x00, 0x00, 0x00, 0x00, 0x00, 0x00, 0x00, 0x00,
    0x00, 0x00, 0x00, 0x00, 0x00, 0x00, 0x00, 0x00, 0x00, 0x00, 0x00, 0x00, 0x00, 0x00, 0x00, 0x00,
    0x00, 0x00, 0x00, 0x00, 0x00, 0x00, 0x00, 0x00, 0x00, 0x00, 0x00, 0x00, 0x00, 0x00, 0x00, 0x00,
    0x00, 0x00, 0x00, 0x00, 0x00, 0x00, 0x00, 0x00, 0x00, 0x00, 0x00, 0x00, 0x00, 0x00, 0x00, 0x00,
    0x00, 0x00, 0x00, 0x00, 0x00, 0x00, 0x00, 0x00, 0x00, 0x00, 0x00, 0x00, 0x00, 0x00, 0x00, 0x00,
    0x00, 0x00, 0x00, 0x00, 0x00, 0x00, 0x00, 0x00, 0x00, 0x00, 0x00, 0x00, 0x00, 0x00, 0x00, 0x00,
    0x00, 0x00, 0x00, 0x00, 0x00, 0x00, 0x00, 0x00, 0x00, 0x00, 0x00, 0x00, 0x00, 0x00, 0x00, 0x00,
    0x00, 0x00, 0x00, 0x00, 0x00, 0x00, 0x00, 0x00, 0x00, 0x00, 0x00, 0x00, 0x00, 0x00, 0x00, 0x00,
    0x00, 0x00, 0x00, 0x00, 0x00, 0x00, 0x00, 0x00, 0x00, 0x00, 0x00, 0x00, 0x00, 0x00, 0x00, 0x00,
    0x00, 0x00, 0x00, 0x00, 0x00, 0x00, 0x00, 0x00, 0x00, 0x00, 0x00, 0x00, 0x00, 0x00, 0x00, 0x00,
    0x00, 0x00, 0x00, 0x00, 0x00, 0x00, 0x00, 0x00, 0x00, 0x00, 0x00, 0x00, 0x00, 0x00, 0x00, 0x00,
    0x00, 0x00, 0x00, 0x00, 0x00, 0x00, 0x00, 0x00, 0x00, 0x00, 0x00, 0x00, 0x00, 0x00, 0x00, 0x00,
    0x00, 0x00, 0x00, 0x00, 0x00, 0x00, 0x00, 0x00, 0x00, 0x00, 0x00, 0x00, 0x00, 0x00, 0x00, 0x00,
    0x00, 0x00, 0x00, 0x00, 0x00, 0x00, 0x00, 0x00, 0x00, 0x00, 0x00, 0x00, 0x00, 0x00, 0x00, 0x00,
    0x00, 0x00, 0x00, 0x00, 0x00, 0x00, 0x00, 0x00, 0x00, 0x00, 0x00, 0x00, 0x00, 0x00, 0x00, 0x00,
    0x00, 0x00, 0x00, 0x00, 0x00, 0x00, 0x00, 0x00, 0x00, 0x00, 0x00, 0x00, 0x00, 0x00, 0x00, 0x00,
    0x00, 0x00, 0x00, 0x00, 0x00, 0x00, 0x00, 0x00, 0x00, 0x00, 0x00, 0x00, 0x00, 0x00, 0x00, 0x00,
    0x00, 0x00, 0x00, 0x00, 0x00, 0x00, 0x00, 0x00, 0x00, 0x00, 0x00, 0x00, 0x00, 0x00, 0x00, 0x00,
    0x00, 0x00, 0x00, 0x00, 0x00, 0x00, 0x00, 0x00, 0x00, 0x00, 0x00, 0x00, 0x00, 0x00, 0x00, 0x00,
    0x00, 0x00, 0x00, 0x00, 0x00, 0x00, 0x00, 0x00, 0x00, 0x00, 0x00, 0x00, 0x00, 0x00, 0x00, 0x00,
    0x00, 0x00, 0x00, 0x00, 0x00, 0x00, 0x00, 0x00, 0x00, 0x00, 0x00, 0x00, 0x00, 0x00, 0x00, 0x00,
    0x00, 0x00, 0x00, 0x00, 0x00, 0x00, 0x00, 0x00, 0x00, 0x00, 0x00, 0x00, 0x00, 0x00, 0x00, 0x00,
    0x00, 0x00, 0x00, 0x00, 0x00, 0x00, 0x00, 0x00, 0x00, 0x00, 0x00, 0x00, 0x00, 0x00, 0x00, 0x00,
    0x00, 0x00, 0x00, 0x00, 0x00, 0x00, 0x00, 0x00, 0x00, 0x00, 0x00, 0x00, 0x00, 0x00, 0x00, 0x00,
    0x00, 0x00, 0x00, 0x00, 0x00, 0x00, 0x00, 0x00, 0x00, 0x00, 0x00, 0x00, 0x00, 0x00, 0x00, 0x00,
    0x00, 0x00, 0x00, 0x00, 0x00, 0x00, 0x00, 0x00, 0x00, 0x00, 0x00, 0x00, 0x00, 0x00, 0x00, 0x00,
    0x00, 0x00, 0x00, 0x00, 0x00, 0x00, 0x00, 0x00, 0x00, 0x00, 0x00, 0x00, 0x00, 0x00, 0x00, 0x00,
    0x00, 0x00, 0x00, 0x00, 0x00, 0x00, 0x00, 0x00, 0x00, 0x00, 0x00, 0x00, 0x00, 0x00, 0x00, 0x00,
    0x00, 0x00, 0x00, 0x00, 0x00, 0x00, 0x00, 0x00, 0x00, 0x00, 0x00, 0x00, 0x00, 0x00, 0x00, 0x00,
    0x00, 0x00, 0x00, 0x00, 0x00, 0x00, 0x00, 0x00, 0x00, 0x00, 0x00, 0x00, 0x00, 0x00, 0x00, 0x00,
    0x00, 0x00, 0x00, 0x00, 0x00, 0x00, 0x00, 0x00, 0x00, 0x00, 0x00, 0x00, 0x00, 0x00, 0x00, 0x00,
    0x00, 0x00, 0x00, 0x00, 0x00, 0x00, 0x00, 0x00, 0x00, 0x00, 0x00, 0x00, 0x00, 0x00, 0x00, 0x00,
    0x00, 0x00, 0x00, 0x00, 0x00, 0x00, 0x00, 0x00, 0x00, 0x00, 0x00, 0x00, 0x00, 0x00, 0x00, 0x00,
    0x00, 0x00, 0x00, 0x00, 0x00, 0x00, 0x00, 0x00, 0x00, 0x00, 0x00, 0x00, 0x00, 0x00, 0x00, 0x00,
    0x00, 0x00, 0x00, 0x00, 0x00, 0x00, 0x00, 0x00, 0x00, 0x00, 0x00, 0x00, 0x00, 0x00, 0x00, 0x00,
    0x00, 0x00, 0x00, 0x00, 0x00, 0x00, 0x00, 0x00, 0x00, 0x00, 0x00, 0x00, 0x00, 0x00, 0x00, 0x00,
    0x00, 0x00, 0x00, 0x00, 0x00, 0x00, 0x00, 0x00, 0x00, 0x00, 0x00, 0x00, 0x00, 0x00, 0x00, 0x00,
    0x00, 0x00, 0x00, 0x00, 0x00, 0x00, 0x00, 0x00, 0x00, 0x00, 0x00, 0x00, 0x00, 0x00, 0x00, 0x00,
    0x00, 0x00, 0x00, 0x00, 0x00, 0x00, 0x00, 0x00, 0x00, 0x00, 0x00, 0x00, 0x00, 0x00, 0x00, 0x00,
    0x00, 0x00, 0x00, 0x00, 0x00, 0x00, 0x00, 0x00, 0x00, 0x00, 0x00, 0x00, 0x00, 0x00, 0x00, 0x00,
    0x00, 0x00, 0x00, 0x00, 0x00, 0x00, 0x00, 0x00, 0x00, 0x00, 0x00, 0x00, 0x00, 0x00, 0x00, 0x00,
    0x00, 0x00, 0x00, 0x00, 0x00, 0x00, 0x00, 0x00, 0x00, 0x00, 0x00, 0x00, 0x00, 0x00, 0x00, 0x00,
    0x00, 0x00, 0x00, 0x00, 0x00, 0x00, 0x00, 0x00, 0x00, 0x00, 0x00, 0x00, 0x00, 0x00, 0x00, 0x00,
    0x00, 0x00, 0x00, 0x00, 0x00, 0x00, 0x00, 0x00, 0x00, 0x00, 0x00, 0x00, 0x00, 0x00, 0x00, 0x00,
    0x00, 0x00, 0x00, 0x00, 0x00, 0x00, 0x00, 0x00, 0x00, 0x00, 0x00, 0x00, 0x00, 0x00, 0x00, 0x00,
    0x00, 0x00, 0x00, 0x00, 0x00, 0x00, 0x00, 0x00, 0x00, 0x00, 0x00, 0x00, 0x00, 0x00, 0x00, 0x00,
    0x00, 0x00, 0x00, 0x00, 0x00, 0x00, 0x00, 0x00, 0x00, 0x00, 0x00, 0x00, 0x00, 0x00, 0x00, 0x00,
    0x00, 0x00, 0x00, 0x00, 0x00, 0x00, 0x00, 0x00, 0x00, 0x00, 0x00, 0x00, 0x00, 0x00, 0x00, 0x00,
    0x00, 0x00, 0x00, 0x00, 0x00, 0x00, 0x00, 0x00, 0x00, 0x00, 0x00, 0x00, 0x00, 0x00, 0x00, 0x00,
    0x00, 0x00, 0x00, 0x00, 0x00, 0x00, 0x00, 0x00, 0x00, 0x00, 0x00, 0x00, 0x00, 0x00, 0x00, 0x00,
    0x00, 0x00, 0x00, 0x00, 0x00, 0x00, 0x00, 0x00, 0x00, 0x00, 0x00, 0x00, 0x00, 0x00, 0x00, 0x00,
    0x00, 0x00, 0x00, 0x00, 0x00, 0x00, 0x00, 0x00, 0x00, 0x00, 0x00, 0x00, 0x00, 0x00, 0x00, 0x00,
    0x00, 0x00, 0x00, 0x00, 0x00, 0x00, 0x00, 0x00, 0x00, 0x00, 0x00, 0x00, 0x00, 0x00, 0x00, 0x00,
    0x00, 0x00, 0x00, 0x00, 0x00, 0x00, 0x00, 0x00, 0x00, 0x00, 0x00, 0x00, 0x00, 0x00, 0x00, 0x00,
    0x00, 0x00, 0x00, 0x00, 0x00, 0x00, 0x00, 0x00, 0x00, 0x00, 0x00, 0x00, 0x00, 0x00, 0x00, 0x00,
    0x00, 0x00, 0x00, 0x00, 0x00, 0x00, 0x00, 0x00, 0x00, 0x00, 0x00, 0x00, 0x00, 0x00, 0x00, 0x00,
    0x00, 0x00, 0x00, 0x00, 0x00, 0x00, 0x00, 0x00, 0x00, 0x00, 0x00, 0x00, 0x00, 0x00, 0x00, 0x00,
    0x00, 0x00, 0x00, 0x00, 0x00, 0x00, 0x00, 0x00, 0x00, 0x00, 0x00, 0x00, 0x00, 0x00, 0x00, 0x00,
    0x00, 0x00, 0x00, 0x00, 0x00, 0x00, 0x00, 0x00, 0x00, 0x00, 0x00, 0x00, 0x00, 0x00, 0x00, 0x00,
    0x00, 0x00, 0x00, 0x00, 0x00, 0x00, 0x00, 0x00, 0x00, 0x00, 0x00, 0x00, 0x00, 0x00, 0x00, 0x00,
    0x00, 0x00, 0x00, 0x00, 0x00, 0x00, 0x00, 0x00, 0x00, 0x00, 0x00, 0x00, 0x00, 0x00, 0x00, 0x00,
    0x00, 0x00, 0x00, 0x00, 0x00, 0x00, 0x00, 0x00, 0x00, 0x00, 0x00, 0x00, 0x00, 0x00, 0x00, 0x00,
    0x00, 0x00, 0x00, 0x00, 0x00, 0x00, 0x00, 0x00, 0x00, 0x00, 0x00, 0x00, 0x00, 0x00, 0x00, 0x00,
    0x00, 0x00, 0x00, 0x00, 0x00, 0x00, 0x00, 0x00, 0x00, 0x00, 0x00, 0x00, 0x00, 0x00, 0x00, 0x00,
    0x00, 0x00, 0x00, 0x00, 0x00, 0x00, 0x00, 0x00, 0x00, 0x00, 0x00, 0x00, 0x00, 0x00, 0x00, 0x00,
    0x00, 0x00, 0x00, 0x00, 0x00, 0x00, 0x00, 0x00, 0x00, 0x00, 0x00, 0x00, 0x00, 0x00, 0x00, 0x00,
    0x00, 0x00, 0x00, 0x00, 0x00, 0x00, 0x00, 0x00, 0x00, 0x00, 0x00, 0x00, 0x00, 0x00, 0x00, 0x00,
    0x00, 0x00, 0x00, 0x00, 0x00, 0x00, 0x00, 0x00, 0x00, 0x00, 0x00, 0x00, 0x00, 0x00, 0x00, 0x00,
    0x00, 0x00, 0x00, 0x00, 0x00, 0x00, 0x00, 0x00, 0x00, 0x00, 0x00, 0x00, 0x00, 0x00, 0x00, 0x00,
    0x00, 0x00, 0x00, 0x00, 0x00, 0x00, 0x00, 0x00, 0x00, 0x00, 0x00, 0x00, 0x00, 0x00, 0x00, 0x00,
    0x00, 0x00, 0x00, 0x00, 0x00, 0x00, 0x00, 0x00, 0x00, 0x00, 0x00, 0x00, 0x00, 0x00, 0x00, 0x00,
    0x00, 0x00, 0x00, 0x00, 0x00, 0x00, 0x00, 0x00, 0x00, 0x00, 0x00, 0x00, 0x00, 0x00, 0x00, 0x00,
    0x00, 0x00, 0x00, 0x00, 0x00, 0x00, 0x00, 0x00, 0x00, 0x00, 0x00, 0x00, 0x00, 0x00, 0x00, 0x00,
    0x00, 0x00, 0x00, 0x00, 0x00, 0x00, 0x00, 0x00, 0x00, 0x00, 0x00, 0x00, 0x00, 0x00, 0x00, 0x00,
    0x00, 0x00, 0x00, 0x00, 0x00, 0x00, 0x00, 0x00, 0x00, 0x00, 0x00, 0x00, 0x00, 0x00, 0x00, 0x00,
    0x00, 0x00, 0x00, 0x00, 0x00, 0x00, 0x00, 0x00, 0x00, 0x00, 0x00, 0x00, 0x00, 0x00, 0x00, 0x00,
    0x00, 0x00, 0x00, 0x00, 0x00, 0x00, 0x00, 0x00, 0x00, 0x00, 0x00, 0x00, 0x00, 0x00, 0x00, 0x00,
    0x00, 0x00, 0x00, 0x00, 0x00, 0x00, 0x00, 0x00, 0x00, 0x00, 0x00, 0x00, 0x00, 0x00, 0x00, 0x00,
    0x00, 0x00, 0x00, 0x00, 0x00, 0x00, 0x00, 0x00, 0x00, 0x00, 0x00, 0x00, 0x00, 0x00, 0x00, 0x00,
    0x00, 0x00, 0x00, 0x00, 0x00, 0x00, 0x00, 0x00, 0x00, 0x00, 0x00, 0x00, 0x00, 0x00, 0x00, 0x00,
    0x00, 0x00, 0x00, 0x00, 0x00, 0x00, 0x00, 0x00, 0x00, 0x00, 0x00, 0x00, 0x00, 0x00, 0x00, 0x00,
    0x00, 0x00, 0x00, 0x00, 0x00, 0x00, 0x00, 0x00, 0x00, 0x00, 0x00, 0x00, 0x00, 0x00, 0x00, 0x00,
    0x00, 0x00, 0x00, 0x00, 0x00, 0x00, 0x00, 0x00, 0x00, 0x00, 0x00, 0x00, 0x00, 0x00, 0x00, 0x00,
    0x00, 0x00, 0x00, 0x00, 0x00, 0x00, 0x00, 0x00, 0x00, 0x00, 0x00, 0x00, 0x00, 0x00, 0x00, 0x00,
    0x00, 0x00, 0x00, 0x00, 0x00, 0x00, 0x00, 0x00, 0x00, 0x00, 0x00, 0x00, 0x00, 0x00, 0x00, 0x00,
    0x00, 0x00, 0x00, 0x00, 0x00, 0x00, 0x00, 0x00, 0x00, 0x00, 0x00, 0x00, 0x00, 0x00, 0x00, 0x00,
    0x00, 0x00, 0x00, 0x00, 0x00, 0x00, 0x00, 0x00, 0x00, 0x00, 0x00, 0x00, 0x00, 0x00, 0x00, 0x00,
    0x00, 0x00, 0x00, 0x00, 0x00, 0x00, 0x00, 0x00, 0x00, 0x00, 0x00, 0x00, 0x00, 0x00, 0x00, 0x00,
    0x00, 0x00, 0x00, 0x00, 0x00, 0x00, 0x00, 0x00, 0x00, 0x00, 0x00, 0x00, 0x00, 0x00, 0x00, 0x00,
    0x00, 0x00, 0x00, 0x00, 0x00, 0x00, 0x00, 0x00, 0x00, 0x00, 0x00, 0x00, 0x00, 0x00, 0x00, 0x00,
    0x00, 0x00, 0x00, 0x00, 0x00, 0x00, 0x00, 0x00, 0x00, 0x00, 0x00, 0x00, 0x00, 0x00, 0x00, 0x00,
    0x00, 0x00, 0x00, 0x00, 0x00, 0x00, 0x00, 0x00, 0x00, 0x00, 0x00, 0x00, 0x00, 0x00, 0x00, 0x00,
    0x00, 0x00, 0x00, 0x00, 0x00, 0x00, 0x00, 0x00, 0x00, 0x00, 0x00, 0x00, 0x00, 0x00, 0x00, 0x00,
    0x00, 0x00, 0x00, 0x00, 0x00, 0x00, 0x00, 0x00, 0x00, 0x00, 0x00, 0x00, 0x00, 0x00, 0x00, 0x00,
    0x00, 0x00, 0x00, 0x00, 0x00, 0x00, 0x00, 0x00, 0x00, 0x00, 0x00, 0x00, 0x00, 0x00, 0x00, 0x00,
    0x00, 0x00, 0x00, 0x00, 0x00, 0x00, 0x00, 0x00, 0x00, 0x00, 0x00, 0x00, 0x00, 0x00, 0x00, 0x00,
    0x00, 0x00, 0x00, 0x00, 0x00, 0x00, 0x00, 0x00, 0x00, 0x00, 0x00, 0x00, 0x00, 0x00, 0x00, 0x00,
    0x00, 0x00, 0x00, 0x00, 0x00, 0x00, 0x00, 0x00, 0x00, 0x00, 0x00, 0x00, 0x00, 0x00, 0x00, 0x00,
    0x00, 0x00, 0x00, 0x00, 0x00, 0x00, 0x00, 0x00, 0x00, 0x00, 0x00, 0x00, 0x00, 0x00, 0x00, 0x00,
    0x00, 0x00, 0x00, 0x00, 0x00, 0x00, 0x00, 0x00, 0x00, 0x00, 0x00, 0x00, 0x00, 0x00, 0x00, 0x00,
    0x00, 0x00, 0x00, 0x00, 0x00, 0x00, 0x00, 0x00, 0x00, 0x00, 0x00, 0x00, 0x00, 0x00, 0x00, 0x00,
    0x00, 0x00, 0x00, 0x00, 0x00, 0x00, 0x00, 0x00, 0x00, 0x00, 0x00, 0x00, 0x00, 0x00, 0x00, 0x00,
    0x00, 0x00, 0x00, 0x00, 0x00, 0x00, 0x00, 0x00, 0x00, 0x00, 0x00, 0x00, 0x00, 0x00, 0x00, 0x00,
    0x00, 0x00, 0x00, 0x00, 0x00, 0x00, 0x00, 0x00, 0x00, 0x00, 0x00, 0x00, 0x00, 0x00, 0x00, 0x00,
    0x00, 0x00, 0x00, 0x00, 0x00, 0x00, 0x00, 0x00, 0x00, 0x00, 0x00, 0x00, 0x00, 0x00, 0x00, 0x00,
    0x00, 0x00, 0x00, 0x00, 0x00, 0x00, 0x00, 0x00, 0x00, 0x00, 0x00, 0x00, 0x00, 0x00, 0x00, 0x00,
    0x00, 0x00, 0x00, 0x00, 0x00, 0x00, 0x00, 0x00, 0x00, 0x00, 0x00, 0x00, 0x00, 0x00, 0x00, 0x00,
    0x00, 0x00, 0x00, 0x00, 0x00, 0x00, 0x00, 0x00, 0x00, 0x00, 0x00, 0x00, 0x00, 0x00, 0x00, 0x00,
    0x00, 0x00, 0x00, 0x00, 0x00, 0x00, 0x00, 0x00, 0x00, 0x00, 0x00, 0x00, 0x00, 0x00, 0x00, 0x00,
    0x00, 0x00, 0x00, 0x00, 0x00, 0x00, 0x00, 0x00, 0x00, 0x00, 0x00, 0x00, 0x00, 0x00, 0x00, 0x00,
    0x00, 0x00, 0x00, 0x00, 0x00, 0x00, 0x00, 0x00, 0x00, 0x00, 0x00, 0x00, 0x00, 0x00, 0x00, 0x00,
    0x00, 0x00, 0x00, 0x00, 0x00, 0x00, 0x00, 0x00, 0x00, 0x00, 0x00, 0x00, 0x00, 0x00, 0x00, 0x00,
    0x00, 0x00, 0x00, 0x00, 0x00, 0x00, 0x00, 0x00, 0x00, 0x00, 0x00, 0x00, 0x00, 0x00, 0x00, 0x00,
    0x00, 0x00, 0x00, 0x00, 0x00, 0x00, 0x00, 0x00, 0x00, 0x00, 0x00, 0x00, 0x00, 0x00, 0x00, 0x00,
    0x00, 0x00, 0x00, 0x00, 0x00, 0x00, 0x00, 0x00, 0x00, 0x00, 0x00, 0x00, 0x00, 0x00, 0x00, 0x00,
    0x00, 0x00, 0x00, 0x00, 0x00, 0x00, 0x00, 0x00, 0x00, 0x00, 0x00, 0x00, 0x00, 0x00, 0x00, 0x00,
    0x00, 0x00, 0x00, 0x00, 0x00, 0x00, 0x00, 0x00, 0x00, 0x00, 0x00, 0x00, 0x00, 0x00, 0x00, 0x00,
    0x00, 0x00, 0x00, 0x00, 0x00, 0x00, 0x00, 0x00, 0x00, 0x00, 0x00, 0x00, 0x00, 0x00, 0x00, 0x00,
    0x00, 0x00, 0x00, 0x00, 0x00, 0x00, 0x00, 0x00, 0x00, 0x00, 0x00, 0x00, 0x00, 0x00, 0x00, 0x00,
    0x00, 0x00, 0x00, 0x00, 0x00, 0x00, 0x00, 0x00, 0x00, 0x00, 0x00, 0x00, 0x00, 0x00, 0x00, 0x00,
    0x00, 0x00, 0x00, 0x00, 0x00, 0x00, 0x00, 0x00, 0x00, 0x00, 0x00, 0x00, 0x00, 0x00, 0x00, 0x00,
    0x00, 0x00, 0x00, 0x00, 0x00, 0x00, 0x00, 0x00, 0x00, 0x00, 0x00, 0x00, 0x00, 0x00, 0x00, 0x00,
    0x00, 0x00, 0x00, 0x00, 0x00, 0x00, 0x00, 0x00, 0x00, 0x00, 0x00, 0x00, 0x00, 0x00, 0x00, 0x00,
    0x00, 0x00, 0x00, 0x00, 0x00, 0x00, 0x00, 0x00, 0x00, 0x00, 0x00, 0x00, 0x00, 0x00, 0x00, 0x00,
    0x00, 0x00, 0x00, 0x00, 0x00, 0x00, 0x00, 0x00, 0x00, 0x00, 0x00, 0x00, 0x00, 0x00, 0x00, 0x00,
    0x00, 0x00, 0x00, 0x00, 0x00, 0x00, 0x00, 0x00, 0x00, 0x00, 0x00, 0x00, 0x00, 0x00, 0x00, 0x00,
    0x00, 0x00, 0x00, 0x00, 0x00, 0x00, 0x00, 0x00, 0x00, 0x00, 0x00, 0x00, 0x00, 0x00, 0x00, 0x00,
    0x00, 0x00, 0x00, 0x00, 0x00, 0x00, 0x00, 0x00, 0x00, 0x00, 0x00, 0x00, 0x00, 0x00, 0x00, 0x00,
    0x00, 0x00, 0x00, 0x00, 0x00, 0x00, 0x00, 0x00, 0x00, 0x00, 0x00, 0x00, 0x00, 0x00, 0x00, 0x00,
    0x00, 0x00, 0x00, 0x00, 0x00, 0x00, 0x00, 0x00, 0x00, 0x00, 0x00, 0x00, 0x00, 0x00, 0x00, 0x00,
    0x00, 0x00, 0x00, 0x00, 0x00, 0x00, 0x00, 0x00, 0x00, 0x00, 0x00, 0x00, 0x00, 0x00, 0x00, 0x00,
    0x00, 0x00, 0x00, 0x00, 0x00, 0x00, 0x00, 0x00, 0x00, 0x00, 0x00, 0x00, 0x00, 0x00, 0x00, 0x00,
    0x00, 0x00, 0x00, 0x00, 0x00, 0x00, 0x00, 0x00, 0x00, 0x00, 0x00, 0x00, 0x00, 0x00, 0x00, 0x00,
    0x00, 0x00, 0x00, 0x00, 0x00, 0x00, 0x00, 0x00, 0x00, 0x00, 0x00, 0x00, 0x00, 0x00, 0x00, 0x00,
    0x00, 0x00, 0x00, 0x00, 0x00, 0x00, 0x00, 0x00, 0x00, 0x00, 0x00, 0x00, 0x00, 0x00, 0x00, 0x00,
    0x00, 0x00, 0x00, 0x00, 0x00, 0x00, 0x00, 0x00, 0x00, 0x00, 0x00, 0x00, 0x00, 0x00, 0x00, 0x00,
    0x00, 0x00, 0x00, 0x00, 0x00, 0x00, 0x00, 0x00, 0x00, 0x00, 0x00, 0x00, 0x00, 0x00, 0x00, 0x00,
    0x00, 0x00, 0x00, 0x00, 0x00, 0x00, 0x00, 0x00, 0x00, 0x00, 0x00, 0x00, 0x00, 0x00, 0x00, 0x00,
    0x00, 0x00, 0x00, 0x00, 0x00, 0x00, 0x00, 0x00, 0x00, 0x00, 0x00, 0x00, 0x00, 0x00, 0x00, 0x00,
    0x00, 0x00, 0x00, 0x00, 0x00, 0x00, 0x00, 0x00, 0x00, 0x00, 0x00, 0x00, 0x00, 0x00, 0x00, 0x00,
    0x00, 0x00, 0x00, 0x00, 0x00, 0x00, 0x00, 0x00, 0x00, 0x00, 0x00, 0x00, 0x00, 0x00, 0x00, 0x00,
    0x00, 0x00, 0x00, 0x00, 0x00, 0x00, 0x00, 0x00, 0x00, 0x00, 0x00, 0x00, 0x00, 0x00, 0x00, 0x00,
    0x00, 0x00, 0x00, 0x00, 0x00, 0x00, 0x00, 0x00, 0x00, 0x00, 0x00, 0x00, 0x00, 0x00, 0x00, 0x00,
    0x00, 0x00, 0x00, 0x00, 0x00, 0x00, 0x00, 0x00, 0x00, 0x00, 0x00, 0x00, 0x00, 0x00, 0x00, 0x00,
    0x00, 0x00, 0x00, 0x00, 0x00, 0x00, 0x00, 0x00, 0x00, 0x00, 0x00, 0x00, 0x00, 0x00, 0x00, 0x00,
    0x00, 0x00, 0x00, 0x00, 0x00, 0x00, 0x00, 0x00, 0x00, 0x00, 0x00, 0x00, 0x00, 0x00, 0x00, 0x00,
    0x00, 0x00, 0x00, 0x00, 0x00, 0x00, 0x00, 0x00, 0x00, 0x00, 0x00, 0x00, 0x00, 0x00, 0x00, 0x00,
    0x00, 0x00, 0x00, 0x00, 0x00, 0x00, 0x00, 0x00, 0x00, 0x00, 0x00, 0x00, 0x00, 0x00, 0x00, 0x00,
    0x00, 0x00, 0x00, 0x00, 0x00, 0x00, 0x00, 0x00, 0x00, 0x00, 0x00, 0x00, 0x00, 0x00, 0x00, 0x00,
    0x00, 0x00, 0x00, 0x00, 0x00, 0x00, 0x00, 0x00, 0x00, 0x00, 0x00, 0x00, 0x00, 0x00, 0x00, 0x00,
    0x00, 0x00, 0x00, 0x00, 0x00, 0x00, 0x00, 0x00, 0x00, 0x00, 0x00, 0x00, 0x00, 0x00, 0x00, 0x00,
    0x00, 0x00, 0x00, 0x00, 0x00, 0x00, 0x00, 0x00, 0x00, 0x00, 0x00, 0x00, 0x00, 0x00, 0x00, 0x00,
    0x00, 0x00, 0x00, 0x00, 0x00, 0x00, 0x00, 0x00, 0x00, 0x00, 0x00, 0x00, 0x00, 0x00, 0x00, 0x00,
    0x00, 0x00, 0x00, 0x00, 0x00, 0x00, 0x00, 0x00, 0x00, 0x00, 0x00, 0x00, 0x00, 0x00, 0x00, 0x00,
    0x00, 0x00, 0x00, 0x00, 0x00, 0x00, 0x00, 0x00, 0x00, 0x00, 0x00, 0x00, 0x00, 0x00, 0x00, 0x00,
    0x00, 0x00, 0x00, 0x00, 0x00, 0x00, 0x00, 0x00, 0x00, 0x00, 0x00, 0x00, 0x00, 0x00, 0x00, 0x00,
    0x00, 0x00, 0x00, 0x00, 0x00, 0x00, 0x00, 0x00, 0x00, 0x00, 0x00, 0x00, 0x00, 0x00, 0x00, 0x00,
    0x00, 0x00, 0x00, 0x00, 0x00, 0x00, 0x00, 0x00, 0x00, 0x00, 0x00, 0x00, 0x00, 0x00, 0x00, 0x00,
    0x00, 0x00, 0x00, 0x00, 0x00, 0x00, 0x00, 0x00, 0x00, 0x00, 0x00, 0x00, 0x00, 0x00, 0x00, 0x00,
    0x00, 0x00, 0x00, 0x00, 0x00, 0x00, 0x00, 0x00, 0x00, 0x00, 0x00, 0x00, 0x00, 0x00, 0x00, 0x00,
    0x00, 0x00, 0x00, 0x00, 0x00, 0x00, 0x00, 0x00, 0x00, 0x00, 0x00, 0x00, 0x00, 0x00, 0x00, 0x00,
    0x00, 0x00, 0x00, 0x00, 0x00, 0x00, 0x00, 0x00, 0x00, 0x00, 0x00, 0x00, 0x00, 0x00, 0x00, 0x00,
    0x00, 0x00, 0x00, 0x00, 0x00, 0x00, 0x00, 0x00, 0x00, 0x00, 0x00, 0x00, 0x00, 0x00, 0x00, 0x00,
    0x00, 0x00, 0x00, 0x00, 0x00, 0x00, 0x00, 0x00, 0x00, 0x00, 0x00, 0x00, 0x00, 0x00, 0x00, 0x00,
    0x00, 0x00, 0x00, 0x00, 0x00, 0x00, 0x00, 0x00, 0x00, 0x00, 0x00, 0x00, 0x00, 0x00, 0x00, 0x00,
    0x00, 0x00, 0x00, 0x00, 0x00, 0x00, 0x00, 0x00, 0x00, 0x00, 0x00, 0x00, 0x00, 0x00, 0x00, 0x00,
    0x00, 0x00, 0x00, 0x00, 0x00, 0x00, 0x00, 0x00, 0x00, 0x00, 0x00, 0x00, 0x00, 0x00, 0x00, 0x00,
    0x00, 0x00, 0x00, 0x00, 0x00, 0x00, 0x00, 0x00, 0x00, 0x00, 0x00, 0x00, 0x00, 0x00, 0x00, 0x00,
    0x00, 0x00, 0x00, 0x00, 0x00, 0x00, 0x00, 0x00, 0x00, 0x00, 0x00, 0x00, 0x00, 0x00, 0x00, 0x00,
    0x00, 0x00, 0x00, 0x00, 0x00, 0x00, 0x00, 0x00, 0x00, 0x00, 0x00, 0x00, 0x00, 0x00, 0x00, 0x00,
    0x00, 0x00, 0x00, 0x00, 0x00, 0x00, 0x00, 0x00, 0x00, 0x00, 0x00, 0x00, 0x00, 0x00, 0x00, 0x00,
    0x00, 0x00, 0x00, 0x00, 0x00, 0x00, 0x00, 0x00, 0x00, 0x00, 0x00, 0x00, 0x00, 0x00, 0x00, 0x00,
    0x00, 0x00, 0x00, 0x00, 0x00, 0x00, 0x00, 0x00, 0x00, 0x00, 0x00, 0x00, 0x00, 0x00, 0x00, 0x00,
    0x00, 0x00, 0x00, 0x00, 0x00, 0x00, 0x00, 0x00, 0x00, 0x00, 0x00, 0x00, 0x00, 0x00, 0x00, 0x00,
    0x00, 0x00, 0x00, 0x00, 0x00, 0x00, 0x00, 0x00, 0x00, 0x00, 0x00, 0x00, 0x00, 0x00, 0x00, 0x00,
    0x00, 0x00, 0x00, 0x00, 0x00, 0x00, 0x00, 0x00, 0x00, 0x00, 0x00, 0x00, 0x00, 0x00, 0x00, 0x00,
    0x00, 0x00, 0x00, 0x00, 0x00, 0x00, 0x00, 0x00, 0x00, 0x00, 0x00, 0x00, 0x00, 0x00, 0x00, 0x00,
    0x00, 0x00, 0x00, 0x00, 0x00, 0x00, 0x00, 0x00, 0x00, 0x00, 0x00, 0x00, 0x00, 0x00, 0x00, 0x00,
    0x00, 0x00, 0x00, 0x00, 0x00, 0x00, 0x00, 0x00, 0x00, 0x00, 0x00, 0x00, 0x00, 0x00, 0x00, 0x00,
    0x00, 0x00, 0x00, 0x00, 0x00, 0x00, 0x00, 0x00, 0x00, 0x00, 0x00, 0x00, 0x00, 0x00, 0x00, 0x00,
    0x00, 0x00, 0x00, 0x00, 0x00, 0x00, 0x00, 0x00, 0x00, 0x00, 0x00, 0x00, 0x00, 0x00, 0x00, 0x00,
    0x00, 0x00, 0x00, 0x00, 0x00, 0x00, 0x00, 0x00, 0x00, 0x00, 0x00, 0x00, 0x00, 0x00, 0x00, 0x00,
    0x00, 0x00, 0x00, 0x00, 0x00, 0x00, 0x00, 0x00, 0x00, 0x00, 0x00, 0x00, 0x00, 0x00, 0x00, 0x00,
    0x00, 0x00, 0x00, 0x00, 0x00, 0x00, 0x00, 0x00, 0x00, 0x00, 0x00, 0x00, 0x00, 0x00, 0x00, 0x00,
    0x00, 0x00, 0x00, 0x00, 0x00, 0x00, 0x00, 0x00, 0x00, 0x00, 0x00, 0x00, 0x00, 0x00, 0x00, 0x00,
    0x00, 0x00, 0x00, 0x00, 0x00, 0x00, 0x00, 0x00, 0x00, 0x00, 0x00, 0x00, 0x00, 0x00, 0x00, 0x00,
    0x00, 0x00, 0x00, 0x00, 0x00, 0x00, 0x00, 0x00, 0x00, 0x00, 0x00, 0x00, 0x00, 0x00, 0x00, 0x00,
    0x00, 0x00, 0x00, 0x00, 0x00, 0x00, 0x00, 0x00, 0x00, 0x00, 0x00, 0x00, 0x00, 0x00, 0x00, 0x00,
    0x00, 0x00, 0x00, 0x00, 0x00, 0x00, 0x00, 0x00, 0x00, 0x00, 0x00, 0x00, 0x00, 0x00, 0x00, 0x00,
    0x00, 0x00, 0x00, 0x00, 0x00, 0x00, 0x00, 0x00, 0x00, 0x00, 0x00, 0x00, 0x00, 0x00, 0x00, 0x00,
    0x00, 0x00, 0x00, 0x00, 0x00, 0x00, 0x00, 0x00, 0x00, 0x00, 0x00, 0x00, 0x00, 0x00, 0x00, 0x00,
    0x00, 0x00, 0x00, 0x00, 0x00, 0x00, 0x00, 0x00, 0x00, 0x00, 0x00, 0x00, 0x00, 0x00, 0x00, 0x00,
    0x00, 0x00, 0x00, 0x00, 0x00, 0x00, 0x00, 0x00, 0x00, 0x00, 0x00, 0x00, 0x00, 0x00, 0x00, 0x00,
    0x00, 0x00, 0x00, 0x00, 0x00, 0x00, 0x00, 0x00, 0x00, 0x00, 0x00, 0x00, 0x00, 0x00, 0x00, 0x00,
    0x00, 0x00, 0x00, 0x00, 0x00, 0x00, 0x00, 0x00, 0x00, 0x00, 0x00, 0x00, 0x00, 0x00, 0x00, 0x00,
    0x00, 0x00, 0x00, 0x00, 0x00, 0x00, 0x00, 0x00, 0x00, 0x00, 0x00, 0x00, 0x00, 0x00, 0x00, 0x00,
    0x00, 0x00, 0x00, 0x00, 0x00, 0x00, 0x00, 0x00, 0x00, 0x00, 0x00, 0x00, 0x00, 0x00, 0x00, 0x00,
    0x00, 0x00, 0x00, 0x00, 0x00, 0x00, 0x00, 0x00, 0x00, 0x00, 0x00, 0x00, 0x00, 0x00, 0x00, 0x00,
    0x00, 0x00, 0x00, 0x00, 0x00, 0x00, 0x00, 0x00, 0x00, 0x00, 0x00, 0x00, 0x00, 0x00, 0x00, 0x00,
    0x00, 0x00, 0x00, 0x00, 0x00, 0x00, 0x00, 0x00, 0x00, 0x00, 0x00, 0x00, 0x00, 0x00, 0x00, 0x00,
    0x00, 0x00, 0x00, 0x00, 0x00, 0x00, 0x00, 0x00, 0x00, 0x00, 0x00, 0x00, 0x00, 0x00, 0x00, 0x00,
    0x00, 0x00, 0x00, 0x00, 0x00, 0x00, 0x00, 0x00, 0x00, 0x00, 0x00, 0x00, 0x00, 0x00, 0x00, 0x00,
    0x00, 0x00, 0x00, 0x00, 0x00, 0x00, 0x00, 0x00, 0x00, 0x00, 0x00, 0x00, 0x00, 0x00, 0x00, 0x00,
    0x00, 0x00, 0x00, 0x00, 0x00, 0x00, 0x00, 0x00, 0x00, 0x00, 0x00, 0x00, 0x00, 0x00, 0x00, 0x00,
    0x00, 0x00, 0x00, 0x00, 0x00, 0x00, 0x00, 0x00, 0x00, 0x00, 0x00, 0x00, 0x00, 0x00, 0x00, 0x00,
    0x00, 0x00, 0x00, 0x00, 0x00, 0x00, 0x00, 0x00, 0x00, 0x00, 0x00, 0x00, 0x00, 0x00, 0x00, 0x00,
    0x00, 0x00, 0x00, 0x00, 0x00, 0x00, 0x00, 0x00, 0x00, 0x00, 0x00, 0x00, 0x00, 0x00, 0x00, 0x00,
    0x00, 0x00, 0x00, 0x00, 0x00, 0x00, 0x00, 0x00, 0x00, 0x00, 0x00, 0x00, 0x00, 0x00, 0x00, 0x00,
    0x00, 0x00, 0x00, 0x00, 0x00, 0x00, 0x00, 0x00, 0x00, 0x00, 0x00, 0x00, 0x00, 0x00, 0x00, 0x00,
    0x00, 0x00, 0x00, 0x00, 0x00, 0x00, 0x00, 0x00, 0x00, 0x00, 0x00, 0x00, 0x00, 0x00, 0x00, 0x00,
    0x00, 0x00, 0x00, 0x00, 0x00, 0x00, 0x00, 0x00, 0x00, 0x00, 0x00, 0x00, 0x00, 0x00, 0x00, 0x00,
    0x00, 0x00, 0x00, 0x00, 0x00, 0x00, 0x00, 0x00, 0x00, 0x00, 0x00, 0x00, 0x00, 0x00, 0x00, 0x00,
    0x00, 0x00, 0x00, 0x00, 0x00, 0x00, 0x00, 0x00, 0x00, 0x00, 0x00, 0x00, 0x00, 0x00, 0x00, 0x00,
    0x00, 0x00, 0x00, 0x00, 0x00, 0x00, 0x00, 0x00, 0x00, 0x00, 0x00, 0x00, 0x00, 0x00, 0x00, 0x00,
    0x00, 0x00, 0x00, 0x00, 0x00, 0x00, 0x00, 0x00, 0x00, 0x00, 0x00, 0x00, 0x00, 0x00, 0x00, 0x00,
    0x00, 0x00, 0x00, 0x00, 0x00, 0x00, 0x00, 0x00, 0x00, 0x00, 0x00, 0x00, 0x00, 0x00, 0x00, 0x00,
    0x00, 0x00, 0x00, 0x00, 0x00, 0x00, 0x00, 0x00, 0x00, 0x00, 0x00, 0x00, 0x00, 0x00, 0x00, 0x00,
    0x00, 0x00, 0x00, 0x00, 0x00, 0x00, 0x00, 0x00, 0x00, 0x00, 0x00, 0x00, 0x00, 0x00, 0x00, 0x00,
    0x00, 0x00, 0x00, 0x00, 0x00, 0x00, 0x00, 0x00, 0x00, 0x00, 0x00, 0x00, 0x00, 0x00, 0x00, 0x00,
    0x00, 0x00, 0x00, 0x00, 0x00, 0x00, 0x00, 0x00, 0x00, 0x00, 0x00, 0x00, 0x00, 0x00, 0x00, 0x00,
    0x00, 0x00, 0x00, 0x00, 0x00, 0x00, 0x00, 0x00, 0x00, 0x00, 0x00, 0x00, 0x00, 0x00, 0x00, 0x00,
    0x00, 0x00, 0x00, 0x00, 0x00, 0x00, 0x00, 0x00, 0x00, 0x00, 0x00, 0x00, 0x00, 0x00, 0x00, 0x00,
    0x00, 0x00, 0x00, 0x00, 0x00, 0x00, 0x00, 0x00, 0x00, 0x00, 0x00, 0x00, 0x00, 0x00, 0x00, 0x00,
    0x00, 0x00, 0x00, 0x00, 0x00, 0x00, 0x00, 0x00, 0x00, 0x00, 0x00, 0x00, 0x00, 0x00, 0x00, 0x00,
    0x00, 0x00, 0x00, 0x00, 0x00, 0x00, 0x00, 0x00, 0x00, 0x00, 0x00, 0x00, 0x00, 0x00, 0x00, 0x00,
    0x00, 0x00, 0x00, 0x00, 0x00, 0x00, 0x00, 0x00, 0x00, 0x00, 0x00, 0x00, 0x00, 0x00, 0x00, 0x00,
    0x00, 0x00, 0x00, 0x00, 0x00, 0x00, 0x00, 0x00, 0x00, 0x00, 0x00, 0x00, 0x00, 0x00, 0x00, 0x00,
    0x00, 0x00, 0x00, 0x00, 0x00, 0x00, 0x00, 0x00, 0x00, 0x00, 0x00, 0x00, 0x00, 0x00, 0x00, 0x00,
    0x00, 0x00, 0x00, 0x00, 0x00, 0x00, 0x00, 0x00, 0x00, 0x00, 0x00, 0x00, 0x00, 0x00, 0x00, 0x00,
    0x00, 0x00, 0x00, 0x00, 0x00, 0x00, 0x00, 0x00, 0x00, 0x00, 0x00, 0x00, 0x00, 0x00, 0x00, 0x00,
    0x00, 0x00, 0x00, 0x00, 0x00, 0x00, 0x00, 0x00, 0x00, 0x00, 0x00, 0x00, 0x00, 0x00, 0x00, 0x00,
    0x00, 0x00, 0x00, 0x00, 0x00, 0x00, 0x00, 0x00, 0x00, 0x00, 0x00, 0x00, 0x00, 0x00, 0x00, 0x00,
    0x00, 0x00, 0x00, 0x00, 0x00, 0x00, 0x00, 0x00, 0x00, 0x00, 0x00, 0x00, 0x00, 0x00, 0x00, 0x00,
    0x00, 0x00, 0x00, 0x00, 0x00, 0x00, 0x00, 0x00, 0x00, 0x00, 0x00, 0x00, 0x00, 0x00, 0x00, 0x00,
    0x00, 0x00, 0x00, 0x00, 0x00, 0x00, 0x00, 0x00, 0x00, 0x00, 0x00, 0x00, 0x00, 0x00, 0x00, 0x00,
    0x00, 0x00, 0x00, 0x00, 0x00, 0x00, 0x00, 0x00, 0x00, 0x00, 0x00, 0x00, 0x00, 0x00, 0x00, 0x00,
    0x00, 0x00, 0x00, 0x00, 0x00, 0x00, 0x00, 0x00, 0x00, 0x00, 0x00, 0x00, 0x00, 0x00, 0x00, 0x00,
    0x00, 0x00, 0x00, 0x00, 0x00, 0x00, 0x00, 0x00, 0x00, 0x00, 0x00, 0x00, 0x00, 0x00, 0x00, 0x00,
    0x00, 0x00, 0x00, 0x00, 0x00, 0x00, 0x00, 0x00, 0x00, 0x00, 0x00, 0x00, 0x00, 0x00, 0x00, 0x00,
    0x00, 0x00, 0x00, 0x00, 0x00, 0x00, 0x00, 0x00, 0x00, 0x00, 0x00, 0x00, 0x00, 0x00, 0x00, 0x00,
    0x00, 0x00, 0x00, 0x00, 0x00, 0x00, 0x00, 0x00, 0x00, 0x00, 0x00, 0x00, 0x00, 0x00, 0x00, 0x00,
    0x00, 0x00, 0x00, 0x00, 0x00, 0x00, 0x00, 0x00, 0x00, 0x00, 0x00, 0x00, 0x00, 0x00, 0x00, 0x00,
    0x00, 0x00, 0x00, 0x00, 0x00, 0x00, 0x00, 0x00, 0x00, 0x00, 0x00, 0x00, 0x00, 0x00, 0x00, 0x00,
    0x00, 0x00, 0x00, 0x00, 0x00, 0x00, 0x00, 0x00, 0x00, 0x00, 0x00, 0x00, 0x00, 0x00, 0x00, 0x00,
    0x00, 0x00, 0x00, 0x00, 0x00, 0x00, 0x00, 0x00, 0x00, 0x00, 0x00, 0x00, 0x00, 0x00, 0x00, 0x00,
    0x00, 0x00, 0x00, 0x00, 0x00, 0x00, 0x00, 0x00, 0x00, 0x00, 0x00, 0x00, 0x00, 0x00, 0x00, 0x00,
    0x00, 0x00, 0x00, 0x00, 0x00, 0x00, 0x00, 0x00, 0x00, 0x00, 0x00, 0x00, 0x00, 0x00, 0x00, 0x00,
    0x00, 0x00, 0x00, 0x00, 0x00, 0x00, 0x00, 0x00, 0x00, 0x00, 0x00, 0x00, 0x00, 0x00, 0x00, 0x00,
    0x00, 0x00, 0x00, 0x00, 0x00, 0x00, 0x00, 0x00, 0x00, 0x00, 0x00, 0x00, 0x00, 0x00, 0x00, 0x00,
    0x00, 0x00, 0x00, 0x00, 0x00, 0x00, 0x00, 0x00, 0x00, 0x00, 0x00, 0x00, 0x00, 0x00, 0x00, 0x00,
    0x00, 0x00, 0x00, 0x00, 0x00, 0x00, 0x00, 0x00, 0x00, 0x00, 0x00, 0x00, 0x00, 0x00, 0x00, 0x00,
    0x00, 0x00, 0x00, 0x00, 0x00, 0x00, 0x00, 0x00, 0x00, 0x00, 0x00, 0x00, 0x00, 0x00, 0x00, 0x00,
    0x00, 0x00, 0x00, 0x00, 0x00, 0x00, 0x00, 0x00, 0x00, 0x00, 0x00, 0x00, 0x00, 0x00, 0x00, 0x00,
    0x00, 0x00, 0x00, 0x00, 0x00, 0x00, 0x00, 0x00, 0x00, 0x00, 0x00, 0x00, 0x00, 0x00, 0x00, 0x00,
    0x00, 0x00, 0x00, 0x00, 0x00, 0x00, 0x00, 0x00, 0x00, 0x00, 0x00, 0x00, 0x00, 0x00, 0x00, 0x00,
    0x00, 0x00, 0x00, 0x00, 0x00, 0x00, 0x00, 0x00, 0x00, 0x00, 0x00, 0x00, 0x00, 0x00, 0x00, 0x00,
    0x00, 0x00, 0x00, 0x00, 0x00, 0x00, 0x00, 0x00, 0x00, 0x00, 0x00, 0x00, 0x00, 0x00, 0x00, 0x00,
    0x00, 0x00, 0x00, 0x00, 0x00, 0x00, 0x00, 0x00, 0x00, 0x00, 0x00, 0x00, 0x00, 0x00, 0x00, 0x00,
    0x00, 0x00, 0x00, 0x00, 0x00, 0x00, 0x00, 0x00, 0x00, 0x00, 0x00, 0x00, 0x00, 0x00, 0x00, 0x00,
    0x00, 0x00, 0x00, 0x00, 0x00, 0x00, 0x00, 0x00, 0x00, 0x00, 0x00, 0x00, 0x00, 0x00, 0x00, 0x00,
    0x00, 0x00, 0x00, 0x00, 0x00, 0x00, 0x00, 0x00, 0x00, 0x00, 0x00, 0x00, 0x00, 0x00, 0x00, 0x00,
    0x00, 0x00, 0x00, 0x00, 0x00, 0x00, 0x00, 0x00, 0x00, 0x00, 0x00, 0x00, 0x00, 0x00, 0x00, 0x00,
    0x00, 0x00, 0x00, 0x00, 0x00, 0x00, 0x00, 0x00, 0x00, 0x00, 0x00, 0x00, 0x00, 0x00, 0x00, 0x00,
    0x00, 0x00, 0x00, 0x00, 0x00, 0x00, 0x00, 0x00, 0x00, 0x00, 0x00, 0x00, 0x00, 0x00, 0x00, 0x00,
    0x00, 0x00, 0x00, 0x00, 0x00, 0x00, 0x00, 0x00, 0x00, 0x00, 0x00, 0x00, 0x00, 0x00, 0x00, 0x00,
    0x00, 0x00, 0x00, 0x00, 0x00, 0x00, 0x00, 0x00, 0x00, 0x00, 0x00, 0x00, 0x00, 0x00, 0x00, 0x00,
    0x00, 0x00, 0x00, 0x00, 0x00, 0x00, 0x00, 0x00, 0x00, 0x00, 0x00, 0x00, 0x00, 0x00, 0x00, 0x00,
    0x00, 0x00, 0x00, 0x00, 0x00, 0x00, 0x00, 0x00, 0x00, 0x00, 0x00, 0x00, 0x00, 0x00, 0x00, 0x00,
    0x00, 0x00, 0x00, 0x00, 0x00, 0x00, 0x00, 0x00, 0x00, 0x00, 0x00, 0x00, 0x00, 0x00, 0x00, 0x00,
    0x00, 0x00, 0x00, 0x00, 0x00, 0x00, 0x00, 0x00, 0x00, 0x00, 0x00, 0x00, 0x00, 0x00, 0x00, 0x00,
    0x00, 0x00, 0x00, 0x00, 0x00, 0x00, 0x00, 0x00, 0x00, 0x00, 0x00, 0x00, 0x00, 0x00, 0x00, 0x00,
    0x00, 0x00, 0x00, 0x00, 0x00, 0x00, 0x00, 0x00, 0x00, 0x00, 0x00, 0x00, 0x00, 0x00, 0x00, 0x00,
    0x00, 0x00, 0x00, 0x00, 0x00, 0x00, 0x00, 0x00, 0x00, 0x00, 0x00, 0x00, 0x00, 0x00, 0x00, 0x00,
    0x00, 0x00, 0x00, 0x00, 0x00, 0x00, 0x00, 0x00, 0x00, 0x00, 0x00, 0x00, 0x00, 0x00, 0x00, 0x00,
    0x00, 0x00, 0x00, 0x00, 0x00, 0x00, 0x00, 0x00, 0x00, 0x00, 0x00, 0x00, 0x00, 0x00, 0x00, 0x00,
    0x00, 0x00, 0x00, 0x00, 0x00, 0x00, 0x00, 0x00, 0x00, 0x00, 0x00, 0x00, 0x00, 0x00, 0x00, 0x00,
    0x00, 0x00, 0x00, 0x00, 0x00, 0x00, 0x00, 0x00, 0x00, 0x00, 0x00, 0x00, 0x00, 0x00, 0x00, 0x00,
    0x00, 0x00, 0x00, 0x00, 0x00, 0x00, 0x00, 0x00, 0x00, 0x00, 0x00, 0x00, 0x00, 0x00, 0x00, 0x00,
    0x00, 0x00, 0x00, 0x00, 0x00, 0x00, 0x00, 0x00, 0x00, 0x00, 0x00, 0x00, 0x00, 0x00, 0x00, 0x00,
    0x00, 0x00, 0x00, 0x00, 0x00, 0x00, 0x00, 0x00, 0x00, 0x00, 0x00, 0x00, 0x00, 0x00, 0x00, 0x00,
    0x00, 0x00, 0x00, 0x00, 0x00, 0x00, 0x00, 0x00, 0x00, 0x00, 0x00, 0x00, 0x00, 0x00, 0x00, 0x00,
    0x00, 0x00, 0x00, 0x00, 0x00, 0x00, 0x00, 0x00, 0x00, 0x00, 0x00, 0x00, 0x00, 0x00, 0x00, 0x00,
    0x00, 0x00, 0x00, 0x00, 0x00, 0x00, 0x00, 0x00, 0x00, 0x00, 0x00, 0x00, 0x00, 0x00, 0x00, 0x00,
    0x00, 0x00, 0x00, 0x00, 0x00, 0x00, 0x00, 0x00, 0x00, 0x00, 0x00, 0x00, 0x00, 0x00, 0x00, 0x00,
    0x00, 0x00, 0x00, 0x00, 0x00, 0x00, 0x00, 0x00, 0x00, 0x00, 0x00, 0x00, 0x00, 0x00, 0x00, 0x00,
    0x00, 0x00, 0x00, 0x00, 0x00, 0x00, 0x00, 0x00, 0x00, 0x00, 0x00, 0x00, 0x00, 0x00, 0x00, 0x00,
    0x00, 0x00, 0x00, 0x00, 0x00, 0x00, 0x00, 0x00, 0x00, 0x00, 0x00, 0x00, 0x00, 0x00, 0x00, 0x00,
    0x00, 0x00, 0x00, 0x00, 0x00, 0x00, 0x00, 0x00, 0x00, 0x00, 0x00, 0x00, 0x00, 0x00, 0x00, 0x00,
    0x00, 0x00, 0x00, 0x00, 0x00, 0x00, 0x00, 0x00, 0x00, 0x00, 0x00, 0x00, 0x00, 0x00, 0x00, 0x00,
    0x00, 0x00, 0x00, 0x00, 0x00, 0x00, 0x00, 0x00, 0x00, 0x00, 0x00, 0x00, 0x00, 0x00, 0x00, 0x00,
    0x00, 0x00, 0x00, 0x00, 0x00, 0x00, 0x00, 0x00, 0x00, 0x00, 0x00, 0x00, 0x00, 0x00, 0x00, 0x00,
    0x00, 0x00, 0x00, 0x00, 0x00, 0x00, 0x00, 0x00, 0x00, 0x00, 0x00, 0x00, 0x00, 0x00, 0x00, 0x00,
    0x00, 0x00, 0x00, 0x00, 0x00, 0x00, 0x00, 0x00, 0x00, 0x00, 0x00, 0x00, 0x00, 0x00, 0x00, 0x00,
    0x00, 0x00, 0x00, 0x00, 0x00, 0x00, 0x00, 0x00, 0x00, 0x00, 0x00, 0x00, 0x00, 0x00, 0x00, 0x00,
    0x00, 0x00, 0x00, 0x00, 0x00, 0x00, 0x00, 0x00, 0x00, 0x00, 0x00, 0x00, 0x00, 0x00, 0x00, 0x00,
    0x00, 0x00, 0x00, 0x00, 0x00, 0x00, 0x00, 0x00, 0x00, 0x00, 0x00, 0x00, 0x00, 0x00, 0x00, 0x00,
    0x00, 0x00, 0x00, 0x00, 0x00, 0x00, 0x00, 0x00, 0x00, 0x00, 0x00, 0x00, 0x00, 0x00, 0x00, 0x00,
    0x00, 0x00, 0x00, 0x00, 0x00, 0x00, 0x00, 0x00, 0x00, 0x00, 0x00, 0x00, 0x00, 0x00, 0x00, 0x00,
    0x00, 0x00, 0x00, 0x00, 0x00, 0x00, 0x00, 0x00, 0x00, 0x00, 0x00, 0x00, 0x00, 0x00, 0x00, 0x00,
    0x00, 0x00, 0x00, 0x00, 0x00, 0x00, 0x00, 0x00, 0x00, 0x00, 0x00, 0x00, 0x00, 0x00, 0x00, 0x00,
    0x00, 0x00, 0x00, 0x00, 0x00, 0x00, 0x00, 0x00, 0x00, 0x00, 0x00, 0x00, 0x00, 0x00, 0x00, 0x00,
    0x00, 0x00, 0x00, 0x00, 0x00, 0x00, 0x00, 0x00, 0x00, 0x00, 0x00, 0x00, 0x00, 0x00, 0x00, 0x00,
    0x00, 0x00, 0x00, 0x00, 0x00, 0x00, 0x00, 0x00, 0x00, 0x00, 0x00, 0x00, 0x00, 0x00, 0x00, 0x00,
    0x00, 0x00, 0x00, 0x00, 0x00, 0x00, 0x00, 0x00, 0x00, 0x00, 0x00, 0x00, 0x00, 0x00, 0x00, 0x00,
    0x00, 0x00, 0x00, 0x00, 0x00, 0x00, 0x00, 0x00, 0x00, 0x00, 0x00, 0x00, 0x00, 0x00, 0x00, 0x00,
    0x00, 0x00, 0x00, 0x00, 0x00, 0x00, 0x00, 0x00, 0x00, 0x00, 0x00, 0x00, 0x00, 0x00, 0x00, 0x00,
    0x00, 0x00, 0x00, 0x00, 0x00, 0x00, 0x00, 0x00, 0x00, 0x00, 0x00, 0x00, 0x00, 0x00, 0x00, 0x00,
    0x00, 0x00, 0x00, 0x00, 0x00, 0x00, 0x00, 0x00, 0x00, 0x00, 0x00, 0x00, 0x00, 0x00, 0x00, 0x00,
    0x00, 0x00, 0x00, 0x00, 0x00, 0x00, 0x00, 0x00, 0x00, 0x00, 0x00, 0x00, 0x00, 0x00, 0x00, 0x00,
    0x00, 0x00, 0x00, 0x00, 0x00, 0x00, 0x00, 0x00, 0x00, 0x00, 0x00, 0x00, 0x00, 0x00, 0x00, 0x00,
    0x00, 0x00, 0x00, 0x00, 0x00, 0x00, 0x00, 0x00, 0x00, 0x00, 0x00, 0x00, 0x00, 0x00, 0x00, 0x00,
    0x00, 0x00, 0x00, 0x00, 0x00, 0x00, 0x00, 0x00, 0x00, 0x00, 0x00, 0x00, 0x00, 0x00, 0x00, 0x00,
    0x00, 0x00, 0x00, 0x00, 0x00, 0x00, 0x00, 0x00, 0x00, 0x00, 0x00, 0x00, 0x00, 0x00, 0x00, 0x00,
    0x00, 0x00, 0x00, 0x00, 0x00, 0x00, 0x00, 0x00, 0x00, 0x00, 0x00, 0x00, 0x00, 0x00, 0x00, 0x00,
    0x00, 0x00, 0x00, 0x00, 0x00, 0x00, 0x00, 0x00, 0x00, 0x00, 0x00, 0x00, 0x00, 0x00, 0x00, 0x00,
    0x00, 0x00, 0x00, 0x00, 0x00, 0x00, 0x00, 0x00, 0x00, 0x00, 0x00, 0x00, 0x00, 0x00, 0x00, 0x00,
    0x00, 0x00, 0x00, 0x00, 0x00, 0x00, 0x00, 0x00, 0x00, 0x00, 0x00, 0x00, 0x00, 0x00, 0x00, 0x00,
    0x00, 0x00, 0x00, 0x00, 0x00, 0x00, 0x00, 0x00, 0x00, 0x00, 0x00, 0x00, 0x00, 0x00, 0x00, 0x00,
    0x00, 0x00, 0x00, 0x00, 0x00, 0x00, 0x00, 0x00, 0x00, 0x00, 0x00, 0x00, 0x00, 0x00, 0x00, 0x00,
    0x00, 0x00, 0x00, 0x00, 0x00, 0x00, 0x00, 0x00, 0x00, 0x00, 0x00, 0x00, 0x00, 0x00, 0x00, 0x00,
    0x00, 0x00, 0x00, 0x00, 0x00, 0x00, 0x00, 0x00, 0x00, 0x00, 0x00, 0x00, 0x00, 0x00, 0x00, 0x00,
    0x00, 0x00, 0x00, 0x00, 0x00, 0x00, 0x00, 0x00, 0x00, 0x00, 0x00, 0x00, 0x00, 0x00, 0x00, 0x00,
    0x00, 0x00, 0x00, 0x00, 0x00, 0x00, 0x00, 0x00, 0x00, 0x00, 0x00, 0x00, 0x00, 0x00, 0x00, 0x00,
    0x00, 0x00, 0x00, 0x00, 0x00, 0x00, 0x00, 0x00, 0x00, 0x00, 0x00, 0x00, 0x00, 0x00, 0x00, 0x00,
    0x00, 0x00, 0x00, 0x00, 0x00, 0x00, 0x00, 0x00, 0x00, 0x00, 0x00, 0x00, 0x00, 0x00, 0x00, 0x00,
    0x00, 0x00, 0x00, 0x00, 0x00, 0x00, 0x00, 0x00, 0x00, 0x00, 0x00, 0x00, 0x00, 0x00, 0x00, 0x00,
    0x00, 0x00, 0x00, 0x00, 0x00, 0x00, 0x00, 0x00, 0x00, 0x00, 0x00, 0x00, 0x00, 0x00, 0x00, 0x00,
    0x00, 0x00, 0x00, 0x00, 0x00, 0x00, 0x00, 0x00, 0x00, 0x00, 0x00, 0x00, 0x00, 0x00, 0x00, 0x00,
    0x00, 0x00, 0x00, 0x00, 0x00, 0x00, 0x00, 0x00, 0x00, 0x00, 0x00, 0x00, 0x00, 0x00, 0x00, 0x00,
    0x00, 0x00, 0x00, 0x00, 0x00, 0x00, 0x00, 0x00, 0x00, 0x00, 0x00, 0x00, 0x00, 0x00, 0x00, 0x00,
    0x00, 0x00, 0x00, 0x00, 0x00, 0x00, 0x00, 0x00, 0x00, 0x00, 0x00, 0x00, 0x00, 0x00, 0x00, 0x00,
    0x00, 0x00, 0x00, 0x00, 0x00, 0x00, 0x00, 0x00, 0x00, 0x00, 0x00, 0x00, 0x00, 0x00, 0x00, 0x00,
    0x00, 0x00, 0x00, 0x00, 0x00, 0x00, 0x00, 0x00, 0x00, 0x00, 0x00, 0x00, 0x00, 0x00, 0x00, 0x00,
    0x00, 0x00, 0x00, 0x00, 0x00, 0x00, 0x00, 0x00, 0x00, 0x00, 0x00, 0x00, 0x00, 0x00, 0x00, 0x00,
    0x00, 0x00, 0x00, 0x00, 0x00, 0x00, 0x00, 0x00, 0x00, 0x00, 0x00, 0x00, 0x00, 0x00, 0x00, 0x00,
    0x00, 0x00, 0x00, 0x00, 0x00, 0x00, 0x00, 0x00, 0x00, 0x00, 0x00, 0x00, 0x00, 0x00, 0x00, 0x00,
    0x00, 0x00, 0x00, 0x00, 0x00, 0x00, 0x00, 0x00, 0x00, 0x00, 0x00, 0x00, 0x00, 0x00, 0x00, 0x00,
    0x00, 0x00, 0x00, 0x00, 0x00, 0x00, 0x00, 0x00, 0x00, 0x00, 0x00, 0x00, 0x00, 0x00, 0x00, 0x00,
    0x00, 0x00, 0x00, 0x00, 0x00, 0x00, 0x00, 0x00, 0x00, 0x00, 0x00, 0x00, 0x00, 0x00, 0x00, 0x00,
    0x00, 0x00, 0x00, 0x00, 0x00, 0x00, 0x00, 0x00, 0x00, 0x00, 0x00, 0x00, 0x00, 0x00, 0x00, 0x00,
    0x00, 0x00, 0x00, 0x00, 0x00, 0x00, 0x00, 0x00, 0x00, 0x00, 0x00, 0x00, 0x00, 0x00, 0x00, 0x00,
    0x00, 0x00, 0x00, 0x00, 0x00, 0x00, 0x00, 0x00, 0x00, 0x00, 0x00, 0x00, 0x00, 0x00, 0x00, 0x00,
    0x00, 0x00, 0x00, 0x00, 0x00, 0x00, 0x00, 0x00, 0x00, 0x00, 0x00, 0x00, 0x00, 0x00, 0x00, 0x00,
    0x00, 0x00, 0x00, 0x00, 0x00, 0x00, 0x00, 0x00, 0x00, 0x00, 0x00, 0x00, 0x00, 0x00, 0x00, 0x00,
    0x00, 0x00, 0x00, 0x00, 0x00, 0x00, 0x00, 0x00, 0x00, 0x00, 0x00, 0x00, 0x00, 0x00, 0x00, 0x00,
    0x00, 0x00, 0x00, 0x00, 0x00, 0x00, 0x00, 0x00, 0x00, 0x00, 0x00, 0x00, 0x00, 0x00, 0x00, 0x00,
    0x00, 0x00, 0x00, 0x00, 0x00, 0x00, 0x00, 0x00, 0x00, 0x00, 0x00, 0x00, 0x00, 0x00, 0x00, 0x00,
    0x00, 0x00, 0x00, 0x00, 0x00, 0x00, 0x00, 0x00, 0x00, 0x00, 0x00, 0x00, 0x00, 0x00, 0x00, 0x00,
    0x00, 0x00, 0x00, 0x00, 0x00, 0x00, 0x00, 0x00, 0x00, 0x00, 0x00, 0x00, 0x00, 0x00, 0x00, 0x00,
    0x00, 0x00, 0x00, 0x00, 0x00, 0x00, 0x00, 0x00, 0x00, 0x00, 0x00, 0x00, 0x00, 0x00, 0x00, 0x00,
    0x00, 0x00, 0x00, 0x00, 0x00, 0x00, 0x00, 0x00, 0x00, 0x00, 0x00, 0x00, 0x00, 0x00, 0x00, 0x00,
    0x00, 0x00, 0x00, 0x00, 0x00, 0x00, 0x00, 0x00, 0x00, 0x00, 0x00, 0x00, 0x00, 0x00, 0x00, 0x00,
    0x00, 0x00, 0x00, 0x00, 0x00, 0x00, 0x00, 0x00, 0x00, 0x00, 0x00, 0x00, 0x00, 0x00, 0x00, 0x00,
    0x00, 0x00, 0x00, 0x00, 0x00, 0x00, 0x00, 0x00, 0x00, 0x00, 0x00, 0x00, 0x00, 0x00, 0x00, 0x00,
    0x00, 0x00, 0x00, 0x00, 0x00, 0x00, 0x00, 0x00, 0x00, 0x00, 0x00, 0x00, 0x00, 0x00, 0x00, 0x00,
    0x00, 0x00, 0x00, 0x00, 0x00, 0x00, 0x00, 0x00, 0x00, 0x00, 0x00, 0x00, 0x00, 0x00, 0x00, 0x00,
    0x00, 0x00, 0x00, 0x00, 0x00, 0x00, 0x00, 0x00, 0x00, 0x00, 0x00, 0x00, 0x00, 0x00, 0x00, 0x00,
    0x00, 0x00, 0x00, 0x00, 0x00, 0x00, 0x00, 0x00, 0x00, 0x00, 0x00, 0x00, 0x00, 0x00, 0x00, 0x00,
    0x00, 0x00, 0x00, 0x00, 0x00, 0x00, 0x00, 0x00, 0x00, 0x00, 0x00, 0x00, 0x00, 0x00, 0x00, 0x00,
    0x00, 0x00, 0x00, 0x00, 0x00, 0x00, 0x00, 0x00, 0x00, 0x00, 0x00, 0x00, 0x00, 0x00, 0x00, 0x00,
    0x00, 0x00, 0x00, 0x00, 0x00, 0x00, 0x00, 0x00, 0x00, 0x00, 0x00, 0x00, 0x00, 0x00, 0x00, 0x00,
    0x00, 0x00, 0x00, 0x00, 0x00, 0x00, 0x00, 0x00, 0x00, 0x00, 0x00, 0x00, 0x00, 0x00, 0x00, 0x00,
    0x00, 0x00, 0x00, 0x00, 0x00, 0x00, 0x00, 0x00, 0x00, 0x00, 0x00, 0x00, 0x00, 0x00, 0x00, 0x00,
    0x00, 0x00, 0x00, 0x00, 0x00, 0x00, 0x00, 0x00, 0x00, 0x00, 0x00, 0x00, 0x00, 0x00, 0x00, 0x00,
    0x00, 0x00, 0x00, 0x00, 0x00, 0x00, 0x00, 0x00, 0x00, 0x00, 0x00, 0x00, 0x00, 0x00, 0x00, 0x00,
    0x00, 0x00, 0x00, 0x00, 0x00, 0x00, 0x00, 0x00, 0x00, 0x00, 0x00, 0x00, 0x00, 0x00, 0x00, 0x00,
    0x00, 0x00, 0x00, 0x00, 0x00, 0x00, 0x00, 0x00, 0x00, 0x00, 0x00, 0x00, 0x00, 0x00, 0x00, 0x00,
    0x00, 0x00, 0x00, 0x00, 0x00, 0x00, 0x00, 0x00, 0x00, 0x00, 0x00, 0x00, 0x00, 0x00, 0x00, 0x00,
    0x00, 0x00, 0x00, 0x00, 0x00, 0x00, 0x00, 0x00, 0x00, 0x00, 0x00, 0x00, 0x00, 0x00, 0x00, 0x00,
    0x00, 0x00, 0x00, 0x00, 0x00, 0x00, 0x00, 0x00, 0x00, 0x00, 0x00, 0x00, 0x00, 0x00, 0x00, 0x00,
    0x00, 0x00, 0x00, 0x00, 0x00, 0x00, 0x00, 0x00, 0x00, 0x00, 0x00, 0x00, 0x00, 0x00, 0x00, 0x00,
    0x00, 0x00, 0x00, 0x00, 0x00, 0x00, 0x00, 0x00, 0x00, 0x00, 0x00, 0x00, 0x00, 0x00, 0x00, 0x00,
    0x00, 0x00, 0x00, 0x00, 0x00, 0x00, 0x00, 0x00, 0x00, 0x00, 0x00, 0x00, 0x00, 0x00, 0x00, 0x00,
    0x00, 0x00, 0x00, 0x00, 0x00, 0x00, 0x00, 0x00, 0x00, 0x00, 0x00, 0x00, 0x00, 0x00, 0x00, 0x00,
    0x00, 0x00, 0x00, 0x00, 0x00, 0x00, 0x00, 0x00, 0x00, 0x00, 0x00, 0x00, 0x00, 0x00, 0x00, 0x00,
    0x00, 0x00, 0x00, 0x00, 0x00, 0x00, 0x00, 0x00, 0x00, 0x00, 0x00, 0x00, 0x00, 0x00, 0x00, 0x00,
    0x00, 0x00, 0x00, 0x00, 0x00, 0x00, 0x00, 0x00, 0x00, 0x00, 0x00, 0x00, 0x00, 0x00, 0x00, 0x00,
    0x00, 0x00, 0x00, 0x00, 0x00, 0x00, 0x00, 0x00, 0x00, 0x00, 0x00, 0x00, 0x00, 0x00, 0x00, 0x00,
    0x00, 0x00, 0x00, 0x00, 0x00, 0x00, 0x00, 0x00, 0x00, 0x00, 0x00, 0x00, 0x00, 0x00, 0x00, 0x00,
    0x00, 0x00, 0x00, 0x00, 0x00, 0x00, 0x00, 0x00, 0x00, 0x00, 0x00, 0x00, 0x00, 0x00, 0x00, 0x00,
    0x00, 0x00, 0x00, 0x00, 0x00, 0x00, 0x00, 0x00, 0x00, 0x00, 0x00, 0x00, 0x00, 0x00, 0x00, 0x00,
    0x00, 0x00, 0x00, 0x00, 0x00, 0x00, 0x00, 0x00, 0x00, 0x00, 0x00, 0x00, 0x00, 0x00, 0x00, 0x00,
    0x00, 0x00, 0x00, 0x00, 0x00, 0x00, 0x00, 0x00, 0x00, 0x00, 0x00, 0x00, 0x00, 0x00, 0x00, 0x00,
    0x00, 0x00, 0x00, 0x00, 0x00, 0x00, 0x00, 0x00, 0x00, 0x00, 0x00, 0x00, 0x00, 0x00, 0x00, 0x00,
    0x00, 0x00, 0x00, 0x00, 0x00, 0x00, 0x00, 0x00, 0x00, 0x00, 0x00, 0x00, 0x00, 0x00, 0x00, 0x00,
    0x00, 0x00, 0x00, 0x00, 0x00, 0x00, 0x00, 0x00, 0x00, 0x00, 0x00, 0x00, 0x00, 0x00, 0x00, 0x00,
    0x00, 0x00, 0x00, 0x00, 0x00, 0x00, 0x00, 0x00, 0x00, 0x00, 0x00, 0x00, 0x00, 0x00, 0x00, 0x00,
    0x00, 0x00, 0x00, 0x00, 0x00, 0x00, 0x00, 0x00, 0x00, 0x00, 0x00, 0x00, 0x00, 0x00, 0x00, 0x00,
    0x00, 0x00, 0x00, 0x00, 0x00, 0x00, 0x00, 0x00, 0x00, 0x00, 0x00, 0x00, 0x00, 0x00, 0x00, 0x00,
    0x00, 0x00, 0x00, 0x00, 0x00, 0x00, 0x00, 0x00, 0x00, 0x00, 0x00, 0x00, 0x00, 0x00, 0x00, 0x00,
    0x00, 0x00, 0x00, 0x00, 0x00, 0x00, 0x00, 0x00, 0x00, 0x00, 0x00, 0x00, 0x00, 0x00, 0x00, 0x00,
    0x00, 0x00, 0x00, 0x00, 0x00, 0x00, 0x00, 0x00, 0x00, 0x00, 0x00, 0x00, 0x00, 0x00, 0x00, 0x00,
    0x00, 0x00, 0x00, 0x00, 0x00, 0x00, 0x00, 0x00, 0x00, 0x00, 0x00, 0x00, 0x00, 0x00, 0x00, 0x00,
    0x00, 0x00, 0x00, 0x00, 0x00, 0x00, 0x00, 0x00, 0x00, 0x00, 0x00, 0x00, 0x00, 0x00, 0x00, 0x00,
    0x00, 0x00, 0x00, 0x00, 0x00, 0x00, 0x00, 0x00, 0x00, 0x00, 0x00, 0x00, 0x00, 0x00, 0x00, 0x00,
    0x00, 0x00, 0x00, 0x00, 0x00, 0x00, 0x00, 0x00, 0x00, 0x00, 0x00, 0x00, 0x00, 0x00, 0x00, 0x00,
    0x00, 0x00, 0x00, 0x00, 0x00, 0x00, 0x00, 0x00, 0x00, 0x00, 0x00, 0x00, 0x00, 0x00, 0x00, 0x00,
    0x00, 0x00, 0x00, 0x00, 0x00, 0x00, 0x00, 0x00, 0x00, 0x00, 0x00, 0x00, 0x00, 0x00, 0x00, 0x00,
    0x00, 0x00, 0x00, 0x00, 0x00, 0x00, 0x00, 0x00, 0x00, 0x00, 0x00, 0x00, 0x00, 0x00, 0x00, 0x00,
    0x00, 0x00, 0x00, 0x00, 0x00, 0x00, 0x00, 0x00, 0x00, 0x00, 0x00, 0x00, 0x00, 0x00, 0x00, 0x00,
    0x00, 0x00, 0x00, 0x00, 0x00, 0x00, 0x00, 0x00, 0x00, 0x00, 0x00, 0x00, 0x00, 0x00, 0x00, 0x00,
    0x00, 0x00, 0x00, 0x00, 0x00, 0x00, 0x00, 0x00, 0x00, 0x00, 0x00, 0x00, 0x00, 0x00, 0x00, 0x00,
    0x00, 0x00, 0x00, 0x00, 0x00, 0x00, 0x00, 0x00, 0x00, 0x00, 0x00, 0x00, 0x00, 0x00, 0x00, 0x00,
    0x00, 0x00, 0x00, 0x00, 0x00, 0x00, 0x00, 0x00, 0x00, 0x00, 0x00, 0x00, 0x00, 0x00, 0x00, 0x00,
    0x00, 0x00, 0x00, 0x00, 0x00, 0x00, 0x00, 0x00, 0x00, 0x00, 0x00, 0x00, 0x00, 0x00, 0x00, 0x00,
    0x00, 0x00, 0x00, 0x00, 0x00, 0x00, 0x00, 0x00, 0x00, 0x00, 0x00, 0x00, 0x00, 0x00, 0x00, 0x00,
    0x00, 0x00, 0x00, 0x00, 0x00, 0x00, 0x00, 0x00, 0x00, 0x00, 0x00, 0x00, 0x00, 0x00, 0x00, 0x00,
    0x00, 0x00, 0x00, 0x00, 0x00, 0x00, 0x00, 0x00, 0x00, 0x00, 0x00, 0x00, 0x00, 0x00, 0x00, 0x00,
    0x00, 0x00, 0x00, 0x00, 0x00, 0x00, 0x00, 0x00, 0x00, 0x00, 0x00, 0x00, 0x00, 0x00, 0x00, 0x00,
    0x00, 0x00, 0x00, 0x00, 0x00, 0x00, 0x00, 0x00, 0x00, 0x00, 0x00, 0x00, 0x00, 0x00, 0x00, 0x00,
    0x00, 0x00, 0x00, 0x00, 0x00, 0x00, 0x00, 0x00, 0x00, 0x00, 0x00, 0x00, 0x00, 0x00, 0x00, 0x00,
    0x00, 0x00, 0x00, 0x00, 0x00, 0x00, 0x00, 0x00, 0x00, 0x00, 0x00, 0x00, 0x00, 0x00, 0x00, 0x00,
    0x00, 0x00, 0x00, 0x00, 0x00, 0x00, 0x00, 0x00, 0x00, 0x00, 0x00, 0x00, 0x00, 0x00, 0x00, 0x00,
    0x00, 0x00, 0x00, 0x00, 0x00, 0x00, 0x00, 0x00, 0x00, 0x00, 0x00, 0x00, 0x00, 0x00, 0x00, 0x00,
    0x00, 0x00, 0x00, 0x00, 0x00, 0x00, 0x00, 0x00, 0x00, 0x00, 0x00, 0x00, 0x00, 0x00, 0x00, 0x00,
    0x00, 0x00, 0x00, 0x00, 0x00, 0x00, 0x00, 0x00, 0x00, 0x00, 0x00, 0x00, 0x00, 0x00, 0x00, 0x00,
    0x00, 0x00, 0x00, 0x00, 0x00, 0x00, 0x00, 0x00, 0x00, 0x00, 0x00, 0x00, 0x00, 0x00, 0x00, 0x00,
    0x00, 0x00, 0x00, 0x00, 0x00, 0x00, 0x00, 0x00, 0x00, 0x00, 0x00, 0x00, 0x00, 0x00, 0x00, 0x00,
    0x00, 0x00, 0x00, 0x00, 0x00, 0x00, 0x00, 0x00, 0x00, 0x00, 0x00, 0x00, 0x00, 0x00, 0x00, 0x00,
    0x00, 0x00, 0x00, 0x00, 0x00, 0x00, 0x00, 0x00, 0x00, 0x00, 0x00, 0x00, 0x00, 0x00, 0x00, 0x00,
    0x00, 0x00, 0x00, 0x00, 0x00, 0x00, 0x00, 0x00, 0x00, 0x00, 0x00, 0x00, 0x00, 0x00, 0x00, 0x00,
    0x00, 0x00, 0x00, 0x00, 0x00, 0x00, 0x00, 0x00, 0x00, 0x00, 0x00, 0x00, 0x00, 0x00, 0x00, 0x00,
    0x00, 0x00, 0x00, 0x00, 0x00, 0x00, 0x00, 0x00, 0x00, 0x00, 0x00, 0x00, 0x00, 0x00, 0x00, 0x00,
    0x00, 0x00, 0x00, 0x00, 0x00, 0x00, 0x00, 0x00, 0x00, 0x00, 0x00, 0x00, 0x00, 0x00, 0x00, 0x00,
    0x00, 0x00, 0x00, 0x00, 0x00, 0x00, 0x00, 0x00, 0x00, 0x00, 0x00, 0x00, 0x00, 0x00, 0x00, 0x00,
    0x00, 0x00, 0x00, 0x00, 0x00, 0x00, 0x00, 0x00, 0x00, 0x00, 0x00, 0x00, 0x00, 0x00, 0x00, 0x00,
    0x00, 0x00, 0x00, 0x00, 0x00, 0x00, 0x00, 0x00, 0x00, 0x00, 0x00, 0x00, 0x00, 0x00, 0x00, 0x00,
    0x00, 0x00, 0x00, 0x00, 0x00, 0x00, 0x00, 0x00, 0x00, 0x00, 0x00, 0x00, 0x00, 0x00, 0x00, 0x00,
    0x00, 0x00, 0x00, 0x00, 0x00, 0x00, 0x00, 0x00, 0x00, 0x00, 0x00, 0x00, 0x00, 0x00, 0x00, 0x00,
    0x00, 0x00, 0x00, 0x00, 0x00, 0x00, 0x00, 0x00, 0x00, 0x00, 0x00, 0x00, 0x00, 0x00, 0x00, 0x00,
    0x00, 0x00, 0x00, 0x00, 0x00, 0x00, 0x00, 0x00, 0x00, 0x00, 0x00, 0x00, 0x00, 0x00, 0x00, 0x00,
    0x00, 0x00, 0x00, 0x00, 0x00, 0x00, 0x00, 0x00, 0x00, 0x00, 0x00, 0x00, 0x00, 0x00, 0x00, 0x00,
    0x00, 0x00, 0x00, 0x00, 0x00, 0x00, 0x00, 0x00, 0x00, 0x00, 0x00, 0x00, 0x00, 0x00, 0x00, 0x00,
    0x00, 0x00, 0x00, 0x00, 0x00, 0x00, 0x00, 0x00, 0x00, 0x00, 0x00, 0x00, 0x00, 0x00, 0x00, 0x00,
    0x00, 0x00, 0x00, 0x00, 0x00, 0x00, 0x00, 0x00, 0x00, 0x00, 0x00, 0x00, 0x00, 0x00, 0x00, 0x00,
    0x00, 0x00, 0x00, 0x00, 0x00, 0x00, 0x00, 0x00, 0x00, 0x00, 0x00, 0x00, 0x00, 0x00, 0x00, 0x00,
    0x00, 0x00, 0x00, 0x00, 0x00, 0x00, 0x00, 0x00, 0x00, 0x00, 0x00, 0x00, 0x00, 0x00, 0x00, 0x00,
    0x00, 0x00, 0x00, 0x00, 0x00, 0x00, 0x00, 0x00, 0x00, 0x00, 0x00, 0x00, 0x00, 0x00, 0x00, 0x00,
    0x00, 0x00, 0x00, 0x00, 0x00, 0x00, 0x00, 0x00, 0x00, 0x00, 0x00, 0x00, 0x00, 0x00, 0x00, 0x00,
    0x00, 0x00, 0x00, 0x00, 0x00, 0x00, 0x00, 0x00, 0x00, 0x00, 0x00, 0x00, 0x00, 0x00, 0x00, 0x00,
    0x00, 0x00, 0x00, 0x00, 0x00, 0x00, 0x00, 0x00, 0x00, 0x00, 0x00, 0x00, 0x00, 0x00, 0x00, 0x00,
    0x00, 0x00, 0x00, 0x00, 0x00, 0x00, 0x00, 0x00, 0x00, 0x00, 0x00, 0x00, 0x00, 0x00, 0x00, 0x00,
    0x00, 0x00, 0x00, 0x00, 0x00, 0x00, 0x00, 0x00, 0x00, 0x00, 0x00, 0x00, 0x00, 0x00, 0x00, 0x00,
    0x00, 0x00, 0x00, 0x00, 0x00, 0x00, 0x00, 0x00, 0x00, 0x00, 0x00, 0x00, 0x00, 0x00, 0x00, 0x00,
    0x00, 0x00, 0x00, 0x00, 0x00, 0x00, 0x00, 0x00, 0x00, 0x00, 0x00, 0x00, 0x00, 0x00, 0x00, 0x00,
    0x00, 0x00, 0x00, 0x00, 0x00, 0x00, 0x00, 0x00, 0x00, 0x00, 0x00, 0x00, 0x00, 0x00, 0x00, 0x00,
    0x00, 0x00, 0x00, 0x00, 0x00, 0x00, 0x00, 0x00, 0x00, 0x00, 0x00, 0x00, 0x00, 0x00, 0x00, 0x00,
    0x00, 0x00, 0x00, 0x00, 0x00, 0x00, 0x00, 0x00, 0x00, 0x00, 0x00, 0x00, 0x00, 0x00, 0x00, 0x00,
    0x00, 0x00, 0x00, 0x00, 0x00, 0x00, 0x00, 0x00, 0x00, 0x00, 0x00, 0x00, 0x00, 0x00, 0x00, 0x00,
    0x00, 0x00, 0x00, 0x00, 0x00, 0x00, 0x00, 0x00, 0x00, 0x00, 0x00, 0x00, 0x00, 0x00, 0x00, 0x00,
    0x00, 0x00, 0x00, 0x00, 0x00, 0x00, 0x00, 0x00, 0x00, 0x00, 0x00, 0x00, 0x00, 0x00, 0x00, 0x00,
    0x00, 0x00, 0x00, 0x00, 0x00, 0x00, 0x00, 0x00, 0x00, 0x00, 0x00, 0x00, 0x00, 0x00, 0x00, 0x00,
    0x00, 0x00, 0x00, 0x00, 0x00, 0x00, 0x00, 0x00, 0x00, 0x00, 0x00, 0x00, 0x00, 0x00, 0x00, 0x00,
    0x00, 0x00, 0x00, 0x00, 0x00, 0x00, 0x00, 0x00, 0x00, 0x00, 0x00, 0x00, 0x00, 0x00, 0x00, 0x00,
    0x00, 0x00, 0x00, 0x00, 0x00, 0x00, 0x00, 0x00, 0x00, 0x00, 0x00, 0x00, 0x00, 0x00, 0x00, 0x00,
    0x00, 0x00, 0x00, 0x00, 0x00, 0x00, 0x00, 0x00, 0x00, 0x00, 0x00, 0x00, 0x00, 0x00, 0x00, 0x00,
    0x00, 0x00, 0x00, 0x00, 0x00, 0x00, 0x00, 0x00, 0x00, 0x00, 0x00, 0x00, 0x00, 0x00, 0x00, 0x00,
    0x00, 0x00, 0x00, 0x00, 0x00, 0x00, 0x00, 0x00, 0x00, 0x00, 0x00, 0x00, 0x00, 0x00, 0x00, 0x00,
    0x00, 0x00, 0x00, 0x00, 0x00, 0x00, 0x00, 0x00, 0x00, 0x00, 0x00, 0x00, 0x00, 0x00, 0x00, 0x00,
    0x00, 0x00, 0x00, 0x00, 0x00, 0x00, 0x00, 0x00, 0x00, 0x00, 0x00, 0x00, 0x00, 0x00, 0x00, 0x00,
    0x00, 0x00, 0x00, 0x00, 0x00, 0x00, 0x00, 0x00, 0x00, 0x00, 0x00, 0x00, 0x00, 0x00, 0x00, 0x00,
    0x00, 0x00, 0x00, 0x00, 0x00, 0x00, 0x00, 0x00, 0x00, 0x00, 0x00, 0x00, 0x00, 0x00, 0x00, 0x00,
    0x00, 0x00, 0x00, 0x00, 0x00, 0x00, 0x00, 0x00, 0x00, 0x00, 0x00, 0x00, 0x00, 0x00, 0x00, 0x00,
    0x00, 0x00, 0x00, 0x00, 0x00, 0x00, 0x00, 0x00, 0x00, 0x00, 0x00, 0x00, 0x00, 0x00, 0x00, 0x00,
    0x00, 0x00, 0x00, 0x00, 0x00, 0x00, 0x00, 0x00, 0x00, 0x00, 0x00, 0x00, 0x00, 0x00, 0x00, 0x00,
    0x00, 0x00, 0x00, 0x00, 0x00, 0x00, 0x00, 0x00, 0x00, 0x00, 0x00, 0x00, 0x00, 0x00, 0x00, 0x00,
    0x00, 0x00, 0x00, 0x00, 0x00, 0x00, 0x00, 0x00, 0x00, 0x00, 0x00, 0x00, 0x00, 0x00, 0x00, 0x00,
    0x00, 0x00, 0x00, 0x00, 0x00, 0x00, 0x00, 0x00, 0x00, 0x00, 0x00, 0x00, 0x00, 0x00, 0x00, 0x00,
    0x00, 0x00, 0x00, 0x00, 0x00, 0x00, 0x00, 0x00, 0x00, 0x00, 0x00, 0x00, 0x00, 0x00, 0x00, 0x00,
    0x00, 0x00, 0x00, 0x00, 0x00, 0x00, 0x00, 0x00, 0x00, 0x00, 0x00, 0x00, 0x00, 0x00, 0x00, 0x00,
    0x00, 0x00, 0x00, 0x00, 0x00, 0x00, 0x00, 0x00, 0x00, 0x00, 0x00, 0x00, 0x00, 0x00, 0x00, 0x00,
    0x00, 0x00, 0x00, 0x00, 0x00, 0x00, 0x00, 0x00, 0x00, 0x00, 0x00, 0x00, 0x00, 0x00, 0x00, 0x00,
    0x00, 0x00, 0x00, 0x00, 0x00, 0x00, 0x00, 0x00, 0x00, 0x00, 0x00, 0x00, 0x00, 0x00, 0x00, 0x00,
    0x00, 0x00, 0x00, 0x00, 0x00, 0x00, 0x00, 0x00, 0x00, 0x00, 0x00, 0x00, 0x00, 0x00, 0x00, 0x00,
    0x00, 0x00, 0x00, 0x00, 0x00, 0x00, 0x00, 0x00, 0x00, 0x00, 0x00, 0x00, 0x00, 0x00, 0x00, 0x00,
    0x00, 0x00, 0x00, 0x00, 0x00, 0x00, 0x00, 0x00, 0x00, 0x00, 0x00, 0x00, 0x00, 0x00, 0x00, 0x00,
    0x00, 0x00, 0x00, 0x00, 0x00, 0x00, 0x00, 0x00, 0x00, 0x00, 0x00, 0x00, 0x00, 0x00, 0x00, 0x00,
    0x00, 0x00, 0x00, 0x00, 0x00, 0x00, 0x00, 0x00, 0x00, 0x00, 0x00, 0x00, 0x00, 0x00, 0x00, 0x00,
    0x00, 0x00, 0x00, 0x00, 0x00, 0x00, 0x00, 0x00, 0x00, 0x00, 0x00, 0x00, 0x00, 0x00, 0x00, 0x00,
    0x00, 0x00, 0x00, 0x00, 0x00, 0x00, 0x00, 0x00, 0x00, 0x00, 0x00, 0x00, 0x00, 0x00, 0x00, 0x00,
    0x00, 0x00, 0x00, 0x00, 0x00, 0x00, 0x00, 0x00, 0x00, 0x00, 0x00, 0x00, 0x00, 0x00, 0x00, 0x00,
    0x00, 0x00, 0x00, 0x00, 0x00, 0x00, 0x00, 0x00, 0x00, 0x00, 0x00, 0x00, 0x00, 0x00, 0x00, 0x00,
    0x00, 0x00, 0x00, 0x00, 0x00, 0x00, 0x00, 0x00, 0x00, 0x00, 0x00, 0x00, 0x00, 0x00, 0x00, 0x00,
    0x00, 0x00, 0x00, 0x00, 0x00, 0x00, 0x00, 0x00, 0x00, 0x00, 0x00, 0x00, 0x00, 0x00, 0x00, 0x00,
    0x00, 0x00, 0x00, 0x00, 0x00, 0x00, 0x00, 0x00, 0x00, 0x00, 0x00, 0x00, 0x00, 0x00, 0x00, 0x00,
    0x00, 0x00, 0x00, 0x00, 0x00, 0x00, 0x00, 0x00, 0x00, 0x00, 0x00, 0x00, 0x00, 0x00, 0x00, 0x00,
    0x00, 0x00, 0x00, 0x00, 0x00, 0x00, 0x00, 0x00, 0x00, 0x00, 0x00, 0x00, 0x00, 0x00, 0x00, 0x00,
    0x00, 0x00, 0x00, 0x00, 0x00, 0x00, 0x00, 0x00, 0x00, 0x00, 0x00, 0x00, 0x00, 0x00, 0x00, 0x00,
    0x00, 0x00, 0x00, 0x00, 0x00, 0x00, 0x00, 0x00, 0x00, 0x00, 0x00, 0x00, 0x00, 0x00, 0x00, 0x00,
    0x00, 0x00, 0x00, 0x00, 0x00, 0x00, 0x00, 0x00, 0x00, 0x00, 0x00, 0x00, 0x00, 0x00, 0x00, 0x00,
    0x00, 0x00, 0x00, 0x00, 0x00, 0x00, 0x00, 0x00, 0x00, 0x00, 0x00, 0x00, 0x00, 0x00, 0x00, 0x00,
    0x00, 0x00, 0x00, 0x00, 0x00, 0x00, 0x00, 0x00, 0x00, 0x00, 0x00, 0x00, 0x00, 0x00, 0x00, 0x00,
    0x00, 0x00, 0x00, 0x00, 0x00, 0x00, 0x00, 0x00, 0x00, 0x00, 0x00, 0x00, 0x00, 0x00, 0x00, 0x00,
    0x00, 0x00, 0x00, 0x00, 0x00, 0x00, 0x00, 0x00, 0x00, 0x00, 0x00, 0x00, 0x00, 0x00, 0x00, 0x00,
    0x00, 0x00, 0x00, 0x00, 0x00, 0x00, 0x00, 0x00, 0x00, 0x00, 0x00, 0x00, 0x00, 0x00, 0x00, 0x00,
    0x00, 0x00, 0x00, 0x00, 0x00, 0x00, 0x00, 0x00, 0x00, 0x00, 0x00, 0x00, 0x00, 0x00, 0x00, 0x00,
    0x00, 0x00, 0x00, 0x00, 0x00, 0x00, 0x00, 0x00, 0x00, 0x00, 0x00, 0x00, 0x00, 0x00, 0x00, 0x00,
    0x00, 0x00, 0x00, 0x00, 0x00, 0x00, 0x00, 0x00, 0x00, 0x00, 0x00, 0x00, 0x00, 0x00, 0x00, 0x00,
    0x00, 0x00, 0x00, 0x00, 0x00, 0x00, 0x00, 0x00, 0x00, 0x00, 0x00, 0x00, 0x00, 0x00, 0x00, 0x00,
    0x00, 0x00, 0x00, 0x00, 0x00, 0x00, 0x00, 0x00, 0x00, 0x00, 0x00, 0x00, 0x00, 0x00, 0x00, 0x00,
    0x00, 0x00, 0x00, 0x00, 0x00, 0x00, 0x00, 0x00, 0x00, 0x00, 0x00, 0x00, 0x00, 0x00, 0x00, 0x00,
    0x00, 0x00, 0x00, 0x00, 0x00, 0x00, 0x00, 0x00, 0x00, 0x00, 0x00, 0x00, 0x00, 0x00, 0x00, 0x00,
    0x00, 0x00, 0x00, 0x00, 0x00, 0x00, 0x00, 0x00, 0x00, 0x00, 0x00, 0x00, 0x00, 0x00, 0x00, 0x00,
    0x00, 0x00, 0x00, 0x00, 0x00, 0x00, 0x00, 0x00, 0x00, 0x00, 0x00, 0x00, 0x00, 0x00, 0x00, 0x00,
    0x00, 0x00, 0x00, 0x00, 0x00, 0x00, 0x00, 0x00, 0x00, 0x00, 0x00, 0x00, 0x00, 0x00, 0x00, 0x00,
    0x00, 0x00, 0x00, 0x00, 0x00, 0x00, 0x00, 0x00, 0x00, 0x00, 0x00, 0x00, 0x00, 0x00, 0x00, 0x00,
    0x00, 0x00, 0x00, 0x00, 0x00, 0x00, 0x00, 0x00, 0x00, 0x00, 0x00, 0x00, 0x00, 0x00, 0x00, 0x00,
    0x00, 0x00, 0x00, 0x00, 0x00, 0x00, 0x00, 0x00, 0x00, 0x00, 0x00, 0x00, 0x00, 0x00, 0x00, 0x00,
    0x00, 0x00, 0x00, 0x00, 0x00, 0x00, 0x00, 0x00, 0x00, 0x00, 0x00, 0x00, 0x00, 0x00, 0x00, 0x00,
    0x00, 0x00, 0x00, 0x00, 0x00, 0x00, 0x00, 0x00, 0x00, 0x00, 0x00, 0x00, 0x00, 0x00, 0x00, 0x00,
    0x00, 0x00, 0x00, 0x00, 0x00, 0x00, 0x00, 0x00, 0x00, 0x00, 0x00, 0x00, 0x00, 0x00, 0x00, 0x00,
    0x00, 0x00, 0x00, 0x00, 0x00, 0x00, 0x00, 0x00, 0x00, 0x00, 0x00, 0x00, 0x00, 0x00, 0x00, 0x00,
    0x00, 0x00, 0x00, 0x00, 0x00, 0x00, 0x00, 0x00, 0x00, 0x00, 0x00, 0x00, 0x00, 0x00, 0x00, 0x00,
    0x00, 0x00, 0x00, 0x00, 0x00, 0x00, 0x00, 0x00, 0x00, 0x00, 0x00, 0x00, 0x00, 0x00, 0x00, 0x00,
    0x00, 0x00, 0x00, 0x00, 0x00, 0x00, 0x00, 0x00, 0x00, 0x00, 0x00, 0x00, 0x00, 0x00, 0x00, 0x00,
    0x00, 0x00, 0x00, 0x00, 0x00, 0x00, 0x00, 0x00, 0x00, 0x00, 0x00, 0x00, 0x00, 0x00, 0x00, 0x00,
    0x00, 0x00, 0x00, 0x00, 0x00, 0x00, 0x00, 0x00, 0x00, 0x00, 0x00, 0x00, 0x00, 0x00, 0x00, 0x00,
    0x00, 0x00, 0x00, 0x00, 0x00, 0x00, 0x00, 0x00, 0x00, 0x00, 0x00, 0x00, 0x00, 0x00, 0x00, 0x00,
    0x00, 0x00, 0x00, 0x00, 0x00, 0x00, 0x00, 0x00, 0x00, 0x00, 0x00, 0x00, 0x00, 0x00, 0x00, 0x00,
    0x00, 0x00, 0x00, 0x00, 0x00, 0x00, 0x00, 0x00, 0x00, 0x00, 0x00, 0x00, 0x00, 0x00, 0x00, 0x00,
    0x00, 0x00, 0x00, 0x00, 0x00, 0x00, 0x00, 0x00, 0x00, 0x00, 0x00, 0x00, 0x00, 0x00, 0x00, 0x00,
    0x00, 0x00, 0x00, 0x00, 0x00, 0x00, 0x00, 0x00, 0x00, 0x00, 0x00, 0x00, 0x00, 0x00, 0x00, 0x00,
    0x00, 0x00, 0x00, 0x00, 0x00, 0x00, 0x00, 0x00, 0x00, 0x00, 0x00, 0x00, 0x00, 0x00, 0x00, 0x00,
    0x00, 0x00, 0x00, 0x00, 0x00, 0x00, 0x00, 0x00, 0x00, 0x00, 0x00, 0x00, 0x00, 0x00, 0x00, 0x00,
    0x00, 0x00, 0x00, 0x00, 0x00, 0x00, 0x00, 0x00, 0x00, 0x00, 0x00, 0x00, 0x00, 0x00, 0x00, 0x00,
    0x00, 0x00, 0x00, 0x00, 0x00, 0x00, 0x00, 0x00, 0x00, 0x00, 0x00, 0x00, 0x00, 0x00, 0x00, 0x00,
    0x00, 0x00, 0x00, 0x00, 0x00, 0x00, 0x00, 0x00, 0x00, 0x00, 0x00, 0x00, 0x00, 0x00, 0x00, 0x00,
    0x00, 0x00, 0x00, 0x00, 0x00, 0x00, 0x00, 0x00, 0x00, 0x00, 0x00, 0x00, 0x45, 0x4E, 0x44, 0x54,
};
