// Generated with `xb buildshaders`.
const uint8_t guest_output_bilinear_ps_metallib[] = {
    0x4D, 0x54, 0x4C, 0x42, 0x01, 0x80, 0x02, 0x00, 0x09, 0x00, 0x00, 0x81, 0x1A, 0x00, 0x00, 0x00,
    0x74, 0x68, 0x00, 0x00, 0x00, 0x00, 0x00, 0x00, 0x58, 0x00, 0x00, 0x00, 0x00, 0x00, 0x00, 0x00,
    0x8E, 0x00, 0x00, 0x00, 0x00, 0x00, 0x00, 0x00, 0x04, 0x01, 0x00, 0x00, 0x00, 0x00, 0x00, 0x00,
    0x08, 0x00, 0x00, 0x00, 0x00, 0x00, 0x00, 0x00, 0x0C, 0x01, 0x00, 0x00, 0x00, 0x00, 0x00, 0x00,
    0xD2, 0x00, 0x00, 0x00, 0x00, 0x00, 0x00, 0x00, 0xDE, 0x01, 0x00, 0x00, 0x00, 0x00, 0x00, 0x00,
    0x00, 0x15, 0x00, 0x00, 0x00, 0x00, 0x00, 0x00, 0x01, 0x00, 0x00, 0x00, 0x8E, 0x00, 0x00, 0x00,
    0x4E, 0x41, 0x4D, 0x45, 0x0B, 0x00, 0x78, 0x65, 0x73, 0x6C, 0x5F, 0x65, 0x6E, 0x74, 0x72, 0x79,
    0x00, 0x54, 0x59, 0x50, 0x45, 0x01, 0x00, 0x01, 0x48, 0x41, 0x53, 0x48, 0x20, 0x00, 0x69, 0x2D,
    0x8F, 0x2D, 0xBE, 0x72, 0x0C, 0x6E, 0x49, 0x48, 0x06, 0x18, 0x1C, 0x90, 0x7A, 0x22, 0xB8, 0x90,
    0xCF, 0x20, 0x8E, 0x38, 0xE4, 0x40, 0x3F, 0xD1, 0xFC, 0x02, 0x7D, 0xCF, 0x99, 0x98, 0x4D, 0x44,
    0x53, 0x5A, 0x08, 0x00, 0x00, 0x15, 0x00, 0x00, 0x00, 0x00, 0x00, 0x00, 0x4F, 0x46, 0x46, 0x54,
    0x18, 0x00, 0x00, 0x00, 0x00, 0x00, 0x00, 0x00, 0x00, 0x00, 0x00, 0x00, 0x00, 0x00, 0x00, 0x00,
    0x00, 0x00, 0x00, 0x00, 0x00, 0x00, 0x00, 0x00, 0x00, 0x00, 0x56, 0x45, 0x52, 0x53, 0x08, 0x00,
    0x02, 0x00, 0x08, 0x00, 0x03, 0x00, 0x00, 0x00, 0x53, 0x4F, 0x46, 0x46, 0x08, 0x00, 0x71, 0x01,
    0x00, 0x00, 0x00, 0x00, 0x00, 0x00, 0x45, 0x4E, 0x44, 0x54, 0x48, 0x53, 0x52, 0x44, 0x10, 0x00,
    0xDE, 0x16, 0x00, 0x00, 0x00, 0x00, 0x00, 0x00, 0x96, 0x51, 0x00, 0x00, 0x00, 0x00, 0x00, 0x00,
    0x45, 0x4E, 0x44, 0x54, 0x04, 0x00, 0x00, 0x00, 0x45, 0x4E, 0x44, 0x54, 0xCE, 0x00, 0x00, 0x00,
    0x44, 0x45, 0x42, 0x49, 0x7D, 0x00, 0x1A, 0x00, 0x00, 0x00, 0x2F, 0x55, 0x73, 0x65, 0x72, 0x73,
    0x2F, 0x77, 0x6D, 0x61, 0x72, 0x74, 0x69, 0x2F, 0x44, 0x6F, 0x63, 0x75, 0x6D, 0x65, 0x6E, 0x74,
    0x73, 0x2F, 0x78, 0x65, 0x6E, 0x69, 0x61, 0x2D, 0x6D, 0x61, 0x63, 0x2F, 0x73, 0x63, 0x72, 0x61,
    0x74, 0x63, 0x68, 0x2F, 0x77, 0x6F, 0x72, 0x6B, 0x74, 0x72, 0x65, 0x65, 0x73, 0x2F, 0x78, 0x65,
    0x6E, 0x69, 0x61, 0x2D, 0x63, 0x61, 0x6E, 0x61, 0x72, 0x79, 0x2D, 0x72, 0x65, 0x62, 0x61, 0x73,
    0x65, 0x2F, 0x73, 0x72, 0x63, 0x2F, 0x78, 0x65, 0x6E, 0x69, 0x61, 0x2F, 0x75, 0x69, 0x2F, 0x73,
    0x68, 0x61, 0x64, 0x65, 0x72, 0x73, 0x2F, 0x67, 0x75, 0x65, 0x73, 0x74, 0x5F, 0x6F, 0x75, 0x74,
    0x70, 0x75, 0x74, 0x5F, 0x62, 0x69, 0x6C, 0x69, 0x6E, 0x65, 0x61, 0x72, 0x2E, 0x78, 0x65, 0x73,
    0x6C, 0x69, 0x00, 0x44, 0x45, 0x50, 0x46, 0x41, 0x00, 0x73, 0x72, 0x63, 0x2F, 0x78, 0x65, 0x6E,
    0x69, 0x61, 0x2F, 0x75, 0x69, 0x2F, 0x73, 0x68, 0x61, 0x64, 0x65, 0x72, 0x73, 0x2F, 0x62, 0x79,
    0x74, 0x65, 0x63, 0x6F, 0x64, 0x65, 0x2F, 0x6D, 0x65, 0x74, 0x61, 0x6C, 0x2F, 0x67, 0x75, 0x65,
    0x73, 0x74, 0x5F, 0x6F, 0x75, 0x74, 0x70, 0x75, 0x74, 0x5F, 0x62, 0x69, 0x6C, 0x69, 0x6E, 0x65,
    0x61, 0x72, 0x5F, 0x70, 0x73, 0x2E, 0x61, 0x69, 0x72, 0x00, 0x45, 0x4E, 0x44, 0x54, 0xDE, 0xC0,
    0x17, 0x0B, 0x00, 0x00, 0x00, 0x00, 0x14, 0x00, 0x00, 0x00, 0xEC, 0x14, 0x00, 0x00, 0xFF, 0xFF,
    0xFF, 0xFF, 0x42, 0x43, 0xC0, 0xDE, 0x35, 0x14, 0x00, 0x00, 0x03, 0x00, 0x00, 0x00, 0x62, 0x0C,
    0x30, 0x24, 0x80, 0x10, 0x05, 0xC8, 0x14, 0x00, 0x00, 0x00, 0x21, 0x0C, 0x00, 0x00, 0xDA, 0x04,
    0x00, 0x00, 0x0B, 0x02, 0x21, 0x00, 0x02, 0x00, 0x00, 0x00, 0x16, 0x00, 0x00, 0x00, 0x07, 0x81,
    0x23, 0x91, 0x41, 0xC8, 0x04, 0x49, 0x06, 0x10, 0x32, 0x39, 0x92, 0x01, 0x84, 0x0C, 0x25, 0x05,
    0x08, 0x19, 0x1E, 0x04, 0x8B, 0x62, 0x80, 0x14, 0x45, 0x02, 0x42, 0x92, 0x0B, 0x42, 0xA4, 0x10,
    0x32, 0x14, 0x38, 0x08, 0x18, 0x4B, 0x0A, 0x32, 0x52, 0x88, 0x48, 0x70, 0xC4, 0x21, 0x23, 0x44,
    0x12, 0x87, 0x8C, 0x10, 0x41, 0x92, 0x02, 0x64, 0xC8, 0x08, 0xB1, 0x14, 0x20, 0x43, 0x46, 0x88,
    0x20, 0xC9, 0x01, 0x32, 0x52, 0x84, 0x18, 0x2A, 0x28, 0x2A, 0x90, 0x31, 0x7C, 0xB0, 0x5C, 0x91,
    0x20, 0xC5, 0xC8, 0x00, 0x00, 0x00, 0x89, 0x20, 0x00, 0x00, 0x2C, 0x00, 0x00, 0x00, 0x32, 0x22,
    0x48, 0x09, 0x20, 0x62, 0x46, 0x00, 0x21, 0x2B, 0x24, 0x98, 0x14, 0x21, 0x25, 0x24, 0x98, 0x14,
    0x19, 0x27, 0x0C, 0x85, 0xA4, 0x90, 0x60, 0x52, 0x64, 0x5C, 0x20, 0x24, 0x65, 0x82, 0xA0, 0x9B,
    0x01, 0x18, 0x46, 0x20, 0x80, 0x1B, 0x84, 0x39, 0x02, 0x30, 0x18, 0x46, 0x10, 0x86, 0x61, 0x04,
    0x01, 0x40, 0x30, 0x90, 0xA6, 0x88, 0x12, 0x26, 0xFF, 0x22, 0xA4, 0xE5, 0x7F, 0x28, 0xE9, 0xE0,
    0x9C, 0x46, 0x9A, 0x80, 0x66, 0x92, 0x7E, 0x69, 0x8A, 0x28, 0x61, 0x4A, 0x02, 0x29, 0x83, 0x08,
    0x86, 0x80, 0x94, 0x34, 0x45, 0x94, 0x30, 0xF9, 0xFF, 0x44, 0x5C, 0x13, 0x15, 0x11, 0xBF, 0x3D,
    0xFC, 0xD3, 0x18, 0x01, 0x30, 0x88, 0x80, 0x04, 0x18, 0x49, 0x53, 0x44, 0x09, 0x93, 0xFF, 0x4B,
    0x00, 0xF3, 0x2C, 0x44, 0xF4, 0x4F, 0x63, 0x04, 0xC0, 0x20, 0x82, 0x22, 0x98, 0x42, 0x9C, 0xB4,
    0x02, 0xB1, 0x39, 0x02, 0xE4, 0x08, 0xC1, 0xCD, 0x11, 0x04, 0x46, 0x79, 0x69, 0x15, 0x48, 0x20,
    0x00, 0x83, 0xA2, 0x11, 0x0A, 0xA1, 0x69, 0x04, 0x52, 0xA8, 0x0E, 0x04, 0xA8, 0xC0, 0x98, 0x23,
    0x00, 0x85, 0x41, 0x04, 0x42, 0x18, 0x44, 0x28, 0x84, 0x11, 0x00, 0x00, 0x00, 0x00, 0x51, 0x18,
    0x00, 0x00, 0x7A, 0x00, 0x00, 0x00, 0x1B, 0xF2, 0x23, 0xF8, 0xFF, 0xFF, 0xFF, 0xFF, 0x01, 0x58,
    0x03, 0xC0, 0x14, 0x00, 0x3F, 0x00, 0x24, 0xA0, 0x02, 0xFA, 0x80, 0x08, 0x07, 0x78, 0x80, 0x07,
    0x79, 0x78, 0x07, 0x7C, 0x68, 0x03, 0x73, 0xA8, 0x07, 0x77, 0x18, 0x87, 0x36, 0x30, 0x07, 0x78,
    0x68, 0x83, 0x76, 0x08, 0x07, 0x7A, 0x40, 0x07, 0x80, 0x1E, 0xE4, 0xA1, 0x1E, 0xCA, 0x01, 0x20,
    0xCC, 0x41, 0x1E, 0xC2, 0xA1, 0x1D, 0xCA, 0xA1, 0x0D, 0xE0, 0xE1, 0x1D, 0xD2, 0xC1, 0x1D, 0xE8,
    0xA1, 0x1C, 0xE4, 0x01, 0x08, 0x07, 0x76, 0x60, 0x07, 0x80, 0x68, 0x87, 0x74, 0x70, 0x87, 0x36,
    0x60, 0x87, 0x72, 0x38, 0x87, 0x70, 0x60, 0x87, 0x36, 0xB0, 0x87, 0x72, 0x18, 0x07, 0x7A, 0x78,
    0x07, 0x79, 0x68, 0x83, 0x7B, 0x48, 0x07, 0x72, 0xA0, 0x07, 0x74, 0x00, 0xE2, 0x40, 0x0E, 0xF0,
    0x00, 0x18, 0xDC, 0xE1, 0x1D, 0xDA, 0x40, 0x1C, 0xEA, 0x21, 0x1D, 0xD8, 0x81, 0x1E, 0xD2, 0xC1,
    0x1D, 0xE6, 0x01, 0x20, 0xDC, 0xE1, 0x1D, 0xDA, 0x20, 0x1D, 0xDC, 0xC1, 0x1C, 0xE6, 0xA1, 0x0D,
    0xCC, 0x01, 0x1E, 0xDA, 0xA0, 0x1D, 0xC2, 0x81, 0x1E, 0xD0, 0x01, 0xA0, 0x07, 0x79, 0xA8, 0x87,
    0x72, 0x00, 0x08, 0x77, 0x78, 0x87, 0x36, 0x70, 0x87, 0x70, 0x70, 0x87, 0x79, 0x68, 0x03, 0x73,
    0x80, 0x87, 0x36, 0x68, 0x87, 0x70, 0xA0, 0x07, 0x74, 0x00, 0xE8, 0x41, 0x1E, 0xEA, 0xA1, 0x1C,
    0x00, 0xC2, 0x1D, 0xDE, 0xA1, 0x0D, 0xE6, 0x21, 0x1D, 0xCE, 0xC1, 0x1D, 0xCA, 0x81, 0x1C, 0xDA,
    0x40, 0x1F, 0xCA, 0x41, 0x1E, 0xDE, 0x61, 0x1E, 0xDA, 0xC0, 0x1C, 0xE0, 0xA1, 0x0D, 0xDA, 0x21,
    0x1C, 0xE8, 0x01, 0x1D, 0x00, 0x7A, 0x90, 0x87, 0x7A, 0x28, 0x07, 0x80, 0x70, 0x87, 0x77, 0x68,
    0x03, 0x7A, 0x90, 0x87, 0x70, 0x80, 0x07, 0x78, 0x48, 0x07, 0x77, 0x38, 0x87, 0x36, 0x68, 0x87,
    0x70, 0xA0, 0x07, 0x74, 0x00, 0xE8, 0x41, 0x1E, 0xEA, 0xA1, 0x1C, 0x00, 0x62, 0x1E, 0xE8, 0x21,
    0x1C, 0xC6, 0x61, 0x1D, 0xDA, 0x00, 0x1E, 0xE4, 0xE1, 0x1D, 0xE8, 0xA1, 0x1C, 0xC6, 0x81, 0x1E,
    0xDE, 0x41, 0x1E, 0xDA, 0x40, 0x1C, 0xEA, 0xC1, 0x1C, 0xCC, 0xA1, 0x1C, 0xE4, 0xA1, 0x0D, 0xE6,
    0x21, 0x1D, 0xF4, 0xA1, 0x1C, 0x00, 0x3C, 0x00, 0x88, 0x7A, 0x70, 0x87, 0x79, 0x08, 0x07, 0x73,
    0x28, 0x87, 0x36, 0x30, 0x07, 0x78, 0x68, 0x83, 0x76, 0x08, 0x07, 0x7A, 0x40, 0x07, 0x80, 0x1E,
    0xE4, 0xA1, 0x1E, 0xCA, 0x01, 0xD8, 0x10, 0x06, 0x42, 0x00, 0x2C, 0x40, 0x15, 0x04, 0x48, 0x90,
    0x06, 0xD0, 0x10, 0x0E, 0xE9, 0x20, 0x0F, 0x6D, 0x20, 0x0E, 0xF5, 0x60, 0x0E, 0xE6, 0x50, 0x0E,
    0xF2, 0xD0, 0x06, 0xEE, 0xF0, 0x0E, 0x6D, 0x10, 0x0E, 0xEC, 0x90, 0x0E, 0xE1, 0x30, 0x0F, 0xC0,
    0x06, 0x63, 0x18, 0x80, 0x05, 0xA8, 0x36, 0x40, 0xC4, 0xFF, 0xFF, 0xFF, 0xFF, 0x0F, 0x40, 0x1B,
    0x00, 0x6B, 0x00, 0x98, 0x02, 0xE0, 0x07, 0x80, 0x04, 0x54, 0x40, 0x1F, 0x6C, 0x30, 0x8A, 0x00,
    0x58, 0x80, 0x6A, 0x83, 0x61, 0x08, 0xC0, 0x02, 0x54, 0x1B, 0x9C, 0xE3, 0xFF, 0xFF, 0xFF, 0xFF,
    0x07, 0xC0, 0x14, 0x00, 0x3F, 0x00, 0xFE, 0x00, 0x90, 0x00, 0x0A, 0xE8, 0x83, 0x0D, 0x08, 0xF2,
    0xFF, 0xFF, 0xFF, 0xFF, 0x03, 0x20, 0x01, 0x14, 0xD0, 0x07, 0x1B, 0x98, 0xE4, 0xFF, 0xFF, 0xFF,
    0xFF, 0x07, 0xA0, 0x0D, 0x80, 0x35, 0x00, 0x24, 0xA0, 0x02, 0xFA, 0x00, 0x00, 0x00, 0x49, 0x18,
    0x00, 0x00, 0x05, 0x00, 0x00, 0x00, 0x13, 0x86, 0x40, 0x18, 0x26, 0x0C, 0x44, 0x61, 0x4C, 0x08,
    0x8E, 0x09, 0x01, 0x32, 0x61, 0x48, 0x0A, 0x03, 0x00, 0x00, 0x13, 0xB8, 0x70, 0x48, 0x07, 0x79,
    0xB0, 0x03, 0x3A, 0xF8, 0x05, 0x7B, 0x90, 0x03, 0x3C, 0x68, 0x83, 0x70, 0x80, 0x07, 0x78, 0x60,
    0x87, 0x72, 0x68, 0x83, 0x76, 0x08, 0x87, 0x71, 0x78, 0x87, 0x79, 0xC0, 0x07, 0x39, 0xB0, 0x03,
    0x37, 0x80, 0x03, 0x37, 0x80, 0x83, 0x0D, 0xB7, 0x51, 0x0E, 0x6D, 0x00, 0x0F, 0x7A, 0x60, 0x07,
    0x74, 0xA0, 0x07, 0x76, 0x40, 0x07, 0x7A, 0x60, 0x07, 0x74, 0xD0, 0x06, 0xE9, 0x10, 0x07, 0x7A,
    0x80, 0x07, 0x7A, 0x80, 0x07, 0x6D, 0x90, 0x0E, 0x78, 0xA0, 0x07, 0x78, 0xA0, 0x07, 0x78, 0xD0,
    0x06, 0xE9, 0x10, 0x07, 0x76, 0xA0, 0x07, 0x71, 0x60, 0x07, 0x7A, 0x10, 0x07, 0x76, 0xD0, 0x06,
    0xE9, 0x30, 0x07, 0x72, 0xA0, 0x07, 0x73, 0x20, 0x07, 0x7A, 0x30, 0x07, 0x72, 0xD0, 0x06, 0xE9,
    0x60, 0x07, 0x74, 0xA0, 0x07, 0x76, 0x40, 0x07, 0x7A, 0x60, 0x07, 0x74, 0xD0, 0x06, 0xE6, 0x30,
    0x07, 0x72, 0xA0, 0x07, 0x73, 0x20, 0x07, 0x7A, 0x30, 0x07, 0x72, 0xD0, 0x06, 0xE6, 0x60, 0x07,
    0x74, 0xA0, 0x07, 0x76, 0x40, 0x07, 0x7A, 0x60, 0x07, 0x74, 0xD0, 0x06, 0xF6, 0x10, 0x07, 0x76,
    0xA0, 0x07, 0x71, 0x60, 0x07, 0x7A, 0x10, 0x07, 0x76, 0xD0, 0x06, 0xF6, 0x20, 0x07, 0x74, 0xA0,
    0x07, 0x73, 0x20, 0x07, 0x7A, 0x30, 0x07, 0x72, 0xD0, 0x06, 0xF6, 0x30, 0x07, 0x72, 0xA0, 0x07,
    0x73, 0x20, 0x07, 0x7A, 0x30, 0x07, 0x72, 0xD0, 0x06, 0xF6, 0x40, 0x07, 0x78, 0xA0, 0x07, 0x76,
    0x40, 0x07, 0x7A, 0x60, 0x07, 0x74, 0xD0, 0x06, 0xF6, 0x60, 0x07, 0x74, 0xA0, 0x07, 0x76, 0x40,
    0x07, 0x7A, 0x60, 0x07, 0x74, 0xD0, 0x06, 0xF6, 0x90, 0x07, 0x76, 0xA0, 0x07, 0x71, 0x20, 0x07,
    0x78, 0xA0, 0x07, 0x71, 0x20, 0x07, 0x78, 0xD0, 0x06, 0xF6, 0x10, 0x07, 0x72, 0x80, 0x07, 0x7A,
    0x10, 0x07, 0x72, 0x80, 0x07, 0x7A, 0x10, 0x07, 0x72, 0x80, 0x07, 0x6D, 0x60, 0x0F, 0x71, 0x90,
    0x07, 0x72, 0xA0, 0x07, 0x72, 0x50, 0x07, 0x76, 0xA0, 0x07, 0x72, 0x50, 0x07, 0x76, 0xD0, 0x06,
    0xF6, 0x20, 0x07, 0x75, 0x60, 0x07, 0x7A, 0x20, 0x07, 0x75, 0x60, 0x07, 0x7A, 0x20, 0x07, 0x75,
    0x60, 0x07, 0x6D, 0x60, 0x0F, 0x75, 0x10, 0x07, 0x72, 0xA0, 0x07, 0x75, 0x10, 0x07, 0x72, 0xA0,
    0x07, 0x75, 0x10, 0x07, 0x72, 0xD0, 0x06, 0xF6, 0x10, 0x07, 0x70, 0x20, 0x07, 0x74, 0xA0, 0x07,
    0x71, 0x00, 0x07, 0x72, 0x40, 0x07, 0x7A, 0x10, 0x07, 0x70, 0x20, 0x07, 0x74, 0xD0, 0x06, 0xEE,
    0x80, 0x07, 0x7A, 0x10, 0x07, 0x76, 0xA0, 0x07, 0x73, 0x20, 0x07, 0x1A, 0x21, 0x0C, 0xA9, 0x5C,
    0x84, 0xB4, 0xFC, 0x44, 0x33, 0x45, 0xD8, 0x90, 0x0A, 0x50, 0x18, 0x00, 0x00, 0x02, 0x00, 0x00,
    0x00, 0x01, 0x00, 0x00, 0x00, 0x00, 0x00, 0x05, 0x18, 0x52, 0x29, 0x5B, 0x04, 0x04, 0x80, 0x00,
    0x00, 0x00, 0x20, 0x00, 0x00, 0x00, 0x00, 0x00, 0xA0, 0x00, 0x43, 0xAA, 0x32, 0xD8, 0x26, 0x20,
    0x00, 0x06, 0x00, 0x00, 0x00, 0x01, 0x00, 0x00, 0x00, 0x00, 0x00, 0x05, 0x18, 0x52, 0x81, 0xC2,
    0x56, 0x01, 0x01, 0x30, 0x00, 0x00, 0x00, 0x08, 0x00, 0x00, 0x00, 0x00, 0x00, 0x28, 0x80, 0xC4,
    0x06, 0x81, 0xA2, 0xDC, 0x04, 0x00, 0x00, 0x59, 0x20, 0x00, 0x0B, 0x00, 0x00, 0x00, 0x32, 0x1E,
    0x98, 0x14, 0x19, 0x11, 0x4C, 0x90, 0x8C, 0x09, 0x26, 0x47, 0xC6, 0x04, 0x43, 0x1A, 0x45, 0x50,
    0x0E, 0x85, 0x50, 0x06, 0x25, 0x50, 0x3E, 0x05, 0x28, 0x50, 0x10, 0x05, 0x32, 0x02, 0x40, 0x79,
    0x04, 0x80, 0xF0, 0x58, 0x82, 0x26, 0x00, 0x00, 0x00, 0x00, 0xB1, 0x18, 0x00, 0x00, 0xA5, 0x00,
    0x00, 0x00, 0x33, 0x08, 0x80, 0x1C, 0xC4, 0xE1, 0x1C, 0x66, 0x14, 0x01, 0x3D, 0x88, 0x43, 0x38,
    0x84, 0xC3, 0x8C, 0x42, 0x80, 0x07, 0x79, 0x78, 0x07, 0x73, 0x98, 0x71, 0x0C, 0xE6, 0x00, 0x0F,
    0xED, 0x10, 0x0E, 0xF4, 0x80, 0x0E, 0x33, 0x0C, 0x42, 0x1E, 0xC2, 0xC1, 0x1D, 0xCE, 0xA1, 0x1C,
    0x66, 0x30, 0x05, 0x3D, 0x88, 0x43, 0x38, 0x84, 0x83, 0x1B, 0xCC, 0x03, 0x3D, 0xC8, 0x43, 0x3D,
    0x8C, 0x03, 0x3D, 0xCC, 0x78, 0x8C, 0x74, 0x70, 0x07, 0x7B, 0x08, 0x07, 0x79, 0x48, 0x87, 0x70,
    0x70, 0x07, 0x7A, 0x70, 0x03, 0x76, 0x78, 0x87, 0x70, 0x20, 0x87, 0x19, 0xCC, 0x11, 0x0E, 0xEC,
    0x90, 0x0E, 0xE1, 0x30, 0x0F, 0x6E, 0x30, 0x0F, 0xE3, 0xF0, 0x0E, 0xF0, 0x50, 0x0E, 0x33, 0x10,
    0xC4, 0x1D, 0xDE, 0x21, 0x1C, 0xD8, 0x21, 0x1D, 0xC2, 0x61, 0x1E, 0x66, 0x30, 0x89, 0x3B, 0xBC,
    0x83, 0x3B, 0xD0, 0x43, 0x39, 0xB4, 0x03, 0x3C, 0xBC, 0x83, 0x3C, 0x84, 0x03, 0x3B, 0xCC, 0xF0,
    0x14, 0x76, 0x60, 0x07, 0x7B, 0x68, 0x07, 0x37, 0x68, 0x87, 0x72, 0x68, 0x07, 0x37, 0x80, 0x87,
    0x70, 0x90, 0x87, 0x70, 0x60, 0x07, 0x76, 0x28, 0x07, 0x76, 0xF8, 0x05, 0x76, 0x78, 0x87, 0x77,
    0x80, 0x87, 0x5F, 0x08, 0x87, 0x71, 0x18, 0x87, 0x72, 0x98, 0x87, 0x79, 0x98, 0x81, 0x2C, 0xEE,
    0xF0, 0x0E, 0xEE, 0xE0, 0x0E, 0xF5, 0xC0, 0x0E, 0xEC, 0x30, 0x03, 0x62, 0xC8, 0xA1, 0x1C, 0xE4,
    0xA1, 0x1C, 0xCC, 0xA1, 0x1C, 0xE4, 0xA1, 0x1C, 0xDC, 0x61, 0x1C, 0xCA, 0x21, 0x1C, 0xC4, 0x81,
    0x1D, 0xCA, 0x61, 0x06, 0xD6, 0x90, 0x43, 0x39, 0xC8, 0x43, 0x39, 0x98, 0x43, 0x39, 0xC8, 0x43,
    0x39, 0xB8, 0xC3, 0x38, 0x94, 0x43, 0x38, 0x88, 0x03, 0x3B, 0x94, 0xC3, 0x2F, 0xBC, 0x83, 0x3C,
    0xFC, 0x82, 0x3B, 0xD4, 0x03, 0x3B, 0xB0, 0xC3, 0x0C, 0xC7, 0x69, 0x87, 0x70, 0x58, 0x87, 0x72,
    0x70, 0x83, 0x74, 0x68, 0x07, 0x78, 0x60, 0x87, 0x74, 0x18, 0x87, 0x74, 0xA0, 0x87, 0x19, 0xCE,
    0x53, 0x0F, 0xEE, 0x00, 0x0F, 0xF2, 0x50, 0x0E, 0xE4, 0x90, 0x0E, 0xE3, 0x40, 0x0F, 0xE1, 0x20,
    0x0E, 0xEC, 0x50, 0x0E, 0x33, 0x20, 0x28, 0x1D, 0xDC, 0xC1, 0x1E, 0xC2, 0x41, 0x1E, 0xD2, 0x21,
    0x1C, 0xDC, 0x81, 0x1E, 0xDC, 0xE0, 0x1C, 0xE4, 0xE1, 0x1D, 0xEA, 0x01, 0x1E, 0x66, 0x18, 0x51,
    0x38, 0xB0, 0x43, 0x3A, 0x9C, 0x83, 0x3B, 0xCC, 0x50, 0x24, 0x76, 0x60, 0x07, 0x7B, 0x68, 0x07,
    0x37, 0x60, 0x87, 0x77, 0x78, 0x07, 0x78, 0x98, 0x51, 0x4C, 0xF4, 0x90, 0x0F, 0xF0, 0x50, 0x0E,
    0x33, 0x1E, 0x6A, 0x1E, 0xCA, 0x61, 0x1C, 0xE8, 0x21, 0x1D, 0xDE, 0xC1, 0x1D, 0x7E, 0x01, 0x1E,
    0xE4, 0xA1, 0x1C, 0xCC, 0x21, 0x1D, 0xF0, 0x61, 0x06, 0x54, 0x85, 0x83, 0x38, 0xCC, 0xC3, 0x3B,
    0xB0, 0x43, 0x3D, 0xD0, 0x43, 0x39, 0xFC, 0xC2, 0x3C, 0xE4, 0x43, 0x3B, 0x88, 0xC3, 0x3B, 0xB0,
    0xC3, 0x8C, 0xC5, 0x0A, 0x87, 0x79, 0x98, 0x87, 0x77, 0x18, 0x87, 0x74, 0x08, 0x07, 0x7A, 0x28,
    0x07, 0x72, 0x98, 0x81, 0x5C, 0xE3, 0x10, 0x0E, 0xEC, 0xC0, 0x0E, 0xE5, 0x50, 0x0E, 0xF3, 0x30,
    0x23, 0xC1, 0xD2, 0x41, 0x1E, 0xE4, 0xE1, 0x17, 0xD8, 0xE1, 0x1D, 0xDE, 0x01, 0x1E, 0x66, 0x48,
    0x19, 0x3B, 0xB0, 0x83, 0x3D, 0xB4, 0x83, 0x1B, 0x84, 0xC3, 0x38, 0x8C, 0x43, 0x39, 0xCC, 0xC3,
    0x3C, 0xB8, 0xC1, 0x39, 0xC8, 0xC3, 0x3B, 0xD4, 0x03, 0x3C, 0xCC, 0x48, 0xB4, 0x71, 0x08, 0x07,
    0x76, 0x60, 0x07, 0x71, 0x08, 0x87, 0x71, 0x58, 0x87, 0x19, 0xDB, 0xC6, 0x0E, 0xEC, 0x60, 0x0F,
    0xED, 0xE0, 0x06, 0xF0, 0x20, 0x0F, 0xE5, 0x30, 0x0F, 0xE5, 0x20, 0x0F, 0xF6, 0x50, 0x0E, 0x6E,
    0x10, 0x0E, 0xE3, 0x30, 0x0E, 0xE5, 0x30, 0x0F, 0xF3, 0xE0, 0x06, 0xE9, 0xE0, 0x0E, 0xE4, 0x50,
    0x0E, 0xF8, 0x30, 0x23, 0xE2, 0xEC, 0x61, 0x1C, 0xC2, 0x81, 0x1D, 0xD8, 0xE1, 0x17, 0xEC, 0x21,
    0x1D, 0xE6, 0x21, 0x1D, 0xC4, 0x21, 0x1D, 0xD8, 0x21, 0x1D, 0xE8, 0x21, 0x1F, 0x66, 0x20, 0x9D,
    0x3B, 0xBC, 0x43, 0x3D, 0xB8, 0x03, 0x39, 0x94, 0x83, 0x39, 0xCC, 0x58, 0xBC, 0x70, 0x70, 0x07,
    0x77, 0x78, 0x07, 0x7A, 0x08, 0x07, 0x7A, 0x48, 0x87, 0x77, 0x70, 0x87, 0x19, 0xCE, 0x87, 0x0E,
    0xE5, 0x10, 0x0E, 0xF0, 0x10, 0x0E, 0xEC, 0xC0, 0x0E, 0xEF, 0x30, 0x0E, 0xF3, 0x90, 0x0E, 0xF4,
    0x50, 0x0E, 0x33, 0x28, 0x30, 0x08, 0x87, 0x74, 0x90, 0x07, 0x37, 0x30, 0x87, 0x7A, 0x70, 0x87,
    0x71, 0xA0, 0x87, 0x74, 0x78, 0x07, 0x77, 0xF8, 0x85, 0x73, 0x90, 0x87, 0x77, 0xA8, 0x07, 0x78,
    0x98, 0x07, 0x00, 0x00, 0x00, 0x00, 0x79, 0x20, 0x00, 0x00, 0xE3, 0x01, 0x00, 0x00, 0x72, 0x1E,
    0x48, 0x20, 0x43, 0x88, 0x0C, 0x19, 0x09, 0x72, 0x32, 0x48, 0x20, 0x23, 0x81, 0x8C, 0x91, 0x91,
    0xD1, 0x44, 0xA0, 0x10, 0x28, 0x64, 0x3C, 0x31, 0x32, 0x42, 0x8E, 0x90, 0x21, 0xA3, 0x88, 0x07,
    0x70, 0xC0, 0xA7, 0x01, 0x00, 0x00, 0x72, 0x70, 0x0A, 0x74, 0xB0, 0x5C, 0x6B, 0xA1, 0x30, 0x9F,
    0x38, 0x38, 0x4B, 0x23, 0x29, 0x8D, 0x85, 0x6D, 0xD0, 0x06, 0x15, 0x1B, 0x47, 0x06, 0x51, 0x64,
    0x30, 0x91, 0xF2, 0x48, 0x48, 0x44, 0x11, 0x99, 0xB1, 0x45, 0x57, 0x26, 0x2D, 0x0A, 0x26, 0x2D,
    0xC7, 0xC4, 0x28, 0x92, 0x03, 0x00, 0x73, 0x72, 0x63, 0x2F, 0x78, 0x65, 0x6E, 0x69, 0x61, 0x2F,
    0x75, 0x69, 0x2F, 0x73, 0x68, 0x61, 0x64, 0x65, 0x72, 0x73, 0x2F, 0x67, 0x75, 0x65, 0x73, 0x74,
    0x5F, 0x6F, 0x75, 0x74, 0x70, 0x75, 0x74, 0x5F, 0x62, 0x69, 0x6C, 0x69, 0x6E, 0x65, 0x61, 0x72,
    0x2E, 0x70, 0x73, 0x2E, 0x78, 0x65, 0x73, 0x6C, 0x2F, 0x55, 0x73, 0x65, 0x72, 0x73, 0x2F, 0x77,
    0x6D, 0x61, 0x72, 0x74, 0x69, 0x2F, 0x44, 0x6F, 0x63, 0x75, 0x6D, 0x65, 0x6E, 0x74, 0x73, 0x2F,
    0x78, 0x65, 0x6E, 0x69, 0x61, 0x2D, 0x6D, 0x61, 0x63, 0x2F, 0x73, 0x63, 0x72, 0x61, 0x74, 0x63,
    0x68, 0x2F, 0x77, 0x6F, 0x72, 0x6B, 0x74, 0x72, 0x65, 0x65, 0x73, 0x2F, 0x78, 0x65, 0x6E, 0x69,
    0x61, 0x2D, 0x63, 0x61, 0x6E, 0x61, 0x72, 0x79, 0x2D, 0x72, 0x65, 0x62, 0x61, 0x73, 0x65, 0x41,
    0x70, 0x70, 0x6C, 0x65, 0x20, 0x6D, 0x65, 0x74, 0x61, 0x6C, 0x20, 0x76, 0x65, 0x72, 0x73, 0x69,
    0x6F, 0x6E, 0x20, 0x33, 0x32, 0x30, 0x32, 0x33, 0x2E, 0x38, 0x35, 0x30, 0x20, 0x28, 0x6D, 0x65,
    0x74, 0x61, 0x6C, 0x66, 0x65, 0x2D, 0x33, 0x32, 0x30, 0x32, 0x33, 0x2E, 0x38, 0x35, 0x30, 0x2E,
    0x31, 0x30, 0x29, 0x6D, 0x65, 0x74, 0x61, 0x6C, 0x5F, 0x74, 0x79, 0x70, 0x65, 0x73, 0x22, 0x2D,
    0x44, 0x58, 0x45, 0x53, 0x4C, 0x5F, 0x4C, 0x41, 0x4E, 0x47, 0x55, 0x41, 0x47, 0x45, 0x5F, 0x4D,
    0x53, 0x4C, 0x3D, 0x31, 0x22, 0x2F, 0x70, 0x72, 0x69, 0x76, 0x61, 0x74, 0x65, 0x2F, 0x76, 0x61,
    0x72, 0x2F, 0x72, 0x75, 0x6E, 0x2F, 0x63, 0x6F, 0x6D, 0x2E, 0x61, 0x70, 0x70, 0x6C, 0x65, 0x2E,
    0x73, 0x65, 0x63, 0x75, 0x72, 0x69, 0x74, 0x79, 0x2E, 0x63, 0x72, 0x79, 0x70, 0x74, 0x65, 0x78,
    0x64, 0x2F, 0x6D, 0x6E, 0x74, 0x2F, 0x63, 0x6F, 0x6D, 0x2E, 0x61, 0x70, 0x70, 0x6C, 0x65, 0x2E,
    0x4D, 0x6F, 0x62, 0x69, 0x6C, 0x65, 0x41, 0x73, 0x73, 0x65, 0x74, 0x2E, 0x4D, 0x65, 0x74, 0x61,
    0x6C, 0x54, 0x6F, 0x6F, 0x6C, 0x63, 0x68, 0x61, 0x69, 0x6E, 0x2D, 0x76, 0x31, 0x37, 0x2E, 0x33,
    0x2E, 0x34, 0x38, 0x2E, 0x30, 0x2E, 0x35, 0x33, 0x73, 0x38, 0x75, 0x67, 0x2F, 0x4D, 0x65, 0x74,
    0x61, 0x6C, 0x2E, 0x78, 0x63, 0x74, 0x6F, 0x6F, 0x6C, 0x63, 0x68, 0x61, 0x69, 0x6E, 0x2F, 0x75,
    0x73, 0x72, 0x2F, 0x6D, 0x65, 0x74, 0x61, 0x6C, 0x2F, 0x33, 0x32, 0x30, 0x32, 0x33, 0x2F, 0x6C,
    0x69, 0x62, 0x2F, 0x63, 0x6C, 0x61, 0x6E, 0x67, 0x2F, 0x33, 0x32, 0x30, 0x32, 0x33, 0x2E, 0x38,
    0x35, 0x30, 0x2F, 0x69, 0x6E, 0x63, 0x6C, 0x75, 0x64, 0x65, 0x2F, 0x6D, 0x65, 0x74, 0x61, 0x6C,
    0x3C, 0x62, 0x75, 0x69, 0x6C, 0x74, 0x2D, 0x69, 0x6E, 0x3E, 0x6D, 0x65, 0x74, 0x61, 0x6C, 0x5F,
    0x73, 0x74, 0x64, 0x6C, 0x69, 0x62, 0x73, 0x72, 0x63, 0x2F, 0x78, 0x65, 0x6E, 0x69, 0x61, 0x2F,
    0x75, 0x69, 0x2F, 0x73, 0x68, 0x61, 0x64, 0x65, 0x72, 0x73, 0x2F, 0x78, 0x65, 0x73, 0x6C, 0x2E,
    0x78, 0x65, 0x73, 0x6C, 0x69, 0x2F, 0x41, 0x70, 0x70, 0x6C, 0x69, 0x63, 0x61, 0x74, 0x69, 0x6F,
    0x6E, 0x73, 0x2F, 0x58, 0x63, 0x6F, 0x64, 0x65, 0x2E, 0x61, 0x70, 0x70, 0x2F, 0x43, 0x6F, 0x6E,
    0x74, 0x65, 0x6E, 0x74, 0x73, 0x2F, 0x44, 0x65, 0x76, 0x65, 0x6C, 0x6F, 0x70, 0x65, 0x72, 0x2F,
    0x50, 0x6C, 0x61, 0x74, 0x66, 0x6F, 0x72, 0x6D, 0x73, 0x2F, 0x4D, 0x61, 0x63, 0x4F, 0x53, 0x58,
    0x2E, 0x70, 0x6C, 0x61, 0x74, 0x66, 0x6F, 0x72, 0x6D, 0x2F, 0x44, 0x65, 0x76, 0x65, 0x6C, 0x6F,
    0x70, 0x65, 0x72, 0x2F, 0x53, 0x44, 0x4B, 0x73, 0x2F, 0x4D, 0x61, 0x63, 0x4F, 0x53, 0x58, 0x32,
    0x36, 0x2E, 0x32, 0x2E, 0x73, 0x64, 0x6B, 0x4D, 0x61, 0x63, 0x4F, 0x53, 0x58, 0x32, 0x36, 0x2E,
    0x32, 0x2E, 0x73, 0x64, 0x6B, 0x53, 0x44, 0x4B, 0x20, 0x56, 0x65, 0x72, 0x73, 0x69, 0x6F, 0x6E,
    0x44, 0x77, 0x61, 0x72, 0x66, 0x20, 0x56, 0x65, 0x72, 0x73, 0x69, 0x6F, 0x6E, 0x44, 0x65, 0x62,
    0x75, 0x67, 0x20, 0x49, 0x6E, 0x66, 0x6F, 0x20, 0x56, 0x65, 0x72, 0x73, 0x69, 0x6F, 0x6E, 0x77,
    0x63, 0x68, 0x61, 0x72, 0x5F, 0x73, 0x69, 0x7A, 0x65, 0x66, 0x72, 0x61, 0x6D, 0x65, 0x2D, 0x70,
    0x6F, 0x69, 0x6E, 0x74, 0x65, 0x72, 0x61, 0x69, 0x72, 0x2E, 0x6D, 0x61, 0x78, 0x5F, 0x64, 0x65,
    0x76, 0x69, 0x63, 0x65, 0x5F, 0x62, 0x75, 0x66, 0x66, 0x65, 0x72, 0x73, 0x61, 0x69, 0x72, 0x2E,
    0x6D, 0x61, 0x78, 0x5F, 0x63, 0x6F, 0x6E, 0x73, 0x74, 0x61, 0x6E, 0x74, 0x5F, 0x62, 0x75, 0x66,
    0x66, 0x65, 0x72, 0x73, 0x61, 0x69, 0x72, 0x2E, 0x6D, 0x61, 0x78, 0x5F, 0x74, 0x68, 0x72, 0x65,
    0x61, 0x64, 0x67, 0x72, 0x6F, 0x75, 0x70, 0x5F, 0x62, 0x75, 0x66, 0x66, 0x65, 0x72, 0x73, 0x61,
    0x69, 0x72, 0x2E, 0x6D, 0x61, 0x78, 0x5F, 0x74, 0x65, 0x78, 0x74, 0x75, 0x72, 0x65, 0x73, 0x61,
    0x69, 0x72, 0x2E, 0x6D, 0x61, 0x78, 0x5F, 0x72, 0x65, 0x61, 0x64, 0x5F, 0x77, 0x72, 0x69, 0x74,
    0x65, 0x5F, 0x74, 0x65, 0x78, 0x74, 0x75, 0x72, 0x65, 0x73, 0x61, 0x69, 0x72, 0x2E, 0x6D, 0x61,
    0x78, 0x5F, 0x73, 0x61, 0x6D, 0x70, 0x6C, 0x65, 0x72, 0x73, 0x4D, 0x65, 0x74, 0x61, 0x6C, 0x61,
    0x69, 0x72, 0x2E, 0x63, 0x6F, 0x6D, 0x70, 0x69, 0x6C, 0x65, 0x2E, 0x64, 0x65, 0x6E, 0x6F, 0x72,
    0x6D, 0x73, 0x5F, 0x64, 0x69, 0x73, 0x61, 0x62, 0x6C, 0x65, 0x61, 0x69, 0x72, 0x2E, 0x63, 0x6F,
    0x6D, 0x70, 0x69, 0x6C, 0x65, 0x2E, 0x66, 0x61, 0x73, 0x74, 0x5F, 0x6D, 0x61, 0x74, 0x68, 0x5F,
    0x65, 0x6E, 0x61, 0x62, 0x6C, 0x65, 0x61, 0x69, 0x72, 0x2E, 0x63, 0x6F, 0x6D, 0x70, 0x69, 0x6C,
    0x65, 0x2E, 0x66, 0x72, 0x61, 0x6D, 0x65, 0x62, 0x75, 0x66, 0x66, 0x65, 0x72, 0x5F, 0x66, 0x65,
    0x74, 0x63, 0x68, 0x5F, 0x65, 0x6E, 0x61, 0x62, 0x6C, 0x65, 0x61, 0x69, 0x72, 0x2E, 0x72, 0x65,
    0x6E, 0x64, 0x65, 0x72, 0x5F, 0x74, 0x61, 0x72, 0x67, 0x65, 0x74, 0x61, 0x69, 0x72, 0x2E, 0x61,
    0x72, 0x67, 0x5F, 0x74, 0x79, 0x70, 0x65, 0x5F, 0x6E, 0x61, 0x6D, 0x65, 0x66, 0x6C, 0x6F, 0x61,
    0x74, 0x34, 0x61, 0x69, 0x72, 0x2E, 0x61, 0x72, 0x67, 0x5F, 0x6E, 0x61, 0x6D, 0x65, 0x78, 0x65,
    0x5F, 0x62, 0x69, 0x6C, 0x69, 0x6E, 0x65, 0x61, 0x72, 0x5F, 0x63, 0x6F, 0x6C, 0x6F, 0x72, 0x61,
    0x69, 0x72, 0x2E, 0x62, 0x75, 0x66, 0x66, 0x65, 0x72, 0x61, 0x69, 0x72, 0x2E, 0x62, 0x75, 0x66,
    0x66, 0x65, 0x72, 0x5F, 0x73, 0x69, 0x7A, 0x65, 0x61, 0x69, 0x72, 0x2E, 0x6C, 0x6F, 0x63, 0x61,
    0x74, 0x69, 0x6F, 0x6E, 0x5F, 0x69, 0x6E, 0x64, 0x65, 0x78, 0x61, 0x69, 0x72, 0x2E, 0x72, 0x65,
    0x61, 0x64, 0x61, 0x69, 0x72, 0x2E, 0x61, 0x64, 0x64, 0x72, 0x65, 0x73, 0x73, 0x5F, 0x73, 0x70,
    0x61, 0x63, 0x65, 0x61, 0x69, 0x72, 0x2E, 0x73, 0x74, 0x72, 0x75, 0x63, 0x74, 0x5F, 0x74, 0x79,
    0x70, 0x65, 0x5F, 0x69, 0x6E, 0x66, 0x6F, 0x69, 0x6E, 0x74, 0x32, 0x78, 0x65, 0x5F, 0x62, 0x69,
    0x6C, 0x69, 0x6E, 0x65, 0x61, 0x72, 0x5F, 0x6F, 0x75, 0x74, 0x70, 0x75, 0x74, 0x5F, 0x6F, 0x66,
    0x66, 0x73, 0x65, 0x74, 0x66, 0x6C, 0x6F, 0x61, 0x74, 0x32, 0x78, 0x65, 0x5F, 0x62, 0x69, 0x6C,
    0x69, 0x6E, 0x65, 0x61, 0x72, 0x5F, 0x6F, 0x75, 0x74, 0x70, 0x75, 0x74, 0x5F, 0x73, 0x69, 0x7A,
    0x65, 0x5F, 0x69, 0x6E, 0x76, 0x61, 0x69, 0x72, 0x2E, 0x61, 0x72, 0x67, 0x5F, 0x74, 0x79, 0x70,
    0x65, 0x5F, 0x73, 0x69, 0x7A, 0x65, 0x61, 0x69, 0x72, 0x2E, 0x61, 0x72, 0x67, 0x5F, 0x74, 0x79,
    0x70, 0x65, 0x5F, 0x61, 0x6C, 0x69, 0x67, 0x6E, 0x5F, 0x73, 0x69, 0x7A, 0x65, 0x78, 0x65, 0x73,
    0x6C, 0x5F, 0x70, 0x75, 0x73, 0x68, 0x43, 0x6F, 0x6E, 0x73, 0x74, 0x61, 0x6E, 0x74, 0x73, 0x5F,
    0x73, 0x74, 0x72, 0x75, 0x63, 0x74, 0x78, 0x65, 0x73, 0x6C, 0x5F, 0x70, 0x75, 0x73, 0x68, 0x43,
    0x6F, 0x6E, 0x73, 0x74, 0x61, 0x6E, 0x74, 0x73, 0x61, 0x69, 0x72, 0x2E, 0x74, 0x65, 0x78, 0x74,
    0x75, 0x72, 0x65, 0x61, 0x69, 0x72, 0x2E, 0x73, 0x61, 0x6D, 0x70, 0x6C, 0x65, 0x74, 0x65, 0x78,
    0x74, 0x75, 0x72, 0x65, 0x32, 0x64, 0x3C, 0x66, 0x6C, 0x6F, 0x61, 0x74, 0x2C, 0x20, 0x73, 0x61,
    0x6D, 0x70, 0x6C, 0x65, 0x3E, 0x78, 0x65, 0x5F, 0x62, 0x69, 0x6C, 0x69, 0x6E, 0x65, 0x61, 0x72,
    0x5F, 0x73, 0x6F, 0x75, 0x72, 0x63, 0x65, 0x61, 0x69, 0x72, 0x2E, 0x73, 0x61, 0x6D, 0x70, 0x6C,
    0x65, 0x72, 0x73, 0x61, 0x6D, 0x70, 0x6C, 0x65, 0x72, 0x78, 0x65, 0x5F, 0x62, 0x69, 0x6C, 0x69,
    0x6E, 0x65, 0x61, 0x72, 0x5F, 0x73, 0x61, 0x6D, 0x70, 0x6C, 0x65, 0x72, 0x61, 0x69, 0x72, 0x2E,
    0x70, 0x6F, 0x73, 0x69, 0x74, 0x69, 0x6F, 0x6E, 0x61, 0x69, 0x72, 0x2E, 0x63, 0x65, 0x6E, 0x74,
    0x65, 0x72, 0x61, 0x69, 0x72, 0x2E, 0x6E, 0x6F, 0x5F, 0x70, 0x65, 0x72, 0x73, 0x70, 0x65, 0x63,
    0x74, 0x69, 0x76, 0x65, 0x78, 0x65, 0x73, 0x6C, 0x5F, 0x46, 0x72, 0x61, 0x67, 0x43, 0x6F, 0x6F,
    0x72, 0x64, 0x66, 0xA4, 0x00, 0x00, 0x00, 0x00, 0x00, 0x00, 0x30, 0x82, 0x30, 0x10, 0x23, 0x08,
    0xD8, 0x33, 0x82, 0x30, 0x14, 0x23, 0x08, 0x83, 0x31, 0x82, 0x30, 0x1C, 0x23, 0x08, 0x03, 0x32,
    0x82, 0x30, 0x24, 0x23, 0x08, 0x83, 0x32, 0x82, 0x30, 0x2C, 0x23, 0x08, 0x03, 0x33, 0x82, 0x30,
    0x34, 0x23, 0x08, 0x0D, 0x30, 0x94, 0x15, 0xF4, 0x81, 0x29, 0x0C, 0x01, 0x00, 0x00, 0x02, 0x00,
    0x00, 0x40, 0x2B, 0x00, 0x00, 0x00, 0x08, 0x80, 0xB2, 0x0C, 0x54, 0x00, 0x81, 0x00, 0x00, 0x03,
    0x06, 0x09, 0x00, 0x00, 0x44, 0x61, 0x00, 0x00, 0x30, 0x50, 0x01, 0x1C, 0x02, 0x00, 0xCC, 0x87,
    0x00, 0x48, 0x29, 0x9C, 0x42, 0x00, 0xA0, 0x02, 0x30, 0x60, 0x90, 0x00, 0x00, 0x80, 0x14, 0x06,
    0x00, 0x00, 0x03, 0x15, 0x40, 0x22, 0x00, 0xC0, 0x7C, 0x08, 0x80, 0x94, 0x82, 0x2A, 0x8C, 0x01,
    0xB0, 0x0A, 0xC0, 0x0C, 0x42, 0x2A, 0xB0, 0xC2, 0x0C, 0x43, 0x1E, 0x30, 0x7A, 0x30, 0xC3, 0xB0,
    0x07, 0x0D, 0x1F, 0xCC, 0x30, 0xE4, 0x81, 0xD3, 0x07, 0x33, 0x0C, 0x7E, 0xF0, 0xF0, 0xC1, 0x0C,
    0xC3, 0x1E, 0x40, 0x79, 0x30, 0xC3, 0xB0, 0x07, 0xD1, 0x1F, 0xCC, 0x30, 0xEC, 0x81, 0xF4, 0x07,
    0x33, 0x0C, 0x7B, 0x30, 0xFD, 0xC1, 0x0C, 0xC3, 0x1E, 0x50, 0xA0, 0x30, 0xC3, 0xB0, 0x07, 0x55,
    0x28, 0xCC, 0x30, 0xEC, 0x81, 0x25, 0x0A, 0x33, 0x04, 0xC3, 0x0C, 0x43, 0x1E, 0x84, 0xC2, 0x28,
    0xCC, 0x40, 0x5C, 0x7D, 0x30, 0x0A, 0xA3, 0x30, 0x43, 0x80, 0xCD, 0x10, 0x64, 0x33, 0x04, 0xDA,
    0x0C, 0xC7, 0x36, 0x0A, 0xA3, 0xC0, 0x75, 0xDE, 0x37, 0x43, 0xF0, 0x0B, 0x33, 0x28, 0xA3, 0x10,
    0x0A, 0xA3, 0x60, 0x06, 0x67, 0x10, 0x0A, 0xA1, 0x30, 0x0A, 0x68, 0x90, 0x06, 0x33, 0x50, 0xA3,
    0x00, 0x06, 0x61, 0x20, 0x0A, 0x62, 0x30, 0x0A, 0x7E, 0x30, 0x06, 0x64, 0x90, 0x07, 0x65, 0x10,
    0x0E, 0x6A, 0x20, 0x0A, 0x6B, 0x10, 0x0A, 0x1C, 0x1B, 0x78, 0x6D, 0x30, 0x83, 0xE2, 0x07, 0x6E,
    0x20, 0x06, 0xA3, 0xE0, 0x07, 0x6F, 0xC0, 0xC1, 0x81, 0x17, 0x07, 0x33, 0x24, 0x79, 0x20, 0x07,
    0x62, 0x30, 0x0A, 0x7E, 0xC0, 0xCD, 0x81, 0x47, 0x07, 0x33, 0x20, 0x7D, 0x50, 0x07, 0x76, 0x70,
    0x07, 0x5C, 0xE7, 0xE1, 0xC1, 0x0C, 0x84, 0x38, 0x8C, 0x03, 0x39, 0x94, 0xC3, 0x0C, 0x03, 0x29,
    0x80, 0x83, 0x39, 0xDC, 0x1B, 0x00, 0x1C, 0xC7, 0x71, 0x1C, 0xC7, 0x71, 0x1C, 0xC7, 0x71, 0x66,
    0xE1, 0x06, 0xAC, 0xE0, 0x06, 0xB2, 0xC0, 0x0A, 0x6E, 0x80, 0x0B, 0x68, 0xE0, 0x06, 0x6E, 0xE0,
    0x06, 0x6E, 0xE0, 0x06, 0x6E, 0xE0, 0x06, 0x6E, 0xE0, 0x06, 0x6E, 0xE0, 0x06, 0x16, 0x1D, 0xE8,
    0x81, 0x65, 0x59, 0xA6, 0xC0, 0xA1, 0x04, 0x7D, 0xF0, 0x03, 0x3C, 0xF8, 0x02, 0x28, 0xC8, 0x48,
    0x60, 0x82, 0x72, 0x61, 0x63, 0xB3, 0x6B, 0x73, 0x21, 0x13, 0x3B, 0x73, 0x19, 0xAB, 0x1B, 0x25,
    0x20, 0x85, 0x8C, 0xD8, 0xD8, 0xEC, 0xDA, 0x5C, 0xDA, 0xDE, 0xC8, 0xEA, 0xD8, 0xCA, 0x5C, 0xCC,
    0xD8, 0xC2, 0xCE, 0xE6, 0x46, 0x59, 0x5A, 0xC1, 0x15, 0x5E, 0x01, 0x16, 0x62, 0x41, 0x16, 0x66,
    0x81, 0x16, 0x6A, 0xC1, 0x16, 0x6E, 0x21, 0x15, 0x36, 0x36, 0xBB, 0x36, 0x97, 0x34, 0xB2, 0x32,
    0x37, 0xBA, 0x51, 0x02, 0x5C, 0xC8, 0x25, 0x2C, 0x4D, 0xCE, 0xC5, 0xAE, 0x4C, 0x6E, 0x2E, 0xED,
    0xCD, 0x6D, 0x94, 0x20, 0x17, 0x92, 0x0A, 0x4B, 0x93, 0x73, 0x61, 0x0B, 0x73, 0x3B, 0xAB, 0x0B,
    0x3B, 0x2B, 0xFB, 0xB2, 0x2B, 0x93, 0x9B, 0x4B, 0x7B, 0x73, 0x1B, 0x25, 0xD0, 0x85, 0x9C, 0xC2,
    0xD2, 0xE4, 0x5C, 0xC6, 0xDE, 0xDA, 0xE0, 0xD2, 0xD8, 0xCA, 0xBE, 0xDE, 0xE0, 0xE8, 0xD2, 0xDE,
    0xDC, 0xE6, 0x46, 0x19, 0x76, 0x81, 0x17, 0x7A, 0x21, 0x99, 0xB0, 0x34, 0x39, 0x17, 0x33, 0xB9,
    0xB0, 0xB3, 0xB6, 0x32, 0x37, 0xBA, 0x51, 0x02, 0x73, 0x00, 0xA9, 0x18, 0x00, 0x00, 0x25, 0x00,
    0x00, 0x00, 0x0B, 0x0A, 0x72, 0x28, 0x87, 0x77, 0x80, 0x07, 0x7A, 0x58, 0x70, 0x98, 0x43, 0x3D,
    0xB8, 0xC3, 0x38, 0xB0, 0x43, 0x39, 0xD0, 0xC3, 0x82, 0xE6, 0x1C, 0xC6, 0xA1, 0x0D, 0xE8, 0x41,
    0x1E, 0xC2, 0xC1, 0x1D, 0xE6, 0x21, 0x1D, 0xE8, 0x21, 0x1D, 0xDE, 0xC1, 0x1D, 0x16, 0x34, 0xE3,
    0x60, 0x0E, 0xE7, 0x50, 0x0F, 0xE1, 0x20, 0x0F, 0xE4, 0x40, 0x0F, 0xE1, 0x20, 0x0F, 0xE7, 0x50,
    0x0E, 0xF4, 0xB0, 0x80, 0x81, 0x07, 0x79, 0x28, 0x87, 0x70, 0x60, 0x07, 0x76, 0x78, 0x87, 0x71,
    0x08, 0x07, 0x7A, 0x28, 0x07, 0x72, 0x58, 0x70, 0x9C, 0xC3, 0x38, 0xB4, 0x01, 0x3B, 0xA4, 0x83,
    0x3D, 0x94, 0xC3, 0x02, 0x6B, 0x1C, 0xD8, 0x21, 0x1C, 0xDC, 0xE1, 0x1C, 0xDC, 0x20, 0x1C, 0xE4,
    0x61, 0x1C, 0xDC, 0x20, 0x1C, 0xE8, 0x81, 0x1E, 0xC2, 0x61, 0x1C, 0xD0, 0xA1, 0x1C, 0xC8, 0x61,
    0x1C, 0xC2, 0x81, 0x1D, 0xD8, 0x61, 0xC1, 0x01, 0x0F, 0xF4, 0x20, 0x0F, 0xE1, 0x50, 0x0F, 0xF4,
    0x80, 0x0E, 0x00, 0x00, 0x00, 0x00, 0xD1, 0x10, 0x00, 0x00, 0x06, 0x00, 0x00, 0x00, 0x07, 0xCC,
    0x3C, 0xA4, 0x83, 0x3B, 0x9C, 0x03, 0x3B, 0x94, 0x03, 0x3D, 0xA0, 0x83, 0x3C, 0x94, 0x43, 0x38,
    0x90, 0xC3, 0x01, 0x00, 0x00, 0x00, 0x61, 0x20, 0x00, 0x00, 0xCD, 0x00, 0x00, 0x00, 0x13, 0x04,
    0x41, 0x2C, 0x10, 0x00, 0x00, 0x00, 0x0B, 0x00, 0x00, 0x00, 0x44, 0xC6, 0x12, 0x80, 0x60, 0x04,
    0x80, 0x60, 0x0D, 0x50, 0x2E, 0x03, 0x02, 0x23, 0x00, 0x63, 0x04, 0x20, 0x08, 0x82, 0xF8, 0x47,
    0x61, 0x34, 0x80, 0xC4, 0x0C, 0x00, 0x95, 0xB1, 0x04, 0x10, 0x04, 0x41, 0xF8, 0x03, 0x41, 0x10,
    0x84, 0x3F, 0x00, 0x00, 0x00, 0x00, 0xF1, 0x30, 0x00, 0x00, 0x8A, 0x00, 0x00, 0x00, 0x22, 0x47,
    0xC8, 0x90, 0x51, 0x2A, 0x8C, 0xCB, 0x00, 0x00, 0x00, 0x00, 0x70, 0xA0, 0x3C, 0x0F, 0x67, 0x61,
    0x98, 0x68, 0x18, 0x00, 0x00, 0x00, 0x73, 0x72, 0x63, 0x2F, 0x78, 0x65, 0x6E, 0x69, 0x61, 0x2F,
    0x75, 0x69, 0x2F, 0x73, 0x68, 0x61, 0x64, 0x65, 0x72, 0x73, 0x2F, 0x67, 0x75, 0x65, 0x73, 0x74,
    0x5F, 0x6F, 0x75, 0x74, 0x70, 0x75, 0x74, 0x5F, 0x62, 0x69, 0x6C, 0x69, 0x6E, 0x65, 0x61, 0x72,
    0x2E, 0x78, 0x65, 0x73, 0x6C, 0x69, 0x78, 0x65, 0x73, 0x6C, 0x5F, 0x65, 0x6E, 0x74, 0x72, 0x79,
    0x6F, 0x6D, 0x6E, 0x69, 0x70, 0x6F, 0x74, 0x65, 0x6E, 0x74, 0x20, 0x63, 0x68, 0x61, 0x72, 0x53,
    0x69, 0x6D, 0x70, 0x6C, 0x65, 0x20, 0x43, 0x2B, 0x2B, 0x20, 0x54, 0x42, 0x41, 0x41, 0x61, 0x69,
    0x72, 0x2D, 0x61, 0x6C, 0x69, 0x61, 0x73, 0x2D, 0x73, 0x63, 0x6F, 0x70, 0x65, 0x73, 0x28, 0x78,
    0x65, 0x73, 0x6C, 0x5F, 0x65, 0x6E, 0x74, 0x72, 0x79, 0x29, 0x61, 0x69, 0x72, 0x2D, 0x61, 0x6C,
    0x69, 0x61, 0x73, 0x2D, 0x73, 0x63, 0x6F, 0x70, 0x65, 0x2D, 0x61, 0x72, 0x67, 0x28, 0x30, 0x29,
    0x61, 0x69, 0x72, 0x2D, 0x61, 0x6C, 0x69, 0x61, 0x73, 0x2D, 0x73, 0x63, 0x6F, 0x70, 0x65, 0x2D,
    0x73, 0x61, 0x6D, 0x70, 0x6C, 0x65, 0x72, 0x73, 0x61, 0x69, 0x72, 0x2D, 0x61, 0x6C, 0x69, 0x61,
    0x73, 0x2D, 0x73, 0x63, 0x6F, 0x70, 0x65, 0x2D, 0x74, 0x65, 0x78, 0x74, 0x75, 0x72, 0x65, 0x73,
    0x2F, 0x70, 0x72, 0x69, 0x76, 0x61, 0x74, 0x65, 0x2F, 0x76, 0x61, 0x72, 0x2F, 0x72, 0x75, 0x6E,
    0x2F, 0x63, 0x6F, 0x6D, 0x2E, 0x61, 0x70, 0x70, 0x6C, 0x65, 0x2E, 0x73, 0x65, 0x63, 0x75, 0x72,
    0x69, 0x74, 0x79, 0x2E, 0x63, 0x72, 0x79, 0x70, 0x74, 0x65, 0x78, 0x64, 0x2F, 0x6D, 0x6E, 0x74,
    0x2F, 0x63, 0x6F, 0x6D, 0x2E, 0x61, 0x70, 0x70, 0x6C, 0x65, 0x2E, 0x4D, 0x6F, 0x62, 0x69, 0x6C,
    0x65, 0x41, 0x73, 0x73, 0x65, 0x74, 0x2E, 0x4D, 0x65, 0x74, 0x61, 0x6C, 0x54, 0x6F, 0x6F, 0x6C,
    0x63, 0x68, 0x61, 0x69, 0x6E, 0x2D, 0x76, 0x31, 0x37, 0x2E, 0x33, 0x2E, 0x34, 0x38, 0x2E, 0x30,
    0x2E, 0x35, 0x33, 0x73, 0x38, 0x75, 0x67, 0x2F, 0x4D, 0x65, 0x74, 0x61, 0x6C, 0x2E, 0x78, 0x63,
    0x74, 0x6F, 0x6F, 0x6C, 0x63, 0x68, 0x61, 0x69, 0x6E, 0x2F, 0x75, 0x73, 0x72, 0x2F, 0x6D, 0x65,
    0x74, 0x61, 0x6C, 0x2F, 0x33, 0x32, 0x30, 0x32, 0x33, 0x2F, 0x6C, 0x69, 0x62, 0x2F, 0x63, 0x6C,
    0x61, 0x6E, 0x67, 0x2F, 0x33, 0x32, 0x30, 0x32, 0x33, 0x2E, 0x38, 0x35, 0x30, 0x2F, 0x69, 0x6E,
    0x63, 0x6C, 0x75, 0x64, 0x65, 0x2F, 0x6D, 0x65, 0x74, 0x61, 0x6C, 0x2F, 0x5F, 0x5F, 0x62, 0x69,
    0x74, 0x73, 0x2F, 0x6D, 0x65, 0x74, 0x61, 0x6C, 0x5F, 0x74, 0x65, 0x78, 0x74, 0x75, 0x72, 0x65,
    0x32, 0x64, 0x73, 0x61, 0x6D, 0x70, 0x6C, 0x65, 0x00, 0x00, 0x13, 0x84, 0xCC, 0x59, 0x45, 0x1D,
    0xFA, 0x90, 0x0E, 0x80, 0x3E, 0x68, 0xFC, 0x40, 0x06, 0x00, 0x06, 0x80, 0x28, 0x08, 0x82, 0x50,
    0x29, 0x00, 0xC0, 0x3E, 0x00, 0x00, 0x00, 0xAC, 0x10, 0xE8, 0x81, 0x1D, 0x56, 0x0C, 0xF5, 0x40,
    0x0F, 0xED, 0xB0, 0x62, 0xB0, 0x07, 0x7A, 0x70, 0x87, 0x15, 0xC3, 0x3D, 0xD0, 0xC3, 0x3B, 0xAC,
    0xA2, 0x0E, 0x91, 0x88, 0x07, 0x40, 0x24, 0xEC, 0x80, 0x1F, 0xEE, 0x00, 0xC0, 0x00, 0x10, 0x05,
    0x41, 0x10, 0x2A, 0x05, 0x00, 0xD8, 0x07, 0x00, 0x00, 0x00, 0x9D, 0x07, 0x12, 0xC8, 0x10, 0x22,
    0x43, 0x46, 0x42, 0xC7, 0xC1, 0x81, 0x3C, 0x00, 0x06, 0x15, 0x00, 0x3A, 0x08, 0x00, 0xB0, 0x01,
    0xD8, 0x44, 0x08, 0xC0, 0x3E, 0x00, 0x1B, 0x82, 0x75, 0xD8, 0x30, 0xA8, 0x43, 0x3F, 0xC8, 0xC3,
    0x86, 0xC1, 0x1F, 0xFC, 0x41, 0x1E, 0x36, 0x04, 0xF5, 0xB0, 0x41, 0xB8, 0x07, 0x7B, 0x18, 0x54,
    0x00, 0xF0, 0x00, 0x00, 0x00, 0x00, 0x83, 0x0C, 0xCA, 0x90, 0xCC, 0x18, 0x14, 0x66, 0xC0, 0xCD,
    0x03, 0x00, 0x8C, 0x18, 0x14, 0x44, 0x08, 0x82, 0x41, 0xB5, 0x05, 0x33, 0x06, 0x85, 0x19, 0x48,
    0xF3, 0x00, 0x00, 0xDD, 0x0C, 0x4F, 0x24, 0xCD, 0x18, 0x14, 0x67, 0x20, 0xCD, 0x03, 0x00, 0x50,
    0x40, 0xC8, 0x84, 0x01, 0x70, 0x43, 0x10, 0x33, 0x06, 0x85, 0x19, 0xBC, 0xC1, 0x3C, 0x00, 0xC0,
    0x88, 0x81, 0x41, 0x84, 0x20, 0x58, 0xF8, 0xC7, 0x04, 0x06, 0xC1, 0x8C, 0x41, 0x11, 0x07, 0xC7,
    0x3C, 0x00, 0x00, 0x06, 0x07, 0xF8, 0x4F, 0x18, 0x00, 0xDD, 0x0C, 0x94, 0xC5, 0x4D, 0x18, 0x00,
    0x14, 0x14, 0x32, 0x61, 0x00, 0xE0, 0x10, 0x88, 0xFF, 0x84, 0x01, 0x30, 0x62, 0xD0, 0x14, 0x21,
    0x08, 0x06, 0x91, 0x19, 0x58, 0x55, 0x10, 0x49, 0xD1, 0xF3, 0x68, 0x33, 0x06, 0x45, 0x1E, 0x30,
    0xF8, 0x90, 0x0F, 0xC0, 0x68, 0x42, 0x00, 0x4C, 0x18, 0x00, 0x73, 0x0C, 0x01, 0x24, 0xCD, 0x18,
    0x14, 0x7C, 0x40, 0xCD, 0x03, 0x00, 0xCC, 0x36, 0x3C, 0x01, 0x30, 0x63, 0x50, 0xF8, 0x41, 0x30,
    0x0F, 0x00, 0xB0, 0xC1, 0x84, 0x01, 0x10, 0x10, 0x03, 0x00, 0x08, 0x00, 0x00, 0x00, 0x5B, 0x04,
    0x40, 0x1E, 0xB6, 0x1C, 0x43, 0xE0, 0x0F, 0xC7, 0x3F, 0x20, 0x20, 0xB1, 0xE5, 0x40, 0x02, 0x7F,
    0x38, 0xFE, 0x01, 0x01, 0x89, 0x2D, 0x85, 0x72, 0x80, 0x04, 0xF2, 0x0F, 0x00, 0x00, 0x00, 0x00,
    0x00, 0x00, 0x71, 0x20, 0x00, 0x00, 0x03, 0x00, 0x00, 0x00, 0x32, 0x0E, 0x10, 0x22, 0x84, 0x00,
    0x8D, 0x08, 0x00, 0x00, 0x00, 0x00, 0x00, 0x00, 0x00, 0x00, 0x65, 0x0C, 0x00, 0x00, 0x31, 0x00,
    0x00, 0x00, 0x12, 0x03, 0x94, 0x78, 0x01, 0x00, 0x00, 0x00, 0x03, 0x00, 0x00, 0x00, 0x5B, 0x00,
    0x00, 0x00, 0x0C, 0x00, 0x00, 0x00, 0x4C, 0x00, 0x00, 0x00, 0x01, 0x00, 0x00, 0x00, 0x58, 0x00,
    0x00, 0x00, 0x00, 0x00, 0x00, 0x00, 0x58, 0x00, 0x00, 0x00, 0x04, 0x00, 0x00, 0x00, 0xB8, 0x00,
    0x00, 0x00, 0x00, 0x00, 0x00, 0x00, 0x67, 0x00, 0x00, 0x00, 0x1C, 0x00, 0x00, 0x00, 0x00, 0x00,
    0x00, 0x00, 0x0A, 0x00, 0x00, 0x00, 0x0A, 0x00, 0x00, 0x00, 0x00, 0x00, 0x00, 0x00, 0xB8, 0x00,
    0x00, 0x00, 0x00, 0x00, 0x00, 0x00, 0x00, 0x00, 0x00, 0x00, 0x04, 0x00, 0x00, 0x00, 0x00, 0x00,
    0x00, 0x00, 0x00, 0x00, 0x00, 0x00, 0x0A, 0x00, 0x00, 0x00, 0x00, 0x00, 0x00, 0x00, 0x0A, 0x00,
    0x00, 0x00, 0xFF, 0xFF, 0xFF, 0xFF, 0x00, 0x24, 0x00, 0x00, 0x0A, 0x00, 0x00, 0x00, 0x1B, 0x00,
    0x00, 0x00, 0x0A, 0x00, 0x00, 0x00, 0x1B, 0x00, 0x00, 0x00, 0xFF, 0xFF, 0xFF, 0xFF, 0x08, 0x24,
    0x00, 0x00, 0x25, 0x00, 0x00, 0x00, 0x1B, 0x00, 0x00, 0x00, 0x25, 0x00, 0x00, 0x00, 0x1B, 0x00,
    0x00, 0x00, 0xFF, 0xFF, 0xFF, 0xFF, 0x08, 0x24, 0x00, 0x00, 0x40, 0x00, 0x00, 0x00, 0x1B, 0x00,
    0x00, 0x00, 0x40, 0x00, 0x00, 0x00, 0x1B, 0x00, 0x00, 0x00, 0xFF, 0xFF, 0xFF, 0xFF, 0x08, 0x24,
    0x00, 0x00, 0x00, 0x00, 0x00, 0x00, 0x5D, 0x0C, 0x00, 0x00, 0x24, 0x00, 0x00, 0x00, 0x12, 0x03,
    0x94, 0x23, 0x01, 0x00, 0x00, 0x00, 0x78, 0x65, 0x73, 0x6C, 0x5F, 0x65, 0x6E, 0x74, 0x72, 0x79,
    0x61, 0x69, 0x72, 0x2E, 0x73, 0x61, 0x6D, 0x70, 0x6C, 0x65, 0x5F, 0x74, 0x65, 0x78, 0x74, 0x75,
    0x72, 0x65, 0x5F, 0x32, 0x64, 0x2E, 0x76, 0x34, 0x66, 0x33, 0x32, 0x61, 0x69, 0x72, 0x2E, 0x63,
    0x6F, 0x6E, 0x76, 0x65, 0x72, 0x74, 0x2E, 0x66, 0x2E, 0x76, 0x32, 0x66, 0x33, 0x32, 0x2E, 0x75,
    0x2E, 0x76, 0x32, 0x69, 0x33, 0x32, 0x61, 0x69, 0x72, 0x2E, 0x63, 0x6F, 0x6E, 0x76, 0x65, 0x72,
    0x74, 0x2E, 0x73, 0x2E, 0x76, 0x32, 0x69, 0x33, 0x32, 0x2E, 0x66, 0x2E, 0x76, 0x32, 0x66, 0x33,
    0x32, 0x33, 0x32, 0x30, 0x32, 0x33, 0x2E, 0x38, 0x35, 0x30, 0x2E, 0x31, 0x30, 0x61, 0x69, 0x72,
    0x36, 0x34, 0x5F, 0x76, 0x32, 0x38, 0x2D, 0x61, 0x70, 0x70, 0x6C, 0x65, 0x2D, 0x6D, 0x61, 0x63,
    0x6F, 0x73, 0x78, 0x32, 0x36, 0x2E, 0x30, 0x2E, 0x30, 0x00, 0x00, 0x00, 0x00, 0x00, 0x01, 0x00,
    0x00, 0x00, 0x2F, 0x70, 0x72, 0x69, 0x76, 0x61, 0x74, 0x65, 0x2F, 0x76, 0x61, 0x72, 0x2F, 0x72,
    0x75, 0x6E, 0x2F, 0x63, 0x6F, 0x6D, 0x2E, 0x61, 0x70, 0x70, 0x6C, 0x65, 0x2E, 0x73, 0x65, 0x63,
    0x75, 0x72, 0x69, 0x74, 0x79, 0x2E, 0x63, 0x72, 0x79, 0x70, 0x74, 0x65, 0x78, 0x64, 0x2F, 0x6D,
    0x6E, 0x74, 0x2F, 0x63, 0x6F, 0x6D, 0x2E, 0x61, 0x70, 0x70, 0x6C, 0x65, 0x2E, 0x4D, 0x6F, 0x62,
    0x69, 0x6C, 0x65, 0x41, 0x73, 0x73, 0x65, 0x74, 0x2E, 0x4D, 0x65, 0x74, 0x61, 0x6C, 0x54, 0x6F,
    0x6F, 0x6C, 0x63, 0x68, 0x61, 0x69, 0x6E, 0x2D, 0x76, 0x31, 0x37, 0x2E, 0x33, 0x2E, 0x34, 0x38,
    0x2E, 0x30, 0x2E, 0x35, 0x33, 0x73, 0x38, 0x75, 0x67, 0x2F, 0x4D, 0x65, 0x74, 0x61, 0x6C, 0x2E,
    0x78, 0x63, 0x74, 0x6F, 0x6F, 0x6C, 0x63, 0x68, 0x61, 0x69, 0x6E, 0x2F, 0x75, 0x73, 0x72, 0x2F,
    0x6D, 0x65, 0x74, 0x61, 0x6C, 0x2F, 0x33, 0x32, 0x30, 0x32, 0x33, 0x2F, 0x62, 0x69, 0x6E, 0x2F,
    0x6D, 0x65, 0x74, 0x61, 0x6C, 0x6C, 0x69, 0x62, 0x20, 0x73, 0x72, 0x63, 0x2F, 0x78, 0x65, 0x6E,
    0x69, 0x61, 0x2F, 0x75, 0x69, 0x2F, 0x73, 0x68, 0x61, 0x64, 0x65, 0x72, 0x73, 0x2F, 0x62, 0x79,
    0x74, 0x65, 0x63, 0x6F, 0x64, 0x65, 0x2F, 0x6D, 0x65, 0x74, 0x61, 0x6C, 0x2F, 0x67, 0x75, 0x65,
    0x73, 0x74, 0x5F, 0x6F, 0x75, 0x74, 0x70, 0x75, 0x74, 0x5F, 0x62, 0x69, 0x6C, 0x69, 0x6E, 0x65,
    0x61, 0x72, 0x5F, 0x70, 0x73, 0x2E, 0x61, 0x69, 0x72, 0x20, 0x2D, 0x6F, 0x20, 0x73, 0x72, 0x63,
    0x2F, 0x78, 0x65, 0x6E, 0x69, 0x61, 0x2F, 0x75, 0x69, 0x2F, 0x73, 0x68, 0x61, 0x64, 0x65, 0x72,
    0x73, 0x2F, 0x62, 0x79, 0x74, 0x65, 0x63, 0x6F, 0x64, 0x65, 0x2F, 0x6D, 0x65, 0x74, 0x61, 0x6C,
    0x2F, 0x67, 0x75, 0x65, 0x73, 0x74, 0x5F, 0x6F, 0x75, 0x74, 0x70, 0x75, 0x74, 0x5F, 0x62, 0x69,
    0x6C, 0x69, 0x6E, 0x65, 0x61, 0x72, 0x5F, 0x70, 0x73, 0x2E, 0x6D, 0x65, 0x74, 0x61, 0x6C, 0x6C,
    0x69, 0x62, 0x00, 0x2F, 0x55, 0x73, 0x65, 0x72, 0x73, 0x2F, 0x77, 0x6D, 0x61, 0x72, 0x74, 0x69,
    0x2F, 0x44, 0x6F, 0x63, 0x75, 0x6D, 0x65, 0x6E, 0x74, 0x73, 0x2F, 0x78, 0x65, 0x6E, 0x69, 0x61,
    0x2D, 0x6D, 0x61, 0x63, 0x2F, 0x73, 0x63, 0x72, 0x61, 0x74, 0x63, 0x68, 0x2F, 0x77, 0x6F, 0x72,
    0x6B, 0x74, 0x72, 0x65, 0x65, 0x73, 0x2F, 0x78, 0x65, 0x6E, 0x69, 0x61, 0x2D, 0x63, 0x61, 0x6E,
    0x61, 0x72, 0x79, 0x2D, 0x72, 0x65, 0x62, 0x61, 0x73, 0x65, 0x00, 0x25, 0x50, 0x00, 0x00, 0x53,
    0x41, 0x52, 0x43, 0x19, 0x50, 0x00, 0x00, 0x67, 0x75, 0x65, 0x73, 0x74, 0x5F, 0x6F, 0x75, 0x74,
    0x70, 0x75, 0x74, 0x5F, 0x62, 0x69, 0x6C, 0x69, 0x6E, 0x65, 0x61, 0x72, 0x5F, 0x70, 0x73, 0x00,
    0x42, 0x5A, 0x68, 0x39, 0x31, 0x41, 0x59, 0x26, 0x53, 0x59, 0x90, 0x7F, 0x5C, 0x31, 0x00, 0x4E,
    0x59, 0x7F, 0xF9, 0xFF, 0xFA, 0xEB, 0x7B, 0xFF, 0xFF, 0xFF, 0xFF, 0xBF, 0xFF, 0xDF, 0xEE, 0xFF,
    0xFF, 0xFF, 0xFF, 0x00, 0x04, 0x00, 0x02, 0x04, 0x00, 0x02, 0x04, 0x00, 0x02, 0x40, 0x08, 0x60,
    0x37, 0xBF, 0x7B, 0xDF, 0x7B, 0xE4, 0x5F, 0x6D, 0x13, 0xEE, 0xBD, 0x3C, 0xF4, 0xBD, 0x3C, 0x81,
    0xD2, 0x49, 0x29, 0x08, 0x2A, 0xEF, 0x5E, 0xD7, 0x65, 0xF6, 0xE9, 0xEF, 0xBD, 0xED, 0xDF, 0x1B,
    0xEC, 0xF5, 0xEF, 0x67, 0x96, 0x77, 0x5B, 0xAA, 0x5C, 0x5D, 0x52, 0xBE, 0xED, 0xF4, 0xFB, 0x6B,
    0x8B, 0xE5, 0xB7, 0xD3, 0x76, 0xF7, 0x37, 0x76, 0xEF, 0x2F, 0x6B, 0x3A, 0x34, 0xCA, 0x8D, 0xED,
    0xD3, 0xB3, 0x3B, 0x6D, 0xAB, 0xAA, 0xA3, 0xA8, 0x66, 0xBB, 0xBE, 0x69, 0xCE, 0xF3, 0x0B, 0xDE,
    0xC7, 0x4E, 0xBD, 0xDD, 0xEB, 0x39, 0xEC, 0x85, 0x6A, 0x67, 0x75, 0xD7, 0x56, 0x06, 0x5B, 0x58,
    0xE1, 0x3A, 0xEE, 0x75, 0x70, 0x0E, 0x92, 0x0A, 0xFA, 0x7A, 0x11, 0x7B, 0x3D, 0x6A, 0xE0, 0x34,
    0xDC, 0xED, 0x75, 0xF0, 0xF7, 0x57, 0x7B, 0xB7, 0x1D, 0xBB, 0xC3, 0xC5, 0x0D, 0x2B, 0xA5, 0xED,
    0x91, 0xD7, 0x44, 0xDD, 0xD6, 0x75, 0xD4, 0x00, 0x79, 0x77, 0x09, 0x12, 0x08, 0x04, 0xC4, 0x08,
    0x65, 0x30, 0x29, 0xEA, 0x69, 0xA7, 0xAA, 0x7A, 0xA7, 0xB4, 0x6A, 0x99, 0x94, 0xFD, 0x11, 0xA7,
    0xAA, 0x69, 0xA6, 0x81, 0xEA, 0x00, 0x0F, 0xD4, 0x80, 0x1A, 0x00, 0x1E, 0xA3, 0x20, 0x00, 0xC4,
    0x10, 0x10, 0x88, 0xC9, 0x3D, 0x14, 0xF5, 0x36, 0x99, 0x26, 0x86, 0xA7, 0xA4, 0xC9, 0x90, 0x68,
    0x34, 0x00, 0x00, 0x00, 0x00, 0x0D, 0x00, 0x34, 0x68, 0x69, 0xA0, 0x00, 0xC1, 0x48, 0x54, 0xF5,
    0x06, 0x9E, 0xA6, 0x68, 0x20, 0x00, 0x06, 0x80, 0x1A, 0x1A, 0x6D, 0x40, 0x03, 0x4D, 0x03, 0x40,
    0x00, 0xD0, 0x00, 0xD0, 0xD3, 0x46, 0x9E, 0xA0, 0x00, 0x85, 0x22, 0x44, 0xD4, 0xC4, 0xD0, 0xD0,
    0x0A, 0x4D, 0x3C, 0x44, 0xF4, 0x9B, 0x14, 0x68, 0x66, 0x93, 0xD2, 0x3D, 0x13, 0x4D, 0x3D, 0x40,
    0x1A, 0x34, 0xD0, 0x3D, 0x41, 0xA3, 0x46, 0x40, 0x00, 0xD0, 0xD3, 0x40, 0x08, 0x91, 0x40, 0x10,
    0x54, 0xF4, 0x9A, 0x66, 0x89, 0xEA, 0x8F, 0xCA, 0x4F, 0x14, 0x7A, 0xA7, 0xB5, 0x07, 0xA9, 0x31,
    0xA6, 0x8C, 0x8D, 0x0C, 0x9E, 0x92, 0x3D, 0x10, 0xC0, 0x13, 0x68, 0x13, 0x02, 0x7A, 0x4C, 0x86,
    0x11, 0x88, 0xC2, 0x24, 0x84, 0x0A, 0x60, 0x40, 0x4D, 0x34, 0x01, 0x4C, 0xD5, 0x3D, 0x27, 0xEA,
    0x7A, 0x93, 0x6A, 0x7E, 0x52, 0x69, 0xE9, 0x00, 0x68, 0x03, 0xD4, 0x06, 0xD4, 0x00, 0x00, 0x0D,
    0x0C, 0x8D, 0x00, 0x1F, 0xCA, 0x43, 0xFF, 0xBD, 0xA3, 0xF7, 0x18, 0x35, 0xF7, 0x1F, 0x3B, 0x4F,
    0x29, 0x02, 0x33, 0x25, 0x43, 0xFA, 0xE2, 0x21, 0xF5, 0x8F, 0x7F, 0xC2, 0xBD, 0xFA, 0x03, 0xFE,
    0x03, 0x00, 0xF2, 0x0F, 0x9D, 0x21, 0x8B, 0x0C, 0x82, 0x90, 0x27, 0x66, 0x30, 0x0C, 0xA2, 0x01,
    0x14, 0x50, 0x44, 0x80, 0x10, 0x28, 0x91, 0x67, 0x9F, 0xD1, 0x66, 0x2E, 0x66, 0x48, 0xF4, 0xE3,
    0xB5, 0x96, 0xD8, 0x75, 0x64, 0x1B, 0x3D, 0x55, 0x05, 0x7B, 0x0F, 0x36, 0x9D, 0xFD, 0xA8, 0xDA,
    0x56, 0xFC, 0x38, 0xE3, 0xCB, 0x3E, 0x1F, 0x5B, 0xF3, 0xA5, 0xF2, 0xDF, 0xF8, 0x00, 0xA7, 0xFB,
    0x22, 0x8F, 0xB9, 0x09, 0x14, 0x09, 0x07, 0xD8, 0xFA, 0x44, 0x28, 0x67, 0xE4, 0x7F, 0x7A, 0x7F,
    0x7D, 0x84, 0x81, 0xB4, 0x90, 0xB3, 0xEB, 0xFC, 0x5B, 0x65, 0xF8, 0x35, 0x5F, 0x52, 0x9B, 0x5D,
    0x55, 0x97, 0x0B, 0x0D, 0x65, 0x1E, 0x07, 0x81, 0x6A, 0xA8, 0x3C, 0x5B, 0x89, 0xEB, 0x91, 0xE2,
    0x43, 0xCF, 0xEF, 0x65, 0x4A, 0x5C, 0x2D, 0x10, 0xCF, 0xB4, 0x2D, 0xFC, 0xC8, 0x5D, 0x05, 0xED,
    0x33, 0x62, 0xF6, 0xE7, 0x42, 0x6E, 0x15, 0x33, 0x66, 0x59, 0x1A, 0xEE, 0x42, 0x6A, 0x20, 0xB4,
    0x04, 0x60, 0xA4, 0x1E, 0x76, 0xCB, 0xBA, 0x0F, 0xC0, 0x52, 0xE3, 0xE8, 0x0E, 0x03, 0x80, 0xCE,
    0xFF, 0x37, 0x07, 0x76, 0xD2, 0x22, 0x36, 0xC9, 0xB9, 0xEA, 0x43, 0x99, 0x10, 0x59, 0x2A, 0x4D,
    0xE5, 0x61, 0x93, 0x3F, 0x5F, 0x73, 0xE1, 0x06, 0x39, 0xE7, 0x55, 0x04, 0x19, 0x93, 0xC9, 0x5D,
    0x52, 0xF6, 0x36, 0x4B, 0x53, 0x5D, 0x17, 0x19, 0x70, 0x4F, 0x5F, 0xE4, 0x82, 0xB5, 0xB7, 0x07,
    0xBE, 0xF7, 0x02, 0x62, 0xDB, 0x73, 0x35, 0x72, 0x53, 0x04, 0x34, 0xD6, 0x31, 0x6B, 0x35, 0x35,
    0x35, 0x30, 0xB0, 0x15, 0x98, 0xDB, 0x91, 0xEF, 0xEB, 0x99, 0x9E, 0xC1, 0xD2, 0xC7, 0x6C, 0x5B,
    0x22, 0xEC, 0xDA, 0x0C, 0xE0, 0x84, 0xFD, 0x9E, 0x00, 0x2C, 0xD8, 0x9A, 0xF7, 0x73, 0x6E, 0x93,
    0xC9, 0x53, 0x45, 0xE6, 0x3A, 0x5C, 0x62, 0x22, 0x07, 0x96, 0x8F, 0xF2, 0xE0, 0xBA, 0xB9, 0xFA,
    0xD6, 0xFC, 0xDC, 0xD2, 0x14, 0x78, 0xC1, 0xAA, 0x23, 0x66, 0x24, 0x3B, 0x77, 0x5F, 0xA5, 0xD8,
    0xC8, 0x1B, 0xC5, 0x37, 0x72, 0x2F, 0x61, 0x12, 0xE0, 0x24, 0x7E, 0x15, 0xDE, 0x9A, 0x68, 0x1A,
    0xF1, 0xBA, 0xCB, 0x5D, 0x76, 0x3B, 0xF6, 0xB9, 0xB7, 0x7F, 0x2A, 0xD6, 0x94, 0x70, 0xE8, 0xBE,
    0x1E, 0x35, 0x91, 0x32, 0x19, 0xA4, 0x35, 0x30, 0xFD, 0x53, 0xBB, 0x4A, 0x59, 0xC2, 0xB0, 0xF0,
    0x75, 0x8E, 0xDA, 0x72, 0x71, 0x53, 0x7B, 0xD1, 0xDF, 0xCB, 0xA2, 0x4C, 0x19, 0x92, 0x60, 0x65,
    0x0F, 0x4E, 0xC0, 0xF3, 0x35, 0xB9, 0xED, 0xCF, 0x6B, 0xF8, 0x66, 0x16, 0x67, 0x1B, 0x24, 0x10,
    0xC6, 0xD1, 0xE8, 0xCF, 0x2B, 0x5C, 0x58, 0xEC, 0xD7, 0x50, 0xAD, 0x34, 0x9D, 0x6D, 0x65, 0x85,
    0xB7, 0xEB, 0x63, 0x1C, 0x44, 0x31, 0xF7, 0x5F, 0x6B, 0x88, 0x71, 0x88, 0xEB, 0x7B, 0x01, 0xB2,
    0xF1, 0x8E, 0x50, 0xB1, 0x97, 0xEC, 0xC0, 0xC9, 0x6E, 0xA1, 0x1D, 0xA1, 0xF8, 0xE9, 0x8E, 0x57,
    0x69, 0xC2, 0xDA, 0xD7, 0x08, 0x92, 0xF0, 0xD6, 0xCC, 0xFE, 0xC0, 0xF0, 0x88, 0x16, 0x93, 0xC7,
    0x6D, 0xC5, 0x6A, 0xD8, 0x37, 0x44, 0x18, 0xA3, 0xA6, 0xEB, 0x76, 0x62, 0xAF, 0xEC, 0x3C, 0xF3,
    0x73, 0xEB, 0x4A, 0xBD, 0xD0, 0x65, 0xEC, 0xAB, 0xD9, 0xEC, 0xD3, 0x5A, 0xAE, 0x11, 0x61, 0x1F,
    0xC1, 0xB6, 0xD2, 0xB5, 0xF6, 0x35, 0x81, 0xCB, 0x2F, 0x39, 0xBD, 0x32, 0x27, 0x93, 0xBD, 0x7A,
    0x6B, 0x6B, 0xCF, 0xB7, 0xC4, 0x1E, 0x94, 0x37, 0x0E, 0x8E, 0xC1, 0xAF, 0x6E, 0xB0, 0xFB, 0xA4,
    0x1F, 0x52, 0x21, 0xCD, 0x01, 0xDA, 0x82, 0x7C, 0x0C, 0x84, 0xA7, 0xB0, 0x30, 0x98, 0xA2, 0x28,
    0x1C, 0x90, 0xE4, 0x1D, 0xCE, 0x20, 0xA6, 0x95, 0xB5, 0x94, 0x40, 0xA6, 0x20, 0x68, 0xD3, 0x44,
    0x08, 0xB3, 0x03, 0x0A, 0x28, 0xA6, 0x8E, 0xAA, 0x0C, 0x5A, 0x3E, 0x73, 0x26, 0xCD, 0xCE, 0x10,
    0xC8, 0xF6, 0xBE, 0xE6, 0x06, 0x9F, 0x43, 0xA3, 0x12, 0x34, 0xA1, 0x84, 0x74, 0x8C, 0x2D, 0x98,
    0x58, 0xD0, 0x72, 0x38, 0x0A, 0x1B, 0xA8, 0x41, 0x81, 0xBD, 0x34, 0x10, 0x91, 0x4E, 0x00, 0x51,
    0x25, 0x13, 0xD8, 0x44, 0x71, 0x46, 0x10, 0x97, 0x10, 0x96, 0x62, 0x18, 0x1A, 0x11, 0x22, 0x05,
    0x03, 0xA1, 0xBD, 0xEF, 0x11, 0x0A, 0x57, 0xAC, 0xC4, 0xA5, 0xD1, 0x02, 0x92, 0x24, 0xD2, 0x42,
    0x0E, 0x0C, 0x4A, 0x88, 0x0B, 0xF7, 0xF4, 0x4E, 0x0D, 0xD6, 0x1C, 0x7D, 0x73, 0xF5, 0xF4, 0x7D,
    0x83, 0x8D, 0x68, 0x62, 0x75, 0xDD, 0x2C, 0x7D, 0xDE, 0x32, 0xC5, 0x3F, 0x83, 0xE0, 0xED, 0xB6,
    0x81, 0xE9, 0x3D, 0xC4, 0x07, 0x41, 0x97, 0x5A, 0xEA, 0x42, 0x38, 0xDB, 0x3D, 0xA2, 0xF2, 0x98,
    0xB6, 0x72, 0xAF, 0x55, 0x6F, 0x83, 0x75, 0x5A, 0x42, 0xF6, 0x15, 0x28, 0x14, 0x8A, 0xA7, 0xB5,
    0x05, 0x23, 0x04, 0xB9, 0xE5, 0x6B, 0x45, 0x4F, 0x93, 0xF5, 0x76, 0x74, 0x7A, 0x9B, 0x0F, 0x22,
    0xBE, 0xE3, 0x92, 0xFD, 0x7B, 0x76, 0xD7, 0xAF, 0x75, 0xB7, 0xCE, 0x68, 0xF2, 0x73, 0x94, 0xE2,
    0xEF, 0xAF, 0x45, 0x4D, 0xA6, 0x1B, 0x89, 0x63, 0xB0, 0x89, 0xBA, 0x20, 0x42, 0x93, 0xFC, 0xC1,
    0x41, 0xB4, 0x3D, 0xC7, 0x96, 0xFC, 0xCF, 0xC3, 0x1F, 0x9C, 0x2F, 0x90, 0xF9, 0x7B, 0xAE, 0x39,
    0x6C, 0x89, 0x7C, 0x32, 0xF3, 0xED, 0xF0, 0xEB, 0xEC, 0xDB, 0x71, 0xEF, 0x11, 0xB9, 0x48, 0x90,
    0x73, 0x9A, 0x99, 0x35, 0xCC, 0xF4, 0xEB, 0xD5, 0xDF, 0x69, 0x8D, 0x1F, 0x6F, 0x38, 0xDF, 0x39,
    0xF0, 0xEF, 0x12, 0xAD, 0xAE, 0xAF, 0x93, 0x57, 0xC2, 0x00, 0x58, 0x10, 0xBC, 0x56, 0x5E, 0x78,
    0x1E, 0x0B, 0x50, 0xF8, 0x12, 0xFD, 0x8F, 0x4F, 0x68, 0x74, 0xF4, 0x37, 0x69, 0x79, 0xC3, 0xEC,
    0x94, 0xE8, 0x59, 0xA9, 0x68, 0x57, 0xBD, 0xF6, 0x58, 0xCF, 0xAB, 0x5F, 0x43, 0xA8, 0x60, 0x34,
    0xBB, 0x20, 0xA7, 0xCA, 0x5C, 0xEF, 0x6E, 0x09, 0xA0, 0xE8, 0x17, 0x63, 0x81, 0xD4, 0x9D, 0x56,
    0x8F, 0x85, 0xEA, 0xCE, 0x50, 0x12, 0x6E, 0x03, 0x01, 0x6A, 0x6C, 0xA0, 0x41, 0x53, 0xA1, 0x73,
    0xD3, 0xBC, 0xB6, 0x4A, 0x3E, 0x88, 0x01, 0x65, 0xDA, 0xC1, 0x2A, 0x7C, 0x27, 0x92, 0x50, 0x38,
    0x2A, 0x70, 0xE7, 0x48, 0x7F, 0x22, 0x65, 0x23, 0x05, 0x91, 0x49, 0x11, 0xD2, 0xCB, 0x2C, 0x86,
    0xCF, 0xBE, 0xCF, 0x83, 0x91, 0x5D, 0xC9, 0x5E, 0x7C, 0x1E, 0xD5, 0xDF, 0xBE, 0xDD, 0xCB, 0x22,
    0xB1, 0x2C, 0xE9, 0x11, 0xA2, 0x0E, 0x50, 0xA8, 0x2B, 0x91, 0xE8, 0xDD, 0xE0, 0x55, 0x39, 0x24,
    0xD2, 0x10, 0xB3, 0x3A, 0xBC, 0x6D, 0xEF, 0x0A, 0x04, 0x0E, 0x94, 0x01, 0x8C, 0x90, 0xBB, 0xBA,
    0x31, 0xA0, 0xF4, 0x17, 0x70, 0x4E, 0xB8, 0x5A, 0x83, 0xA6, 0x05, 0xA9, 0xDC, 0xD9, 0xBC, 0xB4,
    0xCB, 0x5D, 0x5C, 0x67, 0x7B, 0x65, 0x79, 0x4A, 0xB6, 0xA5, 0xAB, 0x22, 0xB6, 0xD5, 0xF0, 0xAF,
    0x66, 0xBC, 0xEF, 0xED, 0xAF, 0xF5, 0xBF, 0x92, 0x3D, 0xFB, 0x81, 0x95, 0x4B, 0xAC, 0x69, 0x2E,
    0x99, 0xA6, 0x23, 0x78, 0x29, 0xE0, 0x75, 0xD5, 0xC6, 0xF9, 0xE7, 0xE7, 0xA7, 0x00, 0xF8, 0x17,
    0x1E, 0x85, 0xD8, 0xBD, 0xAC, 0x99, 0xFD, 0x17, 0x0F, 0x9D, 0x74, 0xE8, 0x1D, 0x1A, 0x8C, 0xD5,
    0x62, 0x19, 0x0B, 0x00, 0x4B, 0xA0, 0x2E, 0xFE, 0x28, 0xEA, 0xAE, 0xED, 0x61, 0xDE, 0xA3, 0x2A,
    0xC8, 0x17, 0xD9, 0xD9, 0xC4, 0x20, 0xED, 0x89, 0x80, 0x25, 0x98, 0x3A, 0xA7, 0x36, 0x1E, 0xFB,
    0x63, 0x83, 0x3C, 0x57, 0xA4, 0x74, 0x78, 0xDE, 0x15, 0x96, 0xDC, 0x39, 0xC2, 0xC2, 0x8D, 0x77,
    0xB8, 0xB2, 0xF3, 0xA7, 0x7D, 0xF8, 0x7A, 0xDB, 0x66, 0xEB, 0x96, 0xB7, 0x85, 0xB7, 0x36, 0x8E,
    0x9F, 0x89, 0xD2, 0x8F, 0x2C, 0x55, 0x7C, 0x28, 0xEB, 0xAE, 0xB5, 0x19, 0x46, 0x45, 0xAD, 0xD7,
    0x23, 0xA2, 0x22, 0x06, 0xED, 0x25, 0xA0, 0x3C, 0x80, 0x82, 0xA6, 0xAF, 0x43, 0x4A, 0xC3, 0xA6,
    0x24, 0x6C, 0x25, 0x4A, 0xFD, 0x78, 0xB8, 0xBA, 0xDD, 0xB2, 0xBA, 0xF3, 0xA9, 0x3B, 0x6A, 0xA4,
    0x13, 0x56, 0x63, 0x49, 0x6D, 0xB8, 0xB6, 0x80, 0x3E, 0x31, 0x80, 0x1E, 0x79, 0xB3, 0xD0, 0x4E,
    0xDA, 0x10, 0xE1, 0xA4, 0x10, 0xEF, 0x4E, 0x1C, 0xEF, 0x49, 0x34, 0x05, 0xA5, 0xB8, 0x46, 0xB6,
    0xEA, 0xAC, 0x6F, 0xB5, 0xDE, 0xE1, 0x4E, 0x32, 0xE0, 0x48, 0x4F, 0xA8, 0xAA, 0x1A, 0xFB, 0x74,
    0x17, 0x9D, 0x6C, 0xC8, 0x6C, 0xE2, 0xC5, 0xBD, 0x7D, 0xD4, 0x95, 0x00, 0xE9, 0xDD, 0x76, 0x76,
    0x6E, 0xE4, 0x8A, 0xF5, 0x76, 0xDB, 0xD5, 0x71, 0xB7, 0xA3, 0x5D, 0xA6, 0x8F, 0xCD, 0x59, 0x79,
    0x1B, 0xED, 0xA5, 0x08, 0xAC, 0xCA, 0x8E, 0x25, 0x6D, 0x14, 0x6B, 0x59, 0x5C, 0x0A, 0x56, 0x29,
    0xD5, 0xAA, 0xD9, 0x0A, 0x5B, 0x48, 0xE3, 0x39, 0xF7, 0x74, 0x94, 0xCF, 0x9D, 0x65, 0x8F, 0x81,
    0x9E, 0x11, 0x34, 0x64, 0x81, 0x1D, 0xD1, 0xAE, 0xAA, 0xD4, 0x0B, 0x97, 0x48, 0x7D, 0xF6, 0xB2,
    0x6D, 0xC0, 0x28, 0x18, 0x3C, 0x8A, 0x24, 0x10, 0xE9, 0xCF, 0x0F, 0x66, 0x38, 0xDA, 0xF3, 0xA6,
    0xE5, 0x7E, 0x61, 0x4B, 0x61, 0x2B, 0xB1, 0xE6, 0x87, 0x8A, 0x86, 0xEF, 0x3D, 0xA1, 0x8F, 0x3A,
    0x6A, 0x06, 0xB0, 0xF7, 0x47, 0xBF, 0xDA, 0x0A, 0xB7, 0x1A, 0x30, 0x07, 0x94, 0x6D, 0x38, 0xAB,
    0xC6, 0x01, 0x98, 0x94, 0x30, 0x35, 0x72, 0xCB, 0x71, 0x88, 0x5D, 0xCF, 0x9F, 0x3A, 0xCD, 0xE3,
    0x52, 0x52, 0xE7, 0xB8, 0xF5, 0x76, 0xE6, 0xAD, 0x33, 0x87, 0x66, 0xC2, 0x23, 0x3B, 0x62, 0x9C,
    0xAA, 0xDB, 0xC7, 0xAE, 0xCB, 0x4D, 0x34, 0xD2, 0x78, 0x96, 0xD9, 0x82, 0x14, 0xA5, 0x80, 0xE2,
    0x5A, 0x85, 0xFD, 0x78, 0xF2, 0x56, 0x5B, 0xB3, 0xAF, 0x4B, 0xD6, 0x66, 0xC4, 0x8B, 0xC0, 0x1C,
    0x4B, 0x8E, 0x9A, 0x5D, 0x0C, 0x6E, 0xE5, 0x86, 0x85, 0x7C, 0xF5, 0xC0, 0xD1, 0x5E, 0xA6, 0xAF,
    0x92, 0x08, 0x87, 0xCA, 0xEA, 0xD1, 0x46, 0x44, 0x53, 0x2C, 0x2C, 0x05, 0xC3, 0xD5, 0xE2, 0x8E,
    0x1F, 0xF2, 0x8F, 0x1B, 0xB3, 0x8A, 0xA1, 0xEA, 0xB2, 0x0C, 0x03, 0xC9, 0x87, 0x84, 0x31, 0xDC,
    0xC3, 0x04, 0x80, 0x7E, 0xC6, 0x55, 0xC3, 0x6D, 0xB5, 0xE3, 0xB2, 0x26, 0xE2, 0xB6, 0x33, 0x68,
    0x6C, 0xA3, 0x7B, 0x23, 0x38, 0x23, 0xD5, 0x11, 0x6D, 0xD0, 0xA9, 0x14, 0xD2, 0x0B, 0x73, 0xB7,
    0x11, 0x66, 0xF0, 0x21, 0x3A, 0xCB, 0xBD, 0x97, 0x4B, 0xBC, 0xA8, 0xCE, 0x1B, 0x8C, 0x0C, 0x56,
    0x55, 0x5A, 0xD3, 0x59, 0x9A, 0x79, 0x7D, 0x28, 0xED, 0x71, 0x12, 0x80, 0x6B, 0x5A, 0x51, 0xF1,
    0x64, 0xF8, 0x6D, 0xDF, 0x53, 0xE1, 0x66, 0x0B, 0x7F, 0x81, 0xF1, 0xC7, 0x34, 0x83, 0xBB, 0xD1,
    0xA0, 0x71, 0xCE, 0xCC, 0x47, 0x42, 0x1A, 0x77, 0xC1, 0x72, 0x4F, 0xBE, 0x62, 0x11, 0x4E, 0xE8,
    0x40, 0x49, 0x80, 0x72, 0xA7, 0x43, 0xCA, 0x3C, 0x94, 0x53, 0x09, 0xEB, 0x9F, 0x54, 0xAD, 0x9D,
    0x09, 0xD9, 0x42, 0x89, 0xCE, 0x9A, 0x01, 0xA6, 0xEA, 0x52, 0xE0, 0x85, 0x61, 0x92, 0xA8, 0xD0,
    0x3D, 0x7B, 0xF5, 0x5E, 0x8A, 0x86, 0x6D, 0x8B, 0x66, 0xCC, 0xA7, 0x27, 0xEF, 0x69, 0x50, 0x45,
    0x28, 0x52, 0xD0, 0xA7, 0x4A, 0xAA, 0x0D, 0x4C, 0x2B, 0xBA, 0xAF, 0x3D, 0x26, 0x1C, 0xC2, 0xD3,
    0x84, 0x82, 0x6E, 0xC7, 0x83, 0x9E, 0x31, 0xB7, 0x8C, 0xAE, 0x78, 0x5A, 0xFA, 0xEC, 0x6F, 0x48,
    0xAD, 0x9D, 0x94, 0xC8, 0x3E, 0xF3, 0x34, 0xC3, 0xCD, 0x9E, 0x54, 0x56, 0x43, 0x2E, 0xE4, 0xEB,
    0x2F, 0xEC, 0x8E, 0x9E, 0x99, 0xB7, 0xA4, 0x2C, 0xDF, 0xAC, 0x74, 0x0A, 0x70, 0xA8, 0xA2, 0x06,
    0x38, 0x87, 0x97, 0x8A, 0xAB, 0xED, 0xD7, 0x43, 0x80, 0x84, 0x88, 0xD2, 0xD0, 0x2E, 0x89, 0x19,
    0xAD, 0x43, 0x8A, 0x95, 0xE5, 0x7A, 0x88, 0x2D, 0x0E, 0xD7, 0xAB, 0xE2, 0xE8, 0x2B, 0x07, 0x7C,
    0xBB, 0x70, 0x79, 0x7E, 0xF7, 0x5D, 0x4D, 0xE8, 0xAF, 0xCB, 0x18, 0xB3, 0x3F, 0x3C, 0xD2, 0xDC,
    0x6A, 0xA4, 0xC5, 0x44, 0x52, 0xF2, 0x02, 0xC8, 0x96, 0x71, 0x34, 0x91, 0x54, 0x93, 0xEF, 0x14,
    0xCF, 0xA3, 0x6D, 0xA5, 0xAF, 0x9E, 0x77, 0x39, 0xD1, 0x4E, 0x39, 0x65, 0xB6, 0x18, 0x79, 0x70,
    0x45, 0x62, 0xAB, 0x33, 0xA8, 0xD2, 0xDB, 0xF0, 0xD1, 0x72, 0xF1, 0x6D, 0xEF, 0x34, 0xCD, 0xD5,
    0xF5, 0x1B, 0xFB, 0x47, 0xAE, 0x35, 0x90, 0xB0, 0xD2, 0xBC, 0xB6, 0x65, 0xBD, 0x4B, 0xA4, 0x37,
    0xAE, 0x6D, 0x23, 0x2A, 0x8F, 0xA0, 0x1B, 0xC8, 0x68, 0xB0, 0xD5, 0x55, 0x61, 0xF0, 0x2A, 0x79,
    0xF7, 0x60, 0x5E, 0xD7, 0x1C, 0x4E, 0xB0, 0x08, 0x02, 0xD2, 0x87, 0x6F, 0xBD, 0xE1, 0x6E, 0x99,
    0x2D, 0x88, 0xAF, 0x86, 0x7B, 0x2C, 0xC2, 0x78, 0x17, 0x33, 0x2A, 0x71, 0xB2, 0x77, 0x65, 0x95,
    0x76, 0xE0, 0xAA, 0x43, 0xF0, 0xAD, 0x6A, 0x14, 0x59, 0x9A, 0x83, 0x3A, 0xEE, 0x0F, 0x1B, 0xDB,
    0x1E, 0xCF, 0x5C, 0x6B, 0x39, 0xC6, 0xC9, 0x9E, 0x22, 0xF2, 0xCB, 0x8C, 0x89, 0x02, 0x16, 0x6E,
    0x61, 0x5C, 0x25, 0x34, 0x75, 0x66, 0xAD, 0xCD, 0x36, 0x9E, 0x09, 0x86, 0xD9, 0xC0, 0xA4, 0xD9,
    0x35, 0x19, 0x2A, 0x10, 0x2D, 0x8C, 0x6C, 0x9C, 0xF1, 0x9D, 0xD7, 0x8C, 0x49, 0x19, 0x1C, 0xF8,
    0x6A, 0x5F, 0x53, 0x06, 0xC5, 0xAB, 0x8C, 0xA8, 0x67, 0x55, 0x68, 0x54, 0xA8, 0xD5, 0x55, 0x66,
    0x73, 0xD6, 0x72, 0x8C, 0x9A, 0x69, 0xA7, 0x91, 0x98, 0xFA, 0xF3, 0x1A, 0x79, 0x4D, 0x2E, 0x43,
    0xC7, 0x98, 0xED, 0x3C, 0x04, 0x31, 0x8C, 0xA1, 0x52, 0xA1, 0x6B, 0xF8, 0xA1, 0x61, 0xC4, 0x28,
    0xC8, 0xCA, 0xF7, 0x64, 0x6E, 0x46, 0x0F, 0x07, 0x83, 0xC1, 0xA6, 0x9A, 0x6C, 0x6D, 0xB6, 0xDA,
    0x69, 0xA7, 0x1C, 0x47, 0x65, 0xD8, 0xE7, 0x65, 0xA5, 0xCA, 0x2B, 0x91, 0xAE, 0x09, 0x78, 0x59,
    0xA9, 0xD0, 0xE8, 0x79, 0x78, 0xE0, 0xE0, 0xE0, 0xE0, 0xE8, 0x6A, 0x35, 0x1A, 0xF0, 0x72, 0x28,
    0xA2, 0x8A, 0x28, 0xA0, 0xA2, 0x89, 0x02, 0x42, 0x40, 0x3C, 0xE7, 0xA3, 0x46, 0xC9, 0x89, 0xB9,
    0xAE, 0xB7, 0x8A, 0xB8, 0x1A, 0xAE, 0xF2, 0xCB, 0x2E, 0x8A, 0x2A, 0xAC, 0x2C, 0x2C, 0x2C, 0x22,
    0x23, 0xE9, 0xA2, 0x56, 0x97, 0xC0, 0x9B, 0xB0, 0x6A, 0x37, 0xF9, 0x43, 0xD4, 0xF4, 0x51, 0x67,
    0xB2, 0x0C, 0xDA, 0xB9, 0x4F, 0x7C, 0x8C, 0x9C, 0x9E, 0x2D, 0xF7, 0x77, 0x77, 0x6D, 0x3B, 0x21,
    0x39, 0xCF, 0x3F, 0x5E, 0x21, 0xD2, 0x4A, 0x4A, 0x4A, 0x4A, 0x4F, 0x2C, 0x39, 0x14, 0x1B, 0x88,
    0x5F, 0x70, 0xEF, 0x03, 0xC9, 0x6C, 0x9E, 0x7C, 0x0B, 0x88, 0x68, 0xC1, 0x71, 0x0C, 0xED, 0x32,
    0x32, 0x32, 0x30, 0xA0, 0x2C, 0x18, 0xDA, 0xB0, 0xAB, 0x2A, 0xCA, 0xCE, 0x65, 0x21, 0x2B, 0x10,
    0x48, 0xA9, 0x42, 0x22, 0x22, 0x20, 0x41, 0x04, 0x10, 0x49, 0x24, 0x91, 0xB7, 0x04, 0x91, 0xB4,
    0x9C, 0x12, 0x44, 0xC0, 0x08, 0x96, 0x4C, 0x25, 0x8C, 0x30, 0xF4, 0xBB, 0x43, 0xAC, 0x13, 0xC3,
    0xCD, 0xEA, 0x8A, 0x74, 0x2E, 0xBC, 0x60, 0x29, 0xAA, 0xB8, 0x26, 0x3D, 0xCC, 0xC8, 0x1B, 0x62,
    0xF1, 0x01, 0x4A, 0xD3, 0xA7, 0xE3, 0x98, 0x08, 0xBE, 0xDB, 0x04, 0xCF, 0xDA, 0x50, 0xF9, 0xF6,
    0x83, 0x22, 0xA0, 0xD0, 0xA3, 0x48, 0x07, 0xD4, 0xA8, 0x00, 0xA0, 0xA0, 0xA0, 0xA4, 0xA1, 0x72,
    0x01, 0x20, 0x50, 0x96, 0x54, 0xA8, 0x48, 0x42, 0x80, 0x49, 0x65, 0xA2, 0xFB, 0x60, 0x91, 0x76,
    0x0C, 0x8F, 0xB6, 0xD8, 0x0F, 0xA4, 0x5A, 0xE4, 0x0E, 0xC1, 0xEC, 0xF7, 0x60, 0xB3, 0x30, 0xF7,
    0xB9, 0x9F, 0x68, 0x48, 0x79, 0x9A, 0xA8, 0x40, 0x08, 0x03, 0x41, 0x6E, 0xAE, 0xAB, 0x72, 0x10,
    0x44, 0x43, 0x16, 0x67, 0x0E, 0xEE, 0xCC, 0xD4, 0x20, 0x3E, 0x82, 0xAF, 0x58, 0xA5, 0x3C, 0xDA,
    0x9E, 0x28, 0xC5, 0x55, 0x56, 0x58, 0x8E, 0x0D, 0x55, 0x84, 0x2B, 0x15, 0x86, 0xDC, 0x92, 0x49,
    0x24, 0x12, 0x46, 0x05, 0x72, 0x52, 0xB3, 0x52, 0x5A, 0x33, 0x1E, 0x26, 0xED, 0x97, 0x17, 0x4F,
    0x0D, 0x9F, 0x20, 0xA2, 0x6D, 0xB6, 0xDE, 0x2B, 0xBB, 0xBD, 0xCC, 0xC7, 0xBD, 0xCC, 0xB3, 0x75,
    0xC5, 0x98, 0xA1, 0xCC, 0x80, 0x35, 0x3A, 0x83, 0x50, 0x33, 0x9C, 0xDF, 0xC8, 0x94, 0x44, 0x44,
    0x44, 0x47, 0xEA, 0x35, 0x02, 0x22, 0x31, 0xA0, 0x8F, 0x49, 0xC1, 0x0C, 0x00, 0x45, 0x31, 0x03,
    0x78, 0x6D, 0xF8, 0x1A, 0xEF, 0xB5, 0x71, 0xC0, 0x54, 0x0C, 0x83, 0x6E, 0x20, 0x1C, 0xEE, 0xFA,
    0xDF, 0xA8, 0xC4, 0xEF, 0x56, 0xE4, 0x4F, 0xA4, 0x0A, 0x06, 0x10, 0x5E, 0xAE, 0x1A, 0xBD, 0x23,
    0xA1, 0x8D, 0xDA, 0xCE, 0x3E, 0x99, 0x40, 0xE3, 0x6E, 0xDD, 0xFE, 0xDB, 0xEF, 0x58, 0xFC, 0xF7,
    0x7E, 0x0A, 0x73, 0x6A, 0xA2, 0xE6, 0x10, 0x1C, 0x0C, 0xC6, 0x23, 0xF9, 0x8E, 0x83, 0xA4, 0x60,
    0xC6, 0x4D, 0x59, 0xA4, 0x04, 0x6A, 0x7E, 0xC4, 0x82, 0x57, 0x40, 0x43, 0x6C, 0xDC, 0x6C, 0x1B,
    0xD2, 0xD9, 0x93, 0x26, 0x37, 0x39, 0x12, 0x24, 0x37, 0xF4, 0xFC, 0x6C, 0xB2, 0x85, 0x28, 0xC6,
    0x54, 0xDB, 0x1B, 0x68, 0x4B, 0xA0, 0x84, 0x28, 0x81, 0x0E, 0x82, 0x31, 0x17, 0x3C, 0x45, 0x03,
    0x0E, 0x81, 0x31, 0x35, 0x7A, 0x27, 0x4E, 0xA8, 0x9D, 0x3A, 0xA2, 0x75, 0xA8, 0xBC, 0xBC, 0xAB,
    0x79, 0x95, 0x55, 0x55, 0x55, 0x55, 0xD5, 0xA3, 0x7B, 0xDE, 0xF6, 0x6F, 0x7B, 0xDE, 0xCD, 0xEF,
    0x66, 0xF7, 0x2E, 0xA0, 0xB4, 0x2D, 0x0B, 0x83, 0x4F, 0x4B, 0x7A, 0x02, 0xF2, 0x0C, 0xC6, 0x2A,
    0xB1, 0x2B, 0x18, 0xFB, 0xE0, 0x7F, 0x4C, 0x0E, 0x70, 0x6A, 0x35, 0xF7, 0x53, 0x4D, 0xB6, 0x2E,
    0xCE, 0x90, 0x9D, 0x76, 0xD0, 0x9B, 0xEF, 0x61, 0x0E, 0xBE, 0x18, 0x84, 0x0D, 0xB6, 0xF9, 0x79,
    0xE9, 0x77, 0xE4, 0xB4, 0x33, 0x63, 0x9A, 0x3D, 0x72, 0x70, 0x21, 0x30, 0x3D, 0x20, 0xC5, 0xD4,
    0x1C, 0x8F, 0x5B, 0x2B, 0xF3, 0x0F, 0x3C, 0xCB, 0xE1, 0xA0, 0x59, 0xAC, 0x1D, 0x49, 0x55, 0x86,
    0x72, 0x81, 0x91, 0x08, 0x9D, 0xD0, 0x87, 0x13, 0x2A, 0x36, 0xA9, 0x9C, 0xDD, 0x94, 0x18, 0xEC,
    0xB2, 0x90, 0x04, 0x45, 0x09, 0x0C, 0x12, 0xEE, 0x1C, 0x5F, 0xCF, 0x64, 0xDF, 0x9E, 0xD6, 0xB4,
    0xBC, 0x4B, 0x90, 0xD2, 0xD7, 0x0C, 0xAE, 0xAA, 0x9E, 0xAE, 0xD2, 0x52, 0x0F, 0x8C, 0x64, 0xE3,
    0x09, 0x6C, 0x0F, 0x82, 0x18, 0x17, 0x10, 0x1D, 0x0D, 0x5B, 0xB1, 0x4A, 0x98, 0x92, 0xD6, 0x3D,
    0x4E, 0xA5, 0x99, 0xBA, 0x02, 0xD5, 0xF5, 0xA1, 0x47, 0x7B, 0x2A, 0x5C, 0xAE, 0x3A, 0x09, 0x3C,
    0x25, 0xBF, 0x10, 0x2B, 0x8C, 0x16, 0x8D, 0x5E, 0x41, 0x02, 0x63, 0x13, 0x1A, 0x54, 0x97, 0x16,
    0x16, 0xD8, 0x6E, 0xC0, 0x2F, 0xB5, 0x10, 0x55, 0x70, 0xC1, 0xD4, 0x9A, 0x67, 0xCF, 0x2A, 0xA4,
    0x15, 0x68, 0xFB, 0xAC, 0x32, 0x63, 0x21, 0x86, 0x0D, 0x47, 0x69, 0x1A, 0x82, 0x80, 0x9A, 0xA6,
    0x28, 0x9A, 0xA6, 0x28, 0x9A, 0xA6, 0x28, 0xA2, 0x23, 0xA4, 0x0F, 0x85, 0x90, 0xF0, 0x07, 0x74,
    0x07, 0x67, 0xA0, 0xBC, 0xFF, 0x69, 0xFB, 0x6F, 0x6B, 0xA7, 0xD6, 0xD0, 0x61, 0x78, 0xE5, 0xF2,
    0xA9, 0xA0, 0xA0, 0x81, 0xAE, 0x8E, 0xCF, 0x09, 0xA0, 0x9F, 0x99, 0x34, 0x1F, 0x00, 0xC4, 0xD3,
    0x5C, 0x37, 0x70, 0xC9, 0x23, 0x04, 0x8D, 0x79, 0x53, 0xA9, 0xE4, 0x76, 0x37, 0x49, 0x47, 0xA4,
    0xE0, 0x04, 0x64, 0x1A, 0x72, 0x16, 0x76, 0x19, 0xB0, 0x61, 0xCC, 0x85, 0xE7, 0x3F, 0x2B, 0x30,
    0x45, 0x4C, 0x19, 0x3E, 0xE4, 0xA1, 0x52, 0x84, 0x83, 0x0C, 0xC3, 0x35, 0x7F, 0x56, 0x74, 0xEF,
    0xB0, 0x85, 0xDF, 0xA5, 0x56, 0xC2, 0xBE, 0x95, 0x06, 0x3C, 0xFE, 0x4C, 0x37, 0xF4, 0x3A, 0xD3,
    0xF1, 0x5F, 0x3D, 0x69, 0xA3, 0x5D, 0xDA, 0x37, 0x51, 0x83, 0xD0, 0x15, 0x4A, 0x1D, 0x6F, 0x24,
    0xCD, 0xA6, 0xC5, 0x05, 0x03, 0xB1, 0x87, 0xC6, 0x6B, 0xBA, 0xDF, 0x00, 0xF6, 0xD1, 0x68, 0xED,
    0xD4, 0x26, 0x95, 0x3E, 0xAC, 0x01, 0xC3, 0x00, 0x63, 0x9F, 0x92, 0xF6, 0x7C, 0xF8, 0x51, 0x34,
    0x92, 0x49, 0x20, 0x12, 0x00, 0x70, 0xF6, 0x6C, 0xD9, 0x53, 0x08, 0x4E, 0x79, 0x95, 0x3B, 0x1B,
    0x98, 0xA5, 0x06, 0xD3, 0x50, 0x98, 0x60, 0x39, 0x47, 0x01, 0x31, 0x89, 0x70, 0x2B, 0xC7, 0x90,
    0x6E, 0x3E, 0x16, 0xBA, 0x49, 0x5C, 0x06, 0x3A, 0x8D, 0xBE, 0x32, 0x04, 0x49, 0x0A, 0x5C, 0xC0,
    0x17, 0xE0, 0x60, 0x8C, 0x69, 0xBE, 0xDF, 0x1F, 0xA3, 0x62, 0x39, 0x79, 0xBD, 0xB7, 0xFB, 0x73,
    0x08, 0x47, 0x66, 0xFC, 0x3B, 0x33, 0x34, 0xDB, 0xF5, 0xC5, 0xBE, 0x2D, 0xF3, 0x4A, 0xB1, 0xB7,
    0x49, 0x0B, 0x0E, 0xD1, 0x6E, 0xD9, 0x61, 0x34, 0xEF, 0xD9, 0xC7, 0x16, 0xD2, 0x73, 0x9B, 0x6F,
    0x6E, 0x3C, 0xC0, 0x5B, 0x4C, 0xD4, 0xDC, 0x38, 0x39, 0xDF, 0x86, 0xFF, 0x92, 0x9D, 0x20, 0xCC,
    0x30, 0xCA, 0xFF, 0xB9, 0xA6, 0xCC, 0x11, 0xCB, 0x3D, 0x96, 0x19, 0xAE, 0x65, 0x8E, 0xF9, 0x0F,
    0xB2, 0x0B, 0xF1, 0xC1, 0x48, 0x28, 0xA3, 0x5A, 0xA1, 0x21, 0xB7, 0x30, 0x22, 0x2C, 0xF9, 0x7D,
    0xC8, 0x44, 0xD1, 0xD9, 0xD8, 0x55, 0x0B, 0xA9, 0x49, 0x29, 0xAA, 0x9B, 0xC9, 0x70, 0x8C, 0xD0,
    0xB1, 0x9A, 0xF1, 0x2F, 0x9A, 0x56, 0x5A, 0x97, 0xA5, 0xE6, 0xB5, 0xED, 0x1E, 0x34, 0x47, 0x70,
    0x09, 0x72, 0x66, 0xEF, 0xFD, 0x09, 0x73, 0xA9, 0x22, 0xF6, 0xC6, 0xD3, 0x2C, 0x89, 0xF3, 0x19,
    0xBA, 0xA1, 0x31, 0x7D, 0x75, 0x24, 0x9A, 0x67, 0x75, 0x49, 0x53, 0x7D, 0x26, 0x61, 0xC6, 0x84,
    0xD4, 0xD0, 0x41, 0x2E, 0x45, 0xF8, 0x5C, 0xFC, 0xC7, 0x23, 0x0E, 0xAF, 0x75, 0xF7, 0x90, 0xEE,
    0x84, 0x00, 0xA0, 0x69, 0x41, 0xA1, 0x58, 0x21, 0x88, 0x04, 0xFC, 0x1F, 0x80, 0xFC, 0xF0, 0x13,
    0x68, 0x8C, 0x94, 0x85, 0x04, 0x33, 0x5F, 0x5A, 0x4C, 0x08, 0x88, 0xAA, 0x08, 0x26, 0x84, 0x9A,
    0x28, 0x5A, 0xA6, 0x4A, 0x43, 0x21, 0x20, 0x6D, 0x8D, 0x88, 0x1B, 0x12, 0x6D, 0x20, 0xE9, 0xCB,
    0x59, 0xFC, 0xDA, 0xF0, 0xEE, 0x08, 0x3A, 0xF7, 0x98, 0x2F, 0xFA, 0xC2, 0x97, 0x72, 0x83, 0x97,
    0x18, 0x78, 0x15, 0xAF, 0x69, 0xDB, 0xB5, 0xBB, 0x83, 0x82, 0xE1, 0xF5, 0x2E, 0x75, 0xAB, 0xEB,
    0x08, 0x39, 0x2C, 0xEF, 0x1E, 0x03, 0x01, 0x0F, 0xD5, 0x3E, 0x47, 0xAF, 0x1E, 0xE5, 0x52, 0x63,
    0x2F, 0x7E, 0xB5, 0x24, 0xC1, 0xA2, 0x43, 0xF5, 0x96, 0xF0, 0x5E, 0x8E, 0x39, 0x52, 0xD5, 0xF6,
    0xEF, 0xB1, 0x97, 0x66, 0x74, 0x8B, 0x40, 0x10, 0x80, 0x7C, 0xE3, 0x00, 0x30, 0x30, 0xFB, 0xD3,
    0xDF, 0xF7, 0x72, 0x1E, 0xBC, 0x99, 0xD6, 0x14, 0xD8, 0x7A, 0x39, 0x6E, 0xC8, 0x38, 0x19, 0x2C,
    0xC9, 0xD9, 0x49, 0xFD, 0x5E, 0x65, 0x05, 0x5F, 0xC6, 0x3B, 0x53, 0x0A, 0xFB, 0xBD, 0xDC, 0x43,
    0x29, 0x52, 0xDC, 0x21, 0x3E, 0x8C, 0x08, 0xF9, 0x11, 0x36, 0x1E, 0xD3, 0x19, 0x7B, 0xBB, 0x42,
    0x72, 0x0F, 0xA7, 0xF3, 0x63, 0x20, 0x1A, 0x8E, 0x0F, 0xDF, 0xF3, 0x74, 0x3B, 0xA2, 0x1B, 0xDF,
    0x55, 0x95, 0x4A, 0xD4, 0x1B, 0x6C, 0x86, 0x02, 0xDA, 0x11, 0x92, 0x2C, 0x38, 0x85, 0x09, 0x50,
    0xDA, 0x8A, 0x6F, 0x1D, 0x86, 0x48, 0x5D, 0x3B, 0xBD, 0xBC, 0xF0, 0xDF, 0x7D, 0x94, 0x3C, 0x75,
    0xE3, 0x39, 0x6F, 0xF5, 0x4A, 0x4B, 0x76, 0x21, 0xE7, 0x3C, 0x01, 0xB4, 0xDA, 0x7E, 0x29, 0xA2,
    0x05, 0x09, 0x86, 0xE7, 0xEF, 0xEF, 0x22, 0x20, 0x41, 0x24, 0x09, 0xC8, 0x53, 0x90, 0x39, 0x22,
    0x92, 0x00, 0xDC, 0x86, 0x1B, 0x42, 0xD8, 0xB4, 0x40, 0x64, 0x5A, 0x38, 0x37, 0x30, 0xB5, 0x55,
    0x61, 0x8F, 0x28, 0x7C, 0xE4, 0x86, 0xA5, 0x53, 0x12, 0x58, 0xE8, 0x18, 0x64, 0xEA, 0x76, 0x59,
    0xC6, 0xCE, 0xA4, 0xF8, 0xC5, 0x4E, 0x02, 0xC6, 0x11, 0xD1, 0xEF, 0xEF, 0xE9, 0xA1, 0x44, 0x58,
    0xD4, 0x8C, 0x45, 0xB0, 0xBE, 0x71, 0x2C, 0xDE, 0xC8, 0x86, 0xDB, 0xB0, 0x75, 0xE7, 0x78, 0x99,
    0xE5, 0x6B, 0x84, 0x0C, 0x22, 0x03, 0x49, 0x16, 0x19, 0x85, 0x54, 0x4B, 0x87, 0x29, 0xC7, 0x42,
    0xF2, 0x78, 0xDE, 0xC5, 0x3C, 0xEC, 0x03, 0x3A, 0x9A, 0x4C, 0xE9, 0xBB, 0x37, 0xF3, 0xCE, 0xF2,
    0x73, 0xBC, 0xEF, 0x60, 0xA2, 0xD0, 0x8D, 0xA2, 0x89, 0x49, 0x07, 0xAD, 0x93, 0xDF, 0x33, 0x7B,
    0xD3, 0x4F, 0xA3, 0xC7, 0xD1, 0xEC, 0xE9, 0xBE, 0x48, 0xFC, 0xB7, 0x7A, 0x48, 0xC6, 0xE9, 0x35,
    0xE7, 0x47, 0x3E, 0x7F, 0x73, 0xAD, 0xB9, 0x7D, 0x49, 0xD8, 0x3C, 0x68, 0x4D, 0xB3, 0x42, 0x8C,
    0xA4, 0x82, 0x09, 0x79, 0xFE, 0x16, 0x75, 0xB2, 0x00, 0x12, 0x37, 0xEB, 0x9B, 0xC3, 0xB7, 0x6D,
    0xA0, 0x93, 0xA6, 0x42, 0x49, 0x63, 0xB3, 0x98, 0xF2, 0x0F, 0x01, 0xA0, 0x37, 0x77, 0xC7, 0x6C,
    0xC7, 0x1A, 0xA6, 0x10, 0x3D, 0xBE, 0xBB, 0xB5, 0x93, 0x05, 0xF6, 0x8D, 0x8F, 0x31, 0xE3, 0x30,
    0x7D, 0x0F, 0x67, 0xB6, 0xD4, 0x6C, 0x3E, 0xCF, 0xDB, 0xD2, 0x38, 0x97, 0x2A, 0x49, 0xC9, 0x57,
    0x5A, 0xF6, 0x51, 0xB6, 0xDB, 0xEA, 0xB4, 0xA9, 0x27, 0xA1, 0xF4, 0x29, 0x1D, 0xD6, 0x28, 0x20,
    0xF0, 0x15, 0x55, 0x55, 0x57, 0x9A, 0x79, 0x9F, 0xF9, 0x79, 0xFF, 0x05, 0x47, 0xD9, 0x7B, 0xED,
    0xAA, 0x39, 0x1E, 0xD3, 0xC8, 0xF6, 0x6C, 0x3D, 0x14, 0x3C, 0xB8, 0x79, 0xBE, 0x57, 0x1D, 0x10,
    0x3F, 0xD5, 0xFB, 0xCE, 0x85, 0xE4, 0x00, 0xF7, 0x88, 0x9D, 0x10, 0xD5, 0x84, 0x44, 0xEA, 0xB3,
    0x2A, 0xA2, 0xA8, 0x8C, 0x2B, 0xD1, 0x98, 0xD6, 0xB2, 0xAA, 0xBD, 0xF7, 0x87, 0xF5, 0xFF, 0x7B,
    0x0E, 0x4F, 0x00, 0xCF, 0x25, 0xCB, 0x32, 0xC8, 0xB0, 0xB1, 0x32, 0x2A, 0x61, 0xC7, 0x07, 0x5C,
    0x77, 0x3F, 0x8E, 0x3D, 0x8F, 0xE4, 0xBC, 0x01, 0xED, 0x7B, 0xC1, 0x8F, 0x60, 0xA9, 0xDA, 0xEC,
    0x56, 0xDF, 0x3F, 0xAB, 0x75, 0x20, 0xC4, 0x7A, 0xA0, 0x51, 0xEB, 0x50, 0x35, 0xC1, 0x81, 0x44,
    0x90, 0x0C, 0x3C, 0x75, 0xE5, 0x9F, 0x3B, 0xC9, 0x73, 0xB2, 0x9B, 0x72, 0x7C, 0x8D, 0x90, 0x4B,
    0x1B, 0xB8, 0x14, 0x67, 0xD9, 0x60, 0xEF, 0x53, 0x51, 0xF9, 0x3E, 0x5D, 0x9F, 0xA1, 0x8F, 0xCC,
    0xFD, 0xE7, 0x83, 0xE9, 0xF5, 0x12, 0x13, 0xE8, 0x7D, 0xCE, 0x48, 0x81, 0xD8, 0x1F, 0x7D, 0xE6,
    0x71, 0x10, 0xB8, 0x45, 0x24, 0x57, 0x77, 0xB4, 0x1E, 0x79, 0xD9, 0x08, 0xC0, 0xA4, 0xEC, 0xCD,
    0xF0, 0x83, 0x6F, 0x88, 0x90, 0x43, 0xBD, 0x41, 0xD2, 0x38, 0xA1, 0x5A, 0xB8, 0x2A, 0x3A, 0x40,
    0xD5, 0x7D, 0x39, 0x29, 0x0F, 0x32, 0xA3, 0xA0, 0xDB, 0xC8, 0x0F, 0x86, 0x02, 0x80, 0xA0, 0x24,
    0x02, 0xC9, 0xF7, 0x7A, 0x10, 0xF9, 0xED, 0x10, 0x92, 0x78, 0x3D, 0x21, 0x4A, 0x6C, 0x2D, 0xD0,
    0xE4, 0x03, 0xE9, 0xFB, 0xFB, 0xDC, 0x43, 0x81, 0xD3, 0x5B, 0x75, 0xBF, 0x51, 0xC7, 0x03, 0x69,
    0xB4, 0x53, 0x0D, 0xA6, 0x83, 0x6C, 0x06, 0x82, 0x61, 0x62, 0x6F, 0x0E, 0x98, 0xDF, 0x1D, 0xBC,
    0x1B, 0x30, 0x36, 0x7C, 0x1E, 0x5D, 0x6C, 0x0E, 0xAD, 0xFB, 0xA2, 0x1B, 0xF0, 0x0A, 0x73, 0xEF,
    0x13, 0x3F, 0x18, 0xAE, 0x7B, 0xFD, 0xC8, 0x7A, 0xB8, 0x77, 0x00, 0x3E, 0xC8, 0x8B, 0xE7, 0xE9,
    0x54, 0x73, 0x76, 0x6E, 0xF6, 0x81, 0xE7, 0x1F, 0x44, 0x90, 0x90, 0x90, 0x84, 0x23, 0x13, 0x14,
    0xD1, 0x15, 0x53, 0x05, 0x55, 0xA6, 0x25, 0x57, 0xC5, 0xC0, 0x7C, 0x93, 0xCA, 0xC4, 0xC8, 0xC8,
    0xC8, 0xD3, 0xA8, 0x98, 0x29, 0xDA, 0x01, 0xF3, 0x3D, 0x6F, 0x30, 0x38, 0x21, 0x90, 0xB9, 0xA4,
    0xF1, 0x14, 0x67, 0x5B, 0x1A, 0x3C, 0x9D, 0x55, 0x1F, 0x58, 0xD3, 0x1F, 0x71, 0xA6, 0xE9, 0xDD,
    0xD7, 0xF1, 0x39, 0xB1, 0xD5, 0xF6, 0x9C, 0x03, 0x9F, 0x10, 0x06, 0x83, 0x7E, 0xD7, 0xEA, 0x5D,
    0xA1, 0xC0, 0xD8, 0x6E, 0xB1, 0x04, 0x25, 0xB5, 0x2E, 0x9C, 0xFF, 0x1A, 0xCD, 0x42, 0xD1, 0x76,
    0xAE, 0x95, 0x60, 0xBD, 0x57, 0x6D, 0x40, 0xD0, 0x66, 0x07, 0x63, 0x27, 0xB4, 0x51, 0x45, 0x16,
    0x3F, 0x29, 0xEE, 0xF7, 0x0F, 0x6D, 0xB6, 0xF2, 0xE5, 0x21, 0x54, 0x51, 0x54, 0x44, 0x51, 0x51,
    0x14, 0xD1, 0xEB, 0x8C, 0x85, 0xA0, 0x2A, 0x2B, 0xAD, 0x10, 0x3A, 0x41, 0x00, 0xE4, 0x72, 0x74,
    0x7C, 0x9A, 0x21, 0xC3, 0x2F, 0x52, 0xCE, 0x87, 0x8A, 0xD7, 0x99, 0x06, 0x9C, 0x82, 0xC9, 0x77,
    0x50, 0xEA, 0x7A, 0x83, 0xC4, 0xC0, 0xEF, 0x85, 0x18, 0xF9, 0x73, 0x35, 0xEC, 0x91, 0x8C, 0x91,
    0x85, 0x2F, 0x87, 0xCB, 0x58, 0x08, 0x9C, 0xB8, 0xA1, 0x6F, 0x52, 0xA2, 0xF7, 0x98, 0x5E, 0xBB,
    0x17, 0x00, 0xF1, 0x0F, 0x10, 0x4C, 0xB3, 0xCC, 0x0C, 0xF4, 0x75, 0xAC, 0x34, 0xDC, 0x05, 0x17,
    0xBC, 0x09, 0x0C, 0xC4, 0x50, 0x34, 0x9E, 0x05, 0x9D, 0x45, 0x89, 0xA6, 0x66, 0x1B, 0x3F, 0x5C,
    0xA1, 0x16, 0x98, 0x07, 0xA7, 0xCC, 0x94, 0xE6, 0x3A, 0xD2, 0x70, 0xC0, 0x3F, 0x13, 0xF7, 0xF2,
    0x6A, 0x80, 0xF6, 0x23, 0xE9, 0x8F, 0x18, 0x99, 0xC1, 0x5C, 0x68, 0x35, 0xA4, 0x34, 0xA1, 0xF7,
    0x91, 0x29, 0x1C, 0xEC, 0xDF, 0x7F, 0xC6, 0x50, 0x81, 0xB6, 0x5F, 0x3A, 0xB1, 0x9D, 0x54, 0x21,
    0x58, 0x98, 0xD1, 0x0A, 0xDD, 0xE1, 0x46, 0x01, 0xA2, 0xAC, 0x20, 0x02, 0x08, 0x7D, 0x6D, 0xBD,
    0x04, 0x00, 0xE6, 0xDA, 0x64, 0x62, 0xB4, 0xB3, 0xBB, 0x08, 0x52, 0xF7, 0x1F, 0x51, 0x08, 0x1A,
    0x73, 0x99, 0xE5, 0x57, 0xD4, 0xBB, 0x72, 0xE8, 0x13, 0x40, 0xDC, 0x0C, 0x3C, 0x30, 0x6E, 0x89,
    0xF3, 0xBF, 0x1B, 0x8F, 0x8F, 0x2F, 0xE8, 0xD0, 0x1F, 0x77, 0xD7, 0x94, 0x91, 0x3E, 0x56, 0x7F,
    0x81, 0xFB, 0x01, 0xF1, 0x5F, 0x42, 0x1F, 0x52, 0x01, 0xEA, 0x79, 0x3C, 0x08, 0xFE, 0x51, 0xCD,
    0xC5, 0x3C, 0x4F, 0xAF, 0x7E, 0x59, 0xB6, 0xD8, 0x17, 0x57, 0x86, 0xB1, 0x93, 0x0D, 0x64, 0x7D,
    0x76, 0xD7, 0x27, 0x2B, 0x29, 0xB7, 0x01, 0xC6, 0x16, 0x9F, 0x30, 0xDD, 0x3C, 0x53, 0x74, 0x0E,
    0x7D, 0x08, 0xAC, 0x81, 0xC3, 0x04, 0x84, 0x44, 0x2C, 0x91, 0x8E, 0x79, 0x46, 0xA2, 0xDC, 0x55,
    0x31, 0x12, 0x95, 0xC8, 0x28, 0x32, 0x8B, 0x2D, 0xFE, 0x4F, 0x37, 0x07, 0xE6, 0x38, 0xF9, 0x99,
    0x69, 0x6C, 0x4D, 0x1F, 0x03, 0x3D, 0xFE, 0x7E, 0xE3, 0xF7, 0x03, 0xC6, 0x03, 0xCF, 0xEE, 0xC0,
    0x1F, 0x10, 0xFA, 0x61, 0x29, 0x88, 0x69, 0x39, 0x32, 0xE4, 0x11, 0x14, 0xA7, 0x01, 0x83, 0x10,
    0x6B, 0x55, 0x0C, 0xC0, 0x6C, 0x3E, 0x7C, 0x8B, 0xF6, 0x50, 0xE9, 0x12, 0x29, 0x14, 0x31, 0x64,
    0x03, 0x22, 0x25, 0xDC, 0xC3, 0x60, 0x18, 0xD2, 0x19, 0x21, 0xA0, 0x1B, 0xC1, 0x35, 0xC1, 0x41,
    0x42, 0x5C, 0x83, 0xD8, 0xB8, 0xFB, 0x73, 0x96, 0x4E, 0x65, 0x6C, 0x30, 0x4F, 0x34, 0xF4, 0x1D,
    0x2B, 0xC2, 0xBD, 0x9B, 0x13, 0xAC, 0x7B, 0x12, 0xA6, 0x6D, 0xB8, 0x89, 0x81, 0xD9, 0x85, 0x14,
    0x44, 0xAE, 0xC4, 0x05, 0xE6, 0x54, 0x55, 0x50, 0x00, 0xC3, 0x02, 0x3B, 0xC4, 0xC1, 0xEB, 0x3E,
    0xBE, 0x02, 0x3B, 0xB6, 0xE8, 0x75, 0xDC, 0xD1, 0x14, 0xA5, 0x08, 0x86, 0x42, 0x81, 0x81, 0x17,
    0x51, 0xD0, 0x4A, 0x58, 0xB3, 0x8C, 0x1D, 0x26, 0xC0, 0x24, 0x68, 0x0A, 0x08, 0x91, 0x26, 0x66,
    0x08, 0x52, 0x3E, 0xC6, 0xA6, 0xA8, 0x88, 0x8E, 0x39, 0xD5, 0x55, 0x55, 0x54, 0x54, 0xCB, 0x84,
    0x1F, 0xB4, 0xBA, 0x3A, 0x82, 0xE3, 0x91, 0x5A, 0x10, 0x84, 0x28, 0x82, 0x06, 0x40, 0x6C, 0x20,
    0x61, 0x2E, 0x30, 0x20, 0xFA, 0x32, 0x28, 0xC0, 0xC8, 0x49, 0x9D, 0x54, 0xAA, 0xAA, 0x8D, 0x15,
    0x11, 0x36, 0x07, 0x40, 0xCC, 0x6C, 0x83, 0x82, 0x03, 0x92, 0xF0, 0x83, 0xE1, 0xD2, 0x1E, 0x24,
    0x49, 0x00, 0xE4, 0x4F, 0x23, 0x0F, 0x96, 0xDF, 0x64, 0xAA, 0x29, 0xB3, 0xC5, 0x99, 0x38, 0x15,
    0x4C, 0x25, 0x1B, 0x21, 0x4C, 0x8C, 0x36, 0x58, 0x01, 0x9A, 0x5D, 0x5D, 0x86, 0x85, 0x70, 0x10,
    0x54, 0x35, 0xDA, 0x6D, 0xE9, 0x09, 0x13, 0x41, 0xA5, 0x08, 0xDA, 0xA8, 0x73, 0x90, 0x1A, 0x01,
    0x29, 0x4D, 0x95, 0xD9, 0x19, 0x98, 0xE1, 0x95, 0x22, 0x68, 0x61, 0x79, 0xD4, 0x45, 0x54, 0x1B,
    0x10, 0x16, 0x00, 0x57, 0x39, 0xB4, 0x40, 0xE0, 0x3C, 0x9C, 0x0C, 0x90, 0xA5, 0xA7, 0x00, 0xF8,
    0x7E, 0xB3, 0x3C, 0x6F, 0x94, 0x60, 0xFE, 0x27, 0xD6, 0xA4, 0xA8, 0x01, 0x20, 0x74, 0xE8, 0x36,
    0x06, 0xF1, 0x7A, 0x03, 0x50, 0xC4, 0x0C, 0x54, 0xBF, 0x82, 0x36, 0x59, 0x96, 0x99, 0xBB, 0x2F,
    0x9E, 0x81, 0xFA, 0xC6, 0x42, 0xE2, 0x7B, 0x9A, 0x42, 0x28, 0x78, 0xC0, 0x96, 0x8C, 0x56, 0x2A,
    0xAE, 0x63, 0xE0, 0x9F, 0xD8, 0x4A, 0x22, 0xA5, 0x78, 0x87, 0x07, 0x34, 0x78, 0xF5, 0x01, 0x42,
    0x4E, 0xDC, 0x6C, 0x12, 0xB7, 0x73, 0xA8, 0x07, 0x9A, 0xBE, 0x2D, 0x68, 0x2B, 0x92, 0xCB, 0x30,
    0x1F, 0x0A, 0x0B, 0xA0, 0xC1, 0xB8, 0x29, 0x02, 0x1B, 0x4A, 0xB4, 0x7D, 0xA8, 0x31, 0xDF, 0x8C,
    0x87, 0xB0, 0xD6, 0x7A, 0x0B, 0x0E, 0xCE, 0xA0, 0xC7, 0xBB, 0xCD, 0xA2, 0xB5, 0x39, 0xA0, 0xCF,
    0xDD, 0x24, 0x34, 0xEC, 0x0D, 0x6C, 0xA8, 0x8A, 0xAA, 0x22, 0x84, 0x32, 0x6C, 0xCE, 0xA7, 0xEC,
    0x21, 0xDC, 0xF3, 0x9E, 0xE1, 0x1D, 0x1E, 0xEF, 0x29, 0x67, 0xD3, 0x38, 0xD6, 0x1B, 0x00, 0xDE,
    0x7D, 0x3A, 0x6B, 0xA9, 0x95, 0x13, 0x43, 0x86, 0x39, 0x0D, 0xA7, 0x42, 0xAA, 0xBB, 0x02, 0xDD,
    0x50, 0xEF, 0x8A, 0xA0, 0x14, 0x1D, 0xE9, 0xE2, 0xBC, 0xF8, 0xC4, 0xA4, 0x52, 0x45, 0x10, 0xE6,
    0x76, 0xCD, 0xCE, 0xD4, 0x53, 0x02, 0xCC, 0x02, 0x83, 0x3E, 0xA7, 0x5C, 0x84, 0x4F, 0x5D, 0xC1,
    0xB4, 0x44, 0xF6, 0x37, 0xED, 0xC8, 0x57, 0xE4, 0xC8, 0x87, 0x99, 0x19, 0x53, 0x94, 0x89, 0x87,
    0x09, 0xE9, 0xA2, 0xD0, 0xF2, 0xE0, 0x83, 0xC6, 0x40, 0xC0, 0xC3, 0x08, 0x0B, 0xF2, 0x04, 0x4D,
    0x23, 0x06, 0x9F, 0x6D, 0xF0, 0x9B, 0x1C, 0xE6, 0x0D, 0x18, 0x25, 0x25, 0x47, 0x28, 0xB0, 0x4B,
    0xC5, 0x85, 0x00, 0xB7, 0x0B, 0x0A, 0xC1, 0xB3, 0xAB, 0x85, 0x3A, 0x2E, 0xCC, 0x2D, 0x28, 0x17,
    0x99, 0x0C, 0x6C, 0xB9, 0xBC, 0x2D, 0xDF, 0x60, 0xBC, 0x21, 0x01, 0xD4, 0xC4, 0x63, 0x7B, 0x01,
    0x8A, 0xA0, 0xB3, 0xB6, 0x8F, 0xEB, 0x75, 0x87, 0x9B, 0x24, 0xF3, 0xA6, 0xB6, 0x39, 0x91, 0x45,
    0x50, 0x66, 0x00, 0x64, 0x23, 0xDA, 0x32, 0x82, 0x50, 0x0C, 0x32, 0x1A, 0x21, 0x1C, 0x42, 0xE6,
    0x67, 0x94, 0x65, 0xA1, 0x04, 0x34, 0x40, 0x34, 0xDE, 0xD6, 0x89, 0xCC, 0x0C, 0xCF, 0x88, 0x3E,
    0x00, 0x60, 0x26, 0x63, 0xE6, 0xBE, 0xEB, 0x67, 0xFB, 0x86, 0xAF, 0x4A, 0x01, 0x2A, 0xF4, 0xDA,
    0x21, 0x3A, 0x37, 0x74, 0x13, 0x57, 0x01, 0xAD, 0x0B, 0xEF, 0xEA, 0xDD, 0xD6, 0x96, 0x88, 0xA8,
    0xBB, 0xB1, 0x15, 0x38, 0x73, 0x1B, 0x07, 0x1C, 0xBA, 0x05, 0x95, 0x1C, 0x28, 0xC8, 0x02, 0x04,
    0x66, 0x98, 0x8C, 0x80, 0xEB, 0x3C, 0x77, 0x4E, 0xCB, 0x81, 0x41, 0xB7, 0x05, 0x64, 0x9C, 0x77,
    0x47, 0xE8, 0xB2, 0x81, 0xA4, 0x0F, 0x9E, 0x26, 0x82, 0x01, 0x37, 0x13, 0x6C, 0x2C, 0xEA, 0xDB,
    0x21, 0xBC, 0xE7, 0x8E, 0x16, 0x26, 0x5E, 0xE5, 0x09, 0x63, 0x11, 0x48, 0xFE, 0xBA, 0x42, 0x80,
    0x80, 0x86, 0xCD, 0x6F, 0x4F, 0x1A, 0x06, 0xDA, 0x2D, 0xF2, 0x91, 0x71, 0x4D, 0x6C, 0xD5, 0x04,
    0x81, 0x22, 0xDE, 0x9F, 0xDB, 0x7F, 0x39, 0xDF, 0xB1, 0x3A, 0x60, 0x4C, 0xF3, 0x12, 0xC8, 0x25,
    0xA5, 0x0C, 0x89, 0xE7, 0x04, 0x43, 0x53, 0x91, 0x88, 0x60, 0xDA, 0x79, 0xE2, 0x9B, 0xBF, 0xE2,
    0xDB, 0xC3, 0xBD, 0x75, 0x3B, 0x11, 0xD3, 0x41, 0xC1, 0xA0, 0x01, 0xEC, 0xD8, 0x06, 0xE6, 0x63,
    0x90, 0x59, 0xAC, 0x44, 0x0C, 0x33, 0x4B, 0xFB, 0x07, 0x26, 0x9D, 0x57, 0xAF, 0x7A, 0xCE, 0x17,
    0x4C, 0x81, 0x4A, 0x95, 0x15, 0xBA, 0x94, 0x3F, 0x26, 0x98, 0x72, 0xE4, 0x64, 0x43, 0x10, 0xBD,
    0x9F, 0x02, 0xB3, 0xEC, 0x40, 0xD7, 0xC8, 0x53, 0xAE, 0xCA, 0x5E, 0x64, 0xBB, 0xC9, 0x33, 0x42,
    0x2C, 0x06, 0x38, 0x0E, 0xD1, 0xE4, 0x99, 0x2A, 0x12, 0xD9, 0x8C, 0x12, 0xF7, 0x39, 0x08, 0x58,
    0xEC, 0xA0, 0x2B, 0x3E, 0xC2, 0xC0, 0x96, 0x70, 0xC0, 0xD3, 0xE7, 0x0B, 0x88, 0x55, 0xA8, 0x87,
    0x48, 0x45, 0xFE, 0x06, 0x75, 0x91, 0xC4, 0x03, 0x12, 0xC1, 0x81, 0x90, 0xAD, 0xEE, 0x10, 0x99,
    0xB7, 0x0C, 0x6F, 0x96, 0x1D, 0x2C, 0xEE, 0xDE, 0x12, 0x68, 0x30, 0x8D, 0x39, 0x19, 0x61, 0xEA,
    0x44, 0x8B, 0xCF, 0x98, 0x5A, 0x20, 0x05, 0xB0, 0x76, 0xD0, 0x23, 0x57, 0x1D, 0xE1, 0xA0, 0x67,
    0xC8, 0x32, 0xB4, 0xEA, 0x7C, 0xD5, 0xF5, 0x2C, 0xAA, 0x35, 0x4D, 0x9D, 0x39, 0x6B, 0x76, 0xCC,
    0xCC, 0x87, 0x71, 0xA0, 0xBC, 0xEE, 0x64, 0x6E, 0x4C, 0xAE, 0xAB, 0x28, 0x1D, 0x58, 0x49, 0x31,
    0xA7, 0x87, 0x34, 0x13, 0x50, 0x10, 0x43, 0x50, 0x18, 0x42, 0x6B, 0x5B, 0x36, 0x63, 0x3C, 0xB8,
    0xB1, 0x21, 0xDC, 0x25, 0xA7, 0x76, 0x4E, 0xF2, 0xC0, 0xC0, 0xEB, 0xD3, 0xE7, 0x20, 0xDF, 0x2A,
    0x89, 0x99, 0xAC, 0x47, 0x4C, 0x6B, 0xA6, 0xB4, 0x73, 0x40, 0xDA, 0x0F, 0x50, 0x60, 0x33, 0x11,
    0x8A, 0x17, 0x4A, 0x18, 0xD8, 0x59, 0x16, 0xD7, 0x06, 0x86, 0xEC, 0xD8, 0x77, 0x39, 0xAB, 0x83,
    0xF2, 0xF9, 0x06, 0x6C, 0xDC, 0x07, 0x35, 0x32, 0x00, 0x81, 0xD1, 0x0D, 0x21, 0xA8, 0xA3, 0x3F,
    0x52, 0x88, 0x24, 0x12, 0xA3, 0x0D, 0x02, 0xB6, 0x1E, 0x32, 0xEC, 0xA2, 0xF7, 0xB2, 0x35, 0x46,
    0x70, 0x0E, 0xA9, 0x92, 0xA1, 0xBF, 0x26, 0x52, 0x08, 0x58, 0xDF, 0x4B, 0x38, 0x44, 0x3A, 0x33,
    0x68, 0x08, 0xFA, 0x74, 0x52, 0x42, 0xA2, 0x29, 0x77, 0x42, 0x2E, 0xC7, 0xBD, 0xFB, 0xAC, 0x0E,
    0xE6, 0xFC, 0x40, 0xB0, 0xDA, 0x8E, 0x4D, 0x0E, 0xA8, 0xD9, 0x89, 0x85, 0x76, 0x0E, 0x89, 0x92,
    0xD6, 0xED, 0x2A, 0x45, 0x0C, 0x71, 0x7D, 0xE3, 0x85, 0x00, 0x64, 0xDC, 0x30, 0x9F, 0x37, 0xDB,
    0xD8, 0x70, 0xD1, 0xC3, 0x06, 0xC3, 0x7A, 0x8C, 0xCD, 0x1D, 0x8C, 0xF9, 0x39, 0x86, 0xCC, 0xE6,
    0x11, 0x34, 0x01, 0xD4, 0x60, 0xA6, 0xD4, 0x1A, 0x12, 0x18, 0x8F, 0x25, 0xE5, 0xC6, 0x13, 0xB2,
    0x7F, 0x1A, 0x84, 0x55, 0x18, 0x77, 0x07, 0x4A, 0x34, 0x4C, 0x8F, 0x7A, 0x29, 0x16, 0x56, 0xD2,
    0x90, 0x0D, 0xCD, 0xDA, 0x92, 0x88, 0x87, 0x43, 0xD3, 0xD0, 0xDE, 0x65, 0x0C, 0x51, 0xDD, 0xAC,
    0x98, 0x8B, 0x33, 0x18, 0xE1, 0x1E, 0x24, 0xEF, 0xCA, 0xE9, 0x37, 0x42, 0x41, 0x52, 0x4E, 0x58,
    0x39, 0x52, 0x0C, 0x06, 0xA4, 0x1E, 0x9B, 0x95, 0x8C, 0x09, 0x8D, 0x02, 0x99, 0xCA, 0x1A, 0x56,
    0xF4, 0x7D, 0x18, 0x0C, 0x99, 0xB1, 0xB8, 0xCD, 0xD5, 0x12, 0xD5, 0x83, 0x3A, 0x29, 0x10, 0x34,
    0x2E, 0x02, 0x0C, 0x50, 0x42, 0xF4, 0xBB, 0xC8, 0x42, 0x9A, 0x51, 0xB1, 0x79, 0x20, 0xE9, 0x86,
    0x55, 0x4F, 0xA5, 0xB7, 0xB5, 0x71, 0x2E, 0x31, 0x6D, 0x56, 0xE9, 0xCC, 0x89, 0x15, 0x35, 0xB3,
    0x64, 0xD7, 0x1A, 0xDF, 0x9C, 0xE0, 0x52, 0x0F, 0x08, 0x80, 0x18, 0x45, 0x10, 0xE6, 0x41, 0x54,
    0x37, 0x4C, 0xAE, 0xA4, 0xD8, 0x8C, 0xB5, 0x8B, 0xC3, 0x8D, 0x07, 0x37, 0x16, 0x87, 0x14, 0x94,
    0x3C, 0x44, 0xA5, 0xA3, 0x24, 0xB2, 0xA3, 0x2F, 0x4B, 0x73, 0xDD, 0x21, 0xC0, 0x0A, 0x70, 0x4A,
    0xA6, 0x22, 0xE0, 0xE0, 0x2B, 0x88, 0x74, 0x30, 0x30, 0x58, 0x6A, 0xF7, 0x6C, 0x17, 0xCF, 0xA2,
    0xCD, 0xD8, 0x83, 0x82, 0x23, 0xB1, 0xB5, 0x01, 0x64, 0x6E, 0x00, 0x50, 0xA0, 0x66, 0xC0, 0x4B,
    0x6D, 0x31, 0xA5, 0x6A, 0xE1, 0x80, 0x9A, 0x6E, 0xDD, 0xB5, 0xCD, 0x04, 0xDB, 0x76, 0xEA, 0xCC,
    0xBD, 0x69, 0x6D, 0x4A, 0x99, 0x91, 0x08, 0x59, 0x93, 0xBE, 0xEE, 0x9A, 0x32, 0x49, 0x22, 0x99,
    0x01, 0x1C, 0xD4, 0xD9, 0x12, 0x93, 0x4A, 0x33, 0x35, 0x37, 0x00, 0x71, 0x0D, 0x20, 0x40, 0x1F,
    0x0C, 0x1A, 0x01, 0x31, 0x68, 0x14, 0xC6, 0xC8, 0x26, 0x14, 0x85, 0x86, 0x08, 0x71, 0x95, 0x66,
    0x88, 0x76, 0x09, 0x46, 0xC3, 0x68, 0x56, 0x1A, 0x0F, 0x22, 0xC0, 0x1E, 0x1C, 0x82, 0x24, 0x29,
    0x06, 0xC6, 0x36, 0x24, 0x60, 0xD0, 0x9C, 0xAC, 0xD9, 0x89, 0x20, 0xF3, 0x23, 0x9A, 0x41, 0xF2,
    0x6F, 0xCD, 0x53, 0x66, 0xFD, 0x99, 0x34, 0x8F, 0xB5, 0x20, 0x72, 0x47, 0xAC, 0x7A, 0x94, 0xB7,
    0x30, 0xFB, 0x10, 0x64, 0x51, 0xE0, 0x60, 0xB9, 0xF0, 0xAB, 0x82, 0x0B, 0x0B, 0x43, 0xE4, 0x04,
    0x86, 0x39, 0xE2, 0x53, 0x93, 0xD9, 0xD5, 0x13, 0xEA, 0x80, 0xBB, 0x12, 0x2C, 0xA5, 0x27, 0x60,
    0x8A, 0x3D, 0x78, 0xB8, 0xA3, 0x46, 0x22, 0xA6, 0xE8, 0x40, 0xA0, 0xB2, 0x52, 0xCE, 0x80, 0x4C,
    0xCE, 0x07, 0xDF, 0xE0, 0xF2, 0x23, 0x64, 0xEC, 0x64, 0x01, 0x4B, 0x20, 0xE8, 0xF5, 0x6B, 0x7C,
    0xDE, 0x8E, 0xB2, 0xC8, 0xEF, 0x44, 0x6D, 0x28, 0x62, 0x0A, 0x24, 0x5E, 0x97, 0x79, 0xBC, 0xA1,
    0x00, 0xB0, 0x93, 0xB2, 0x98, 0xF7, 0x89, 0x89, 0xC4, 0x80, 0x1E, 0x4E, 0x4E, 0xE0, 0xE1, 0xE7,
    0x18, 0x15, 0xEB, 0x44, 0xCC, 0x82, 0xDB, 0x75, 0xF6, 0xA1, 0x94, 0x8F, 0x20, 0x3E, 0x13, 0xAF,
    0x83, 0x24, 0x52, 0xFB, 0x26, 0x63, 0xFC, 0x2C, 0x0D, 0x3B, 0xB7, 0x10, 0xEC, 0x80, 0x60, 0xF8,
    0x75, 0xD8, 0xBD, 0x55, 0x5D, 0xFB, 0xBC, 0xD0, 0x42, 0x6C, 0x9D, 0x79, 0xF6, 0x3D, 0xB5, 0x7A,
    0x5D, 0x8E, 0xE6, 0x26, 0xC8, 0x54, 0x48, 0x15, 0xE2, 0xB0, 0xC9, 0x8A, 0x0B, 0x6E, 0xEC, 0x58,
    0x2A, 0x26, 0x14, 0xCE, 0x1D, 0xC1, 0x46, 0x3B, 0x01, 0x0F, 0x2E, 0x9A, 0xBA, 0xEA, 0xF8, 0xB3,
    0x5F, 0x37, 0x54, 0x06, 0x40, 0x66, 0x74, 0x1E, 0x4A, 0xA3, 0xA2, 0xF4, 0xC2, 0x3B, 0xEE, 0xD8,
    0xF2, 0x5C, 0xAB, 0xDE, 0xD3, 0xC9, 0x04, 0xC8, 0x20, 0xF9, 0xE7, 0x0A, 0xC8, 0x4C, 0xA4, 0x8D,
    0xF0, 0x42, 0xE0, 0xDB, 0x8B, 0x11, 0x40, 0x24, 0x07, 0x30, 0x26, 0x6D, 0x24, 0xD8, 0x2D, 0x49,
    0x12, 0x25, 0xEB, 0x2A, 0xD2, 0xD7, 0x0A, 0xBF, 0x85, 0xAF, 0xE2, 0x20, 0x94, 0x39, 0x88, 0x50,
    0x6B, 0x48, 0x69, 0x58, 0x4D, 0x2E, 0x3D, 0x40, 0x76, 0xE3, 0xA9, 0x08, 0x77, 0x62, 0x86, 0xC0,
    0x80, 0x71, 0x59, 0x80, 0x24, 0x28, 0x0A, 0x08, 0x05, 0x77, 0x35, 0xD0, 0x32, 0x57, 0x6C, 0x42,
    0xF2, 0xB3, 0x3C, 0xAC, 0xDB, 0xB3, 0x0B, 0x4C, 0xDE, 0xF8, 0x8C, 0xA3, 0x5B, 0xA3, 0x36, 0x59,
    0x32, 0x1B, 0x27, 0x9C, 0x4A, 0x45, 0xAA, 0x90, 0x8B, 0x13, 0x0C, 0x00, 0x86, 0x83, 0xB5, 0xA1,
    0xB2, 0x80, 0x41, 0x26, 0x03, 0x66, 0x06, 0x9C, 0x33, 0xCE, 0xDB, 0xEE, 0xB8, 0x4E, 0xC8, 0x4B,
    0xA6, 0x58, 0x66, 0xEE, 0x80, 0xFD, 0x78, 0x69, 0x97, 0x34, 0x54, 0xC2, 0xB9, 0xC6, 0x65, 0x30,
    0x0A, 0xD9, 0x67, 0x60, 0x72, 0xD8, 0x74, 0xAC, 0x82, 0x36, 0x00, 0x02, 0x41, 0xEF, 0x13, 0xBB,
    0x99, 0x52, 0xCC, 0x9C, 0x33, 0xBD, 0x56, 0x85, 0xD7, 0x6C, 0xE3, 0xDA, 0x1B, 0x47, 0x95, 0xC4,
    0x64, 0x90, 0x22, 0x03, 0x4C, 0x5E, 0x2E, 0xC9, 0xE9, 0x44, 0x93, 0xDD, 0x56, 0x27, 0xA1, 0x89,
    0x90, 0xA8, 0xF2, 0xB3, 0x97, 0x1F, 0x9D, 0xD6, 0x59, 0xEF, 0xF3, 0xE0, 0xBB, 0x74, 0xD3, 0xDD,
    0x24, 0x84, 0x22, 0x42, 0x9A, 0x09, 0x5A, 0x12, 0x06, 0xE4, 0x38, 0x2C, 0x97, 0x78, 0x34, 0x14,
    0x03, 0x9E, 0xCE, 0x80, 0x7E, 0x08, 0x68, 0x28, 0x11, 0x0F, 0x2A, 0xF3, 0x3E, 0xE7, 0xA3, 0x00,
    0x42, 0x2F, 0x17, 0xAB, 0x10, 0x4F, 0x1D, 0xB7, 0x04, 0x09, 0x2A, 0x32, 0x4F, 0xC9, 0xA2, 0xB0,
    0x08, 0xE0, 0xB1, 0xD1, 0x42, 0x55, 0x7B, 0x6F, 0xCB, 0x7D, 0xDB, 0xB7, 0xB2, 0x7A, 0x01, 0x04,
    0xA6, 0x11, 0x80, 0x77, 0xC1, 0x04, 0xD4, 0x80, 0x68, 0x87, 0xBB, 0x05, 0xB5, 0x32, 0x73, 0x03,
    0x48, 0x04, 0x34, 0x02, 0x44, 0x04, 0x4F, 0x10, 0x03, 0x56, 0x10, 0x20, 0x40, 0xB1, 0xB1, 0x3C,
    0x84, 0xAB, 0x4A, 0x9F, 0xE5, 0x13, 0x00, 0x78, 0x01, 0x63, 0x32, 0xF8, 0x54, 0xB3, 0x55, 0x4C,
    0x56, 0x98, 0x87, 0xBA, 0x08, 0x7C, 0xA9, 0x6A, 0x42, 0x42, 0x44, 0x08, 0x99, 0x92, 0xB6, 0x44,
    0x73, 0x2C, 0x01, 0x78, 0xA9, 0xAB, 0x71, 0xEC, 0xCF, 0x18, 0x0A, 0xE5, 0x45, 0xE1, 0xA0, 0xCD,
    0x75, 0x28, 0x39, 0x00, 0xFB, 0x84, 0x68, 0x70, 0x08, 0xC6, 0x45, 0xD8, 0xF1, 0x02, 0x21, 0xD3,
    0x1C, 0x2B, 0x10, 0xF9, 0x43, 0x81, 0xB8, 0x1B, 0x82, 0x2F, 0x0B, 0x14, 0x62, 0x1E, 0x38, 0x18,
    0x50, 0xFA, 0xDA, 0x1A, 0xC2, 0x28, 0x99, 0xA8, 0xC8, 0xA8, 0x46, 0x21, 0xB2, 0x6B, 0x35, 0x0E,
    0x34, 0x9C, 0x12, 0x00, 0xFB, 0xCF, 0xC6, 0x69, 0xFC, 0xBC, 0xDA, 0x12, 0x30, 0x13, 0x79, 0xB2,
    0x1A, 0x58, 0xD1, 0x91, 0xF8, 0xE1, 0xF5, 0x6C, 0x1C, 0x9D, 0xC2, 0x01, 0xF5, 0xDF, 0x7C, 0x77,
    0x79, 0x00, 0xE9, 0xEE, 0xDE, 0x83, 0x19, 0x8F, 0x5A, 0xE6, 0xAD, 0x16, 0x4B, 0x49, 0x38, 0xC8,
    0xBA, 0xC4, 0x61, 0x52, 0x13, 0xDA, 0x24, 0x14, 0xA3, 0x99, 0xE3, 0xFA, 0x46, 0x70, 0x5E, 0x03,
    0xCE, 0xC0, 0xD1, 0xD1, 0x42, 0xDE, 0x08, 0x34, 0x14, 0x94, 0x03, 0xBD, 0x98, 0x9F, 0x32, 0x44,
    0x6C, 0x4B, 0x0C, 0x9E, 0xB2, 0x0E, 0x23, 0x64, 0x26, 0xCC, 0xE8, 0xE9, 0x0D, 0xC3, 0xB7, 0xA2,
    0x40, 0x50, 0xDF, 0x6B, 0x03, 0xEF, 0xB0, 0xBA, 0x6F, 0x8D, 0x93, 0xE3, 0xFE, 0x69, 0xFB, 0x16,
    0x38, 0x9D, 0x4D, 0x1A, 0x3A, 0xEF, 0xD0, 0xF0, 0xB2, 0x99, 0x89, 0x1B, 0x20, 0x9C, 0x90, 0xF8,
    0x49, 0xF0, 0xEC, 0x3B, 0x17, 0xBC, 0xFC, 0x82, 0x2B, 0xD3, 0xB8, 0x66, 0xD7, 0xA3, 0x9D, 0xDA,
    0x51, 0xE1, 0x20, 0x84, 0xBF, 0x1E, 0x8B, 0x4F, 0xC4, 0x22, 0xCC, 0xB2, 0xC5, 0x3B, 0x2C, 0x80,
    0x23, 0x4A, 0x9C, 0xB5, 0x52, 0xB8, 0xBC, 0x0B, 0x23, 0x04, 0x08, 0x3E, 0x5A, 0x8C, 0x4A, 0xD4,
    0x26, 0xC6, 0xC6, 0xC1, 0x94, 0x96, 0x37, 0xA6, 0xE0, 0xC5, 0x61, 0x11, 0xE0, 0x35, 0x8E, 0x1F,
    0x9C, 0x32, 0x03, 0x23, 0x23, 0x17, 0x64, 0xF2, 0xC5, 0xD3, 0x21, 0x8A, 0xD4, 0xD7, 0x8D, 0x7D,
    0x5D, 0xFA, 0x38, 0x12, 0x26, 0x0F, 0x61, 0xDC, 0xA4, 0xB4, 0x37, 0x20, 0xF2, 0x6A, 0x97, 0xCC,
    0x37, 0x98, 0x9F, 0x68, 0xF5, 0x06, 0xE5, 0x60, 0xBA, 0x58, 0x04, 0x93, 0x85, 0x86, 0x63, 0x84,
    0x81, 0x10, 0x62, 0x62, 0xF1, 0x18, 0x39, 0xF5, 0x5F, 0x54, 0x03, 0x18, 0x98, 0xD2, 0xD8, 0x3D,
    0xFC, 0x42, 0xEB, 0x28, 0x80, 0x88, 0x2A, 0x36, 0xCF, 0x42, 0x85, 0xD8, 0x5A, 0x19, 0x5E, 0xEA,
    0x7C, 0xD1, 0x80, 0x01, 0x22, 0x89, 0x86, 0x82, 0xA0, 0x9C, 0xC0, 0x6E, 0x94, 0x84, 0xBD, 0x23,
    0x4C, 0xE3, 0x8B, 0xD6, 0x07, 0xC1, 0x49, 0x70, 0xE3, 0x09, 0x4A, 0x06, 0x11, 0xCE, 0xB0, 0xA5,
    0x10, 0x4E, 0xD7, 0x07, 0xB1, 0x86, 0x20, 0xCB, 0xC2, 0xA1, 0xEA, 0xF5, 0x70, 0xD7, 0x6D, 0x73,
    0x57, 0xD3, 0x8A, 0xB2, 0x69, 0xB8, 0xD5, 0xC0, 0x76, 0x08, 0x8A, 0x74, 0x9D, 0xEE, 0x9E, 0x83,
    0x9F, 0xD1, 0xA6, 0xDF, 0x97, 0xCE, 0x41, 0xCB, 0x11, 0x4C, 0x02, 0x05, 0x90, 0xFE, 0x7F, 0x6B,
    0x3C, 0x5A, 0x9B, 0x78, 0x6F, 0x50, 0x26, 0xC8, 0x0F, 0x5D, 0x54, 0x91, 0x54, 0x53, 0x03, 0xA2,
    0xD5, 0xA0, 0xCC, 0x72, 0x1C, 0x2D, 0x0C, 0x1D, 0xA1, 0x26, 0xB8, 0xE7, 0x66, 0xB9, 0x92, 0xB1,
    0x35, 0x54, 0x11, 0x54, 0xC4, 0x12, 0x90, 0x44, 0x41, 0x44, 0x59, 0x61, 0x2A, 0x44, 0xD5, 0x50,
    0x45, 0x53, 0x09, 0x4D, 0x14, 0x66, 0x18, 0x2C, 0x4D, 0x55, 0x05, 0x45, 0x32, 0x34, 0x15, 0xEE,
    0xDA, 0xB5, 0x44, 0x43, 0x02, 0x34, 0x94, 0xD6, 0x27, 0xB2, 0xC6, 0x8F, 0x20, 0xBD, 0x4C, 0x2A,
    0x05, 0x44, 0x93, 0x04, 0x92, 0x7E, 0x10, 0x1B, 0xB2, 0xB1, 0xB3, 0x6F, 0xCA, 0x5E, 0x06, 0xD4,
    0x00, 0x60, 0x23, 0x8B, 0x63, 0x4D, 0x34, 0x0D, 0x50, 0xF0, 0xEA, 0xE3, 0x85, 0xDC, 0x0C, 0xCE,
    0xF4, 0x1C, 0xA5, 0xAF, 0x0B, 0x8E, 0xCE, 0xDC, 0xE1, 0xBA, 0xCE, 0x52, 0x18, 0x38, 0x3B, 0x65,
    0x40, 0x05, 0x88, 0x97, 0x6C, 0x78, 0x50, 0x3C, 0x3D, 0xDD, 0x10, 0xD7, 0x72, 0x87, 0x4A, 0x87,
    0x64, 0x2D, 0x08, 0xA4, 0xC2, 0x15, 0xB0, 0x36, 0x35, 0x11, 0x36, 0xDC, 0x36, 0x7D, 0x00, 0x33,
    0xC1, 0xBD, 0x3B, 0x5C, 0x63, 0x3A, 0xC0, 0xFA, 0x71, 0x2E, 0xE6, 0xA5, 0x68, 0x2F, 0xD0, 0x4D,
    0x8D, 0x8E, 0x46, 0x5C, 0xD6, 0x17, 0xE0, 0xB6, 0x03, 0xF8, 0xD3, 0x48, 0x80, 0x0D, 0x2D, 0x09,
    0x9C, 0x87, 0x32, 0x68, 0x6A, 0x51, 0x9D, 0x99, 0x61, 0x40, 0x50, 0x69, 0xB6, 0x9D, 0xFC, 0x82,
    0xA8, 0xC2, 0xAA, 0x12, 0x17, 0x84, 0x29, 0x2E, 0xA9, 0x70, 0xB2, 0xC0, 0xB8, 0xCC, 0x70, 0x32,
    0xC8, 0xCB, 0x4E, 0x38, 0x05, 0xAC, 0x1D, 0x93, 0xB1, 0x29, 0x2D, 0x6C, 0x1C, 0x14, 0x31, 0xDF,
    0xA6, 0x02, 0x82, 0x82, 0x80, 0xA4, 0x62, 0x00, 0x1C, 0x08, 0x4D, 0xB0, 0x02, 0x27, 0x12, 0x80,
    0x3A, 0x06, 0x41, 0xA8, 0x8A, 0x50, 0x1E, 0x18, 0x29, 0x55, 0x02, 0x89, 0x08, 0x02, 0x21, 0x67,
    0x6C, 0x72, 0x35, 0x0F, 0xCF, 0xD3, 0xBA, 0xCA, 0x6E, 0x44, 0xD3, 0xC0, 0xB2, 0xA1, 0x89, 0x9F,
    0x5E, 0x30, 0xF5, 0xA3, 0x9E, 0x27, 0xC6, 0x2E, 0x0C, 0x30, 0xBF, 0x1D, 0xF4, 0x53, 0x7A, 0xEA,
    0x92, 0x48, 0x4B, 0xD0, 0x95, 0x07, 0x30, 0xE3, 0xC5, 0x76, 0xCB, 0x16, 0x59, 0x02, 0xA8, 0x91,
    0x0E, 0x50, 0x50, 0x7C, 0xB0, 0xD0, 0xEA, 0xD6, 0xEC, 0x8F, 0x55, 0x69, 0xCC, 0x1E, 0x84, 0x8F,
    0x5E, 0xB8, 0x62, 0xEC, 0x64, 0x89, 0x8F, 0xC3, 0x83, 0x8F, 0x49, 0x39, 0x4E, 0x02, 0x30, 0xF1,
    0x76, 0xD1, 0xB6, 0x66, 0x24, 0x8F, 0x48, 0x77, 0x8E, 0xB5, 0x81, 0x38, 0xF8, 0x32, 0x63, 0x7B,
    0x71, 0x06, 0x23, 0xAA, 0x35, 0x0F, 0x57, 0x88, 0x7A, 0x78, 0xBB, 0xFE, 0x1A, 0x9A, 0x89, 0x58,
    0x02, 0x14, 0x03, 0xB5, 0x3F, 0x4E, 0x66, 0x23, 0xC7, 0xC8, 0xE6, 0x81, 0xE2, 0xCF, 0xF7, 0xC7,
    0xCE, 0x8E, 0x97, 0xDA, 0x4D, 0x12, 0x63, 0x1F, 0xB3, 0x81, 0xB4, 0x47, 0x3E, 0x9E, 0xC0, 0x33,
    0xE2, 0x83, 0x79, 0x56, 0x74, 0x2B, 0x52, 0x50, 0x2F, 0x10, 0x0D, 0xC8, 0x84, 0x21, 0x20, 0x10,
    0xA9, 0x81, 0xE8, 0x16, 0xEF, 0xC0, 0xCE, 0xC1, 0x8F, 0x66, 0x11, 0x16, 0x02, 0x08, 0x60, 0x75,
    0x71, 0x9A, 0xC6, 0xCA, 0xAA, 0x2E, 0xA5, 0x12, 0xA4, 0x28, 0xC8, 0x0D, 0xF4, 0xF0, 0x53, 0xDE,
    0xD1, 0x30, 0xA2, 0x51, 0x55, 0x54, 0xD0, 0x58, 0xAD, 0x41, 0x7C, 0x61, 0xE1, 0xD6, 0x72, 0xFB,
    0x2C, 0x17, 0x32, 0xCB, 0xD6, 0x6C, 0x8D, 0x1E, 0xB0, 0xD9, 0x1A, 0x43, 0x00, 0x97, 0x12, 0x3B,
    0x08, 0x92, 0x49, 0x08, 0x88, 0x01, 0x6B, 0xEB, 0xE1, 0x68, 0x32, 0xB2, 0xDC, 0x6F, 0x88, 0x7A,
    0x92, 0x70, 0x22, 0x43, 0x6D, 0xB6, 0x9B, 0x2C, 0x2D, 0x46, 0x2F, 0xE6, 0xBB, 0xE2, 0xFB, 0xFF,
    0xFD, 0x35, 0x29, 0xF9, 0x55, 0x67, 0xBA, 0x31, 0x8A, 0x13, 0x6E, 0x5F, 0x15, 0xF3, 0xC3, 0x8A,
    0xDA, 0xD7, 0x1F, 0xAB, 0xA8, 0x60, 0x20, 0x26, 0x5D, 0x94, 0xA0, 0xB4, 0x16, 0x1D, 0x92, 0x20,
    0xB3, 0xC2, 0xDE, 0xD6, 0x26, 0xFB, 0x50, 0xC3, 0xE5, 0xF9, 0xA5, 0x24, 0x0C, 0xEB, 0xE1, 0xFA,
    0x4A, 0x61, 0x88, 0x31, 0x23, 0x12, 0x0C, 0x46, 0x35, 0x9D, 0xA6, 0x83, 0x23, 0x51, 0x84, 0xE4,
    0x14, 0x6A, 0x0E, 0xDB, 0x43, 0x49, 0x84, 0x63, 0xE1, 0xB3, 0x79, 0xA8, 0xE1, 0xDB, 0x98, 0x64,
    0x61, 0x95, 0x35, 0xBC, 0xD4, 0xF0, 0x00, 0x68, 0xDE, 0x06, 0x8E, 0x2C, 0x0B, 0x78, 0x26, 0xCD,
    0x6B, 0x0C, 0x8A, 0xB2, 0x30, 0xD3, 0xC6, 0x29, 0xA9, 0x30, 0xCC, 0x74, 0x05, 0xAC, 0x74, 0x46,
    0xA6, 0x91, 0x98, 0x07, 0x6E, 0xBE, 0x41, 0xB0, 0x78, 0xD8, 0x6C, 0x41, 0x69, 0x1D, 0x55, 0xA8,
    0xD5, 0x4F, 0x4D, 0x9B, 0x03, 0x59, 0xCB, 0x32, 0x7D, 0x5D, 0x59, 0xCC, 0x08, 0x57, 0x94, 0xF1,
    0x99, 0x59, 0x00, 0xC2, 0x12, 0xAC, 0x8E, 0x72, 0xC4, 0xD3, 0x97, 0x43, 0xE9, 0x84, 0x1E, 0x37,
    0x30, 0xA1, 0x1F, 0x7D, 0x1F, 0x20, 0x3B, 0x2B, 0x58, 0xCC, 0x38, 0x85, 0x33, 0x21, 0x23, 0x23,
    0x83, 0xAD, 0x0E, 0x0C, 0xCA, 0xEB, 0x32, 0xAA, 0xB0, 0x30, 0x19, 0x42, 0x65, 0x26, 0x52, 0x60,
    0x1A, 0x0E, 0xAF, 0x80, 0x74, 0xEC, 0x1F, 0xC0, 0xC8, 0x75, 0x87, 0x5E, 0x71, 0xB3, 0x38, 0xCC,
    0x07, 0x92, 0x20, 0x50, 0xDA, 0xC0, 0x82, 0x05, 0x4A, 0x65, 0xA0, 0x52, 0x83, 0x65, 0xF3, 0x11,
    0x1C, 0xCD, 0x63, 0xDC, 0x39, 0x24, 0x25, 0x00, 0x69, 0x04, 0x20, 0x4A, 0x41, 0x1F, 0x0A, 0xD8,
    0x91, 0x90, 0xD3, 0xCA, 0x04, 0x04, 0xFA, 0xA0, 0x0C, 0xA0, 0x75, 0x45, 0x47, 0x43, 0xC5, 0xC8,
    0x73, 0x39, 0x00, 0x99, 0x00, 0x68, 0x31, 0x01, 0x62, 0x40, 0x49, 0x10, 0x18, 0x89, 0x62, 0x1B,
    0x0D, 0x36, 0xE5, 0x04, 0xBC, 0x96, 0xA1, 0xA3, 0xA2, 0xFF, 0x92, 0x9C, 0x23, 0x5D, 0xED, 0x74,
    0xB1, 0x0D, 0xE3, 0x08, 0x47, 0x56, 0xC2, 0x0E, 0xD5, 0x81, 0x08, 0x21, 0x20, 0x82, 0x6A, 0x62,
    0x29, 0xA2, 0x2A, 0x22, 0x42, 0x06, 0x42, 0x0C, 0x47, 0xC0, 0x0F, 0x28, 0x03, 0xB1, 0xB8, 0xB7,
    0xAC, 0x00, 0xD3, 0x08, 0x07, 0x10, 0x29, 0x81, 0x59, 0x3C, 0x6F, 0x23, 0x38, 0xD6, 0x16, 0xAC,
    0x4C, 0x0C, 0xDD, 0x9B, 0xD9, 0xAD, 0x66, 0x16, 0x6B, 0x35, 0xAC, 0xB1, 0xA1, 0xA0, 0x0C, 0x26,
    0x24, 0x59, 0x97, 0x75, 0x06, 0x30, 0x84, 0x66, 0x55, 0x55, 0x50, 0x3B, 0x75, 0x8E, 0xEB, 0x32,
    0xAC, 0x3D, 0xAD, 0x28, 0x83, 0x81, 0xB3, 0x15, 0x36, 0x2B, 0x65, 0x02, 0x90, 0x72, 0x1B, 0x18,
    0x36, 0x2C, 0xB2, 0x8A, 0xAA, 0x72, 0x8D, 0xE0, 0x2E, 0x09, 0x65, 0xD0, 0x0A, 0x9A, 0x16, 0x96,
    0x2A, 0x64, 0x89, 0x84, 0x3B, 0x23, 0x03, 0xD1, 0xC1, 0xC2, 0x72, 0x55, 0xA8, 0xB4, 0x30, 0xF0,
    0xB6, 0x20, 0x64, 0x48, 0x36, 0x6E, 0x88, 0x89, 0x5B, 0x01, 0xC6, 0x1B, 0x46, 0xDC, 0x25, 0xA0,
    0x85, 0x34, 0xB5, 0x12, 0x70, 0x32, 0xFA, 0x0A, 0xD0, 0x3F, 0x49, 0x7E, 0x6C, 0xB1, 0x04, 0x41,
    0x13, 0x08, 0x03, 0xFA, 0x3D, 0x78, 0xEA, 0x66, 0x2A, 0xAA, 0x22, 0x91, 0xF9, 0xAA, 0xB2, 0x3D,
    0x9F, 0x00, 0x7E, 0x37, 0x06, 0xC0, 0x24, 0x3D, 0xE4, 0xF4, 0x42, 0x16, 0x9E, 0xF3, 0xC6, 0x81,
    0xAB, 0x0F, 0x9B, 0xC0, 0x81, 0xE8, 0xA5, 0x2C, 0x74, 0x6F, 0x4C, 0xCF, 0x80, 0x1D, 0x2F, 0x62,
    0x24, 0x8D, 0x10, 0xF8, 0x7B, 0x3B, 0x47, 0xB9, 0x18, 0x23, 0x91, 0x2A, 0x7A, 0x48, 0xBC, 0x38,
    0x7C, 0x10, 0x8D, 0x14, 0x5F, 0x24, 0x13, 0xB5, 0x26, 0x84, 0xE2, 0x2C, 0x30, 0xE5, 0x2A, 0xA6,
    0xA4, 0x0A, 0x13, 0xD5, 0xEA, 0xB1, 0x1C, 0x85, 0x53, 0x9A, 0xF6, 0xF2, 0x87, 0x9F, 0x7F, 0xB1,
    0xB3, 0x4E, 0x72, 0x05, 0xE4, 0x3E, 0x02, 0x02, 0x20, 0xAA, 0xA4, 0x64, 0x8A, 0x04, 0x20, 0x0A,
    0x62, 0xA0, 0x4B, 0x80, 0x6C, 0x97, 0xA7, 0x59, 0xE8, 0xF7, 0xD5, 0x3E, 0x46, 0xB5, 0xC9, 0x79,
    0x41, 0x08, 0x13, 0x8A, 0x5F, 0xA6, 0xC1, 0x83, 0x70, 0x62, 0x6F, 0xCD, 0xCF, 0x9D, 0xE7, 0x4D,
    0x8A, 0xB6, 0x49, 0x2C, 0xD5, 0x94, 0xB3, 0x7A, 0x5A, 0x81, 0x55, 0x51, 0x88, 0xD5, 0x27, 0x6D,
    0xC9, 0x2A, 0x5F, 0x43, 0x2E, 0x35, 0xC5, 0x2C, 0x50, 0xC4, 0x10, 0xE1, 0xBD, 0x0F, 0x2C, 0x4E,
    0x10, 0x36, 0xE7, 0x2B, 0x62, 0xFD, 0xED, 0x4D, 0x17, 0x0F, 0xFE, 0x52, 0xE8, 0x7A, 0xE3, 0x19,
    0x24, 0x89, 0xD7, 0x98, 0xBC, 0xC6, 0x0E, 0x9D, 0xBC, 0xD7, 0xCC, 0x1E, 0xA6, 0x78, 0xF2, 0x18,
    0xF1, 0xF4, 0xB1, 0xA2, 0x94, 0x99, 0x41, 0x66, 0x43, 0x41, 0xB2, 0xDB, 0xCC, 0xD8, 0xD8, 0x26,
    0x9A, 0x15, 0xFD, 0x3E, 0x3B, 0x8F, 0xB3, 0xBA, 0xF5, 0x95, 0x86, 0x72, 0x68, 0x75, 0xC0, 0x08,
    0x42, 0x33, 0xE6, 0x1C, 0x32, 0xF7, 0x6D, 0xC2, 0x34, 0x2D, 0x79, 0x89, 0x66, 0x94, 0x62, 0x41,
    0x58, 0x9A, 0x63, 0xD0, 0x03, 0xBD, 0x0D, 0xE5, 0xFA, 0xB1, 0xC1, 0xE4, 0x5F, 0xA6, 0x9F, 0x12,
    0x27, 0x00, 0xEB, 0xB0, 0xB7, 0x8F, 0x24, 0x53, 0x7F, 0x1E, 0x24, 0x61, 0x4B, 0x03, 0xF3, 0x6A,
    0x50, 0x2D, 0x3A, 0xAB, 0xAE, 0xB2, 0xD3, 0x3D, 0xCD, 0x8E, 0x81, 0x49, 0x01, 0x49, 0x15, 0x2C,
    0x7E, 0x6C, 0x0F, 0x5A, 0x5A, 0x8E, 0xA6, 0x13, 0x32, 0xC3, 0xD2, 0x26, 0xAF, 0x45, 0xE0, 0x42,
    0x43, 0xCC, 0x43, 0xDD, 0xE7, 0xC4, 0x61, 0xC0, 0x88, 0x80, 0x48, 0x62, 0xC6, 0x63, 0x54, 0xBB,
    0xF7, 0x12, 0xA0, 0xAB, 0xD6, 0xD1, 0x37, 0x66, 0x09, 0x2B, 0x7D, 0x9F, 0x89, 0xC2, 0x46, 0x40,
    0xC1, 0x29, 0xA7, 0x0D, 0x80, 0xC2, 0x03, 0x00, 0x64, 0x12, 0x9F, 0x69, 0x1A, 0xFC, 0x10, 0xF9,
    0xBB, 0xC7, 0xAE, 0xDB, 0x1C, 0x72, 0x43, 0x94, 0xE0, 0xE5, 0xF0, 0xCE, 0x94, 0xC0, 0xDC, 0x71,
    0xE3, 0x69, 0xC2, 0x47, 0x04, 0x58, 0x95, 0x82, 0x48, 0xDB, 0xC9, 0x75, 0x8D, 0x8D, 0x8C, 0x1B,
    0x6D, 0x8D, 0xB6, 0x30, 0x2C, 0x8C, 0x30, 0x42, 0xF0, 0x83, 0x0E, 0x49, 0x4C, 0x45, 0x10, 0x11,
    0x45, 0x14, 0xD1, 0x4B, 0x12, 0x2C, 0x8C, 0x44, 0x75, 0x3F, 0x41, 0xEA, 0x25, 0x88, 0xEA, 0xC0,
    0x3B, 0x3C, 0x83, 0xD7, 0xA0, 0x5E, 0x4E, 0x46, 0x50, 0x51, 0xD5, 0xAB, 0x4E, 0x89, 0x0A, 0x08,
    0xAD, 0x41, 0xDF, 0xDD, 0x86, 0xDA, 0x89, 0x27, 0x78, 0xE4, 0x49, 0x14, 0x92, 0x11, 0x13, 0xCA,
    0xCC, 0x83, 0x26, 0x28, 0x02, 0x59, 0x20, 0x8A, 0xA9, 0x5A, 0x14, 0x29, 0x2A, 0x8A, 0xC8, 0x71,
    0x3F, 0x17, 0x0C, 0x98, 0xD1, 0x3B, 0xC3, 0x47, 0x7E, 0x60, 0x9B, 0x20, 0x19, 0x22, 0x02, 0x25,
    0x58, 0x4E, 0x52, 0x00, 0x6A, 0x50, 0x80, 0x81, 0x52, 0x10, 0x80, 0x82, 0x06, 0x10, 0x17, 0xAB,
    0x3D, 0xBF, 0x53, 0x24, 0x61, 0x03, 0x24, 0x5A, 0x2E, 0x17, 0x30, 0xAB, 0x6F, 0x36, 0xFF, 0x58,
    0x6F, 0xC3, 0x23, 0x12, 0x26, 0x90, 0x39, 0x95, 0x03, 0xE8, 0x3B, 0x17, 0x87, 0x76, 0xDE, 0x15,
    0xA4, 0x25, 0x2C, 0x2C, 0x73, 0x41, 0xA0, 0xD3, 0x99, 0x9A, 0x28, 0xFB, 0x9B, 0x0D, 0x15, 0xBD,
    0x61, 0xBA, 0xB6, 0x66, 0x3B, 0x0C, 0x0C, 0x18, 0x0A, 0x35, 0x35, 0x48, 0xA4, 0x9A, 0x48, 0x41,
    0xE1, 0xB1, 0x9D, 0x29, 0xA3, 0x06, 0xBE, 0x61, 0xAE, 0xFB, 0xA6, 0xB2, 0x3E, 0x30, 0x38, 0x05,
    0xD3, 0xD7, 0x79, 0x66, 0xB1, 0x0F, 0x1E, 0x74, 0xE1, 0x09, 0x97, 0xCE, 0x43, 0xB6, 0x1A, 0xD9,
    0x10, 0x8A, 0x7E, 0x47, 0x50, 0xD0, 0xD0, 0x9A, 0x4D, 0xF2, 0x5C, 0x76, 0x90, 0x92, 0xEC, 0x31,
    0xEE, 0x9C, 0x6F, 0xA8, 0x1D, 0xD9, 0xFE, 0x60, 0x8C, 0x60, 0x16, 0x92, 0x0C, 0x5F, 0x7A, 0xA9,
    0x6A, 0xA9, 0x6A, 0xA8, 0x67, 0xDA, 0xDB, 0x77, 0x6B, 0x7C, 0xDA, 0xAA, 0x78, 0x02, 0xEB, 0xD5,
    0xCD, 0x37, 0x17, 0xF4, 0x3E, 0x06, 0x8F, 0x78, 0x74, 0x60, 0x94, 0xBA, 0x5B, 0xD8, 0x01, 0x96,
    0x15, 0xD6, 0x85, 0x82, 0x09, 0x0D, 0x02, 0xA0, 0x92, 0x14, 0x26, 0xFC, 0x96, 0x5D, 0xC8, 0x5D,
    0x41, 0xD9, 0x90, 0x61, 0xC4, 0x47, 0x01, 0xAD, 0x0F, 0x27, 0x4A, 0x78, 0x0B, 0x1B, 0xE5, 0xB9,
    0xDF, 0x1E, 0x24, 0x6B, 0x8D, 0x09, 0x68, 0x84, 0x81, 0x44, 0x64, 0xA9, 0x32, 0x20, 0x81, 0x3D,
    0x68, 0x01, 0x9A, 0x9D, 0x49, 0x02, 0xE2, 0x65, 0xE2, 0x10, 0x3B, 0x7E, 0x5F, 0x01, 0x88, 0x5C,
    0x09, 0x1C, 0x04, 0x51, 0x13, 0x85, 0x82, 0x8D, 0x79, 0xD0, 0x1C, 0xA2, 0x97, 0x32, 0xB6, 0xC4,
    0x9F, 0x99, 0x8E, 0x1A, 0x31, 0x5C, 0x19, 0x21, 0x6A, 0xF6, 0x4B, 0xCC, 0x86, 0xB0, 0xA3, 0xDD,
    0x10, 0xE5, 0xFB, 0x58, 0x42, 0xD6, 0xC2, 0x88, 0x55, 0xB4, 0x0B, 0x2A, 0x2B, 0x5A, 0x04, 0xC3,
    0xDE, 0x8A, 0x65, 0xEB, 0x5B, 0x2B, 0x04, 0xCC, 0xF1, 0x01, 0x9D, 0x9A, 0x06, 0x91, 0x28, 0x45,
    0xC6, 0x82, 0xE1, 0xED, 0xA0, 0x9B, 0x87, 0x15, 0x74, 0xC1, 0x4A, 0x10, 0xC2, 0xD4, 0x14, 0xE6,
    0x42, 0x44, 0x99, 0xBD, 0x5A, 0x61, 0x48, 0x86, 0x88, 0xC8, 0xB0, 0x81, 0x57, 0x91, 0x88, 0x22,
    0xA3, 0x65, 0x6A, 0x36, 0x56, 0x8C, 0xD5, 0x96, 0x7F, 0x28, 0xBE, 0x8F, 0xB3, 0x4D, 0xA7, 0x75,
    0x20, 0xD4, 0x0F, 0x7E, 0xC2, 0xA1, 0x53, 0x56, 0x2D, 0x46, 0x01, 0x32, 0x93, 0x06, 0xD8, 0xC2,
    0xEE, 0xEE, 0x51, 0x70, 0xBD, 0x8B, 0x77, 0x66, 0x1D, 0xB2, 0x87, 0x2A, 0x29, 0xF1, 0x7E, 0xCC,
    0x31, 0x03, 0x40, 0xC4, 0xCF, 0x3F, 0xC7, 0x8F, 0x5F, 0x2B, 0xBF, 0x92, 0x74, 0xCE, 0xAB, 0xBC,
    0x80, 0xD8, 0x08, 0x76, 0x95, 0x55, 0x04, 0x0C, 0x32, 0x44, 0x18, 0x2C, 0x5E, 0x6B, 0x15, 0xBC,
    0xD4, 0x31, 0x37, 0xEB, 0x8F, 0x8D, 0xCC, 0xA4, 0x9F, 0x06, 0x9F, 0xE7, 0x62, 0x54, 0xA7, 0x69,
    0xEA, 0xD6, 0xB2, 0x17, 0x12, 0x16, 0x06, 0x0D, 0x04, 0x18, 0xE6, 0x32, 0x64, 0xE6, 0x30, 0xC4,
    0xF0, 0x0D, 0xE6, 0x9B, 0x75, 0x8B, 0xC9, 0xAD, 0x59, 0x3B, 0xE5, 0xE1, 0xDD, 0xC3, 0x0D, 0xC7,
    0x47, 0x4D, 0x38, 0xE8, 0x49, 0xA5, 0x4C, 0xDB, 0x38, 0x2C, 0x56, 0x7A, 0x63, 0x34, 0x19, 0x8C,
    0xF3, 0xD5, 0x08, 0x84, 0x95, 0x86, 0x61, 0x8E, 0xC0, 0xCA, 0x78, 0xE5, 0xDC, 0x2B, 0x90, 0x03,
    0x54, 0x9A, 0x9F, 0x66, 0x85, 0xC8, 0x0C, 0xD6, 0x45, 0x53, 0x05, 0xED, 0x42, 0x0C, 0x1A, 0x63,
    0xCF, 0x7D, 0xE6, 0xBC, 0x0C, 0xB4, 0x99, 0x85, 0x07, 0x6A, 0xE4, 0xEF, 0x44, 0x43, 0x3C, 0x0E,
    0xF3, 0xEA, 0x0C, 0x76, 0x55, 0x3A, 0xD0, 0x18, 0xA9, 0xDC, 0xAC, 0x54, 0x10, 0x30, 0x20, 0x82,
    0x15, 0x85, 0x93, 0x06, 0x52, 0x90, 0xC4, 0x02, 0x08, 0x56, 0x57, 0x10, 0x81, 0x18, 0x80, 0x30,
    0x02, 0x05, 0x51, 0xEF, 0x93, 0x93, 0x11, 0xAA, 0xAA, 0x87, 0xAF, 0x71, 0xBE, 0x47, 0x93, 0x83,
    0x5A, 0x14, 0x31, 0xF2, 0x72, 0xC3, 0x65, 0xC4, 0x19, 0x57, 0x86, 0xFF, 0x2B, 0xC8, 0xD9, 0xE7,
    0xCE, 0xA6, 0x11, 0x0D, 0xB6, 0x85, 0x09, 0xFC, 0x51, 0x1A, 0x98, 0x41, 0x7A, 0x02, 0x4D, 0xA0,
    0x63, 0x63, 0x75, 0x94, 0xE8, 0xF4, 0x80, 0x36, 0x1D, 0x97, 0x82, 0x09, 0xCC, 0xA3, 0x51, 0x05,
    0xD4, 0x69, 0xB8, 0x64, 0x81, 0x5D, 0xA1, 0xC6, 0xF9, 0x07, 0x11, 0xDD, 0x4A, 0xCA, 0xB7, 0xCB,
    0x5C, 0x14, 0xCC, 0x61, 0x0E, 0xE8, 0x45, 0xCE, 0xD3, 0x33, 0x1A, 0x75, 0xD0, 0x78, 0x23, 0x60,
    0x0D, 0x68, 0xC3, 0xD2, 0x22, 0xD4, 0x52, 0xC1, 0xC3, 0x8E, 0x87, 0x4C, 0xE1, 0xD0, 0x66, 0xE3,
    0x2F, 0x80, 0xAF, 0xE6, 0x1A, 0xBA, 0x35, 0xB7, 0x7A, 0x2A, 0x2D, 0x02, 0x47, 0x9A, 0x54, 0xCB,
    0x34, 0x38, 0x77, 0x1C, 0xEC, 0x35, 0x0D, 0x26, 0xA8, 0xF8, 0x90, 0x09, 0x10, 0x95, 0x0D, 0x3B,
    0x98, 0x86, 0xAD, 0x29, 0x14, 0x0E, 0x98, 0xC3, 0xB2, 0x04, 0x38, 0x2E, 0x25, 0xD4, 0x18, 0x0E,
    0x5E, 0x45, 0x66, 0x96, 0x63, 0x2E, 0x35, 0x6D, 0x98, 0x82, 0xD3, 0x2A, 0xC3, 0x60, 0xE6, 0xCF,
    0x80, 0x29, 0x79, 0x1B, 0x20, 0x2D, 0xAC, 0x33, 0xCA, 0xA0, 0xA8, 0xA3, 0x89, 0x95, 0x84, 0x03,
    0xBD, 0x29, 0x50, 0xF1, 0x19, 0x83, 0xE0, 0x0A, 0x18, 0x1E, 0x50, 0x64, 0xE8, 0x8C, 0x8C, 0x65,
    0x88, 0x98, 0x19, 0x87, 0x13, 0x9C, 0x72, 0x0D, 0xED, 0x34, 0xD4, 0x27, 0x14, 0xF1, 0xB3, 0x03,
    0x44, 0x50, 0x45, 0x09, 0xE3, 0x9A, 0xA9, 0xCC, 0x60, 0x36, 0xCB, 0xB3, 0xA8, 0xCD, 0x8B, 0xBD,
    0x83, 0x81, 0x50, 0xC3, 0x67, 0x61, 0xA8, 0x87, 0x4C, 0xEE, 0x9C, 0x61, 0x55, 0xCB, 0x30, 0x01,
    0x8E, 0x93, 0x14, 0x19, 0x46, 0x49, 0x06, 0x28, 0x0A, 0x02, 0x60, 0x41, 0x6D, 0x00, 0xD3, 0x82,
    0xF0, 0x6F, 0x0D, 0xE1, 0xD7, 0xD3, 0x37, 0x1C, 0xEF, 0x17, 0x5F, 0x4D, 0x14, 0x94, 0x01, 0x51,
    0x4D, 0x11, 0x11, 0x35, 0x14, 0x86, 0x4B, 0x90, 0x14, 0x8D, 0x04, 0xC4, 0x11, 0x44, 0xC5, 0x20,
    0xD4, 0x53, 0x31, 0x13, 0x20, 0xD3, 0x11, 0xDA, 0x59, 0x41, 0x14, 0x49, 0x00, 0x4D, 0x14, 0xCC,
    0x44, 0xC2, 0x35, 0x14, 0x55, 0x71, 0x83, 0xCD, 0xC0, 0xD6, 0xA7, 0x82, 0x30, 0x52, 0x0A, 0x41,
    0x5D, 0x03, 0x40, 0x1A, 0x80, 0x33, 0x20, 0x06, 0x02, 0x9B, 0x1B, 0x00, 0xC1, 0xD1, 0x74, 0x0E,
    0x22, 0x62, 0xE0, 0xE2, 0x1B, 0x19, 0x0E, 0x63, 0x1D, 0x8A, 0xC2, 0x6C, 0x61, 0x74, 0x61, 0x41,
    0x11, 0x44, 0x45, 0x12, 0x27, 0x7F, 0x0B, 0xF9, 0x4C, 0x8A, 0x73, 0x78, 0xED, 0x31, 0xEB, 0x84,
    0xD8, 0x0A, 0xD8, 0xBA, 0x85, 0x64, 0xB0, 0x72, 0x22, 0x06, 0x2E, 0x81, 0x10, 0x91, 0xA5, 0xD4,
    0x6E, 0x29, 0x79, 0xA4, 0xC8, 0x20, 0x8E, 0x99, 0x95, 0xD9, 0x64, 0x06, 0xE3, 0x59, 0x03, 0xAE,
    0x03, 0x47, 0x6B, 0xBF, 0x0F, 0x24, 0xE7, 0xD0, 0xAC, 0xC7, 0xC8, 0x8C, 0xE3, 0x2F, 0x99, 0xE5,
    0xD2, 0x5D, 0x0C, 0xB1, 0x98, 0x17, 0x01, 0xE7, 0x65, 0xDE, 0xEF, 0xDE, 0x10, 0xDE, 0xA3, 0xE5,
    0xF1, 0xFA, 0x1F, 0x22, 0x1D, 0xBA, 0xE9, 0x3A, 0xBE, 0xE6, 0x0B, 0x89, 0x25, 0x33, 0xD5, 0x66,
    0x44, 0x72, 0x03, 0x00, 0x08, 0x94, 0xD1, 0x7A, 0x51, 0x1F, 0xAC, 0x92, 0xBB, 0x37, 0x8C, 0x77,
    0x1E, 0x4F, 0x2C, 0x11, 0x03, 0xA0, 0x1D, 0xC2, 0x29, 0x75, 0x42, 0xD1, 0x09, 0x4B, 0x78, 0xB4,
    0x87, 0x04, 0xE3, 0x2C, 0x3E, 0xD2, 0xD4, 0x5E, 0x3E, 0x0F, 0x41, 0x28, 0xE7, 0xBB, 0x70, 0x6B,
    0x88, 0xD0, 0x98, 0x5D, 0x29, 0x06, 0x9B, 0x6D, 0x65, 0x4A, 0x3C, 0x04, 0x98, 0xC3, 0x8C, 0x44,
    0x27, 0x0E, 0x22, 0x00, 0x43, 0x20, 0x47, 0x0C, 0xC7, 0x10, 0x09, 0x30, 0x06, 0x65, 0x5A, 0xC7,
    0xCB, 0x86, 0x35, 0x12, 0x10, 0x0A, 0x9B, 0x04, 0x0D, 0x31, 0x8C, 0x52, 0x1A, 0xDA, 0xA6, 0x9A,
    0x8D, 0xE2, 0x12, 0x0F, 0x2F, 0xB6, 0x7E, 0xC6, 0x2E, 0x65, 0x21, 0xB0, 0x4F, 0x92, 0x22, 0x97,
    0x7C, 0x10, 0x08, 0xB4, 0xDC, 0x31, 0xA1, 0x0D, 0xC8, 0x81, 0xE3, 0x3C, 0x2C, 0x1F, 0x4C, 0x34,
    0x1D, 0x5D, 0xB0, 0x8F, 0x82, 0xF4, 0xF2, 0x4D, 0x80, 0xA9, 0xD4, 0x43, 0x41, 0x49, 0xBC, 0x0C,
    0x68, 0xA9, 0xEF, 0xCC, 0xF0, 0x59, 0xA9, 0xEF, 0xF2, 0x7E, 0x1B, 0xC7, 0x77, 0x07, 0x74, 0x6A,
    0x60, 0xA0, 0x88, 0x98, 0xA3, 0xBC, 0x44, 0x84, 0x70, 0x25, 0x84, 0x80, 0x49, 0xCC, 0xD0, 0xBE,
    0xC9, 0x37, 0x3E, 0x5A, 0x5F, 0x1B, 0x8C, 0x88, 0x62, 0x4A, 0xA0, 0x54, 0x21, 0xB2, 0xA8, 0xF1,
    0x84, 0xF1, 0x3A, 0xA6, 0x69, 0x67, 0x57, 0x7E, 0xA9, 0xA8, 0x53, 0x44, 0xA9, 0x39, 0x9A, 0x34,
    0x44, 0xF8, 0xD7, 0x01, 0x81, 0x87, 0x64, 0xA1, 0xA2, 0x00, 0x9E, 0x80, 0x75, 0x8F, 0xF8, 0x81,
    0xD0, 0x14, 0x5E, 0xE1, 0xA3, 0x5F, 0x2A, 0x72, 0x63, 0x98, 0x1E, 0x48, 0x47, 0xFD, 0x87, 0x99,
    0xAB, 0x1F, 0x31, 0xA0, 0xE5, 0x27, 0xD6, 0xC3, 0x98, 0x2E, 0x01, 0xCA, 0x50, 0x57, 0x06, 0x10,
    0xE6, 0x3F, 0x0A, 0xA7, 0xCF, 0x96, 0x18, 0x8A, 0x86, 0x49, 0x48, 0x49, 0x82, 0x14, 0x92, 0x26,
    0x45, 0x20, 0x28, 0x3E, 0xBF, 0x9C, 0x3D, 0xD5, 0xF3, 0x78, 0x0F, 0x0E, 0x79, 0xC9, 0x03, 0xE8,
    0xC7, 0xF4, 0xBE, 0xA4, 0x72, 0x96, 0xA0, 0xF6, 0xD3, 0x31, 0xE6, 0x18, 0xF3, 0x00, 0x68, 0x41,
    0x36, 0x21, 0x1F, 0xA8, 0x44, 0x00, 0x06, 0xE0, 0x33, 0xE7, 0xE7, 0x5B, 0x16, 0xEF, 0xDE, 0x0F,
    0x6F, 0xE5, 0x76, 0xE4, 0x85, 0x60, 0x1D, 0x41, 0x7A, 0xBC, 0x68, 0x64, 0x5D, 0xF4, 0x5A, 0x08,
    0x0C, 0x39, 0x3C, 0xC0, 0xE0, 0xF6, 0xB3, 0x54, 0x2D, 0xC3, 0x8A, 0x01, 0xB7, 0xCA, 0x10, 0x8D,
    0x04, 0xFA, 0x96, 0x04, 0x5A, 0x88, 0xAA, 0x4E, 0x74, 0xAA, 0x3F, 0x03, 0xD9, 0xC7, 0x4D, 0x7B,
    0x65, 0x46, 0x2E, 0xE5, 0x64, 0x3F, 0x32, 0x2A, 0x9B, 0xFC, 0x46, 0x47, 0x87, 0x72, 0x07, 0xEF,
    0x44, 0xF8, 0x0F, 0x1C, 0x69, 0xBE, 0x1E, 0x78, 0x49, 0x25, 0x51, 0x11, 0xA1, 0x82, 0x41, 0x11,
    0xCA, 0x75, 0xE1, 0x6E, 0x38, 0x7F, 0x59, 0x9A, 0x51, 0x79, 0x00, 0x8D, 0xB7, 0xD6, 0x7B, 0xFE,
    0x2F, 0x7B, 0x67, 0x42, 0x60, 0x41, 0xE4, 0xC0, 0x15, 0xA2, 0x07, 0xA4, 0xA2, 0xC2, 0x73, 0x28,
    0xE7, 0x85, 0x51, 0x6B, 0xE9, 0x9A, 0x48, 0x48, 0x44, 0x90, 0xE7, 0x75, 0xF1, 0x6E, 0xEE, 0xCB,
    0xAB, 0xC6, 0x0F, 0x58, 0x6E, 0x3C, 0x13, 0x91, 0x59, 0x51, 0xC9, 0xC2, 0x13, 0x0C, 0xC7, 0x8E,
    0x87, 0x55, 0xB7, 0x13, 0xBB, 0x81, 0xEC, 0x07, 0x22, 0x8C, 0xD7, 0x6D, 0xEF, 0x09, 0xF0, 0xB8,
    0x2A, 0xDE, 0xF8, 0x39, 0x7C, 0x48, 0x00, 0x7E, 0xD9, 0xCE, 0x1E, 0x91, 0x65, 0x40, 0xEC, 0x53,
    0x50, 0xB4, 0x68, 0xAB, 0x08, 0x68, 0x5B, 0xD7, 0xFE, 0x56, 0xD9, 0xE7, 0xB5, 0x1B, 0xAC, 0x09,
    0x65, 0x95, 0x01, 0x6C, 0xB2, 0x80, 0xF4, 0x72, 0x68, 0x69, 0x93, 0x5A, 0x1A, 0x87, 0x11, 0x62,
    0x1A, 0xCA, 0x35, 0xA6, 0xF5, 0xA0, 0x6A, 0xB0, 0x06, 0x76, 0x79, 0x04, 0xC1, 0x22, 0x02, 0x20,
    0x38, 0xBC, 0x78, 0xA1, 0xCA, 0xE5, 0xD6, 0x55, 0x57, 0xB9, 0xE0, 0x1D, 0xC9, 0x03, 0x3C, 0x93,
    0xFF, 0xBF, 0xFE, 0x80, 0xBD, 0x0A, 0xF6, 0xB4, 0x4F, 0xF7, 0xDB, 0xD5, 0xE8, 0xC0, 0x12, 0x88,
    0x29, 0xFB, 0xE3, 0x23, 0x20, 0x3E, 0xDC, 0x49, 0x06, 0x84, 0xBD, 0xAC, 0x4C, 0x82, 0x9D, 0x59,
    0x25, 0x06, 0x59, 0x14, 0x34, 0x94, 0x14, 0x14, 0x14, 0x34, 0x94, 0x14, 0x64, 0x2E, 0x4A, 0xE5,
    0x92, 0x56, 0x4F, 0x9E, 0x3C, 0x44, 0x71, 0x3A, 0x83, 0x88, 0x0E, 0x2C, 0x82, 0x8D, 0x12, 0xA3,
    0x92, 0x6A, 0x5E, 0xA5, 0xA8, 0xF6, 0x88, 0xD4, 0x9A, 0x4B, 0x44, 0x64, 0x9A, 0xE3, 0x13, 0x49,
    0x5B, 0x4C, 0x45, 0xE2, 0x0A, 0x6A, 0x92, 0x8A, 0x68, 0x69, 0xA6, 0x92, 0x8A, 0x03, 0xDB, 0x84,
    0xF0, 0x8B, 0x1C, 0x46, 0xFB, 0x4E, 0x35, 0xCE, 0xAA, 0x40, 0xEA, 0xE4, 0x06, 0x2D, 0xEC, 0xD8,
    0x74, 0x83, 0x7A, 0x43, 0x35, 0x06, 0xB4, 0x06, 0x6A, 0x50, 0xC2, 0xAA, 0x57, 0xFF, 0xB7, 0x80,
    0x53, 0xD2, 0x4C, 0x97, 0x20, 0xA0, 0x3A, 0xEA, 0x44, 0xA0, 0x38, 0x97, 0x52, 0x6A, 0xC9, 0x32,
    0xC9, 0x32, 0xC9, 0x32, 0xC8, 0xEA, 0x9D, 0x40, 0x6A, 0x69, 0x13, 0x5C, 0x70, 0x06, 0x69, 0x4C,
    0x32, 0x73, 0x9C, 0xE8, 0xA2, 0x28, 0x5B, 0x7B, 0x03, 0x34, 0x06, 0x36, 0xE0, 0x0D, 0x6F, 0x60,
    0x66, 0x80, 0xC6, 0xD9, 0x0A, 0x71, 0x05, 0x0F, 0x2D, 0xE2, 0x9A, 0x87, 0xA7, 0x41, 0xC6, 0x76,
    0x60, 0x20, 0xC0, 0x09, 0xFC, 0x78, 0x7C, 0x51, 0x47, 0xF7, 0x43, 0xB4, 0xAA, 0xA9, 0x20, 0x64,
    0xE7, 0x34, 0xF8, 0x53, 0xD2, 0x79, 0x8F, 0x49, 0xF8, 0x90, 0x17, 0x69, 0x62, 0x08, 0x04, 0xCF,
    0x8B, 0xC4, 0x8F, 0x9A, 0x17, 0xA7, 0x37, 0x2E, 0x6A, 0x84, 0xAF, 0x3A, 0x65, 0xC5, 0x50, 0x64,
    0x2C, 0x1D, 0xE0, 0x29, 0x52, 0x18, 0x97, 0x4C, 0xF5, 0x61, 0x54, 0x83, 0xB4, 0x89, 0x2D, 0x90,
    0x0F, 0xAD, 0x7D, 0x80, 0x3E, 0x26, 0xF0, 0xE5, 0xAA, 0xDE, 0x74, 0x5A, 0xE0, 0x7A, 0x15, 0xA7,
    0x1B, 0x11, 0x31, 0x24, 0x00, 0x3B, 0x3E, 0x3F, 0x17, 0x8B, 0x4A, 0xF0, 0xA0, 0x3F, 0xB6, 0x45,
    0x54, 0x41, 0x30, 0xD3, 0xAF, 0xA5, 0x7C, 0x27, 0xB5, 0x37, 0xBC, 0xF9, 0xD8, 0xAE, 0xA8, 0x3C,
    0xF5, 0x0B, 0x90, 0xDB, 0x6D, 0xBD, 0xB9, 0x9A, 0x3E, 0x84, 0x85, 0x56, 0x40, 0x55, 0xF2, 0x39,
    0xF6, 0xE3, 0xEB, 0xC3, 0xC1, 0x89, 0xE0, 0x82, 0x89, 0x25, 0x29, 0x48, 0x51, 0x07, 0xDC, 0x04,
    0xFE, 0xC2, 0xEE, 0x48, 0xA7, 0x0A, 0x12, 0x12, 0x0F, 0xEB, 0x86, 0x20, 0x00, 0x00, 0x00, 0x00,
    0x00, 0x00, 0x00, 0x00, 0x00, 0x00, 0x00, 0x00, 0x00, 0x00, 0x00, 0x00, 0x00, 0x00, 0x00, 0x00,
    0x00, 0x00, 0x00, 0x00, 0x00, 0x00, 0x00, 0x00, 0x00, 0x00, 0x00, 0x00, 0x00, 0x00, 0x00, 0x00,
    0x00, 0x00, 0x00, 0x00, 0x00, 0x00, 0x00, 0x00, 0x00, 0x00, 0x00, 0x00, 0x00, 0x00, 0x00, 0x00,
    0x00, 0x00, 0x00, 0x00, 0x00, 0x00, 0x00, 0x00, 0x00, 0x00, 0x00, 0x00, 0x00, 0x00, 0x00, 0x00,
    0x00, 0x00, 0x00, 0x00, 0x00, 0x00, 0x00, 0x00, 0x00, 0x00, 0x00, 0x00, 0x00, 0x00, 0x00, 0x00,
    0x00, 0x00, 0x00, 0x00, 0x00, 0x00, 0x00, 0x00, 0x00, 0x00, 0x00, 0x00, 0x00, 0x00, 0x00, 0x00,
    0x00, 0x00, 0x00, 0x00, 0x00, 0x00, 0x00, 0x00, 0x00, 0x00, 0x00, 0x00, 0x00, 0x00, 0x00, 0x00,
    0x00, 0x00, 0x00, 0x00, 0x00, 0x00, 0x00, 0x00, 0x00, 0x00, 0x00, 0x00, 0x00, 0x00, 0x00, 0x00,
    0x00, 0x00, 0x00, 0x00, 0x00, 0x00, 0x00, 0x00, 0x00, 0x00, 0x00, 0x00, 0x00, 0x00, 0x00, 0x00,
    0x00, 0x00, 0x00, 0x00, 0x00, 0x00, 0x00, 0x00, 0x00, 0x00, 0x00, 0x00, 0x00, 0x00, 0x00, 0x00,
    0x00, 0x00, 0x00, 0x00, 0x00, 0x00, 0x00, 0x00, 0x00, 0x00, 0x00, 0x00, 0x00, 0x00, 0x00, 0x00,
    0x00, 0x00, 0x00, 0x00, 0x00, 0x00, 0x00, 0x00, 0x00, 0x00, 0x00, 0x00, 0x00, 0x00, 0x00, 0x00,
    0x00, 0x00, 0x00, 0x00, 0x00, 0x00, 0x00, 0x00, 0x00, 0x00, 0x00, 0x00, 0x00, 0x00, 0x00, 0x00,
    0x00, 0x00, 0x00, 0x00, 0x00, 0x00, 0x00, 0x00, 0x00, 0x00, 0x00, 0x00, 0x00, 0x00, 0x00, 0x00,
    0x00, 0x00, 0x00, 0x00, 0x00, 0x00, 0x00, 0x00, 0x00, 0x00, 0x00, 0x00, 0x00, 0x00, 0x00, 0x00,
    0x00, 0x00, 0x00, 0x00, 0x00, 0x00, 0x00, 0x00, 0x00, 0x00, 0x00, 0x00, 0x00, 0x00, 0x00, 0x00,
    0x00, 0x00, 0x00, 0x00, 0x00, 0x00, 0x00, 0x00, 0x00, 0x00, 0x00, 0x00, 0x00, 0x00, 0x00, 0x00,
    0x00, 0x00, 0x00, 0x00, 0x00, 0x00, 0x00, 0x00, 0x00, 0x00, 0x00, 0x00, 0x00, 0x00, 0x00, 0x00,
    0x00, 0x00, 0x00, 0x00, 0x00, 0x00, 0x00, 0x00, 0x00, 0x00, 0x00, 0x00, 0x00, 0x00, 0x00, 0x00,
    0x00, 0x00, 0x00, 0x00, 0x00, 0x00, 0x00, 0x00, 0x00, 0x00, 0x00, 0x00, 0x00, 0x00, 0x00, 0x00,
    0x00, 0x00, 0x00, 0x00, 0x00, 0x00, 0x00, 0x00, 0x00, 0x00, 0x00, 0x00, 0x00, 0x00, 0x00, 0x00,
    0x00, 0x00, 0x00, 0x00, 0x00, 0x00, 0x00, 0x00, 0x00, 0x00, 0x00, 0x00, 0x00, 0x00, 0x00, 0x00,
    0x00, 0x00, 0x00, 0x00, 0x00, 0x00, 0x00, 0x00, 0x00, 0x00, 0x00, 0x00, 0x00, 0x00, 0x00, 0x00,
    0x00, 0x00, 0x00, 0x00, 0x00, 0x00, 0x00, 0x00, 0x00, 0x00, 0x00, 0x00, 0x00, 0x00, 0x00, 0x00,
    0x00, 0x00, 0x00, 0x00, 0x00, 0x00, 0x00, 0x00, 0x00, 0x00, 0x00, 0x00, 0x00, 0x00, 0x00, 0x00,
    0x00, 0x00, 0x00, 0x00, 0x00, 0x00, 0x00, 0x00, 0x00, 0x00, 0x00, 0x00, 0x00, 0x00, 0x00, 0x00,
    0x00, 0x00, 0x00, 0x00, 0x00, 0x00, 0x00, 0x00, 0x00, 0x00, 0x00, 0x00, 0x00, 0x00, 0x00, 0x00,
    0x00, 0x00, 0x00, 0x00, 0x00, 0x00, 0x00, 0x00, 0x00, 0x00, 0x00, 0x00, 0x00, 0x00, 0x00, 0x00,
    0x00, 0x00, 0x00, 0x00, 0x00, 0x00, 0x00, 0x00, 0x00, 0x00, 0x00, 0x00, 0x00, 0x00, 0x00, 0x00,
    0x00, 0x00, 0x00, 0x00, 0x00, 0x00, 0x00, 0x00, 0x00, 0x00, 0x00, 0x00, 0x00, 0x00, 0x00, 0x00,
    0x00, 0x00, 0x00, 0x00, 0x00, 0x00, 0x00, 0x00, 0x00, 0x00, 0x00, 0x00, 0x00, 0x00, 0x00, 0x00,
    0x00, 0x00, 0x00, 0x00, 0x00, 0x00, 0x00, 0x00, 0x00, 0x00, 0x00, 0x00, 0x00, 0x00, 0x00, 0x00,
    0x00, 0x00, 0x00, 0x00, 0x00, 0x00, 0x00, 0x00, 0x00, 0x00, 0x00, 0x00, 0x00, 0x00, 0x00, 0x00,
    0x00, 0x00, 0x00, 0x00, 0x00, 0x00, 0x00, 0x00, 0x00, 0x00, 0x00, 0x00, 0x00, 0x00, 0x00, 0x00,
    0x00, 0x00, 0x00, 0x00, 0x00, 0x00, 0x00, 0x00, 0x00, 0x00, 0x00, 0x00, 0x00, 0x00, 0x00, 0x00,
    0x00, 0x00, 0x00, 0x00, 0x00, 0x00, 0x00, 0x00, 0x00, 0x00, 0x00, 0x00, 0x00, 0x00, 0x00, 0x00,
    0x00, 0x00, 0x00, 0x00, 0x00, 0x00, 0x00, 0x00, 0x00, 0x00, 0x00, 0x00, 0x00, 0x00, 0x00, 0x00,
    0x00, 0x00, 0x00, 0x00, 0x00, 0x00, 0x00, 0x00, 0x00, 0x00, 0x00, 0x00, 0x00, 0x00, 0x00, 0x00,
    0x00, 0x00, 0x00, 0x00, 0x00, 0x00, 0x00, 0x00, 0x00, 0x00, 0x00, 0x00, 0x00, 0x00, 0x00, 0x00,
    0x00, 0x00, 0x00, 0x00, 0x00, 0x00, 0x00, 0x00, 0x00, 0x00, 0x00, 0x00, 0x00, 0x00, 0x00, 0x00,
    0x00, 0x00, 0x00, 0x00, 0x00, 0x00, 0x00, 0x00, 0x00, 0x00, 0x00, 0x00, 0x00, 0x00, 0x00, 0x00,
    0x00, 0x00, 0x00, 0x00, 0x00, 0x00, 0x00, 0x00, 0x00, 0x00, 0x00, 0x00, 0x00, 0x00, 0x00, 0x00,
    0x00, 0x00, 0x00, 0x00, 0x00, 0x00, 0x00, 0x00, 0x00, 0x00, 0x00, 0x00, 0x00, 0x00, 0x00, 0x00,
    0x00, 0x00, 0x00, 0x00, 0x00, 0x00, 0x00, 0x00, 0x00, 0x00, 0x00, 0x00, 0x00, 0x00, 0x00, 0x00,
    0x00, 0x00, 0x00, 0x00, 0x00, 0x00, 0x00, 0x00, 0x00, 0x00, 0x00, 0x00, 0x00, 0x00, 0x00, 0x00,
    0x00, 0x00, 0x00, 0x00, 0x00, 0x00, 0x00, 0x00, 0x00, 0x00, 0x00, 0x00, 0x00, 0x00, 0x00, 0x00,
    0x00, 0x00, 0x00, 0x00, 0x00, 0x00, 0x00, 0x00, 0x00, 0x00, 0x00, 0x00, 0x00, 0x00, 0x00, 0x00,
    0x00, 0x00, 0x00, 0x00, 0x00, 0x00, 0x00, 0x00, 0x00, 0x00, 0x00, 0x00, 0x00, 0x00, 0x00, 0x00,
    0x00, 0x00, 0x00, 0x00, 0x00, 0x00, 0x00, 0x00, 0x00, 0x00, 0x00, 0x00, 0x00, 0x00, 0x00, 0x00,
    0x00, 0x00, 0x00, 0x00, 0x00, 0x00, 0x00, 0x00, 0x00, 0x00, 0x00, 0x00, 0x00, 0x00, 0x00, 0x00,
    0x00, 0x00, 0x00, 0x00, 0x00, 0x00, 0x00, 0x00, 0x00, 0x00, 0x00, 0x00, 0x00, 0x00, 0x00, 0x00,
    0x00, 0x00, 0x00, 0x00, 0x00, 0x00, 0x00, 0x00, 0x00, 0x00, 0x00, 0x00, 0x00, 0x00, 0x00, 0x00,
    0x00, 0x00, 0x00, 0x00, 0x00, 0x00, 0x00, 0x00, 0x00, 0x00, 0x00, 0x00, 0x00, 0x00, 0x00, 0x00,
    0x00, 0x00, 0x00, 0x00, 0x00, 0x00, 0x00, 0x00, 0x00, 0x00, 0x00, 0x00, 0x00, 0x00, 0x00, 0x00,
    0x00, 0x00, 0x00, 0x00, 0x00, 0x00, 0x00, 0x00, 0x00, 0x00, 0x00, 0x00, 0x00, 0x00, 0x00, 0x00,
    0x00, 0x00, 0x00, 0x00, 0x00, 0x00, 0x00, 0x00, 0x00, 0x00, 0x00, 0x00, 0x00, 0x00, 0x00, 0x00,
    0x00, 0x00, 0x00, 0x00, 0x00, 0x00, 0x00, 0x00, 0x00, 0x00, 0x00, 0x00, 0x00, 0x00, 0x00, 0x00,
    0x00, 0x00, 0x00, 0x00, 0x00, 0x00, 0x00, 0x00, 0x00, 0x00, 0x00, 0x00, 0x00, 0x00, 0x00, 0x00,
    0x00, 0x00, 0x00, 0x00, 0x00, 0x00, 0x00, 0x00, 0x00, 0x00, 0x00, 0x00, 0x00, 0x00, 0x00, 0x00,
    0x00, 0x00, 0x00, 0x00, 0x00, 0x00, 0x00, 0x00, 0x00, 0x00, 0x00, 0x00, 0x00, 0x00, 0x00, 0x00,
    0x00, 0x00, 0x00, 0x00, 0x00, 0x00, 0x00, 0x00, 0x00, 0x00, 0x00, 0x00, 0x00, 0x00, 0x00, 0x00,
    0x00, 0x00, 0x00, 0x00, 0x00, 0x00, 0x00, 0x00, 0x00, 0x00, 0x00, 0x00, 0x00, 0x00, 0x00, 0x00,
    0x00, 0x00, 0x00, 0x00, 0x00, 0x00, 0x00, 0x00, 0x00, 0x00, 0x00, 0x00, 0x00, 0x00, 0x00, 0x00,
    0x00, 0x00, 0x00, 0x00, 0x00, 0x00, 0x00, 0x00, 0x00, 0x00, 0x00, 0x00, 0x00, 0x00, 0x00, 0x00,
    0x00, 0x00, 0x00, 0x00, 0x00, 0x00, 0x00, 0x00, 0x00, 0x00, 0x00, 0x00, 0x00, 0x00, 0x00, 0x00,
    0x00, 0x00, 0x00, 0x00, 0x00, 0x00, 0x00, 0x00, 0x00, 0x00, 0x00, 0x00, 0x00, 0x00, 0x00, 0x00,
    0x00, 0x00, 0x00, 0x00, 0x00, 0x00, 0x00, 0x00, 0x00, 0x00, 0x00, 0x00, 0x00, 0x00, 0x00, 0x00,
    0x00, 0x00, 0x00, 0x00, 0x00, 0x00, 0x00, 0x00, 0x00, 0x00, 0x00, 0x00, 0x00, 0x00, 0x00, 0x00,
    0x00, 0x00, 0x00, 0x00, 0x00, 0x00, 0x00, 0x00, 0x00, 0x00, 0x00, 0x00, 0x00, 0x00, 0x00, 0x00,
    0x00, 0x00, 0x00, 0x00, 0x00, 0x00, 0x00, 0x00, 0x00, 0x00, 0x00, 0x00, 0x00, 0x00, 0x00, 0x00,
    0x00, 0x00, 0x00, 0x00, 0x00, 0x00, 0x00, 0x00, 0x00, 0x00, 0x00, 0x00, 0x00, 0x00, 0x00, 0x00,
    0x00, 0x00, 0x00, 0x00, 0x00, 0x00, 0x00, 0x00, 0x00, 0x00, 0x00, 0x00, 0x00, 0x00, 0x00, 0x00,
    0x00, 0x00, 0x00, 0x00, 0x00, 0x00, 0x00, 0x00, 0x00, 0x00, 0x00, 0x00, 0x00, 0x00, 0x00, 0x00,
    0x00, 0x00, 0x00, 0x00, 0x00, 0x00, 0x00, 0x00, 0x00, 0x00, 0x00, 0x00, 0x00, 0x00, 0x00, 0x00,
    0x00, 0x00, 0x00, 0x00, 0x00, 0x00, 0x00, 0x00, 0x00, 0x00, 0x00, 0x00, 0x00, 0x00, 0x00, 0x00,
    0x00, 0x00, 0x00, 0x00, 0x00, 0x00, 0x00, 0x00, 0x00, 0x00, 0x00, 0x00, 0x00, 0x00, 0x00, 0x00,
    0x00, 0x00, 0x00, 0x00, 0x00, 0x00, 0x00, 0x00, 0x00, 0x00, 0x00, 0x00, 0x00, 0x00, 0x00, 0x00,
    0x00, 0x00, 0x00, 0x00, 0x00, 0x00, 0x00, 0x00, 0x00, 0x00, 0x00, 0x00, 0x00, 0x00, 0x00, 0x00,
    0x00, 0x00, 0x00, 0x00, 0x00, 0x00, 0x00, 0x00, 0x00, 0x00, 0x00, 0x00, 0x00, 0x00, 0x00, 0x00,
    0x00, 0x00, 0x00, 0x00, 0x00, 0x00, 0x00, 0x00, 0x00, 0x00, 0x00, 0x00, 0x00, 0x00, 0x00, 0x00,
    0x00, 0x00, 0x00, 0x00, 0x00, 0x00, 0x00, 0x00, 0x00, 0x00, 0x00, 0x00, 0x00, 0x00, 0x00, 0x00,
    0x00, 0x00, 0x00, 0x00, 0x00, 0x00, 0x00, 0x00, 0x00, 0x00, 0x00, 0x00, 0x00, 0x00, 0x00, 0x00,
    0x00, 0x00, 0x00, 0x00, 0x00, 0x00, 0x00, 0x00, 0x00, 0x00, 0x00, 0x00, 0x00, 0x00, 0x00, 0x00,
    0x00, 0x00, 0x00, 0x00, 0x00, 0x00, 0x00, 0x00, 0x00, 0x00, 0x00, 0x00, 0x00, 0x00, 0x00, 0x00,
    0x00, 0x00, 0x00, 0x00, 0x00, 0x00, 0x00, 0x00, 0x00, 0x00, 0x00, 0x00, 0x00, 0x00, 0x00, 0x00,
    0x00, 0x00, 0x00, 0x00, 0x00, 0x00, 0x00, 0x00, 0x00, 0x00, 0x00, 0x00, 0x00, 0x00, 0x00, 0x00,
    0x00, 0x00, 0x00, 0x00, 0x00, 0x00, 0x00, 0x00, 0x00, 0x00, 0x00, 0x00, 0x00, 0x00, 0x00, 0x00,
    0x00, 0x00, 0x00, 0x00, 0x00, 0x00, 0x00, 0x00, 0x00, 0x00, 0x00, 0x00, 0x00, 0x00, 0x00, 0x00,
    0x00, 0x00, 0x00, 0x00, 0x00, 0x00, 0x00, 0x00, 0x00, 0x00, 0x00, 0x00, 0x00, 0x00, 0x00, 0x00,
    0x00, 0x00, 0x00, 0x00, 0x00, 0x00, 0x00, 0x00, 0x00, 0x00, 0x00, 0x00, 0x00, 0x00, 0x00, 0x00,
    0x00, 0x00, 0x00, 0x00, 0x00, 0x00, 0x00, 0x00, 0x00, 0x00, 0x00, 0x00, 0x00, 0x00, 0x00, 0x00,
    0x00, 0x00, 0x00, 0x00, 0x00, 0x00, 0x00, 0x00, 0x00, 0x00, 0x00, 0x00, 0x00, 0x00, 0x00, 0x00,
    0x00, 0x00, 0x00, 0x00, 0x00, 0x00, 0x00, 0x00, 0x00, 0x00, 0x00, 0x00, 0x00, 0x00, 0x00, 0x00,
    0x00, 0x00, 0x00, 0x00, 0x00, 0x00, 0x00, 0x00, 0x00, 0x00, 0x00, 0x00, 0x00, 0x00, 0x00, 0x00,
    0x00, 0x00, 0x00, 0x00, 0x00, 0x00, 0x00, 0x00, 0x00, 0x00, 0x00, 0x00, 0x00, 0x00, 0x00, 0x00,
    0x00, 0x00, 0x00, 0x00, 0x00, 0x00, 0x00, 0x00, 0x00, 0x00, 0x00, 0x00, 0x00, 0x00, 0x00, 0x00,
    0x00, 0x00, 0x00, 0x00, 0x00, 0x00, 0x00, 0x00, 0x00, 0x00, 0x00, 0x00, 0x00, 0x00, 0x00, 0x00,
    0x00, 0x00, 0x00, 0x00, 0x00, 0x00, 0x00, 0x00, 0x00, 0x00, 0x00, 0x00, 0x00, 0x00, 0x00, 0x00,
    0x00, 0x00, 0x00, 0x00, 0x00, 0x00, 0x00, 0x00, 0x00, 0x00, 0x00, 0x00, 0x00, 0x00, 0x00, 0x00,
    0x00, 0x00, 0x00, 0x00, 0x00, 0x00, 0x00, 0x00, 0x00, 0x00, 0x00, 0x00, 0x00, 0x00, 0x00, 0x00,
    0x00, 0x00, 0x00, 0x00, 0x00, 0x00, 0x00, 0x00, 0x00, 0x00, 0x00, 0x00, 0x00, 0x00, 0x00, 0x00,
    0x00, 0x00, 0x00, 0x00, 0x00, 0x00, 0x00, 0x00, 0x00, 0x00, 0x00, 0x00, 0x00, 0x00, 0x00, 0x00,
    0x00, 0x00, 0x00, 0x00, 0x00, 0x00, 0x00, 0x00, 0x00, 0x00, 0x00, 0x00, 0x00, 0x00, 0x00, 0x00,
    0x00, 0x00, 0x00, 0x00, 0x00, 0x00, 0x00, 0x00, 0x00, 0x00, 0x00, 0x00, 0x00, 0x00, 0x00, 0x00,
    0x00, 0x00, 0x00, 0x00, 0x00, 0x00, 0x00, 0x00, 0x00, 0x00, 0x00, 0x00, 0x00, 0x00, 0x00, 0x00,
    0x00, 0x00, 0x00, 0x00, 0x00, 0x00, 0x00, 0x00, 0x00, 0x00, 0x00, 0x00, 0x00, 0x00, 0x00, 0x00,
    0x00, 0x00, 0x00, 0x00, 0x00, 0x00, 0x00, 0x00, 0x00, 0x00, 0x00, 0x00, 0x00, 0x00, 0x00, 0x00,
    0x00, 0x00, 0x00, 0x00, 0x00, 0x00, 0x00, 0x00, 0x00, 0x00, 0x00, 0x00, 0x00, 0x00, 0x00, 0x00,
    0x00, 0x00, 0x00, 0x00, 0x00, 0x00, 0x00, 0x00, 0x00, 0x00, 0x00, 0x00, 0x00, 0x00, 0x00, 0x00,
    0x00, 0x00, 0x00, 0x00, 0x00, 0x00, 0x00, 0x00, 0x00, 0x00, 0x00, 0x00, 0x00, 0x00, 0x00, 0x00,
    0x00, 0x00, 0x00, 0x00, 0x00, 0x00, 0x00, 0x00, 0x00, 0x00, 0x00, 0x00, 0x00, 0x00, 0x00, 0x00,
    0x00, 0x00, 0x00, 0x00, 0x00, 0x00, 0x00, 0x00, 0x00, 0x00, 0x00, 0x00, 0x00, 0x00, 0x00, 0x00,
    0x00, 0x00, 0x00, 0x00, 0x00, 0x00, 0x00, 0x00, 0x00, 0x00, 0x00, 0x00, 0x00, 0x00, 0x00, 0x00,
    0x00, 0x00, 0x00, 0x00, 0x00, 0x00, 0x00, 0x00, 0x00, 0x00, 0x00, 0x00, 0x00, 0x00, 0x00, 0x00,
    0x00, 0x00, 0x00, 0x00, 0x00, 0x00, 0x00, 0x00, 0x00, 0x00, 0x00, 0x00, 0x00, 0x00, 0x00, 0x00,
    0x00, 0x00, 0x00, 0x00, 0x00, 0x00, 0x00, 0x00, 0x00, 0x00, 0x00, 0x00, 0x00, 0x00, 0x00, 0x00,
    0x00, 0x00, 0x00, 0x00, 0x00, 0x00, 0x00, 0x00, 0x00, 0x00, 0x00, 0x00, 0x00, 0x00, 0x00, 0x00,
    0x00, 0x00, 0x00, 0x00, 0x00, 0x00, 0x00, 0x00, 0x00, 0x00, 0x00, 0x00, 0x00, 0x00, 0x00, 0x00,
    0x00, 0x00, 0x00, 0x00, 0x00, 0x00, 0x00, 0x00, 0x00, 0x00, 0x00, 0x00, 0x00, 0x00, 0x00, 0x00,
    0x00, 0x00, 0x00, 0x00, 0x00, 0x00, 0x00, 0x00, 0x00, 0x00, 0x00, 0x00, 0x00, 0x00, 0x00, 0x00,
    0x00, 0x00, 0x00, 0x00, 0x00, 0x00, 0x00, 0x00, 0x00, 0x00, 0x00, 0x00, 0x00, 0x00, 0x00, 0x00,
    0x00, 0x00, 0x00, 0x00, 0x00, 0x00, 0x00, 0x00, 0x00, 0x00, 0x00, 0x00, 0x00, 0x00, 0x00, 0x00,
    0x00, 0x00, 0x00, 0x00, 0x00, 0x00, 0x00, 0x00, 0x00, 0x00, 0x00, 0x00, 0x00, 0x00, 0x00, 0x00,
    0x00, 0x00, 0x00, 0x00, 0x00, 0x00, 0x00, 0x00, 0x00, 0x00, 0x00, 0x00, 0x00, 0x00, 0x00, 0x00,
    0x00, 0x00, 0x00, 0x00, 0x00, 0x00, 0x00, 0x00, 0x00, 0x00, 0x00, 0x00, 0x00, 0x00, 0x00, 0x00,
    0x00, 0x00, 0x00, 0x00, 0x00, 0x00, 0x00, 0x00, 0x00, 0x00, 0x00, 0x00, 0x00, 0x00, 0x00, 0x00,
    0x00, 0x00, 0x00, 0x00, 0x00, 0x00, 0x00, 0x00, 0x00, 0x00, 0x00, 0x00, 0x00, 0x00, 0x00, 0x00,
    0x00, 0x00, 0x00, 0x00, 0x00, 0x00, 0x00, 0x00, 0x00, 0x00, 0x00, 0x00, 0x00, 0x00, 0x00, 0x00,
    0x00, 0x00, 0x00, 0x00, 0x00, 0x00, 0x00, 0x00, 0x00, 0x00, 0x00, 0x00, 0x00, 0x00, 0x00, 0x00,
    0x00, 0x00, 0x00, 0x00, 0x00, 0x00, 0x00, 0x00, 0x00, 0x00, 0x00, 0x00, 0x00, 0x00, 0x00, 0x00,
    0x00, 0x00, 0x00, 0x00, 0x00, 0x00, 0x00, 0x00, 0x00, 0x00, 0x00, 0x00, 0x00, 0x00, 0x00, 0x00,
    0x00, 0x00, 0x00, 0x00, 0x00, 0x00, 0x00, 0x00, 0x00, 0x00, 0x00, 0x00, 0x00, 0x00, 0x00, 0x00,
    0x00, 0x00, 0x00, 0x00, 0x00, 0x00, 0x00, 0x00, 0x00, 0x00, 0x00, 0x00, 0x00, 0x00, 0x00, 0x00,
    0x00, 0x00, 0x00, 0x00, 0x00, 0x00, 0x00, 0x00, 0x00, 0x00, 0x00, 0x00, 0x00, 0x00, 0x00, 0x00,
    0x00, 0x00, 0x00, 0x00, 0x00, 0x00, 0x00, 0x00, 0x00, 0x00, 0x00, 0x00, 0x00, 0x00, 0x00, 0x00,
    0x00, 0x00, 0x00, 0x00, 0x00, 0x00, 0x00, 0x00, 0x00, 0x00, 0x00, 0x00, 0x00, 0x00, 0x00, 0x00,
    0x00, 0x00, 0x00, 0x00, 0x00, 0x00, 0x00, 0x00, 0x00, 0x00, 0x00, 0x00, 0x00, 0x00, 0x00, 0x00,
    0x00, 0x00, 0x00, 0x00, 0x00, 0x00, 0x00, 0x00, 0x00, 0x00, 0x00, 0x00, 0x00, 0x00, 0x00, 0x00,
    0x00, 0x00, 0x00, 0x00, 0x00, 0x00, 0x00, 0x00, 0x00, 0x00, 0x00, 0x00, 0x00, 0x00, 0x00, 0x00,
    0x00, 0x00, 0x00, 0x00, 0x00, 0x00, 0x00, 0x00, 0x00, 0x00, 0x00, 0x00, 0x00, 0x00, 0x00, 0x00,
    0x00, 0x00, 0x00, 0x00, 0x00, 0x00, 0x00, 0x00, 0x00, 0x00, 0x00, 0x00, 0x00, 0x00, 0x00, 0x00,
    0x00, 0x00, 0x00, 0x00, 0x00, 0x00, 0x00, 0x00, 0x00, 0x00, 0x00, 0x00, 0x00, 0x00, 0x00, 0x00,
    0x00, 0x00, 0x00, 0x00, 0x00, 0x00, 0x00, 0x00, 0x00, 0x00, 0x00, 0x00, 0x00, 0x00, 0x00, 0x00,
    0x00, 0x00, 0x00, 0x00, 0x00, 0x00, 0x00, 0x00, 0x00, 0x00, 0x00, 0x00, 0x00, 0x00, 0x00, 0x00,
    0x00, 0x00, 0x00, 0x00, 0x00, 0x00, 0x00, 0x00, 0x00, 0x00, 0x00, 0x00, 0x00, 0x00, 0x00, 0x00,
    0x00, 0x00, 0x00, 0x00, 0x00, 0x00, 0x00, 0x00, 0x00, 0x00, 0x00, 0x00, 0x00, 0x00, 0x00, 0x00,
    0x00, 0x00, 0x00, 0x00, 0x00, 0x00, 0x00, 0x00, 0x00, 0x00, 0x00, 0x00, 0x00, 0x00, 0x00, 0x00,
    0x00, 0x00, 0x00, 0x00, 0x00, 0x00, 0x00, 0x00, 0x00, 0x00, 0x00, 0x00, 0x00, 0x00, 0x00, 0x00,
    0x00, 0x00, 0x00, 0x00, 0x00, 0x00, 0x00, 0x00, 0x00, 0x00, 0x00, 0x00, 0x00, 0x00, 0x00, 0x00,
    0x00, 0x00, 0x00, 0x00, 0x00, 0x00, 0x00, 0x00, 0x00, 0x00, 0x00, 0x00, 0x00, 0x00, 0x00, 0x00,
    0x00, 0x00, 0x00, 0x00, 0x00, 0x00, 0x00, 0x00, 0x00, 0x00, 0x00, 0x00, 0x00, 0x00, 0x00, 0x00,
    0x00, 0x00, 0x00, 0x00, 0x00, 0x00, 0x00, 0x00, 0x00, 0x00, 0x00, 0x00, 0x00, 0x00, 0x00, 0x00,
    0x00, 0x00, 0x00, 0x00, 0x00, 0x00, 0x00, 0x00, 0x00, 0x00, 0x00, 0x00, 0x00, 0x00, 0x00, 0x00,
    0x00, 0x00, 0x00, 0x00, 0x00, 0x00, 0x00, 0x00, 0x00, 0x00, 0x00, 0x00, 0x00, 0x00, 0x00, 0x00,
    0x00, 0x00, 0x00, 0x00, 0x00, 0x00, 0x00, 0x00, 0x00, 0x00, 0x00, 0x00, 0x00, 0x00, 0x00, 0x00,
    0x00, 0x00, 0x00, 0x00, 0x00, 0x00, 0x00, 0x00, 0x00, 0x00, 0x00, 0x00, 0x00, 0x00, 0x00, 0x00,
    0x00, 0x00, 0x00, 0x00, 0x00, 0x00, 0x00, 0x00, 0x00, 0x00, 0x00, 0x00, 0x00, 0x00, 0x00, 0x00,
    0x00, 0x00, 0x00, 0x00, 0x00, 0x00, 0x00, 0x00, 0x00, 0x00, 0x00, 0x00, 0x00, 0x00, 0x00, 0x00,
    0x00, 0x00, 0x00, 0x00, 0x00, 0x00, 0x00, 0x00, 0x00, 0x00, 0x00, 0x00, 0x00, 0x00, 0x00, 0x00,
    0x00, 0x00, 0x00, 0x00, 0x00, 0x00, 0x00, 0x00, 0x00, 0x00, 0x00, 0x00, 0x00, 0x00, 0x00, 0x00,
    0x00, 0x00, 0x00, 0x00, 0x00, 0x00, 0x00, 0x00, 0x00, 0x00, 0x00, 0x00, 0x00, 0x00, 0x00, 0x00,
    0x00, 0x00, 0x00, 0x00, 0x00, 0x00, 0x00, 0x00, 0x00, 0x00, 0x00, 0x00, 0x00, 0x00, 0x00, 0x00,
    0x00, 0x00, 0x00, 0x00, 0x00, 0x00, 0x00, 0x00, 0x00, 0x00, 0x00, 0x00, 0x00, 0x00, 0x00, 0x00,
    0x00, 0x00, 0x00, 0x00, 0x00, 0x00, 0x00, 0x00, 0x00, 0x00, 0x00, 0x00, 0x00, 0x00, 0x00, 0x00,
    0x00, 0x00, 0x00, 0x00, 0x00, 0x00, 0x00, 0x00, 0x00, 0x00, 0x00, 0x00, 0x00, 0x00, 0x00, 0x00,
    0x00, 0x00, 0x00, 0x00, 0x00, 0x00, 0x00, 0x00, 0x00, 0x00, 0x00, 0x00, 0x00, 0x00, 0x00, 0x00,
    0x00, 0x00, 0x00, 0x00, 0x00, 0x00, 0x00, 0x00, 0x00, 0x00, 0x00, 0x00, 0x00, 0x00, 0x00, 0x00,
    0x00, 0x00, 0x00, 0x00, 0x00, 0x00, 0x00, 0x00, 0x00, 0x00, 0x00, 0x00, 0x00, 0x00, 0x00, 0x00,
    0x00, 0x00, 0x00, 0x00, 0x00, 0x00, 0x00, 0x00, 0x00, 0x00, 0x00, 0x00, 0x00, 0x00, 0x00, 0x00,
    0x00, 0x00, 0x00, 0x00, 0x00, 0x00, 0x00, 0x00, 0x00, 0x00, 0x00, 0x00, 0x00, 0x00, 0x00, 0x00,
    0x00, 0x00, 0x00, 0x00, 0x00, 0x00, 0x00, 0x00, 0x00, 0x00, 0x00, 0x00, 0x00, 0x00, 0x00, 0x00,
    0x00, 0x00, 0x00, 0x00, 0x00, 0x00, 0x00, 0x00, 0x00, 0x00, 0x00, 0x00, 0x00, 0x00, 0x00, 0x00,
    0x00, 0x00, 0x00, 0x00, 0x00, 0x00, 0x00, 0x00, 0x00, 0x00, 0x00, 0x00, 0x00, 0x00, 0x00, 0x00,
    0x00, 0x00, 0x00, 0x00, 0x00, 0x00, 0x00, 0x00, 0x00, 0x00, 0x00, 0x00, 0x00, 0x00, 0x00, 0x00,
    0x00, 0x00, 0x00, 0x00, 0x00, 0x00, 0x00, 0x00, 0x00, 0x00, 0x00, 0x00, 0x00, 0x00, 0x00, 0x00,
    0x00, 0x00, 0x00, 0x00, 0x00, 0x00, 0x00, 0x00, 0x00, 0x00, 0x00, 0x00, 0x00, 0x00, 0x00, 0x00,
    0x00, 0x00, 0x00, 0x00, 0x00, 0x00, 0x00, 0x00, 0x00, 0x00, 0x00, 0x00, 0x00, 0x00, 0x00, 0x00,
    0x00, 0x00, 0x00, 0x00, 0x00, 0x00, 0x00, 0x00, 0x00, 0x00, 0x00, 0x00, 0x00, 0x00, 0x00, 0x00,
    0x00, 0x00, 0x00, 0x00, 0x00, 0x00, 0x00, 0x00, 0x00, 0x00, 0x00, 0x00, 0x00, 0x00, 0x00, 0x00,
    0x00, 0x00, 0x00, 0x00, 0x00, 0x00, 0x00, 0x00, 0x00, 0x00, 0x00, 0x00, 0x00, 0x00, 0x00, 0x00,
    0x00, 0x00, 0x00, 0x00, 0x00, 0x00, 0x00, 0x00, 0x00, 0x00, 0x00, 0x00, 0x00, 0x00, 0x00, 0x00,
    0x00, 0x00, 0x00, 0x00, 0x00, 0x00, 0x00, 0x00, 0x00, 0x00, 0x00, 0x00, 0x00, 0x00, 0x00, 0x00,
    0x00, 0x00, 0x00, 0x00, 0x00, 0x00, 0x00, 0x00, 0x00, 0x00, 0x00, 0x00, 0x00, 0x00, 0x00, 0x00,
    0x00, 0x00, 0x00, 0x00, 0x00, 0x00, 0x00, 0x00, 0x00, 0x00, 0x00, 0x00, 0x00, 0x00, 0x00, 0x00,
    0x00, 0x00, 0x00, 0x00, 0x00, 0x00, 0x00, 0x00, 0x00, 0x00, 0x00, 0x00, 0x00, 0x00, 0x00, 0x00,
    0x00, 0x00, 0x00, 0x00, 0x00, 0x00, 0x00, 0x00, 0x00, 0x00, 0x00, 0x00, 0x00, 0x00, 0x00, 0x00,
    0x00, 0x00, 0x00, 0x00, 0x00, 0x00, 0x00, 0x00, 0x00, 0x00, 0x00, 0x00, 0x00, 0x00, 0x00, 0x00,
    0x00, 0x00, 0x00, 0x00, 0x00, 0x00, 0x00, 0x00, 0x00, 0x00, 0x00, 0x00, 0x00, 0x00, 0x00, 0x00,
    0x00, 0x00, 0x00, 0x00, 0x00, 0x00, 0x00, 0x00, 0x00, 0x00, 0x00, 0x00, 0x00, 0x00, 0x00, 0x00,
    0x00, 0x00, 0x00, 0x00, 0x00, 0x00, 0x00, 0x00, 0x00, 0x00, 0x00, 0x00, 0x00, 0x00, 0x00, 0x00,
    0x00, 0x00, 0x00, 0x00, 0x00, 0x00, 0x00, 0x00, 0x00, 0x00, 0x00, 0x00, 0x00, 0x00, 0x00, 0x00,
    0x00, 0x00, 0x00, 0x00, 0x00, 0x00, 0x00, 0x00, 0x00, 0x00, 0x00, 0x00, 0x00, 0x00, 0x00, 0x00,
    0x00, 0x00, 0x00, 0x00, 0x00, 0x00, 0x00, 0x00, 0x00, 0x00, 0x00, 0x00, 0x00, 0x00, 0x00, 0x00,
    0x00, 0x00, 0x00, 0x00, 0x00, 0x00, 0x00, 0x00, 0x00, 0x00, 0x00, 0x00, 0x00, 0x00, 0x00, 0x00,
    0x00, 0x00, 0x00, 0x00, 0x00, 0x00, 0x00, 0x00, 0x00, 0x00, 0x00, 0x00, 0x00, 0x00, 0x00, 0x00,
    0x00, 0x00, 0x00, 0x00, 0x00, 0x00, 0x00, 0x00, 0x00, 0x00, 0x00, 0x00, 0x00, 0x00, 0x00, 0x00,
    0x00, 0x00, 0x00, 0x00, 0x00, 0x00, 0x00, 0x00, 0x00, 0x00, 0x00, 0x00, 0x00, 0x00, 0x00, 0x00,
    0x00, 0x00, 0x00, 0x00, 0x00, 0x00, 0x00, 0x00, 0x00, 0x00, 0x00, 0x00, 0x00, 0x00, 0x00, 0x00,
    0x00, 0x00, 0x00, 0x00, 0x00, 0x00, 0x00, 0x00, 0x00, 0x00, 0x00, 0x00, 0x00, 0x00, 0x00, 0x00,
    0x00, 0x00, 0x00, 0x00, 0x00, 0x00, 0x00, 0x00, 0x00, 0x00, 0x00, 0x00, 0x00, 0x00, 0x00, 0x00,
    0x00, 0x00, 0x00, 0x00, 0x00, 0x00, 0x00, 0x00, 0x00, 0x00, 0x00, 0x00, 0x00, 0x00, 0x00, 0x00,
    0x00, 0x00, 0x00, 0x00, 0x00, 0x00, 0x00, 0x00, 0x00, 0x00, 0x00, 0x00, 0x00, 0x00, 0x00, 0x00,
    0x00, 0x00, 0x00, 0x00, 0x00, 0x00, 0x00, 0x00, 0x00, 0x00, 0x00, 0x00, 0x00, 0x00, 0x00, 0x00,
    0x00, 0x00, 0x00, 0x00, 0x00, 0x00, 0x00, 0x00, 0x00, 0x00, 0x00, 0x00, 0x00, 0x00, 0x00, 0x00,
    0x00, 0x00, 0x00, 0x00, 0x00, 0x00, 0x00, 0x00, 0x00, 0x00, 0x00, 0x00, 0x00, 0x00, 0x00, 0x00,
    0x00, 0x00, 0x00, 0x00, 0x00, 0x00, 0x00, 0x00, 0x00, 0x00, 0x00, 0x00, 0x00, 0x00, 0x00, 0x00,
    0x00, 0x00, 0x00, 0x00, 0x00, 0x00, 0x00, 0x00, 0x00, 0x00, 0x00, 0x00, 0x00, 0x00, 0x00, 0x00,
    0x00, 0x00, 0x00, 0x00, 0x00, 0x00, 0x00, 0x00, 0x00, 0x00, 0x00, 0x00, 0x00, 0x00, 0x00, 0x00,
    0x00, 0x00, 0x00, 0x00, 0x00, 0x00, 0x00, 0x00, 0x00, 0x00, 0x00, 0x00, 0x00, 0x00, 0x00, 0x00,
    0x00, 0x00, 0x00, 0x00, 0x00, 0x00, 0x00, 0x00, 0x00, 0x00, 0x00, 0x00, 0x00, 0x00, 0x00, 0x00,
    0x00, 0x00, 0x00, 0x00, 0x00, 0x00, 0x00, 0x00, 0x00, 0x00, 0x00, 0x00, 0x00, 0x00, 0x00, 0x00,
    0x00, 0x00, 0x00, 0x00, 0x00, 0x00, 0x00, 0x00, 0x00, 0x00, 0x00, 0x00, 0x00, 0x00, 0x00, 0x00,
    0x00, 0x00, 0x00, 0x00, 0x00, 0x00, 0x00, 0x00, 0x00, 0x00, 0x00, 0x00, 0x00, 0x00, 0x00, 0x00,
    0x00, 0x00, 0x00, 0x00, 0x00, 0x00, 0x00, 0x00, 0x00, 0x00, 0x00, 0x00, 0x00, 0x00, 0x00, 0x00,
    0x00, 0x00, 0x00, 0x00, 0x00, 0x00, 0x00, 0x00, 0x00, 0x00, 0x00, 0x00, 0x00, 0x00, 0x00, 0x00,
    0x00, 0x00, 0x00, 0x00, 0x00, 0x00, 0x00, 0x00, 0x00, 0x00, 0x00, 0x00, 0x00, 0x00, 0x00, 0x00,
    0x00, 0x00, 0x00, 0x00, 0x00, 0x00, 0x00, 0x00, 0x00, 0x00, 0x00, 0x00, 0x00, 0x00, 0x00, 0x00,
    0x00, 0x00, 0x00, 0x00, 0x00, 0x00, 0x00, 0x00, 0x00, 0x00, 0x00, 0x00, 0x00, 0x00, 0x00, 0x00,
    0x00, 0x00, 0x00, 0x00, 0x00, 0x00, 0x00, 0x00, 0x00, 0x00, 0x00, 0x00, 0x00, 0x00, 0x00, 0x00,
    0x00, 0x00, 0x00, 0x00, 0x00, 0x00, 0x00, 0x00, 0x00, 0x00, 0x00, 0x00, 0x00, 0x00, 0x00, 0x00,
    0x00, 0x00, 0x00, 0x00, 0x00, 0x00, 0x00, 0x00, 0x00, 0x00, 0x00, 0x00, 0x00, 0x00, 0x00, 0x00,
    0x00, 0x00, 0x00, 0x00, 0x00, 0x00, 0x00, 0x00, 0x00, 0x00, 0x00, 0x00, 0x00, 0x00, 0x00, 0x00,
    0x00, 0x00, 0x00, 0x00, 0x00, 0x00, 0x00, 0x00, 0x00, 0x00, 0x00, 0x00, 0x00, 0x00, 0x00, 0x00,
    0x00, 0x00, 0x00, 0x00, 0x00, 0x00, 0x00, 0x00, 0x00, 0x00, 0x00, 0x00, 0x00, 0x00, 0x00, 0x00,
    0x00, 0x00, 0x00, 0x00, 0x00, 0x00, 0x00, 0x00, 0x00, 0x00, 0x00, 0x00, 0x00, 0x00, 0x00, 0x00,
    0x00, 0x00, 0x00, 0x00, 0x00, 0x00, 0x00, 0x00, 0x00, 0x00, 0x00, 0x00, 0x00, 0x00, 0x00, 0x00,
    0x00, 0x00, 0x00, 0x00, 0x00, 0x00, 0x00, 0x00, 0x00, 0x00, 0x00, 0x00, 0x00, 0x00, 0x00, 0x00,
    0x00, 0x00, 0x00, 0x00, 0x00, 0x00, 0x00, 0x00, 0x00, 0x00, 0x00, 0x00, 0x00, 0x00, 0x00, 0x00,
    0x00, 0x00, 0x00, 0x00, 0x00, 0x00, 0x00, 0x00, 0x00, 0x00, 0x00, 0x00, 0x00, 0x00, 0x00, 0x00,
    0x00, 0x00, 0x00, 0x00, 0x00, 0x00, 0x00, 0x00, 0x00, 0x00, 0x00, 0x00, 0x00, 0x00, 0x00, 0x00,
    0x00, 0x00, 0x00, 0x00, 0x00, 0x00, 0x00, 0x00, 0x00, 0x00, 0x00, 0x00, 0x00, 0x00, 0x00, 0x00,
    0x00, 0x00, 0x00, 0x00, 0x00, 0x00, 0x00, 0x00, 0x00, 0x00, 0x00, 0x00, 0x00, 0x00, 0x00, 0x00,
    0x00, 0x00, 0x00, 0x00, 0x00, 0x00, 0x00, 0x00, 0x00, 0x00, 0x00, 0x00, 0x00, 0x00, 0x00, 0x00,
    0x00, 0x00, 0x00, 0x00, 0x00, 0x00, 0x00, 0x00, 0x00, 0x00, 0x00, 0x00, 0x00, 0x00, 0x00, 0x00,
    0x00, 0x00, 0x00, 0x00, 0x00, 0x00, 0x00, 0x00, 0x00, 0x00, 0x00, 0x00, 0x00, 0x00, 0x00, 0x00,
    0x00, 0x00, 0x00, 0x00, 0x00, 0x00, 0x00, 0x00, 0x00, 0x00, 0x00, 0x00, 0x00, 0x00, 0x00, 0x00,
    0x00, 0x00, 0x00, 0x00, 0x00, 0x00, 0x00, 0x00, 0x00, 0x00, 0x00, 0x00, 0x00, 0x00, 0x00, 0x00,
    0x00, 0x00, 0x00, 0x00, 0x00, 0x00, 0x00, 0x00, 0x00, 0x00, 0x00, 0x00, 0x00, 0x00, 0x00, 0x00,
    0x00, 0x00, 0x00, 0x00, 0x00, 0x00, 0x00, 0x00, 0x00, 0x00, 0x00, 0x00, 0x00, 0x00, 0x00, 0x00,
    0x00, 0x00, 0x00, 0x00, 0x00, 0x00, 0x00, 0x00, 0x00, 0x00, 0x00, 0x00, 0x00, 0x00, 0x00, 0x00,
    0x00, 0x00, 0x00, 0x00, 0x00, 0x00, 0x00, 0x00, 0x00, 0x00, 0x00, 0x00, 0x00, 0x00, 0x00, 0x00,
    0x00, 0x00, 0x00, 0x00, 0x00, 0x00, 0x00, 0x00, 0x00, 0x00, 0x00, 0x00, 0x00, 0x00, 0x00, 0x00,
    0x00, 0x00, 0x00, 0x00, 0x00, 0x00, 0x00, 0x00, 0x00, 0x00, 0x00, 0x00, 0x00, 0x00, 0x00, 0x00,
    0x00, 0x00, 0x00, 0x00, 0x00, 0x00, 0x00, 0x00, 0x00, 0x00, 0x00, 0x00, 0x00, 0x00, 0x00, 0x00,
    0x00, 0x00, 0x00, 0x00, 0x00, 0x00, 0x00, 0x00, 0x00, 0x00, 0x00, 0x00, 0x00, 0x00, 0x00, 0x00,
    0x00, 0x00, 0x00, 0x00, 0x00, 0x00, 0x00, 0x00, 0x00, 0x00, 0x00, 0x00, 0x00, 0x00, 0x00, 0x00,
    0x00, 0x00, 0x00, 0x00, 0x00, 0x00, 0x00, 0x00, 0x00, 0x00, 0x00, 0x00, 0x00, 0x00, 0x00, 0x00,
    0x00, 0x00, 0x00, 0x00, 0x00, 0x00, 0x00, 0x00, 0x00, 0x00, 0x00, 0x00, 0x00, 0x00, 0x00, 0x00,
    0x00, 0x00, 0x00, 0x00, 0x00, 0x00, 0x00, 0x00, 0x00, 0x00, 0x00, 0x00, 0x00, 0x00, 0x00, 0x00,
    0x00, 0x00, 0x00, 0x00, 0x00, 0x00, 0x00, 0x00, 0x00, 0x00, 0x00, 0x00, 0x00, 0x00, 0x00, 0x00,
    0x00, 0x00, 0x00, 0x00, 0x00, 0x00, 0x00, 0x00, 0x00, 0x00, 0x00, 0x00, 0x00, 0x00, 0x00, 0x00,
    0x00, 0x00, 0x00, 0x00, 0x00, 0x00, 0x00, 0x00, 0x00, 0x00, 0x00, 0x00, 0x00, 0x00, 0x00, 0x00,
    0x00, 0x00, 0x00, 0x00, 0x00, 0x00, 0x00, 0x00, 0x00, 0x00, 0x00, 0x00, 0x00, 0x00, 0x00, 0x00,
    0x00, 0x00, 0x00, 0x00, 0x00, 0x00, 0x00, 0x00, 0x00, 0x00, 0x00, 0x00, 0x00, 0x00, 0x00, 0x00,
    0x00, 0x00, 0x00, 0x00, 0x00, 0x00, 0x00, 0x00, 0x00, 0x00, 0x00, 0x00, 0x00, 0x00, 0x00, 0x00,
    0x00, 0x00, 0x00, 0x00, 0x00, 0x00, 0x00, 0x00, 0x00, 0x00, 0x00, 0x00, 0x00, 0x00, 0x00, 0x00,
    0x00, 0x00, 0x00, 0x00, 0x00, 0x00, 0x00, 0x00, 0x00, 0x00, 0x00, 0x00, 0x00, 0x00, 0x00, 0x00,
    0x00, 0x00, 0x00, 0x00, 0x00, 0x00, 0x00, 0x00, 0x00, 0x00, 0x00, 0x00, 0x00, 0x00, 0x00, 0x00,
    0x00, 0x00, 0x00, 0x00, 0x00, 0x00, 0x00, 0x00, 0x00, 0x00, 0x00, 0x00, 0x00, 0x00, 0x00, 0x00,
    0x00, 0x00, 0x00, 0x00, 0x00, 0x00, 0x00, 0x00, 0x00, 0x00, 0x00, 0x00, 0x00, 0x00, 0x00, 0x00,
    0x00, 0x00, 0x00, 0x00, 0x00, 0x00, 0x00, 0x00, 0x00, 0x00, 0x00, 0x00, 0x00, 0x00, 0x00, 0x00,
    0x00, 0x00, 0x00, 0x00, 0x00, 0x00, 0x00, 0x00, 0x00, 0x00, 0x00, 0x00, 0x00, 0x00, 0x00, 0x00,
    0x00, 0x00, 0x00, 0x00, 0x00, 0x00, 0x00, 0x00, 0x00, 0x00, 0x00, 0x00, 0x00, 0x00, 0x00, 0x00,
    0x00, 0x00, 0x00, 0x00, 0x00, 0x00, 0x00, 0x00, 0x00, 0x00, 0x00, 0x00, 0x00, 0x00, 0x00, 0x00,
    0x00, 0x00, 0x00, 0x00, 0x00, 0x00, 0x00, 0x00, 0x00, 0x00, 0x00, 0x00, 0x00, 0x00, 0x00, 0x00,
    0x00, 0x00, 0x00, 0x00, 0x00, 0x00, 0x00, 0x00, 0x00, 0x00, 0x00, 0x00, 0x00, 0x00, 0x00, 0x00,
    0x00, 0x00, 0x00, 0x00, 0x00, 0x00, 0x00, 0x00, 0x00, 0x00, 0x00, 0x00, 0x00, 0x00, 0x00, 0x00,
    0x00, 0x00, 0x00, 0x00, 0x00, 0x00, 0x00, 0x00, 0x00, 0x00, 0x00, 0x00, 0x00, 0x00, 0x00, 0x00,
    0x00, 0x00, 0x00, 0x00, 0x00, 0x00, 0x00, 0x00, 0x00, 0x00, 0x00, 0x00, 0x00, 0x00, 0x00, 0x00,
    0x00, 0x00, 0x00, 0x00, 0x00, 0x00, 0x00, 0x00, 0x00, 0x00, 0x00, 0x00, 0x00, 0x00, 0x00, 0x00,
    0x00, 0x00, 0x00, 0x00, 0x00, 0x00, 0x00, 0x00, 0x00, 0x00, 0x00, 0x00, 0x00, 0x00, 0x00, 0x00,
    0x00, 0x00, 0x00, 0x00, 0x00, 0x00, 0x00, 0x00, 0x00, 0x00, 0x00, 0x00, 0x00, 0x00, 0x00, 0x00,
    0x00, 0x00, 0x00, 0x00, 0x00, 0x00, 0x00, 0x00, 0x00, 0x00, 0x00, 0x00, 0x00, 0x00, 0x00, 0x00,
    0x00, 0x00, 0x00, 0x00, 0x00, 0x00, 0x00, 0x00, 0x00, 0x00, 0x00, 0x00, 0x00, 0x00, 0x00, 0x00,
    0x00, 0x00, 0x00, 0x00, 0x00, 0x00, 0x00, 0x00, 0x00, 0x00, 0x00, 0x00, 0x00, 0x00, 0x00, 0x00,
    0x00, 0x00, 0x00, 0x00, 0x00, 0x00, 0x00, 0x00, 0x00, 0x00, 0x00, 0x00, 0x00, 0x00, 0x00, 0x00,
    0x00, 0x00, 0x00, 0x00, 0x00, 0x00, 0x00, 0x00, 0x00, 0x00, 0x00, 0x00, 0x00, 0x00, 0x00, 0x00,
    0x00, 0x00, 0x00, 0x00, 0x00, 0x00, 0x00, 0x00, 0x00, 0x00, 0x00, 0x00, 0x00, 0x00, 0x00, 0x00,
    0x00, 0x00, 0x00, 0x00, 0x00, 0x00, 0x00, 0x00, 0x00, 0x00, 0x00, 0x00, 0x00, 0x00, 0x00, 0x00,
    0x00, 0x00, 0x00, 0x00, 0x00, 0x00, 0x00, 0x00, 0x00, 0x00, 0x00, 0x00, 0x00, 0x00, 0x00, 0x00,
    0x00, 0x00, 0x00, 0x00, 0x00, 0x00, 0x00, 0x00, 0x00, 0x00, 0x00, 0x00, 0x00, 0x00, 0x00, 0x00,
    0x00, 0x00, 0x00, 0x00, 0x00, 0x00, 0x00, 0x00, 0x00, 0x00, 0x00, 0x00, 0x00, 0x00, 0x00, 0x00,
    0x00, 0x00, 0x00, 0x00, 0x00, 0x00, 0x00, 0x00, 0x00, 0x00, 0x00, 0x00, 0x00, 0x00, 0x00, 0x00,
    0x00, 0x00, 0x00, 0x00, 0x00, 0x00, 0x00, 0x00, 0x00, 0x00, 0x00, 0x00, 0x00, 0x00, 0x00, 0x00,
    0x00, 0x00, 0x00, 0x00, 0x00, 0x00, 0x00, 0x00, 0x00, 0x00, 0x00, 0x00, 0x00, 0x00, 0x00, 0x00,
    0x00, 0x00, 0x00, 0x00, 0x00, 0x00, 0x00, 0x00, 0x00, 0x00, 0x00, 0x00, 0x00, 0x00, 0x00, 0x00,
    0x00, 0x00, 0x00, 0x00, 0x00, 0x00, 0x00, 0x00, 0x00, 0x00, 0x00, 0x00, 0x00, 0x00, 0x00, 0x00,
    0x00, 0x00, 0x00, 0x00, 0x00, 0x00, 0x00, 0x00, 0x00, 0x00, 0x00, 0x00, 0x00, 0x00, 0x00, 0x00,
    0x00, 0x00, 0x00, 0x00, 0x00, 0x00, 0x00, 0x00, 0x00, 0x00, 0x00, 0x00, 0x00, 0x00, 0x00, 0x00,
    0x00, 0x00, 0x00, 0x00, 0x00, 0x00, 0x00, 0x00, 0x00, 0x00, 0x00, 0x00, 0x00, 0x00, 0x00, 0x00,
    0x00, 0x00, 0x00, 0x00, 0x00, 0x00, 0x00, 0x00, 0x00, 0x00, 0x00, 0x00, 0x00, 0x00, 0x00, 0x00,
    0x00, 0x00, 0x00, 0x00, 0x00, 0x00, 0x00, 0x00, 0x00, 0x00, 0x00, 0x00, 0x00, 0x00, 0x00, 0x00,
    0x00, 0x00, 0x00, 0x00, 0x00, 0x00, 0x00, 0x00, 0x00, 0x00, 0x00, 0x00, 0x00, 0x00, 0x00, 0x00,
    0x00, 0x00, 0x00, 0x00, 0x00, 0x00, 0x00, 0x00, 0x00, 0x00, 0x00, 0x00, 0x00, 0x00, 0x00, 0x00,
    0x00, 0x00, 0x00, 0x00, 0x00, 0x00, 0x00, 0x00, 0x00, 0x00, 0x00, 0x00, 0x00, 0x00, 0x00, 0x00,
    0x00, 0x00, 0x00, 0x00, 0x00, 0x00, 0x00, 0x00, 0x00, 0x00, 0x00, 0x00, 0x00, 0x00, 0x00, 0x00,
    0x00, 0x00, 0x00, 0x00, 0x00, 0x00, 0x00, 0x00, 0x00, 0x00, 0x00, 0x00, 0x00, 0x00, 0x00, 0x00,
    0x00, 0x00, 0x00, 0x00, 0x00, 0x00, 0x00, 0x00, 0x00, 0x00, 0x00, 0x00, 0x00, 0x00, 0x00, 0x00,
    0x00, 0x00, 0x00, 0x00, 0x00, 0x00, 0x00, 0x00, 0x00, 0x00, 0x00, 0x00, 0x00, 0x00, 0x00, 0x00,
    0x00, 0x00, 0x00, 0x00, 0x00, 0x00, 0x00, 0x00, 0x00, 0x00, 0x00, 0x00, 0x00, 0x00, 0x00, 0x00,
    0x00, 0x00, 0x00, 0x00, 0x00, 0x00, 0x00, 0x00, 0x00, 0x00, 0x00, 0x00, 0x00, 0x00, 0x00, 0x00,
    0x00, 0x00, 0x00, 0x00, 0x00, 0x00, 0x00, 0x00, 0x00, 0x00, 0x00, 0x00, 0x00, 0x00, 0x00, 0x00,
    0x00, 0x00, 0x00, 0x00, 0x00, 0x00, 0x00, 0x00, 0x00, 0x00, 0x00, 0x00, 0x00, 0x00, 0x00, 0x00,
    0x00, 0x00, 0x00, 0x00, 0x00, 0x00, 0x00, 0x00, 0x00, 0x00, 0x00, 0x00, 0x00, 0x00, 0x00, 0x00,
    0x00, 0x00, 0x00, 0x00, 0x00, 0x00, 0x00, 0x00, 0x00, 0x00, 0x00, 0x00, 0x00, 0x00, 0x00, 0x00,
    0x00, 0x00, 0x00, 0x00, 0x00, 0x00, 0x00, 0x00, 0x00, 0x00, 0x00, 0x00, 0x00, 0x00, 0x00, 0x00,
    0x00, 0x00, 0x00, 0x00, 0x00, 0x00, 0x00, 0x00, 0x00, 0x00, 0x00, 0x00, 0x00, 0x00, 0x00, 0x00,
    0x00, 0x00, 0x00, 0x00, 0x00, 0x00, 0x00, 0x00, 0x00, 0x00, 0x00, 0x00, 0x00, 0x00, 0x00, 0x00,
    0x00, 0x00, 0x00, 0x00, 0x00, 0x00, 0x00, 0x00, 0x00, 0x00, 0x00, 0x00, 0x00, 0x00, 0x00, 0x00,
    0x00, 0x00, 0x00, 0x00, 0x00, 0x00, 0x00, 0x00, 0x00, 0x00, 0x00, 0x00, 0x00, 0x00, 0x00, 0x00,
    0x00, 0x00, 0x00, 0x00, 0x00, 0x00, 0x00, 0x00, 0x00, 0x00, 0x00, 0x00, 0x00, 0x00, 0x00, 0x00,
    0x00, 0x00, 0x00, 0x00, 0x00, 0x00, 0x00, 0x00, 0x00, 0x00, 0x00, 0x00, 0x00, 0x00, 0x00, 0x00,
    0x00, 0x00, 0x00, 0x00, 0x00, 0x00, 0x00, 0x00, 0x00, 0x00, 0x00, 0x00, 0x00, 0x00, 0x00, 0x00,
    0x00, 0x00, 0x00, 0x00, 0x00, 0x00, 0x00, 0x00, 0x00, 0x00, 0x00, 0x00, 0x00, 0x00, 0x00, 0x00,
    0x00, 0x00, 0x00, 0x00, 0x00, 0x00, 0x00, 0x00, 0x00, 0x00, 0x00, 0x00, 0x00, 0x00, 0x00, 0x00,
    0x00, 0x00, 0x00, 0x00, 0x00, 0x00, 0x00, 0x00, 0x00, 0x00, 0x00, 0x00, 0x00, 0x00, 0x00, 0x00,
    0x00, 0x00, 0x00, 0x00, 0x00, 0x00, 0x00, 0x00, 0x00, 0x00, 0x00, 0x00, 0x00, 0x00, 0x00, 0x00,
    0x00, 0x00, 0x00, 0x00, 0x00, 0x00, 0x00, 0x00, 0x00, 0x00, 0x00, 0x00, 0x00, 0x00, 0x00, 0x00,
    0x00, 0x00, 0x00, 0x00, 0x00, 0x00, 0x00, 0x00, 0x00, 0x00, 0x00, 0x00, 0x00, 0x00, 0x00, 0x00,
    0x00, 0x00, 0x00, 0x00, 0x00, 0x00, 0x00, 0x00, 0x00, 0x00, 0x00, 0x00, 0x00, 0x00, 0x00, 0x00,
    0x00, 0x00, 0x00, 0x00, 0x00, 0x00, 0x00, 0x00, 0x00, 0x00, 0x00, 0x00, 0x00, 0x00, 0x00, 0x00,
    0x00, 0x00, 0x00, 0x00, 0x00, 0x00, 0x00, 0x00, 0x00, 0x00, 0x00, 0x00, 0x00, 0x00, 0x00, 0x00,
    0x00, 0x00, 0x00, 0x00, 0x00, 0x00, 0x00, 0x00, 0x00, 0x00, 0x00, 0x00, 0x00, 0x00, 0x00, 0x00,
    0x00, 0x00, 0x00, 0x00, 0x00, 0x00, 0x00, 0x00, 0x00, 0x00, 0x00, 0x00, 0x00, 0x00, 0x00, 0x00,
    0x00, 0x00, 0x00, 0x00, 0x00, 0x00, 0x00, 0x00, 0x00, 0x00, 0x00, 0x00, 0x00, 0x00, 0x00, 0x00,
    0x00, 0x00, 0x00, 0x00, 0x00, 0x00, 0x00, 0x00, 0x00, 0x00, 0x00, 0x00, 0x00, 0x00, 0x00, 0x00,
    0x00, 0x00, 0x00, 0x00, 0x00, 0x00, 0x00, 0x00, 0x00, 0x00, 0x00, 0x00, 0x00, 0x00, 0x00, 0x00,
    0x00, 0x00, 0x00, 0x00, 0x00, 0x00, 0x00, 0x00, 0x00, 0x00, 0x00, 0x00, 0x00, 0x00, 0x00, 0x00,
    0x00, 0x00, 0x00, 0x00, 0x00, 0x00, 0x00, 0x00, 0x00, 0x00, 0x00, 0x00, 0x00, 0x00, 0x00, 0x00,
    0x00, 0x00, 0x00, 0x00, 0x00, 0x00, 0x00, 0x00, 0x00, 0x00, 0x00, 0x00, 0x00, 0x00, 0x00, 0x00,
    0x00, 0x00, 0x00, 0x00, 0x00, 0x00, 0x00, 0x00, 0x00, 0x00, 0x00, 0x00, 0x00, 0x00, 0x00, 0x00,
    0x00, 0x00, 0x00, 0x00, 0x00, 0x00, 0x00, 0x00, 0x00, 0x00, 0x00, 0x00, 0x00, 0x00, 0x00, 0x00,
    0x00, 0x00, 0x00, 0x00, 0x00, 0x00, 0x00, 0x00, 0x00, 0x00, 0x00, 0x00, 0x00, 0x00, 0x00, 0x00,
    0x00, 0x00, 0x00, 0x00, 0x00, 0x00, 0x00, 0x00, 0x00, 0x00, 0x00, 0x00, 0x00, 0x00, 0x00, 0x00,
    0x00, 0x00, 0x00, 0x00, 0x00, 0x00, 0x00, 0x00, 0x00, 0x00, 0x00, 0x00, 0x00, 0x00, 0x00, 0x00,
    0x00, 0x00, 0x00, 0x00, 0x00, 0x00, 0x00, 0x00, 0x00, 0x00, 0x00, 0x00, 0x00, 0x00, 0x00, 0x00,
    0x00, 0x00, 0x00, 0x00, 0x00, 0x00, 0x00, 0x00, 0x00, 0x00, 0x00, 0x00, 0x00, 0x00, 0x00, 0x00,
    0x00, 0x00, 0x00, 0x00, 0x00, 0x00, 0x00, 0x00, 0x00, 0x00, 0x00, 0x00, 0x00, 0x00, 0x00, 0x00,
    0x00, 0x00, 0x00, 0x00, 0x00, 0x00, 0x00, 0x00, 0x00, 0x00, 0x00, 0x00, 0x00, 0x00, 0x00, 0x00,
    0x00, 0x00, 0x00, 0x00, 0x00, 0x00, 0x00, 0x00, 0x00, 0x00, 0x00, 0x00, 0x00, 0x00, 0x00, 0x00,
    0x00, 0x00, 0x00, 0x00, 0x00, 0x00, 0x00, 0x00, 0x00, 0x00, 0x00, 0x00, 0x00, 0x00, 0x00, 0x00,
    0x00, 0x00, 0x00, 0x00, 0x00, 0x00, 0x00, 0x00, 0x00, 0x00, 0x00, 0x00, 0x00, 0x00, 0x00, 0x00,
    0x00, 0x00, 0x00, 0x00, 0x00, 0x00, 0x00, 0x00, 0x00, 0x00, 0x00, 0x00, 0x00, 0x00, 0x00, 0x00,
    0x00, 0x00, 0x00, 0x00, 0x00, 0x00, 0x00, 0x00, 0x00, 0x00, 0x00, 0x00, 0x00, 0x00, 0x00, 0x00,
    0x00, 0x00, 0x00, 0x00, 0x00, 0x00, 0x00, 0x00, 0x00, 0x00, 0x00, 0x00, 0x00, 0x00, 0x00, 0x00,
    0x00, 0x00, 0x00, 0x00, 0x00, 0x00, 0x00, 0x00, 0x00, 0x00, 0x00, 0x00, 0x00, 0x00, 0x00, 0x00,
    0x00, 0x00, 0x00, 0x00, 0x00, 0x00, 0x00, 0x00, 0x00, 0x00, 0x00, 0x00, 0x00, 0x00, 0x00, 0x00,
    0x00, 0x00, 0x00, 0x00, 0x00, 0x00, 0x00, 0x00, 0x00, 0x00, 0x00, 0x00, 0x00, 0x00, 0x00, 0x00,
    0x00, 0x00, 0x00, 0x00, 0x00, 0x00, 0x00, 0x00, 0x00, 0x00, 0x00, 0x00, 0x00, 0x00, 0x00, 0x00,
    0x00, 0x00, 0x00, 0x00, 0x00, 0x00, 0x00, 0x00, 0x00, 0x00, 0x00, 0x00, 0x00, 0x00, 0x00, 0x00,
    0x00, 0x00, 0x00, 0x00, 0x00, 0x00, 0x00, 0x00, 0x00, 0x00, 0x00, 0x00, 0x00, 0x00, 0x00, 0x00,
    0x00, 0x00, 0x00, 0x00, 0x00, 0x00, 0x00, 0x00, 0x00, 0x00, 0x00, 0x00, 0x00, 0x00, 0x00, 0x00,
    0x00, 0x00, 0x00, 0x00, 0x00, 0x00, 0x00, 0x00, 0x00, 0x00, 0x00, 0x00, 0x00, 0x00, 0x00, 0x00,
    0x00, 0x00, 0x00, 0x00, 0x00, 0x00, 0x00, 0x00, 0x00, 0x00, 0x00, 0x00, 0x00, 0x00, 0x00, 0x00,
    0x00, 0x00, 0x00, 0x00, 0x00, 0x00, 0x00, 0x00, 0x00, 0x00, 0x00, 0x00, 0x00, 0x00, 0x00, 0x00,
    0x00, 0x00, 0x00, 0x00, 0x00, 0x00, 0x00, 0x00, 0x00, 0x00, 0x00, 0x00, 0x00, 0x00, 0x00, 0x00,
    0x00, 0x00, 0x00, 0x00, 0x00, 0x00, 0x00, 0x00, 0x00, 0x00, 0x00, 0x00, 0x00, 0x00, 0x00, 0x00,
    0x00, 0x00, 0x00, 0x00, 0x00, 0x00, 0x00, 0x00, 0x00, 0x00, 0x00, 0x00, 0x00, 0x00, 0x00, 0x00,
    0x00, 0x00, 0x00, 0x00, 0x00, 0x00, 0x00, 0x00, 0x00, 0x00, 0x00, 0x00, 0x00, 0x00, 0x00, 0x00,
    0x00, 0x00, 0x00, 0x00, 0x00, 0x00, 0x00, 0x00, 0x00, 0x00, 0x00, 0x00, 0x00, 0x00, 0x00, 0x00,
    0x00, 0x00, 0x00, 0x00, 0x00, 0x00, 0x00, 0x00, 0x00, 0x00, 0x00, 0x00, 0x00, 0x00, 0x00, 0x00,
    0x00, 0x00, 0x00, 0x00, 0x00, 0x00, 0x00, 0x00, 0x00, 0x00, 0x00, 0x00, 0x00, 0x00, 0x00, 0x00,
    0x00, 0x00, 0x00, 0x00, 0x00, 0x00, 0x00, 0x00, 0x00, 0x00, 0x00, 0x00, 0x00, 0x00, 0x00, 0x00,
    0x00, 0x00, 0x00, 0x00, 0x00, 0x00, 0x00, 0x00, 0x00, 0x00, 0x00, 0x00, 0x00, 0x00, 0x00, 0x00,
    0x00, 0x00, 0x00, 0x00, 0x00, 0x00, 0x00, 0x00, 0x00, 0x00, 0x00, 0x00, 0x00, 0x00, 0x00, 0x00,
    0x00, 0x00, 0x00, 0x00, 0x00, 0x00, 0x00, 0x00, 0x00, 0x00, 0x00, 0x00, 0x00, 0x00, 0x00, 0x00,
    0x00, 0x00, 0x00, 0x00, 0x00, 0x00, 0x00, 0x00, 0x00, 0x00, 0x00, 0x00, 0x00, 0x00, 0x00, 0x00,
    0x00, 0x00, 0x00, 0x00, 0x00, 0x00, 0x00, 0x00, 0x00, 0x00, 0x00, 0x00, 0x00, 0x00, 0x00, 0x00,
    0x00, 0x00, 0x00, 0x00, 0x00, 0x00, 0x00, 0x00, 0x00, 0x00, 0x00, 0x00, 0x00, 0x00, 0x00, 0x00,
    0x00, 0x00, 0x00, 0x00, 0x00, 0x00, 0x00, 0x00, 0x00, 0x00, 0x00, 0x00, 0x00, 0x00, 0x00, 0x00,
    0x00, 0x00, 0x00, 0x00, 0x00, 0x00, 0x00, 0x00, 0x00, 0x00, 0x00, 0x00, 0x00, 0x00, 0x00, 0x00,
    0x00, 0x00, 0x00, 0x00, 0x00, 0x00, 0x00, 0x00, 0x00, 0x00, 0x00, 0x00, 0x00, 0x00, 0x00, 0x00,
    0x00, 0x00, 0x00, 0x00, 0x00, 0x00, 0x00, 0x00, 0x00, 0x00, 0x00, 0x00, 0x00, 0x00, 0x00, 0x00,
    0x00, 0x00, 0x00, 0x00, 0x00, 0x00, 0x00, 0x00, 0x00, 0x00, 0x00, 0x00, 0x00, 0x00, 0x00, 0x00,
    0x00, 0x00, 0x00, 0x00, 0x00, 0x00, 0x00, 0x00, 0x00, 0x00, 0x00, 0x00, 0x00, 0x00, 0x00, 0x00,
    0x00, 0x00, 0x00, 0x00, 0x00, 0x00, 0x00, 0x00, 0x00, 0x00, 0x00, 0x00, 0x00, 0x00, 0x00, 0x00,
    0x00, 0x00, 0x00, 0x00, 0x00, 0x00, 0x00, 0x00, 0x00, 0x00, 0x00, 0x00, 0x00, 0x00, 0x00, 0x00,
    0x00, 0x00, 0x00, 0x00, 0x00, 0x00, 0x00, 0x00, 0x00, 0x00, 0x00, 0x00, 0x00, 0x00, 0x00, 0x00,
    0x00, 0x00, 0x00, 0x00, 0x00, 0x00, 0x00, 0x00, 0x00, 0x00, 0x00, 0x00, 0x00, 0x00, 0x00, 0x00,
    0x00, 0x00, 0x00, 0x00, 0x00, 0x00, 0x00, 0x00, 0x00, 0x00, 0x00, 0x00, 0x00, 0x00, 0x00, 0x00,
    0x00, 0x00, 0x00, 0x00, 0x00, 0x00, 0x00, 0x00, 0x00, 0x00, 0x00, 0x00, 0x00, 0x00, 0x00, 0x00,
    0x00, 0x00, 0x00, 0x00, 0x00, 0x00, 0x00, 0x00, 0x00, 0x00, 0x00, 0x00, 0x00, 0x00, 0x00, 0x00,
    0x00, 0x00, 0x00, 0x00, 0x00, 0x00, 0x00, 0x00, 0x00, 0x00, 0x00, 0x00, 0x00, 0x00, 0x00, 0x00,
    0x00, 0x00, 0x00, 0x00, 0x00, 0x00, 0x00, 0x00, 0x00, 0x00, 0x00, 0x00, 0x00, 0x00, 0x00, 0x00,
    0x00, 0x00, 0x00, 0x00, 0x00, 0x00, 0x00, 0x00, 0x00, 0x00, 0x00, 0x00, 0x00, 0x00, 0x00, 0x00,
    0x00, 0x00, 0x00, 0x00, 0x00, 0x00, 0x00, 0x00, 0x00, 0x00, 0x00, 0x00, 0x00, 0x00, 0x00, 0x00,
    0x00, 0x00, 0x00, 0x00, 0x00, 0x00, 0x00, 0x00, 0x00, 0x00, 0x00, 0x00, 0x00, 0x00, 0x00, 0x00,
    0x00, 0x00, 0x00, 0x00, 0x00, 0x00, 0x00, 0x00, 0x00, 0x00, 0x00, 0x00, 0x00, 0x00, 0x00, 0x00,
    0x00, 0x00, 0x00, 0x00, 0x00, 0x00, 0x00, 0x00, 0x00, 0x00, 0x00, 0x00, 0x00, 0x00, 0x00, 0x00,
    0x00, 0x00, 0x00, 0x00, 0x00, 0x00, 0x00, 0x00, 0x00, 0x00, 0x00, 0x00, 0x00, 0x00, 0x00, 0x00,
    0x00, 0x00, 0x00, 0x00, 0x00, 0x00, 0x00, 0x00, 0x00, 0x00, 0x00, 0x00, 0x00, 0x00, 0x00, 0x00,
    0x00, 0x00, 0x00, 0x00, 0x00, 0x00, 0x00, 0x00, 0x00, 0x00, 0x00, 0x00, 0x00, 0x00, 0x00, 0x00,
    0x00, 0x00, 0x00, 0x00, 0x00, 0x00, 0x00, 0x00, 0x00, 0x00, 0x00, 0x00, 0x00, 0x00, 0x00, 0x00,
    0x00, 0x00, 0x00, 0x00, 0x00, 0x00, 0x00, 0x00, 0x00, 0x00, 0x00, 0x00, 0x00, 0x00, 0x00, 0x00,
    0x00, 0x00, 0x00, 0x00, 0x00, 0x00, 0x00, 0x00, 0x00, 0x00, 0x00, 0x00, 0x00, 0x00, 0x00, 0x00,
    0x00, 0x00, 0x00, 0x00, 0x00, 0x00, 0x00, 0x00, 0x00, 0x00, 0x00, 0x00, 0x00, 0x00, 0x00, 0x00,
    0x00, 0x00, 0x00, 0x00, 0x00, 0x00, 0x00, 0x00, 0x00, 0x00, 0x00, 0x00, 0x00, 0x00, 0x00, 0x00,
    0x00, 0x00, 0x00, 0x00, 0x00, 0x00, 0x00, 0x00, 0x00, 0x00, 0x00, 0x00, 0x00, 0x00, 0x00, 0x00,
    0x00, 0x00, 0x00, 0x00, 0x00, 0x00, 0x00, 0x00, 0x00, 0x00, 0x00, 0x00, 0x00, 0x00, 0x00, 0x00,
    0x00, 0x00, 0x00, 0x00, 0x00, 0x00, 0x00, 0x00, 0x00, 0x00, 0x00, 0x00, 0x00, 0x00, 0x00, 0x00,
    0x00, 0x00, 0x00, 0x00, 0x00, 0x00, 0x00, 0x00, 0x00, 0x00, 0x00, 0x00, 0x00, 0x00, 0x00, 0x00,
    0x00, 0x00, 0x00, 0x00, 0x00, 0x00, 0x00, 0x00, 0x00, 0x00, 0x00, 0x00, 0x00, 0x00, 0x00, 0x00,
    0x00, 0x00, 0x00, 0x00, 0x00, 0x00, 0x00, 0x00, 0x00, 0x00, 0x00, 0x00, 0x00, 0x00, 0x00, 0x00,
    0x00, 0x00, 0x00, 0x00, 0x00, 0x00, 0x00, 0x00, 0x00, 0x00, 0x00, 0x00, 0x00, 0x00, 0x00, 0x00,
    0x00, 0x00, 0x00, 0x00, 0x00, 0x00, 0x00, 0x00, 0x00, 0x00, 0x00, 0x00, 0x00, 0x00, 0x00, 0x00,
    0x00, 0x00, 0x00, 0x00, 0x00, 0x00, 0x00, 0x00, 0x00, 0x00, 0x00, 0x00, 0x00, 0x00, 0x00, 0x00,
    0x00, 0x00, 0x00, 0x00, 0x00, 0x00, 0x00, 0x00, 0x00, 0x00, 0x00, 0x00, 0x00, 0x00, 0x00, 0x00,
    0x00, 0x00, 0x00, 0x00, 0x00, 0x00, 0x00, 0x00, 0x00, 0x00, 0x00, 0x00, 0x00, 0x00, 0x00, 0x00,
    0x00, 0x00, 0x00, 0x00, 0x00, 0x00, 0x00, 0x00, 0x00, 0x00, 0x00, 0x00, 0x00, 0x00, 0x00, 0x00,
    0x00, 0x00, 0x00, 0x00, 0x00, 0x00, 0x00, 0x00, 0x00, 0x00, 0x00, 0x00, 0x00, 0x00, 0x00, 0x00,
    0x00, 0x00, 0x00, 0x00, 0x00, 0x00, 0x00, 0x00, 0x00, 0x00, 0x00, 0x00, 0x00, 0x00, 0x00, 0x00,
    0x00, 0x00, 0x00, 0x00, 0x00, 0x00, 0x00, 0x00, 0x00, 0x00, 0x00, 0x00, 0x00, 0x00, 0x00, 0x00,
    0x00, 0x00, 0x00, 0x00, 0x00, 0x00, 0x00, 0x00, 0x00, 0x00, 0x00, 0x00, 0x00, 0x00, 0x00, 0x00,
    0x00, 0x00, 0x00, 0x00, 0x00, 0x00, 0x00, 0x00, 0x00, 0x00, 0x00, 0x00, 0x00, 0x00, 0x00, 0x00,
    0x00, 0x00, 0x00, 0x00, 0x00, 0x00, 0x00, 0x00, 0x00, 0x00, 0x00, 0x00, 0x00, 0x00, 0x00, 0x00,
    0x00, 0x00, 0x00, 0x00, 0x00, 0x00, 0x00, 0x00, 0x00, 0x00, 0x00, 0x00, 0x00, 0x00, 0x00, 0x00,
    0x00, 0x00, 0x00, 0x00, 0x00, 0x00, 0x00, 0x00, 0x00, 0x00, 0x00, 0x00, 0x00, 0x00, 0x00, 0x00,
    0x00, 0x00, 0x00, 0x00, 0x00, 0x00, 0x00, 0x00, 0x00, 0x00, 0x00, 0x00, 0x00, 0x00, 0x00, 0x00,
    0x00, 0x00, 0x00, 0x00, 0x00, 0x00, 0x00, 0x00, 0x00, 0x00, 0x00, 0x00, 0x00, 0x00, 0x00, 0x00,
    0x00, 0x00, 0x00, 0x00, 0x00, 0x00, 0x00, 0x00, 0x00, 0x00, 0x00, 0x00, 0x00, 0x00, 0x00, 0x00,
    0x00, 0x00, 0x00, 0x00, 0x00, 0x00, 0x00, 0x00, 0x00, 0x00, 0x00, 0x00, 0x00, 0x00, 0x00, 0x00,
    0x00, 0x00, 0x00, 0x00, 0x00, 0x00, 0x00, 0x00, 0x00, 0x00, 0x00, 0x00, 0x00, 0x00, 0x00, 0x00,
    0x00, 0x00, 0x00, 0x00, 0x00, 0x00, 0x00, 0x00, 0x00, 0x00, 0x00, 0x00, 0x00, 0x00, 0x00, 0x00,
    0x00, 0x00, 0x00, 0x00, 0x00, 0x00, 0x00, 0x00, 0x00, 0x00, 0x00, 0x00, 0x00, 0x00, 0x00, 0x00,
    0x00, 0x00, 0x00, 0x00, 0x00, 0x00, 0x00, 0x00, 0x00, 0x00, 0x00, 0x00, 0x00, 0x00, 0x00, 0x00,
    0x00, 0x00, 0x00, 0x00, 0x00, 0x00, 0x00, 0x00, 0x00, 0x00, 0x00, 0x00, 0x00, 0x00, 0x00, 0x00,
    0x00, 0x00, 0x00, 0x00, 0x00, 0x00, 0x00, 0x00, 0x00, 0x00, 0x00, 0x00, 0x00, 0x00, 0x00, 0x00,
    0x00, 0x00, 0x00, 0x00, 0x00, 0x00, 0x00, 0x00, 0x00, 0x00, 0x00, 0x00, 0x00, 0x00, 0x00, 0x00,
    0x00, 0x00, 0x00, 0x00, 0x00, 0x00, 0x00, 0x00, 0x00, 0x00, 0x00, 0x00, 0x00, 0x00, 0x00, 0x00,
    0x00, 0x00, 0x00, 0x00, 0x00, 0x00, 0x00, 0x00, 0x00, 0x00, 0x00, 0x00, 0x00, 0x00, 0x00, 0x00,
    0x00, 0x00, 0x00, 0x00, 0x00, 0x00, 0x00, 0x00, 0x00, 0x00, 0x00, 0x00, 0x00, 0x00, 0x00, 0x00,
    0x00, 0x00, 0x00, 0x00, 0x00, 0x00, 0x00, 0x00, 0x00, 0x00, 0x00, 0x00, 0x00, 0x00, 0x00, 0x00,
    0x00, 0x00, 0x00, 0x00, 0x00, 0x00, 0x00, 0x00, 0x00, 0x00, 0x00, 0x00, 0x00, 0x00, 0x00, 0x00,
    0x00, 0x00, 0x00, 0x00, 0x00, 0x00, 0x00, 0x00, 0x00, 0x00, 0x00, 0x00, 0x00, 0x00, 0x00, 0x00,
    0x00, 0x00, 0x00, 0x00, 0x00, 0x00, 0x00, 0x00, 0x00, 0x00, 0x00, 0x00, 0x00, 0x00, 0x00, 0x00,
    0x00, 0x00, 0x00, 0x00, 0x00, 0x00, 0x00, 0x00, 0x00, 0x00, 0x00, 0x00, 0x00, 0x00, 0x00, 0x00,
    0x00, 0x00, 0x00, 0x00, 0x00, 0x00, 0x00, 0x00, 0x00, 0x00, 0x00, 0x00, 0x00, 0x00, 0x00, 0x00,
    0x00, 0x00, 0x00, 0x00, 0x00, 0x00, 0x00, 0x00, 0x00, 0x00, 0x00, 0x00, 0x00, 0x00, 0x00, 0x00,
    0x00, 0x00, 0x00, 0x00, 0x00, 0x00, 0x00, 0x00, 0x00, 0x00, 0x00, 0x00, 0x00, 0x00, 0x00, 0x00,
    0x00, 0x00, 0x00, 0x00, 0x00, 0x00, 0x00, 0x00, 0x00, 0x00, 0x00, 0x00, 0x00, 0x00, 0x00, 0x00,
    0x00, 0x00, 0x00, 0x00, 0x00, 0x00, 0x00, 0x00, 0x00, 0x00, 0x00, 0x00, 0x00, 0x00, 0x00, 0x00,
    0x00, 0x00, 0x00, 0x00, 0x00, 0x00, 0x00, 0x00, 0x00, 0x00, 0x00, 0x00, 0x00, 0x00, 0x00, 0x00,
    0x00, 0x00, 0x00, 0x00, 0x00, 0x00, 0x00, 0x00, 0x00, 0x00, 0x00, 0x00, 0x00, 0x00, 0x00, 0x00,
    0x00, 0x00, 0x00, 0x00, 0x00, 0x00, 0x00, 0x00, 0x00, 0x00, 0x00, 0x00, 0x00, 0x00, 0x00, 0x00,
    0x00, 0x00, 0x00, 0x00, 0x00, 0x00, 0x00, 0x00, 0x00, 0x00, 0x00, 0x00, 0x00, 0x00, 0x00, 0x00,
    0x00, 0x00, 0x00, 0x00, 0x00, 0x00, 0x00, 0x00, 0x00, 0x00, 0x00, 0x00, 0x00, 0x00, 0x00, 0x00,
    0x00, 0x00, 0x00, 0x00, 0x00, 0x00, 0x00, 0x00, 0x00, 0x00, 0x00, 0x00, 0x00, 0x00, 0x00, 0x00,
    0x00, 0x00, 0x00, 0x00, 0x00, 0x00, 0x00, 0x00, 0x00, 0x00, 0x00, 0x00, 0x00, 0x00, 0x00, 0x00,
    0x00, 0x00, 0x00, 0x00, 0x00, 0x00, 0x00, 0x00, 0x00, 0x00, 0x00, 0x00, 0x00, 0x00, 0x00, 0x00,
    0x00, 0x00, 0x00, 0x00, 0x00, 0x00, 0x00, 0x00, 0x00, 0x00, 0x00, 0x00, 0x00, 0x00, 0x00, 0x00,
    0x00, 0x00, 0x00, 0x00, 0x00, 0x00, 0x00, 0x00, 0x00, 0x00, 0x00, 0x00, 0x00, 0x00, 0x00, 0x00,
    0x00, 0x00, 0x00, 0x00, 0x00, 0x00, 0x00, 0x00, 0x00, 0x00, 0x00, 0x00, 0x00, 0x00, 0x00, 0x00,
    0x00, 0x00, 0x00, 0x00, 0x00, 0x00, 0x00, 0x00, 0x00, 0x00, 0x00, 0x00, 0x00, 0x00, 0x00, 0x00,
    0x00, 0x00, 0x00, 0x00, 0x00, 0x00, 0x00, 0x00, 0x00, 0x00, 0x00, 0x00, 0x00, 0x00, 0x00, 0x00,
    0x00, 0x00, 0x00, 0x00, 0x00, 0x00, 0x00, 0x00, 0x00, 0x00, 0x00, 0x00, 0x00, 0x00, 0x00, 0x00,
    0x00, 0x00, 0x00, 0x00, 0x00, 0x00, 0x00, 0x00, 0x00, 0x00, 0x00, 0x00, 0x00, 0x00, 0x00, 0x00,
    0x00, 0x00, 0x00, 0x00, 0x00, 0x00, 0x00, 0x00, 0x00, 0x00, 0x00, 0x00, 0x00, 0x00, 0x00, 0x00,
    0x00, 0x00, 0x00, 0x00, 0x00, 0x00, 0x00, 0x00, 0x00, 0x00, 0x00, 0x00, 0x00, 0x00, 0x00, 0x00,
    0x00, 0x00, 0x00, 0x00, 0x00, 0x00, 0x00, 0x00, 0x00, 0x00, 0x00, 0x00, 0x00, 0x00, 0x00, 0x00,
    0x00, 0x00, 0x00, 0x00, 0x00, 0x00, 0x00, 0x00, 0x00, 0x00, 0x00, 0x00, 0x00, 0x00, 0x00, 0x00,
    0x00, 0x00, 0x00, 0x00, 0x00, 0x00, 0x00, 0x00, 0x00, 0x00, 0x00, 0x00, 0x00, 0x00, 0x00, 0x00,
    0x00, 0x00, 0x00, 0x00, 0x00, 0x00, 0x00, 0x00, 0x00, 0x00, 0x00, 0x00, 0x00, 0x00, 0x00, 0x00,
    0x00, 0x00, 0x00, 0x00, 0x00, 0x00, 0x00, 0x00, 0x00, 0x00, 0x00, 0x00, 0x00, 0x00, 0x00, 0x00,
    0x00, 0x00, 0x00, 0x00, 0x00, 0x00, 0x00, 0x00, 0x00, 0x00, 0x00, 0x00, 0x00, 0x00, 0x00, 0x00,
    0x00, 0x00, 0x00, 0x00, 0x00, 0x00, 0x00, 0x00, 0x00, 0x00, 0x00, 0x00, 0x00, 0x00, 0x00, 0x00,
    0x00, 0x00, 0x00, 0x00, 0x00, 0x00, 0x00, 0x00, 0x00, 0x00, 0x00, 0x00, 0x00, 0x00, 0x00, 0x00,
    0x00, 0x00, 0x00, 0x00, 0x00, 0x00, 0x00, 0x00, 0x00, 0x00, 0x00, 0x00, 0x00, 0x00, 0x00, 0x00,
    0x00, 0x00, 0x00, 0x00, 0x00, 0x00, 0x00, 0x00, 0x00, 0x00, 0x00, 0x00, 0x00, 0x00, 0x00, 0x00,
    0x00, 0x00, 0x00, 0x00, 0x00, 0x00, 0x00, 0x00, 0x00, 0x00, 0x00, 0x00, 0x00, 0x00, 0x00, 0x00,
    0x00, 0x00, 0x00, 0x00, 0x00, 0x00, 0x00, 0x00, 0x00, 0x00, 0x00, 0x00, 0x00, 0x00, 0x00, 0x00,
    0x00, 0x00, 0x00, 0x00, 0x00, 0x00, 0x00, 0x00, 0x00, 0x00, 0x00, 0x00, 0x00, 0x00, 0x00, 0x00,
    0x00, 0x00, 0x00, 0x00, 0x00, 0x00, 0x00, 0x00, 0x00, 0x00, 0x00, 0x00, 0x00, 0x00, 0x00, 0x00,
    0x00, 0x00, 0x00, 0x00, 0x00, 0x00, 0x00, 0x00, 0x00, 0x00, 0x00, 0x00, 0x00, 0x00, 0x00, 0x00,
    0x00, 0x00, 0x00, 0x00, 0x00, 0x00, 0x00, 0x00, 0x00, 0x00, 0x00, 0x00, 0x00, 0x00, 0x00, 0x00,
    0x00, 0x00, 0x00, 0x00, 0x00, 0x00, 0x00, 0x00, 0x00, 0x00, 0x00, 0x00, 0x00, 0x00, 0x00, 0x00,
    0x00, 0x00, 0x00, 0x00, 0x00, 0x00, 0x00, 0x00, 0x00, 0x00, 0x00, 0x00, 0x00, 0x00, 0x00, 0x00,
    0x00, 0x00, 0x00, 0x00, 0x00, 0x00, 0x00, 0x00, 0x00, 0x00, 0x00, 0x00, 0x00, 0x00, 0x00, 0x00,
    0x00, 0x00, 0x00, 0x00, 0x00, 0x00, 0x00, 0x00, 0x00, 0x00, 0x00, 0x00, 0x00, 0x00, 0x00, 0x00,
    0x00, 0x00, 0x00, 0x00, 0x00, 0x00, 0x00, 0x00, 0x00, 0x00, 0x00, 0x00, 0x00, 0x00, 0x00, 0x00,
    0x00, 0x00, 0x00, 0x00, 0x00, 0x00, 0x00, 0x00, 0x00, 0x00, 0x00, 0x00, 0x00, 0x00, 0x00, 0x00,
    0x00, 0x00, 0x00, 0x00, 0x00, 0x00, 0x00, 0x00, 0x00, 0x00, 0x00, 0x00, 0x00, 0x00, 0x00, 0x00,
    0x00, 0x00, 0x00, 0x00, 0x00, 0x00, 0x00, 0x00, 0x00, 0x00, 0x00, 0x00, 0x00, 0x00, 0x00, 0x00,
    0x00, 0x00, 0x00, 0x00, 0x00, 0x00, 0x00, 0x00, 0x00, 0x00, 0x00, 0x00, 0x00, 0x00, 0x00, 0x00,
    0x00, 0x00, 0x00, 0x00, 0x00, 0x00, 0x00, 0x00, 0x00, 0x00, 0x00, 0x00, 0x00, 0x00, 0x00, 0x00,
    0x00, 0x00, 0x00, 0x00, 0x00, 0x00, 0x00, 0x00, 0x00, 0x00, 0x00, 0x00, 0x00, 0x00, 0x00, 0x00,
    0x00, 0x00, 0x00, 0x00, 0x00, 0x00, 0x00, 0x00, 0x00, 0x00, 0x00, 0x00, 0x00, 0x00, 0x00, 0x00,
    0x00, 0x00, 0x00, 0x00, 0x00, 0x00, 0x00, 0x00, 0x00, 0x00, 0x00, 0x00, 0x00, 0x00, 0x00, 0x00,
    0x00, 0x00, 0x00, 0x00, 0x00, 0x00, 0x00, 0x00, 0x00, 0x00, 0x00, 0x00, 0x00, 0x00, 0x00, 0x00,
    0x00, 0x00, 0x00, 0x00, 0x00, 0x00, 0x00, 0x00, 0x00, 0x00, 0x00, 0x00, 0x00, 0x00, 0x00, 0x00,
    0x00, 0x00, 0x00, 0x00, 0x00, 0x00, 0x00, 0x00, 0x00, 0x00, 0x00, 0x00, 0x00, 0x00, 0x00, 0x00,
    0x00, 0x00, 0x00, 0x00, 0x00, 0x00, 0x00, 0x00, 0x00, 0x00, 0x00, 0x00, 0x00, 0x00, 0x00, 0x00,
    0x00, 0x00, 0x00, 0x00, 0x00, 0x00, 0x00, 0x00, 0x00, 0x00, 0x00, 0x00, 0x00, 0x00, 0x00, 0x00,
    0x00, 0x00, 0x00, 0x00, 0x00, 0x00, 0x00, 0x00, 0x00, 0x00, 0x00, 0x00, 0x00, 0x00, 0x00, 0x00,
    0x00, 0x00, 0x00, 0x00, 0x00, 0x00, 0x00, 0x00, 0x00, 0x00, 0x00, 0x00, 0x00, 0x00, 0x00, 0x00,
    0x00, 0x00, 0x00, 0x00, 0x00, 0x00, 0x00, 0x00, 0x00, 0x00, 0x00, 0x00, 0x00, 0x00, 0x00, 0x00,
    0x00, 0x00, 0x00, 0x00, 0x00, 0x00, 0x00, 0x00, 0x00, 0x00, 0x00, 0x00, 0x00, 0x00, 0x00, 0x00,
    0x00, 0x00, 0x00, 0x00, 0x00, 0x00, 0x00, 0x00, 0x00, 0x00, 0x00, 0x00, 0x00, 0x00, 0x00, 0x00,
    0x00, 0x00, 0x00, 0x00, 0x00, 0x00, 0x00, 0x00, 0x00, 0x00, 0x00, 0x00, 0x00, 0x00, 0x00, 0x00,
    0x00, 0x00, 0x00, 0x00, 0x00, 0x00, 0x00, 0x00, 0x00, 0x00, 0x00, 0x00, 0x00, 0x00, 0x00, 0x00,
    0x00, 0x00, 0x00, 0x00, 0x00, 0x00, 0x00, 0x00, 0x00, 0x00, 0x00, 0x00, 0x00, 0x00, 0x00, 0x00,
    0x00, 0x00, 0x00, 0x00, 0x00, 0x00, 0x00, 0x00, 0x00, 0x00, 0x00, 0x00, 0x00, 0x00, 0x00, 0x00,
    0x00, 0x00, 0x00, 0x00, 0x00, 0x00, 0x00, 0x00, 0x00, 0x00, 0x00, 0x00, 0x00, 0x00, 0x00, 0x00,
    0x00, 0x00, 0x00, 0x00, 0x00, 0x00, 0x00, 0x00, 0x00, 0x00, 0x00, 0x00, 0x00, 0x00, 0x00, 0x00,
    0x00, 0x00, 0x00, 0x00, 0x00, 0x00, 0x00, 0x00, 0x00, 0x00, 0x00, 0x00, 0x00, 0x00, 0x00, 0x00,
    0x00, 0x00, 0x00, 0x00, 0x00, 0x00, 0x00, 0x00, 0x00, 0x00, 0x00, 0x00, 0x00, 0x00, 0x00, 0x00,
    0x00, 0x00, 0x00, 0x00, 0x00, 0x00, 0x00, 0x00, 0x00, 0x00, 0x00, 0x00, 0x00, 0x00, 0x00, 0x00,
    0x00, 0x00, 0x00, 0x00, 0x00, 0x00, 0x00, 0x00, 0x00, 0x00, 0x00, 0x00, 0x00, 0x00, 0x00, 0x00,
    0x00, 0x00, 0x00, 0x00, 0x00, 0x00, 0x00, 0x00, 0x00, 0x00, 0x00, 0x00, 0x00, 0x00, 0x00, 0x00,
    0x00, 0x00, 0x00, 0x00, 0x00, 0x00, 0x00, 0x00, 0x00, 0x00, 0x00, 0x00, 0x00, 0x00, 0x00, 0x00,
    0x00, 0x00, 0x00, 0x00, 0x00, 0x00, 0x00, 0x00, 0x00, 0x00, 0x00, 0x00, 0x00, 0x00, 0x00, 0x00,
    0x00, 0x00, 0x00, 0x00, 0x00, 0x00, 0x00, 0x00, 0x00, 0x00, 0x00, 0x00, 0x00, 0x00, 0x00, 0x00,
    0x00, 0x00, 0x00, 0x00, 0x00, 0x00, 0x00, 0x00, 0x00, 0x00, 0x00, 0x00, 0x00, 0x00, 0x00, 0x00,
    0x00, 0x00, 0x00, 0x00, 0x00, 0x00, 0x00, 0x00, 0x00, 0x00, 0x00, 0x00, 0x00, 0x00, 0x00, 0x00,
    0x00, 0x00, 0x00, 0x00, 0x00, 0x00, 0x00, 0x00, 0x00, 0x00, 0x00, 0x00, 0x00, 0x00, 0x00, 0x00,
    0x00, 0x00, 0x00, 0x00, 0x00, 0x00, 0x00, 0x00, 0x00, 0x00, 0x00, 0x00, 0x00, 0x00, 0x00, 0x00,
    0x00, 0x00, 0x00, 0x00, 0x00, 0x00, 0x00, 0x00, 0x00, 0x00, 0x00, 0x00, 0x00, 0x00, 0x00, 0x00,
    0x00, 0x00, 0x00, 0x00, 0x00, 0x00, 0x00, 0x00, 0x00, 0x00, 0x00, 0x00, 0x00, 0x00, 0x00, 0x00,
    0x00, 0x00, 0x00, 0x00, 0x00, 0x00, 0x00, 0x00, 0x00, 0x00, 0x00, 0x00, 0x00, 0x00, 0x00, 0x00,
    0x00, 0x00, 0x00, 0x00, 0x00, 0x00, 0x00, 0x00, 0x00, 0x00, 0x00, 0x00, 0x00, 0x00, 0x00, 0x00,
    0x00, 0x00, 0x00, 0x00, 0x00, 0x00, 0x00, 0x00, 0x00, 0x00, 0x00, 0x00, 0x00, 0x00, 0x00, 0x00,
    0x00, 0x00, 0x00, 0x00, 0x00, 0x00, 0x00, 0x00, 0x00, 0x00, 0x00, 0x00, 0x00, 0x00, 0x00, 0x00,
    0x00, 0x00, 0x00, 0x00, 0x00, 0x00, 0x00, 0x00, 0x00, 0x00, 0x00, 0x00, 0x00, 0x00, 0x00, 0x00,
    0x00, 0x00, 0x00, 0x00, 0x00, 0x00, 0x00, 0x00, 0x00, 0x00, 0x00, 0x00, 0x00, 0x00, 0x00, 0x00,
    0x00, 0x00, 0x00, 0x00, 0x00, 0x00, 0x00, 0x00, 0x00, 0x00, 0x00, 0x00, 0x00, 0x00, 0x00, 0x00,
    0x00, 0x00, 0x00, 0x00, 0x00, 0x00, 0x00, 0x00, 0x00, 0x00, 0x00, 0x00, 0x00, 0x00, 0x00, 0x00,
    0x00, 0x00, 0x00, 0x00, 0x00, 0x00, 0x00, 0x00, 0x00, 0x00, 0x00, 0x00, 0x00, 0x00, 0x00, 0x00,
    0x00, 0x00, 0x00, 0x00, 0x00, 0x00, 0x00, 0x00, 0x00, 0x00, 0x00, 0x00, 0x00, 0x00, 0x00, 0x00,
    0x00, 0x00, 0x00, 0x00, 0x00, 0x00, 0x00, 0x00, 0x00, 0x00, 0x00, 0x00, 0x00, 0x00, 0x00, 0x00,
    0x00, 0x00, 0x00, 0x00, 0x00, 0x00, 0x00, 0x00, 0x00, 0x00, 0x00, 0x00, 0x00, 0x00, 0x00, 0x00,
    0x00, 0x00, 0x00, 0x00, 0x00, 0x00, 0x00, 0x00, 0x00, 0x00, 0x00, 0x00, 0x00, 0x00, 0x00, 0x00,
    0x00, 0x00, 0x00, 0x00, 0x00, 0x00, 0x00, 0x00, 0x00, 0x00, 0x00, 0x00, 0x00, 0x00, 0x00, 0x00,
    0x00, 0x00, 0x00, 0x00, 0x00, 0x00, 0x00, 0x00, 0x00, 0x00, 0x00, 0x00, 0x00, 0x00, 0x00, 0x00,
    0x00, 0x00, 0x00, 0x00, 0x00, 0x00, 0x00, 0x00, 0x00, 0x00, 0x00, 0x00, 0x00, 0x00, 0x00, 0x00,
    0x00, 0x00, 0x00, 0x00, 0x00, 0x00, 0x00, 0x00, 0x00, 0x00, 0x00, 0x00, 0x00, 0x00, 0x00, 0x00,
    0x00, 0x00, 0x00, 0x00, 0x00, 0x00, 0x00, 0x00, 0x00, 0x00, 0x00, 0x00, 0x00, 0x00, 0x00, 0x00,
    0x00, 0x00, 0x00, 0x00, 0x00, 0x00, 0x00, 0x00, 0x00, 0x00, 0x00, 0x00, 0x00, 0x00, 0x00, 0x00,
    0x00, 0x00, 0x00, 0x00, 0x00, 0x00, 0x00, 0x00, 0x00, 0x00, 0x00, 0x00, 0x00, 0x00, 0x00, 0x00,
    0x00, 0x00, 0x00, 0x00, 0x00, 0x00, 0x00, 0x00, 0x00, 0x00, 0x00, 0x00, 0x00, 0x00, 0x00, 0x00,
    0x00, 0x00, 0x00, 0x00, 0x00, 0x00, 0x00, 0x00, 0x00, 0x00, 0x00, 0x00, 0x00, 0x00, 0x00, 0x00,
    0x00, 0x00, 0x00, 0x00, 0x00, 0x00, 0x00, 0x00, 0x00, 0x00, 0x00, 0x00, 0x00, 0x00, 0x00, 0x00,
    0x00, 0x00, 0x00, 0x00, 0x00, 0x00, 0x00, 0x00, 0x00, 0x00, 0x00, 0x00, 0x00, 0x00, 0x00, 0x00,
    0x00, 0x00, 0x00, 0x00, 0x00, 0x00, 0x00, 0x00, 0x00, 0x00, 0x00, 0x00, 0x00, 0x00, 0x00, 0x00,
    0x00, 0x00, 0x00, 0x00, 0x00, 0x00, 0x00, 0x00, 0x00, 0x00, 0x00, 0x00, 0x00, 0x00, 0x00, 0x00,
    0x00, 0x00, 0x00, 0x00, 0x00, 0x00, 0x00, 0x00, 0x00, 0x00, 0x00, 0x00, 0x00, 0x00, 0x00, 0x00,
    0x00, 0x00, 0x00, 0x00, 0x00, 0x00, 0x00, 0x00, 0x00, 0x00, 0x00, 0x00, 0x00, 0x00, 0x00, 0x00,
    0x00, 0x00, 0x00, 0x00, 0x00, 0x00, 0x00, 0x00, 0x00, 0x00, 0x00, 0x00, 0x00, 0x00, 0x00, 0x00,
    0x00, 0x00, 0x00, 0x00, 0x00, 0x00, 0x00, 0x00, 0x00, 0x00, 0x00, 0x00, 0x00, 0x00, 0x00, 0x00,
    0x00, 0x00, 0x00, 0x00, 0x00, 0x00, 0x00, 0x00, 0x00, 0x00, 0x00, 0x00, 0x00, 0x00, 0x00, 0x00,
    0x00, 0x00, 0x00, 0x00, 0x00, 0x00, 0x00, 0x00, 0x00, 0x00, 0x00, 0x00, 0x00, 0x00, 0x00, 0x00,
    0x00, 0x00, 0x00, 0x00, 0x00, 0x00, 0x00, 0x00, 0x00, 0x00, 0x00, 0x00, 0x00, 0x00, 0x00, 0x00,
    0x00, 0x00, 0x00, 0x00, 0x00, 0x00, 0x00, 0x00, 0x00, 0x00, 0x00, 0x00, 0x00, 0x00, 0x00, 0x00,
    0x00, 0x00, 0x00, 0x00, 0x00, 0x00, 0x00, 0x00, 0x00, 0x00, 0x00, 0x00, 0x00, 0x00, 0x00, 0x00,
    0x00, 0x00, 0x00, 0x00, 0x00, 0x00, 0x00, 0x00, 0x00, 0x00, 0x00, 0x00, 0x00, 0x00, 0x00, 0x00,
    0x00, 0x00, 0x00, 0x00, 0x00, 0x00, 0x00, 0x00, 0x00, 0x00, 0x00, 0x00, 0x00, 0x00, 0x00, 0x00,
    0x00, 0x00, 0x00, 0x00, 0x00, 0x00, 0x00, 0x00, 0x00, 0x00, 0x00, 0x00, 0x00, 0x00, 0x00, 0x00,
    0x00, 0x00, 0x00, 0x00, 0x00, 0x00, 0x00, 0x00, 0x00, 0x00, 0x00, 0x00, 0x00, 0x00, 0x00, 0x00,
    0x00, 0x00, 0x00, 0x00, 0x00, 0x00, 0x00, 0x00, 0x00, 0x00, 0x00, 0x00, 0x00, 0x00, 0x00, 0x00,
    0x00, 0x00, 0x00, 0x00, 0x00, 0x00, 0x00, 0x00, 0x00, 0x00, 0x00, 0x00, 0x00, 0x00, 0x00, 0x00,
    0x00, 0x00, 0x00, 0x00, 0x00, 0x00, 0x00, 0x00, 0x00, 0x00, 0x00, 0x00, 0x00, 0x00, 0x00, 0x00,
    0x00, 0x00, 0x00, 0x00, 0x00, 0x00, 0x00, 0x00, 0x00, 0x00, 0x00, 0x00, 0x00, 0x00, 0x00, 0x00,
    0x00, 0x00, 0x00, 0x00, 0x00, 0x00, 0x00, 0x00, 0x00, 0x00, 0x00, 0x00, 0x00, 0x00, 0x00, 0x00,
    0x00, 0x00, 0x00, 0x00, 0x00, 0x00, 0x00, 0x00, 0x00, 0x00, 0x00, 0x00, 0x00, 0x00, 0x00, 0x00,
    0x00, 0x00, 0x00, 0x00, 0x00, 0x00, 0x00, 0x00, 0x00, 0x00, 0x00, 0x00, 0x00, 0x00, 0x00, 0x00,
    0x00, 0x00, 0x00, 0x00, 0x00, 0x00, 0x00, 0x00, 0x00, 0x00, 0x00, 0x00, 0x00, 0x00, 0x00, 0x00,
    0x00, 0x00, 0x00, 0x00, 0x00, 0x00, 0x00, 0x00, 0x00, 0x00, 0x00, 0x00, 0x00, 0x00, 0x00, 0x00,
    0x00, 0x00, 0x00, 0x00, 0x00, 0x00, 0x00, 0x00, 0x00, 0x00, 0x00, 0x00, 0x00, 0x00, 0x00, 0x00,
    0x00, 0x00, 0x00, 0x00, 0x00, 0x00, 0x00, 0x00, 0x00, 0x00, 0x00, 0x00, 0x00, 0x00, 0x00, 0x00,
    0x00, 0x00, 0x00, 0x00, 0x00, 0x00, 0x00, 0x00, 0x00, 0x00, 0x00, 0x00, 0x00, 0x00, 0x00, 0x00,
    0x00, 0x00, 0x00, 0x00, 0x00, 0x00, 0x00, 0x00, 0x00, 0x00, 0x00, 0x00, 0x00, 0x00, 0x00, 0x00,
    0x00, 0x00, 0x00, 0x00, 0x00, 0x00, 0x00, 0x00, 0x00, 0x00, 0x00, 0x00, 0x00, 0x00, 0x00, 0x00,
    0x00, 0x00, 0x00, 0x00, 0x00, 0x00, 0x00, 0x00, 0x00, 0x00, 0x00, 0x00, 0x00, 0x00, 0x00, 0x00,
    0x00, 0x00, 0x00, 0x00, 0x00, 0x00, 0x00, 0x00, 0x00, 0x00, 0x00, 0x00, 0x00, 0x00, 0x00, 0x00,
    0x00, 0x00, 0x00, 0x00, 0x00, 0x00, 0x00, 0x00, 0x00, 0x00, 0x00, 0x00, 0x00, 0x00, 0x00, 0x00,
    0x00, 0x00, 0x00, 0x00, 0x00, 0x00, 0x00, 0x00, 0x00, 0x00, 0x00, 0x00, 0x00, 0x00, 0x00, 0x00,
    0x00, 0x00, 0x00, 0x00, 0x00, 0x00, 0x00, 0x00, 0x00, 0x00, 0x00, 0x00, 0x00, 0x00, 0x00, 0x00,
    0x00, 0x00, 0x00, 0x00, 0x00, 0x00, 0x00, 0x00, 0x00, 0x00, 0x00, 0x00, 0x00, 0x00, 0x00, 0x00,
    0x00, 0x00, 0x00, 0x00, 0x00, 0x00, 0x00, 0x00, 0x00, 0x00, 0x00, 0x00, 0x00, 0x00, 0x00, 0x00,
    0x00, 0x00, 0x00, 0x00, 0x00, 0x00, 0x00, 0x00, 0x00, 0x00, 0x00, 0x00, 0x00, 0x00, 0x00, 0x00,
    0x00, 0x00, 0x00, 0x00, 0x00, 0x00, 0x00, 0x00, 0x00, 0x00, 0x00, 0x00, 0x00, 0x00, 0x00, 0x00,
    0x00, 0x00, 0x00, 0x00, 0x00, 0x00, 0x00, 0x00, 0x00, 0x00, 0x00, 0x00, 0x00, 0x00, 0x00, 0x00,
    0x00, 0x00, 0x00, 0x00, 0x00, 0x00, 0x00, 0x00, 0x00, 0x00, 0x00, 0x00, 0x00, 0x00, 0x00, 0x00,
    0x00, 0x00, 0x00, 0x00, 0x00, 0x00, 0x00, 0x00, 0x00, 0x00, 0x00, 0x00, 0x00, 0x00, 0x00, 0x00,
    0x00, 0x00, 0x00, 0x00, 0x00, 0x00, 0x00, 0x00, 0x00, 0x00, 0x00, 0x00, 0x00, 0x00, 0x00, 0x00,
    0x00, 0x00, 0x00, 0x00, 0x00, 0x00, 0x00, 0x00, 0x00, 0x00, 0x00, 0x00, 0x00, 0x00, 0x00, 0x00,
    0x00, 0x00, 0x00, 0x00, 0x00, 0x00, 0x00, 0x00, 0x00, 0x00, 0x00, 0x00, 0x00, 0x00, 0x00, 0x00,
    0x00, 0x00, 0x00, 0x00, 0x00, 0x00, 0x00, 0x00, 0x00, 0x00, 0x00, 0x00, 0x00, 0x00, 0x00, 0x00,
    0x00, 0x00, 0x00, 0x00, 0x00, 0x00, 0x00, 0x00, 0x00, 0x00, 0x00, 0x00, 0x00, 0x00, 0x00, 0x00,
    0x00, 0x00, 0x00, 0x00, 0x00, 0x00, 0x00, 0x00, 0x00, 0x00, 0x00, 0x00, 0x00, 0x00, 0x00, 0x00,
    0x00, 0x00, 0x00, 0x00, 0x00, 0x00, 0x00, 0x00, 0x00, 0x00, 0x00, 0x00, 0x00, 0x00, 0x00, 0x00,
    0x00, 0x00, 0x00, 0x00, 0x00, 0x00, 0x00, 0x00, 0x00, 0x00, 0x00, 0x00, 0x00, 0x00, 0x00, 0x00,
    0x00, 0x00, 0x00, 0x00, 0x00, 0x00, 0x00, 0x00, 0x00, 0x00, 0x00, 0x00, 0x00, 0x00, 0x00, 0x00,
    0x00, 0x00, 0x00, 0x00, 0x00, 0x00, 0x00, 0x00, 0x00, 0x00, 0x00, 0x00, 0x00, 0x00, 0x00, 0x00,
    0x00, 0x00, 0x00, 0x00, 0x00, 0x00, 0x00, 0x00, 0x00, 0x00, 0x00, 0x00, 0x00, 0x00, 0x00, 0x00,
    0x00, 0x00, 0x00, 0x00, 0x00, 0x00, 0x00, 0x00, 0x00, 0x00, 0x00, 0x00, 0x00, 0x00, 0x00, 0x00,
    0x00, 0x00, 0x00, 0x00, 0x00, 0x00, 0x00, 0x00, 0x00, 0x00, 0x00, 0x00, 0x00, 0x00, 0x00, 0x00,
    0x00, 0x00, 0x00, 0x00, 0x00, 0x00, 0x00, 0x00, 0x00, 0x00, 0x00, 0x00, 0x00, 0x00, 0x00, 0x00,
    0x00, 0x00, 0x00, 0x00, 0x00, 0x00, 0x00, 0x00, 0x00, 0x00, 0x00, 0x00, 0x00, 0x00, 0x00, 0x00,
    0x00, 0x00, 0x00, 0x00, 0x00, 0x00, 0x00, 0x00, 0x00, 0x00, 0x00, 0x00, 0x00, 0x00, 0x00, 0x00,
    0x00, 0x00, 0x00, 0x00, 0x00, 0x00, 0x00, 0x00, 0x00, 0x00, 0x00, 0x00, 0x00, 0x00, 0x00, 0x00,
    0x00, 0x00, 0x00, 0x00, 0x00, 0x00, 0x00, 0x00, 0x00, 0x00, 0x00, 0x00, 0x00, 0x00, 0x00, 0x00,
    0x00, 0x00, 0x00, 0x00, 0x00, 0x00, 0x00, 0x00, 0x00, 0x00, 0x00, 0x00, 0x00, 0x00, 0x00, 0x00,
    0x00, 0x00, 0x00, 0x00, 0x00, 0x00, 0x00, 0x00, 0x00, 0x00, 0x00, 0x00, 0x00, 0x00, 0x00, 0x00,
    0x00, 0x00, 0x00, 0x00, 0x00, 0x00, 0x00, 0x00, 0x00, 0x00, 0x00, 0x00, 0x00, 0x00, 0x00, 0x00,
    0x00, 0x00, 0x00, 0x00, 0x00, 0x00, 0x00, 0x00, 0x00, 0x00, 0x00, 0x00, 0x00, 0x00, 0x00, 0x00,
    0x00, 0x00, 0x00, 0x00, 0x00, 0x00, 0x00, 0x00, 0x00, 0x00, 0x00, 0x00, 0x00, 0x00, 0x00, 0x00,
    0x00, 0x00, 0x00, 0x00, 0x00, 0x00, 0x00, 0x00, 0x00, 0x00, 0x00, 0x00, 0x00, 0x00, 0x00, 0x00,
    0x00, 0x00, 0x00, 0x00, 0x00, 0x00, 0x00, 0x00, 0x00, 0x00, 0x00, 0x00, 0x00, 0x00, 0x00, 0x00,
    0x00, 0x00, 0x00, 0x00, 0x00, 0x00, 0x00, 0x00, 0x00, 0x00, 0x00, 0x00, 0x00, 0x00, 0x00, 0x00,
    0x00, 0x00, 0x00, 0x00, 0x00, 0x00, 0x00, 0x00, 0x00, 0x00, 0x00, 0x00, 0x00, 0x00, 0x00, 0x00,
    0x00, 0x00, 0x00, 0x00, 0x00, 0x00, 0x00, 0x00, 0x00, 0x00, 0x00, 0x00, 0x00, 0x00, 0x00, 0x00,
    0x00, 0x00, 0x00, 0x00, 0x00, 0x00, 0x00, 0x00, 0x00, 0x00, 0x00, 0x00, 0x00, 0x00, 0x00, 0x00,
    0x00, 0x00, 0x00, 0x00, 0x00, 0x00, 0x00, 0x00, 0x00, 0x00, 0x00, 0x00, 0x00, 0x00, 0x00, 0x00,
    0x00, 0x00, 0x00, 0x00, 0x00, 0x00, 0x00, 0x00, 0x00, 0x00, 0x00, 0x00, 0x00, 0x00, 0x00, 0x00,
    0x00, 0x00, 0x00, 0x00, 0x00, 0x00, 0x00, 0x00, 0x00, 0x00, 0x00, 0x00, 0x00, 0x00, 0x00, 0x00,
    0x00, 0x00, 0x00, 0x00, 0x00, 0x00, 0x00, 0x00, 0x00, 0x00, 0x00, 0x00, 0x00, 0x00, 0x00, 0x00,
    0x00, 0x00, 0x00, 0x00, 0x00, 0x00, 0x00, 0x00, 0x00, 0x00, 0x00, 0x00, 0x00, 0x00, 0x00, 0x00,
    0x00, 0x00, 0x00, 0x00, 0x00, 0x00, 0x00, 0x00, 0x00, 0x00, 0x00, 0x00, 0x00, 0x00, 0x00, 0x00,
    0x00, 0x00, 0x00, 0x00, 0x00, 0x00, 0x00, 0x00, 0x00, 0x00, 0x00, 0x00, 0x00, 0x00, 0x00, 0x00,
    0x00, 0x00, 0x00, 0x00, 0x00, 0x00, 0x00, 0x00, 0x00, 0x00, 0x00, 0x00, 0x00, 0x00, 0x00, 0x00,
    0x00, 0x00, 0x00, 0x00, 0x00, 0x00, 0x00, 0x00, 0x00, 0x00, 0x00, 0x00, 0x00, 0x00, 0x00, 0x00,
    0x00, 0x00, 0x00, 0x00, 0x00, 0x00, 0x00, 0x00, 0x00, 0x00, 0x00, 0x00, 0x00, 0x00, 0x00, 0x00,
    0x00, 0x00, 0x00, 0x00, 0x00, 0x00, 0x00, 0x00, 0x00, 0x00, 0x00, 0x00, 0x00, 0x00, 0x00, 0x00,
    0x00, 0x00, 0x00, 0x00, 0x00, 0x00, 0x00, 0x00, 0x00, 0x00, 0x00, 0x00, 0x00, 0x00, 0x00, 0x00,
    0x00, 0x00, 0x00, 0x00, 0x00, 0x00, 0x00, 0x00, 0x00, 0x00, 0x00, 0x00, 0x00, 0x00, 0x00, 0x00,
    0x00, 0x00, 0x00, 0x00, 0x00, 0x00, 0x00, 0x00, 0x00, 0x00, 0x00, 0x00, 0x00, 0x00, 0x00, 0x00,
    0x00, 0x00, 0x00, 0x00, 0x00, 0x00, 0x00, 0x00, 0x00, 0x00, 0x00, 0x00, 0x00, 0x00, 0x00, 0x00,
    0x00, 0x00, 0x00, 0x00, 0x00, 0x00, 0x00, 0x00, 0x00, 0x00, 0x00, 0x00, 0x00, 0x00, 0x00, 0x00,
    0x00, 0x00, 0x00, 0x00, 0x00, 0x00, 0x00, 0x00, 0x00, 0x00, 0x00, 0x00, 0x00, 0x00, 0x00, 0x00,
    0x00, 0x00, 0x00, 0x00, 0x00, 0x00, 0x00, 0x00, 0x00, 0x00, 0x00, 0x00, 0x00, 0x00, 0x00, 0x00,
    0x00, 0x00, 0x00, 0x00, 0x00, 0x00, 0x00, 0x00, 0x00, 0x00, 0x00, 0x00, 0x00, 0x00, 0x00, 0x00,
    0x00, 0x00, 0x00, 0x00, 0x00, 0x00, 0x00, 0x00, 0x00, 0x00, 0x00, 0x00, 0x00, 0x00, 0x00, 0x00,
    0x45, 0x4E, 0x44, 0x54,
};
